player,team,xG,goals,shots,xG_per_shot,finishing_diff,shots_per_match
Aaron Cresswell,West Ham United,1.3085575805,2,27,0.04846509557407407,0.6914424195,2.7
Aaron Hunt,Hamburger SV,2.175365973,1,24,0.090640248875,-1.175365973,2.4
Aaron Lennon,Everton,1.901213309,5,18,0.10562296161111112,3.098786691,1.8
Aaron Long,LAFC,0.1332001,0,1,0.1332001,-0.1332001,0.1
Aaron Mooy,Australia,0.106916873,0,4,0.02672921825,-0.106916873,0.4
Aaron Ramsey,Arsenal,7.644182955,5,67,0.11409228291044776,-2.644182955,6.7
Aaron Ramsey,Wales,1.20199323,1,8,0.15024915375,-0.20199323000000002,0.8
Aaron Salem Boupendza Pozzi,Cincinnati,0.415663024,0,3,0.13855434133333333,-0.415663024,0.3
Aaron Tshibola,Congo DR,0.7539362,1,1,0.7539362,0.24606380000000005,0.1
Abbey-Leigh Stringer,Everton LFC,0.461597459,0,11,0.04196340536363636,-0.461597459,1.1
Abbey-Leigh Stringer,West Ham United LFC,0.12893069299999999,0,2,0.06446534649999999,-0.12893069299999999,0.2
Abbi Grant,Birmingham City WFC,1.9385766135,2,24,0.0807740255625,0.06142338650000001,2.4
Abbie Larkin,Republic of Ireland Women's,0.077020407,0,2,0.0385102035,-0.077020407,0.2
Abbie McManus,Manchester City WFC,0.72934824,0,4,0.18233706,-0.72934824,0.4
Abbie McManus,Manchester United,0.1453404,0,1,0.1453404,-0.1453404,0.1
Abby Dahlkemper,Manchester City WFC,0.17923512,0,2,0.08961756,-0.17923512,0.2
Abby Dahlkemper,San Diego Wave,0.527380069,1,4,0.13184501725,0.472619931,0.4
Abby Erceg,New Zealand Women's,0.058026243000000005,0,2,0.029013121500000003,-0.058026243000000005,0.2
Abby Erceg,North Carolina Courage,1.685084251,2,15,0.11233895006666667,0.3149157490000001,1.5
Abby Erceg,Racing Louisville FC,1.916205267,2,16,0.1197628291875,0.08379473299999995,1.6
Abdalla Mahmoud El Said Bekhit,Egypt,0.070778864,0,2,0.035389432,-0.070778864,0.2
Abdallah Dipo Sima,Angers,0.21350395,0,2,0.106751975,-0.21350395,0.2
Abdelaziz Barrada,Getafe,0.03313738,0,1,0.03313738,-0.03313738,0.1
Abdelaziz Barrada,Marseille,0.80391396,0,2,0.40195698,-0.80391396,0.2
Abdelaziz Barrada,Olympique de Marseille,2.654435512,1,24,0.11060147966666667,-1.654435512,2.4
Abdelhamid El Kaoutari,Palermo,0.17782371,1,1,0.17782371,0.82217629,0.1
Abdelhamid El Kaoutari,Stade de Reims,0.157510027,0,2,0.0787550135,-0.157510027,0.2
Abdelhamid Sabiri,Morocco,1.120229924,1,4,0.280057481,-0.12022992399999999,0.4
Abdelkader Mohamed Ghezzal,Levante UD,0.1869672,0,1,0.1869672,-0.1869672,0.1
Abdelkarim Hassan Al Haj Fadlalla,Qatar,0.39945018,0,6,0.06657503,-0.39945018,0.6
Abderrazak Hamdallah,Morocco,0.68550555,0,2,0.342752775,-0.68550555,0.2
Abdessamad Ezzalzouli,Morocco,0.620865718,0,5,0.12417314360000001,-0.620865718,0.5
Abdiel Armando Ayarza Cocanegra,Panama,0.10740957300000001,0,3,0.035803191000000005,-0.10740957300000001,0.3
Abdou Diallo,Paris Saint-Germain,0.13142902,0,2,0.06571451,-0.13142902,0.2
Abdou Diallo,Senegal,0.35069818,0,3,0.11689939333333334,-0.35069818,0.3
Abdou Kader Mangane,Gazélec Ajaccio,1.372312537,1,15,0.09148750246666666,-0.372312537,1.5
Abdoul Fessal Tapsoba,Burkina Faso,0.034987174,0,1,0.034987174,-0.034987174,0.1
Abdoul Karim Yoda,Getafe,0.817027153,0,8,0.102128394125,-0.817027153,0.8
Abdoul Razack Guiebre,Burkina Faso,0.078121052,0,2,0.039060526,-0.078121052,0.2
Abdoul Razzagui Camara,Angers,2.061781464,2,29,0.07109591255172414,-0.061781464000000064,2.9
Abdoulay Konko,Lazio,0.532043806,0,13,0.04092644661538462,-0.532043806,1.3
Abdoulaye Ba,Rayo Vallecano,0.044670377,0,1,0.044670377,-0.044670377,0.1
Abdoulaye Doucouré,Granada,0.676870985,0,10,0.0676870985,-0.676870985,1.0
Abdoulaye Doucouré,Rennes,1.746447103,2,20,0.08732235515,0.25355289700000005,2.0
Abdoulaye Sadio Diallo,Bastia,0.615268754,2,16,0.038454297125,1.3847312459999999,1.6
Abdoulaye Seck,Senegal,0.415275512,1,5,0.0830551024,0.584724488,0.5
Abdoulaye Touré,Nantes,0.031669991,0,2,0.0158349955,-0.031669991,0.2
Abdoulaye Traoré,Bordeaux,0.118986178,0,2,0.059493089,-0.118986178,0.2
Abdul Majeed Waris,Lorient,8.857621919,11,55,0.16104767125454544,2.1423780810000004,5.5
Abdul Rahman Baba,Chelsea,0.620579815,0,6,0.10342996916666668,-0.620579815,0.6
Abdulaziz Hatem Mohammed Abdullah,Qatar,0.023429707,0,1,0.023429707,-0.023429707,0.1
Abdulelah Al Amri,Saudi Arabia,0.055526588,0,1,0.055526588,-0.055526588,0.1
Abdulelah Saad Hameed Al-Malki,Saudi Arabia,0.132887305,0,2,0.0664436525,-0.132887305,0.2
Abdullah Ibrahim Otayf,Saudi Arabia,0.102598809,0,2,0.0512994045,-0.102598809,0.2
Abdulrahman Al-Obood,Saudi Arabia,0.05485586,0,1,0.05485586,-0.05485586,0.1
Abdón Prats Bastidas,Mallorca,0.044456735,0,1,0.044456735,-0.044456735,0.1
Abdülkerim Bardakcı,Turkey,0.20085368,0,2,0.10042684,-0.20085368,0.2
Abel Eduardo Balbo,Fiorentina,0.335606372,1,3,0.11186879066666666,0.664393628,0.3
Abel Gómez Moreno,Real Murcia CF,0.152898211,1,2,0.0764491055,0.847101789,0.2
Abel Ruiz Ortega,Barcelona,0.20583946,0,1,0.20583946,-0.20583946,0.1
Abigail Harrison,Bristol City WFC,4.404371591,4,42,0.10486599026190477,-0.4043715910000003,4.2
Ablie Jallow,Gambia,0.5332837930000001,1,5,0.10665675860000001,0.46671620699999994,0.5
Aboubacar Traoré,Mali,0.015074879,0,1,0.015074879,-0.015074879,0.1
Aboubakar Kamara,Mauritania,0.102720714,0,2,0.051360357,-0.102720714,0.2
Aboubakary Koita,Mauritania,0.623022854,1,12,0.05191857116666667,0.376977146,1.2
Abraham González Casanova,Espanyol,2.528852787,1,16,0.1580532991875,-1.528852787,1.6
Abraham Paz Cruz,Hércules,0.1867883,0,1,0.1867883,-0.1867883,0.1
Absalom Iimbondi,Namibia,0.58510506,0,1,0.58510506,-0.58510506,0.1
Achille Emaná Edzimbi,Real Betis,0.34755589,0,4,0.0868889725,-0.34755589,0.4
Achraf Dari,Morocco,0.28079134,1,1,0.28079134,0.71920866,0.1
Achraf Hakimi Mouh,Morocco,1.979490798,2,12,0.1649575665,0.02050920199999995,1.2
Achraf Hakimi Mouh,Paris Saint-Germain,3.068701033,6,25,0.12274804132,2.931298967,2.5
Achraf Lazaar,Palermo,0.648642218,1,29,0.02236697303448276,0.351357782,2.9
Ada Stolsmo Hegerberg,Norway Women's,4.445863159,2,22,0.20208468904545454,-2.445863159,2.2
Adalberto Eliécer Carrasquilla Alcázar,Panama,0.039302887,0,2,0.0196514435,-0.039302887,0.2
Adalberto Peñaranda Maestre,Granada,1.631230951,5,22,0.07414686140909091,3.368769049,2.2
Adalberto Peñaranda Maestre,Málaga,0.017125571,0,1,0.017125571,-0.017125571,0.1
Adam Buksa,Poland,0.15053249600000002,1,3,0.050177498666666674,0.8494675039999999,0.3
Adam David Lallana,Liverpool,3.882435354,4,43,0.09028919427906977,0.11756464599999994,4.3
Adam Gnezda Čerin,Slovenia,0.364443085,0,4,0.09111077125,-0.364443085,0.4
Adam Hloušek,VfB Stuttgart,0.079663016,0,1,0.079663016,-0.079663016,0.1
Adam Hložek,Bayer Leverkusen,3.00418568,2,19,0.1581150357894737,-1.00418568,1.9
Adam Hložek,Czech Republic,0.534609454,0,5,0.1069218908,-0.534609454,0.5
Adam Johnson,Sunderland,1.800137983,2,16,0.1125086239375,0.19986201700000006,1.6
Adam Masina,Bologna,1.4814815655,2,13,0.11396012042307692,0.5185184345,1.3
Adam Ounas,Algeria,0.059065524,0,2,0.029532762,-0.059065524,0.2
Adam Ounas,Bordeaux,3.099133335,5,44,0.07043484852272727,1.9008666650000001,4.4
Adam Smith,AFC Bournemouth,0.653601711,2,15,0.0435734474,1.3463982890000001,1.5
Adama Guira,Burkina Faso,0.045657467,0,1,0.045657467,-0.045657467,0.1
Adama Traoré,AS Monaco,0.326004996,0,5,0.0652009992,-0.326004996,0.5
Adama Traoré,Mali,1.025569095,0,6,0.1709281825,-1.025569095,0.6
Adama Traoré Diarra,Aston Villa,0.127577284,0,2,0.063788642,-0.127577284,0.2
Addisyn Merrick,KC Current,0.20044162399999998,0,2,0.10022081199999999,-0.20044162399999998,0.2
Adelina Engman,Chelsea FCW,1.264951306,2,7,0.18070732942857143,0.7350486940000001,0.7
Adelina Engman,WNT Finland,0.05041662,0,1,0.05041662,-0.05041662,0.1
Adelino André Vieira Freitas,Wolfsburg,2.262217712,1,28,0.08079348971428571,-1.262217712,2.8
Adem Ljajić,Inter Milan,3.599108782,3,39,0.09228484056410256,-0.5991087820000001,3.9
Adem Ljajić,Serbia,0.08284419,0,1,0.08284419,-0.08284419,0.1
Ademola Lookman,Nigeria,1.653924022,3,8,0.20674050275,1.346075978,0.8
Aderllan Leandro de Jesus Santos,Valencia,1.192823551,0,8,0.149102943875,-1.192823551,0.8
Adil Aouchiche,Saint-Étienne,0.198905746,0,2,0.099452873,-0.198905746,0.2
Adil Khan,East Bengal,0.130783286,0,2,0.065391643,-0.130783286,0.2
Adil Rami,Sevilla,1.920788435,0,16,0.1200492771875,-1.920788435,1.6
Adil Rami,Valencia,0.258593744,0,4,0.064648436,-0.258593744,0.4
Adlène Guédioura,Watford,0.429951627,0,13,0.033073202076923075,-0.429951627,1.3
Admir Mehmedi,Bayer Leverkusen,2.525026339,2,26,0.09711639765384615,-0.5250263390000001,2.6
Admir Mehmedi,Switzerland,0.8294590839999999,1,3,0.2764863613333333,0.1705409160000001,0.3
Adnan Januzaj,Belgium,0.123934706,1,3,0.041311568666666666,0.876065294,0.3
Adnan Januzaj,Borussia Dortmund,0.43488147600000004,0,4,0.10872036900000001,-0.43488147600000004,0.4
Adnan Januzaj,Manchester United,0.42055542700000004,1,4,0.10513885675000001,0.579444573,0.4
Adnan Januzaj,Real Sociedad,0.277844563,0,6,0.046307427166666665,-0.277844563,0.6
Adnane Tighadouini,Málaga,0.876404185,1,15,0.05842694566666666,0.12359581500000005,1.5
Ado Onaiwu,Toulouse,0.175056813,0,2,0.0875284065,-0.175056813,0.2
Adrian Mutu,Chelsea,0.1031901,0,1,0.1031901,-0.1031901,0.1
Adriana Achcińska,Köln,0.709117982,1,8,0.08863974775,0.290882018,0.8
Adriana Achcińska,Poland Women's,0.015252503,0,1,0.015252503,-0.015252503,0.1
Adriana Kristina Leon,Aston Villa W,3.348295201,5,26,0.12878058465384615,1.651704799,2.6
Adriana Kristina Leon,Canada Women's,0.6646724635,1,8,0.0830840579375,0.3353275365,0.8
Adriana Kristina Leon,OL Reign,0.101407885,0,2,0.0507039425,-0.101407885,0.2
Adriana Kristina Leon,Portland Thorns,0.016152706,0,1,0.016152706,-0.016152706,0.1
Adriana Kristina Leon,West Ham United LFC,6.244021745,7,53,0.11781173103773586,0.7559782549999996,5.3
Adriana Leal da Silva,Brazil Women's,0.665573262,0,8,0.08319665775,-0.665573262,0.8
Adriana Leal da Silva,Orlando Pride,5.281964644,6,61,0.08658958432786885,0.7180353559999997,6.1
Adriano Correia Claro,Barcelona,5.825567074,8,82,0.07104350090243902,2.1744329259999997,8.2
Adriano Correia Claro,Sevilla,0.0701827,0,3,0.023394233333333334,-0.0701827,0.3
Adriano Russo,Frosinone,0.15270118,1,1,0.15270118,0.84729882,0.1
Adrien Hunou,Angers,0.187658885,0,2,0.0938294425,-0.187658885,0.2
Adrien Rabiot,France,1.3140542210000001,1,15,0.08760361473333335,-0.31405422100000013,1.5
Adrien Rabiot,Paris Saint-Germain,0.8198781476,1,14,0.05856272482857143,0.1801218524,1.4
Adrien Regattin,Toulouse,1.4115896534999999,1,33,0.04277544404545454,-0.4115896534999999,3.3
Adrien Sebastian Perruchet Silva,Portugal,0.108047125,0,2,0.0540235625,-0.108047125,0.2
Adrien Thomasson,Nantes,2.811390593,2,39,0.07208693828205129,-0.811390593,3.9
Adrienne Jordan,Birmingham City WFC,0.142410747,0,2,0.0712053735,-0.142410747,0.2
Adrián Colunga Pérez,Getafe,0.030441007,0,1,0.030441007,-0.030441007,0.1
Adrián Colunga Pérez,Real Zaragoza,0.378309377,2,3,0.12610312566666668,1.621690623,0.3
Adrián Colunga Pérez,Recreativo Huelva,0.03278612,0,1,0.03278612,-0.03278612,0.1
Adrián Embarba Blázquez,Espanyol,0.17827352,0,2,0.08913676,-0.17827352,0.2
Adrián Embarba Blázquez,Rayo Vallecano,3.280331056,2,41,0.08000807453658537,-1.280331056,4.1
Adrián González Morales,Eibar,5.292716575,5,49,0.10801462397959184,-0.29271657500000003,4.9
Adrián González Morales,Elche,0.012934389,0,1,0.012934389,-0.012934389,0.1
Adrián González Morales,Getafe,0.077759176,0,2,0.038879588,-0.077759176,0.2
Adrián González Morales,Racing Santander,0.2283107495,0,5,0.0456621499,-0.2283107495,0.5
Adrián González Morales,Rayo Vallecano,0.032935563,0,1,0.032935563,-0.032935563,0.1
Adrián López Álvarez,Atlético Madrid,0.34163028,0,5,0.068326056,-0.34163028,0.5
Adrián López Álvarez,Málaga,0.21507037,0,1,0.21507037,-0.21507037,0.1
Adrián López Álvarez,Osasuna,0.054468356,0,1,0.054468356,-0.054468356,0.1
Adrián López Álvarez,RC Deportivo La Coruña,1.318736297,2,6,0.21978938283333335,0.6812637029999999,0.6
Adrián López Álvarez,Villarreal,2.082198808,4,8,0.260274851,1.9178011920000002,0.8
Adrián Marín Gómez,Deportivo Alavés,0.1637566,0,1,0.1637566,-0.1637566,0.1
Adrián Marín Gómez,Villarreal,0.15268786,0,1,0.15268786,-0.15268786,0.1
Adrián Nicolás Luna Retamar,Kerala Blasters,1.4142163079999999,6,30,0.047140543599999994,4.585783692,3.0
Adryan Oliveira Tavares,Nantes,2.440752107,3,31,0.07873393893548386,0.5592478930000002,3.1
Afriyie Acquah,Torino,0.7965577395,2,24,0.0331899058125,1.2034422605000001,2.4
Ager Aketxe Barrutia,Athletic Club,0.242466785,0,4,0.06061669625,-0.242466785,0.4
Agla María Albertsdóttir,Iceland Women's,0.165023594,0,3,0.05500786466666666,-0.165023594,0.3
Agne Simonsson,Sweden,0.501465795,1,3,0.167155265,0.498534205,0.3
Agnes Beever-Jones,Chelsea FCW,6.313734445,11,41,0.15399352304878047,4.686265555,4.1
Agnes Beever-Jones,England Women's,0.55556868,1,2,0.27778434,0.44443131999999996,0.2
Agnese Bonfantini,FC Internazionale Milano W,9.856794808,8,50,0.19713589616,-1.856794808,5.0
Agnese Bonfantini,Italy Women's,0.23306058600000001,0,3,0.07768686200000001,-0.23306058600000001,0.3
Aguibou Camara,Guinea,0.5335454829999999,1,5,0.10670909659999998,0.46645451700000007,0.5
Agustina Barroso Basualdo,Costa Adeje Tenerife,2.397521779,2,16,0.1498451111875,-0.39752177899999985,1.6
Ahmad Nourollahi,Iran,0.099375992,0,5,0.0198751984,-0.099375992,0.5
Ahmed Elsayed Ali Elsayed Hegazy,Egypt,1.06955567,1,3,0.35651855666666665,-0.06955566999999996,0.3
Ahmed Fathy Abdel Meneim Ibrahim,Egypt,0.017610634,0,1,0.017610634,-0.017610634,0.1
Ahmed Jahouh,Mumbai City,1.716499992,3,23,0.07463043443478261,1.283500008,2.3
Ahmed Mohamed Abo El Fotouh Mohamed,Egypt,0.126194637,0,3,0.042064879,-0.126194637,0.3
Ahmed Musa,Nigeria,0.716044408,2,4,0.179011102,1.2839555919999999,0.4
Ahmed Sayed,Egypt,0.468278199,0,10,0.0468278199,-0.468278199,1.0
Aibanbha Kupar Dohling,Goa,1.574092455,1,12,0.13117437125,-0.574092455,1.2
Aileen Whelan,Brighton & Hove Albion WFC,9.787945284,10,91,0.10755983828571428,0.2120547160000008,9.1
Aileen Whelan,Leicester City WFC,2.964202778,1,25,0.11856811112000001,-1.9642027780000002,2.5
Aimee Palmer,Bristol City WFC,0.209777398,0,7,0.029968199714285715,-0.209777398,0.7
Aimee Palmer,Leicester City WFC,0.275852608,1,4,0.068963152,0.724147392,0.4
Ainhoa Alguacil Amores,Valencia CF,1.867924893,3,17,0.10987793488235295,1.132075107,1.7
Ainhoa Delgado,Costa Adeje Tenerife,0.79545913,1,6,0.13257652166666667,0.20454086999999999,0.6
Ainhoa Vicente Moraza,Atletico Madrid W,0.350737391,0,5,0.0701474782,-0.350737391,0.5
Ainoa Campo Franco,Villarreal,1.204716814,0,10,0.1204716814,-1.204716814,1.0
Airam López Cabrera,Goa,5.850429147,6,25,0.23401716588,0.14957085300000017,2.5
Aitana Bonmati Conca,Barcelona WFC,7.393490708,8,53,0.1394998246792453,0.6065092920000001,5.3
Aitana Bonmati Conca,Spain Women's,5.239043166,5,48,0.109146732625,-0.23904316600000008,4.8
Aitor Ocio Carrión,Athletic Club,0.016181275,0,1,0.016181275,-0.016181275,0.1
Aitor Ocio Carrión,Sevilla,0.10085992,0,1,0.10085992,-0.10085992,0.1
Aitor Ramos Leniz,Athletic Club,0.033331156,0,1,0.033331156,-0.033331156,0.1
Aitor Tornavaca Fernández,Recreativo Huelva,0.065725006,0,2,0.032862503,-0.065725006,0.2
Ajara Nchout,Cameroon W,0.618544714,2,5,0.1237089428,1.381455286,0.5
Ajara Nchout,FC Internazionale Milano W,0.850575774,0,6,0.141762629,-0.850575774,0.6
Ajay Chhetri,Bengaluru,0.014460521,0,1,0.014460521,-0.014460521,0.1
Ajdin Hrustic,Australia,0.039209995,0,1,0.039209995,-0.039209995,0.1
Akash Mishra,Hyderabad,0.849049142,2,10,0.0849049142,1.1509508579999999,1.0
Akash Mishra,SC Delhi,0.0320702715,0,2,0.01603513575,-0.0320702715,0.2
Akihiro Ienaga,Mallorca,0.09138448,0,1,0.09138448,-0.09138448,0.1
Akram Hassan Afif,Qatar,0.030222171,0,2,0.0151110855,-0.030222171,0.2
Akshunna Tyagi,Odisha,0.32550627,0,1,0.32550627,-0.32550627,0.1
Alaeddine Yahia,Caen,0.28125343999999997,0,4,0.07031335999999999,-0.28125343999999997,0.4
Alaeddine Yahia,Stade Malherbe Caen,1.289189385,1,12,0.10743244875,-0.289189385,1.2
Alan Dzagoev,Russia,0.91115533,1,2,0.455577665,0.08884466999999996,0.2
Alan Henrique Costa,Bengaluru,1.568799149,2,11,0.14261810445454545,0.43120085100000005,1.1
Alan Hutton,Aston Villa,0.677810072,0,11,0.061619097454545455,-0.677810072,1.1
Alan James Ball,England,0.15828194,0,3,0.05276064666666667,-0.15828194,0.3
Alan Patrick Mullery,England,0.07489438,0,1,0.07489438,-0.07489438,0.1
Alan Shearer,Newcastle United,0.043060707000000004,0,2,0.021530353500000002,-0.043060707000000004,0.2
Alan Smith,Leeds United,0.280638038,1,5,0.0561276076,0.719361962,0.5
Alan Steve Minda García,Ecuador,0.9914318900000001,1,2,0.49571594500000005,0.008568109999999907,0.2
Alan Steven Franco Palma,Ecuador,0.171235749,0,3,0.057078582999999995,-0.171235749,0.3
Alan Stubbs,Everton,0.244547722,0,3,0.08151590733333333,-0.244547722,0.3
Alan Virginius,Lille,0.090707794,0,1,0.090707794,-0.090707794,0.1
Alana Cook,Seattle Reign,0.22013191799999998,0,3,0.07337730599999999,-0.22013191799999998,0.3
Alanna Stephanie Kennedy,Australia Women's,1.138046401,1,12,0.09483720008333334,-0.13804640099999999,1.2
Alanna Stephanie Kennedy,Manchester City WFC,1.4684613720000002,0,13,0.11295856707692309,-1.4684613720000002,1.3
Alanna Stephanie Kennedy,Orlando Pride,1.44412444,1,12,0.12034370333333333,-0.44412443999999995,1.2
Alanna Stephanie Kennedy,Tottenham Hotspur Women,2.2232517425,1,33,0.06737126492424242,-1.2232517425,3.3
Alara Şehitler,Bayern München W,0.06363191,0,1,0.06363191,-0.06363191,0.1
Alasana Manneh,Gambia,0.060111581,0,2,0.0300557905,-0.060111581,0.2
Alassane Pléa,Borussia Mönchengladbach,0.016806483,0,1,0.016806483,-0.016806483,0.1
Alassane Pléa,OGC Nice,4.7290104215,6,47,0.10061724301063829,1.2709895785,4.7
Alassane Touré,Gazélec Ajaccio,0.328913839,1,7,0.046987691285714284,0.6710861610000001,0.7
Alayah Pilgrim,AS Roma W,1.7242442740000001,1,13,0.13263417492307694,-0.7242442740000001,1.3
Alayah Pilgrim,Switzerland Women's,0.609073134,1,7,0.0870104477142857,0.39092686600000004,0.7
Alba Cerrato Izquierdo,Sevilla FC,0.44419135699999995,0,4,0.11104783924999999,-0.44419135699999995,0.4
Alba María Redondo Ferrer,Levante UD Femenino,11.055023939,16,69,0.1602177382463768,4.944976061,6.9
Alba María Redondo Ferrer,Spain Women's,4.216054165,3,18,0.2342252313888889,-1.216054165,1.8
Alba Pérez Manrique,Granada W,0.367678192,0,8,0.045959774,-0.367678192,0.8
Albert Crusat Domene,Almería,0.319200237,0,3,0.106400079,-0.319200237,0.3
Albert Luque Martos,Málaga,0.38335152,0,3,0.12778384,-0.38335152,0.3
Albert Riera Ortega,Espanyol,0.028343752,0,1,0.028343752,-0.028343752,0.1
Alberth Josué Elis Martínez,Bordeaux,0.2286536,0,2,0.1143268,-0.2286536,0.2
Alberto Botía Rabasco,Sevilla,0.09587792,1,1,0.09587792,0.90412208,0.1
Alberto Bueno Calvo,Rayo Vallecano,1.4184257740000001,1,9,0.1576028637777778,-0.41842577400000014,0.9
Alberto De La Bella Madureño,Real Sociedad,1.151704171,1,7,0.1645291672857143,-0.151704171,0.7
Alberto Facundo Costa,Fiorentina,0.056980178,0,2,0.028490089,-0.056980178,0.2
Alberto Facundo Costa,Genoa,0.7137920885,0,17,0.04198776991176471,-0.7137920885,1.7
Alberto Facundo Costa,Valencia,0.23555458099999999,0,5,0.0471109162,-0.23555458099999999,0.5
Alberto Gallardo,Peru,0.231321336,1,6,0.038553555999999996,0.7686786640000001,0.6
Alberto Gilardino,Palermo,7.528761883,10,49,0.15364820169387755,2.4712381170000004,4.9
Alberto Grassi,Atalanta,1.088010675,0,16,0.0680006671875,-1.088010675,1.6
Alberto Junior Rodríguez Valdelomar,Peru,0.06343268299999999,0,2,0.031716341499999995,-0.06343268299999999,0.2
Alberto Lopo García,RC Deportivo La Coruña,0.396536897,0,5,0.0793073794,-0.396536897,0.5
Alberto Lora Ramos,Sporting Gijón,0.237853877,0,6,0.03964231283333333,-0.237853877,0.6
Alberto Mateus Contreiras Gonçalves,Rayo Vallecano,4.517399608,4,28,0.16133570028571428,-0.5173996079999998,2.8
Alberto Mateus Contreiras Gonçalves,Real Valladolid,0.178352632,0,2,0.089176316,-0.178352632,0.2
Alberto Moreno Pérez,Liverpool,2.2181667935,1,34,0.06524019980882353,-1.2181667935,3.4
Alberto Moreno Pérez,Sevilla,0.083990356,1,2,0.041995178,0.916009644,0.2
Alberto Moreno Pérez,Villarreal,0.2049631,0,1,0.2049631,-0.2049631,0.1
Alberto Noguera Ripoll,Goa,2.134691641,3,22,0.09703143822727273,0.8653083590000001,2.2
Alberto Paloschi,Chievo,8.773427468,8,41,0.21398603580487804,-0.7734274679999995,4.1
Alberto Paloschi,Swansea City,2.737612402,2,15,0.18250749346666667,-0.7376124019999999,1.5
Alberto Perea Correoso,Cádiz,0.238537614,0,2,0.119268807,-0.238537614,0.2
Alberto Perea Correoso,Rayo Vallecano,0.34405279,0,2,0.172026395,-0.34405279,0.2
Alberto Rivera Pizarro,Real Betis,0.110756563,0,3,0.036918854333333334,-0.110756563,0.3
Alberto Rivera Pizarro,Sporting Gijón,0.021877512,0,1,0.021877512,-0.021877512,0.1
Alberto Zapater Arjol,Real Zaragoza,0.395790326,1,2,0.197895163,0.604209674,0.2
Albin Ekdal,Hamburger SV,0.199647669,0,6,0.0332746115,-0.199647669,0.6
Albin Ekdal,Sweden,0.4564142,0,5,0.09128284,-0.4564142,0.5
Aldana Cometti,Madrid CFF,1.71398596,4,20,0.08569929800000001,2.28601404,2.0
Aldo Kalulu Kyatengwa,Lyon,0.9491283079999999,2,5,0.18982566159999997,1.050871692,0.5
Aldo Pedro Duscher,Racing Santander,0.027940795,0,2,0.0139703975,-0.027940795,0.2
Aldo Serena,Juventus,0.043766152,0,1,0.043766152,-0.043766152,0.1
Aldrith Ivana Quintero Humphries,Panama Women's,0.042960305,0,1,0.042960305,-0.042960305,0.1
Aleandro Rosi,Frosinone,0.974025941,0,15,0.06493506273333333,-0.974025941,1.5
Aleix García Serrano,Girona,0.103889465,0,3,0.034629821666666664,-0.103889465,0.3
Aleix Vidal Parreu,Almería,0.141607254,0,3,0.047202417999999996,-0.141607254,0.3
Aleix Vidal Parreu,Barcelona,1.99615919,3,18,0.11089773277777777,1.00384081,1.8
Aleix Vidal Parreu,Deportivo Alavés,0.015026416,0,1,0.015026416,-0.015026416,0.1
Alejandra Bernabe De Santiago,Real Sociedad de Fútbol,0.781438937,1,9,0.08682654855555555,0.218561063,0.9
Alejandro Alfaro Ligero,Mallorca,0.39765513,0,1,0.39765513,-0.39765513,0.1
Alejandro Alfaro Ligero,Tenerife,0.799572557,0,6,0.13326209283333332,-0.799572557,0.6
Alejandro Arribas Garrido,RC Deportivo La Coruña,1.246195509,2,13,0.09586119300000001,0.7538044909999999,1.3
Alejandro Balde Martínez,Spain,0.20344019,0,1,0.20344019,-0.20344019,0.1
Alejandro Barrera García,Sporting Gijón,0.112140857,0,2,0.0560704285,-0.112140857,0.2
Alejandro Bedoya,Nantes,4.685467386,3,46,0.10185798665217391,-1.685467386,4.6
Alejandro Berenguer Remiro,Athletic Club,0.091559429,0,2,0.0457797145,-0.091559429,0.2
Alejandro Bergantiños García,RC Deportivo La Coruña,1.6589901390000001,4,19,0.08731527047368422,2.341009861,1.9
Alejandro Bergantiños García,Xerez,0.052630918,0,2,0.026315459,-0.052630918,0.2
Alejandro Castro Fernández,Deportivo Alavés,0.098917514,0,1,0.098917514,-0.098917514,0.1
Alejandro Damián Domínguez,Rayo Vallecano,0.114241341,0,4,0.02856033525,-0.114241341,0.4
Alejandro Darío Gómez,Argentina,0.037321252,0,2,0.018660626,-0.037321252,0.2
Alejandro Darío Gómez,Atalanta,7.058803376,7,87,0.08113567098850574,-0.058803376000000185,8.7
Alejandro Fernández Iglesias,Cádiz,0.7143013,1,1,0.7143013,0.28569869999999997,0.1
Alejandro Fernández Iglesias,Espanyol,0.11693335,0,1,0.11693335,-0.11693335,0.1
Alejandro Gallar Falguera,Huesca,0.4586762,1,1,0.4586762,0.5413238,0.1
Alejandro Garnacho Ferreyra,Argentina,0.193781364,0,2,0.096890682,-0.193781364,0.2
Alejandro Granell Nogué,Girona,0.060636990999999994,0,4,0.015159247749999999,-0.060636990999999994,0.4
Alejandro Grimaldo García,Bayer Leverkusen,6.124947123,10,71,0.08626686088732395,3.875052877,7.1
Alejandro Gálvez Jimena,Las Palmas,0.041992698,0,1,0.041992698,-0.041992698,0.1
Alejandro Gálvez Jimena,Rayo Vallecano,0.079205055,0,2,0.0396025275,-0.079205055,0.2
Alejandro Gálvez Jimena,Werder Bremen,0.208014689,1,5,0.0416029378,0.791985311,0.5
Alejandro Jesús Bran Flores,Costa Rica,0.027340762,0,1,0.027340762,-0.027340762,0.1
Alejandro López Sánchez,Celta Vigo,0.302908009,0,4,0.07572700225,-0.302908009,0.4
Alejandro Marañón Pérez,Real Murcia CF,0.02700462,0,1,0.02700462,-0.02700462,0.1
Alejandro Menéndez Díez,Sporting Gijón,1.401989854,2,18,0.07788832522222222,0.598010146,1.8
Alejandro Moreno Lopera,Real Betis,0.07721096999999999,0,2,0.038605484999999995,-0.07721096999999999,0.2
Alejandro Pozo Pozo,Mallorca,0.022541363,0,1,0.022541363,-0.022541363,0.1
Alejandro Pozuelo Melero,Real Betis,0.03857799,0,1,0.03857799,-0.03857799,0.1
Aleksandar Dragović,Austria,0.09287781,0,1,0.09287781,-0.09287781,0.1
Aleksandar Ignjovski,Eintracht Frankfurt,0.7440385030000001,0,9,0.08267094477777778,-0.7440385030000001,0.9
Aleksandar Katai,Deportivo Alavés,0.20530176,0,1,0.20530176,-0.20530176,0.1
Aleksandar Kolarov,Manchester City,3.3597412555,3,41,0.0819449086707317,-0.3597412554999999,4.1
Aleksandar Kolarov,Serbia,0.0498030075,1,2,0.02490150375,0.9501969925,0.2
Aleksandar Mitrović,Newcastle United,11.101336855,9,80,0.1387667106875,-2.1013368549999996,8.0
Aleksandar Mitrović,Serbia,5.261508529,3,36,0.14615301469444444,-2.2615085290000003,3.6
Aleksandar Pantić,Eibar,0.798220127,0,10,0.0798220127,-0.798220127,1.0
Aleksandar Pešić,Toulouse,1.742379672,2,15,0.1161586448,0.257620328,1.5
Aleksandar Tonev,Frosinone,0.972069906,0,32,0.0303771845625,-0.972069906,3.2
Aleksandar Trajkovski,North Macedonia,0.16933595099999998,0,6,0.028222658499999997,-0.16933595099999998,0.6
Aleksandar Trajkovski,Palermo,2.8223357965,3,39,0.07236758452564103,0.1776642035,3.9
Aleksandr Erokhin,Russia,0.41438267,0,3,0.13812755666666668,-0.41438267,0.3
Aleksandr Golovin,AS Monaco,0.133150189,0,3,0.04438339633333333,-0.133150189,0.3
Aleksandr Golovin,Russia,1.337506844,2,9,0.14861187155555555,0.662493156,0.9
Aleksandr Polukarov,Soviet Union U20,0.0490424455,0,2,0.02452122275,-0.0490424455,0.2
Aleksandr Samedov,Russia,0.158425576,0,2,0.079212788,-0.158425576,0.2
Aleksandra Zaremba,Costa Adeje Tenerife,0.393300256,0,5,0.0786600512,-0.393300256,0.5
Aleksey Miranchuk,Russia,0.190008424,1,2,0.095004212,0.809991576,0.2
Alen Halilović,Las Palmas,0.179464117,0,3,0.05982137233333334,-0.179464117,0.3
Alen Halilović,Sporting Gijón,4.54843305,3,59,0.07709208559322034,-1.5484330499999999,5.9
Alena Bienz,Köln,0.807628982,0,11,0.07342081654545454,-0.807628982,1.1
Alessandro Altobelli,Juventus W,0.16965719,0,3,0.05655239666666667,-0.16965719,0.3
Alessandro Bastoni,Italy,0.48709845,1,3,0.16236615000000001,0.51290155,0.3
Alessandro Diamanti,Atalanta,1.487439499,1,24,0.06197664579166667,-0.48743949899999994,2.4
Alessandro Diamanti,Watford,0.01821487,0,1,0.01821487,-0.01821487,0.1
Alessandro Florenzi,AS Roma,3.3557330405,7,48,0.06991110501041667,3.6442669595,4.8
Alessandro Frara,Frosinone,1.3313290850000001,2,12,0.11094409041666668,0.6686709149999999,1.2
Alessandro Gamberini,Chievo,0.432149815,0,4,0.10803745375,-0.432149815,0.4
Alessandro Gazzi,Torino,0.092421294,0,2,0.046210647,-0.092421294,0.2
Alessandro Longhi,Sassuolo,0.016313264,0,1,0.016313264,-0.016313264,0.1
Alessandro Matri,Lazio,2.702652703,4,12,0.22522105858333333,1.297347297,1.2
Alessandro Nesta,AC Milan,0.008990963,0,1,0.008990963,-0.008990963,0.1
Alessandro Piu,Empoli,0.174401031,0,3,0.058133677,-0.174401031,0.3
Alessandro Renica,Napoli,0.581953868,1,9,0.0646615408888889,0.41804613199999996,0.9
Alessandro Schöpf,Austria,0.03520636,0,1,0.03520636,-0.03520636,0.1
Alessandro Schöpf,Schalke 04,1.401212586,3,14,0.10008661328571429,1.598787414,1.4
Alessia Russo,Arsenal WFC,12.617559014,12,79,0.15971593688607594,-0.6175590139999994,7.9
Alessia Russo,England Women's,8.145929257,10,50,0.16291858514000002,1.8540707429999994,5.0
Alessia Russo,Manchester United,1.647311641,2,9,0.18303462677777776,0.35268835900000006,0.9
Alessia Russo,Manchester United W,0.7265495399999999,1,5,0.145309908,0.27345046000000006,0.5
Alessio Cerci,AC Milan,0.7847932175,0,18,0.043599623194444444,-0.7847932175,1.8
Alessio Cerci,Genoa,3.584878169,4,21,0.17070848423809523,0.415121831,2.1
Alessio Romagnoli,AC Milan,0.306750245,0,6,0.05112504083333333,-0.306750245,0.6
Alex Adrián Arce Barrios,Paraguay,0.275504461,0,5,0.055100892199999994,-0.275504461,0.5
Alex Ferrari,Bologna,0.493329376,0,8,0.061666172,-0.493329376,0.8
Alex Greenwood,England Women's,2.746186486,3,11,0.2496533169090909,0.25381351399999996,1.1
Alex Greenwood,Manchester City WFC,2.015766615,1,28,0.07199166482142857,-1.015766615,2.8
Alex Iwobi,Arsenal,2.0904759790000003,2,15,0.13936506526666667,-0.09047597900000026,1.5
Alex Iwobi,Nigeria,0.639680697,0,11,0.05815279063636363,-0.639680697,1.1
Alex Král,Czech Republic,0.013508173,0,1,0.013508173,-0.013508173,0.1
Alex Král,Union Berlin,0.0298083275,0,2,0.01490416375,-0.0298083275,0.2
Alex Muyl,Nashville SC,0.034588873,0,1,0.034588873,-0.034588873,0.1
Alex Nicolao Telles,Inter Milan,0.548080544,0,13,0.042160041846153844,-0.548080544,1.3
Alex Oxlade-Chamberlain,Arsenal,1.7507438389999999,1,23,0.07611929734782608,-0.7507438389999999,2.3
Alex Pritchard,West Bromwich Albion,0.10648613,0,2,0.053243065,-0.10648613,0.2
Alex Rae,Wolverhampton Wanderers,0.010877089,0,1,0.010877089,-0.010877089,0.1
Alex Rodrigo Dias da Costa,AC Milan,2.4258807079999998,3,23,0.10547307426086956,0.5741192920000002,2.3
Alex Sandro Lobo Silva,Brazil,0.01738108,0,1,0.01738108,-0.01738108,0.1
Alex Sandro Lobo Silva,Juventus,1.454471719,2,19,0.07655114310526316,0.545528281,1.9
Alexa Christine Spaanstra,KC Current,1.379998206,2,16,0.086249887875,0.620001794,1.6
Alexander Alegría Moreno,Real Betis,0.310887508,1,3,0.10362916933333333,0.689112492,0.3
Alexander Andre Marshsall,Jamaica,0.01847786,0,1,0.01847786,-0.01847786,0.1
Alexander Banor Tettey,Norwich City,0.8225063385,2,20,0.041125316925,1.1774936615,2.0
Alexander Baumjohann,Hertha Berlin,1.394325559,1,8,0.174290694875,-0.3943255590000001,0.8
Alexander Djiku,Bastia,0.06561774000000001,0,2,0.032808870000000004,-0.06561774000000001,0.2
Alexander Djiku,Ghana,0.077065654,1,1,0.077065654,0.922934346,0.1
Alexander Esswein,Augsburg,2.528417482,3,47,0.05379611663829787,0.47158251799999995,4.7
Alexander Farnerud,Torino,0.042212178,0,2,0.021106089,-0.042212178,0.2
Alexander Hack,FSV Mainz 05,0.17840256999999998,0,2,0.08920128499999999,-0.17840256999999998,0.2
Alexander Hartmann Bah,Denmark,0.289581466,0,4,0.0723953665,-0.289581466,0.4
Alexander Isak,Real Sociedad,1.90406021,1,11,0.1730963827272727,-0.9040602099999999,1.1
Alexander Isak,Sweden,0.935990978,0,8,0.11699887225,-0.935990978,0.8
Alexander Kerzhakov,Sevilla,0.13218728,1,1,0.13218728,0.86781272,0.1
Alexander Meier,Eintracht Frankfurt,7.783218055,12,50,0.1556643611,4.216781945,5.0
Alexander Merkel,Udinese,0.023069326,0,1,0.023069326,-0.023069326,0.1
Alexander Milosevic,Hannover 96,0.342837169,0,6,0.05713952816666667,-0.342837169,0.6
Alexander Romario Jesuraj,Goa,2.61539737,2,14,0.18681409785714287,-0.6153973700000002,1.4
Alexander Szymanowski,Leganés,0.331076088,0,5,0.0662152176,-0.331076088,0.5
Alexander Toft Søderlund,Saint-Étienne,3.089524644,2,20,0.1544762322,-1.089524644,2.0
Alexandra Chidiac,Australia Women's,0.214422606,0,3,0.071474202,-0.214422606,0.3
Alexandra Chidiac,Racing Louisville FC,0.14826196800000002,0,2,0.07413098400000001,-0.14826196800000002,0.2
Alexandra Emmerling,Duisburg WFC,0.30607029,1,2,0.153035145,0.6939297099999999,0.2
Alexandra Jóhannsdóttir,Fiorentina W,3.021373719,3,22,0.13733516904545454,-0.02137371900000007,2.2
Alexandra Jóhannsdóttir,Iceland Women's,0.7445314160000001,0,5,0.14890628320000002,-0.7445314160000001,0.5
Alexandra Morgan Carrasco,Orlando Pride,2.555338963,1,16,0.1597086851875,-1.555338963,1.6
Alexandra Morgan Carrasco,San Diego Wave,8.093778454,7,61,0.1326848926885246,-1.0937784540000006,6.1
Alexandra Morgan Carrasco,Tottenham Hotspur Women,2.1266647499999998,2,6,0.35444412499999994,-0.12666474999999977,0.6
Alexandra Morgan Carrasco,United States Women's,7.0915135255,6,37,0.19166252771621622,-1.0915135255,3.7
Alexandra Popp,Germany Women's,6.373299396,12,46,0.1385499868695652,5.626700604,4.6
Alexandra Popp,VfL Wolfsburg WFC,6.497452362,7,61,0.10651561249180327,0.5025476380000002,6.1
Alexandra Riley,Angel City,0.58920551,1,5,0.117841102,0.41079449,0.5
Alexandra Riley,Chelsea FCW,0.13056119,0,1,0.13056119,-0.13056119,0.1
Alexandra Takounda Engolo,Cameroon W,0.6321439900000001,0,3,0.21071466333333336,-0.6321439900000001,0.3
Alexandre Coeff,Gazélec Ajaccio,0.298206556,0,8,0.0372758195,-0.298206556,0.8
Alexandre Dimitri Song-Billong,Barcelona,0.484883971,1,5,0.09697679420000001,0.515116029,0.5
Alexandre Dimitri Song-Billong,West Ham United,0.265798622,0,6,0.04429977033333333,-0.265798622,0.6
Alexandre Geijo Pazos,Granada,0.039680857,0,1,0.039680857,-0.039680857,0.1
Alexandre Geijo Pazos,Levante UD,0.10777286,0,1,0.10777286,-0.10777286,0.1
Alexandre Geijo Pazos,Racing Santander,0.043594036,0,1,0.043594036,-0.043594036,0.1
Alexandre Lacazette,Lyon,19.520117154,21,100,0.19520117154000002,1.4798828459999989,10.0
Alexandre Mendy,OGC Nice,1.012246317,1,10,0.1012246317,-0.012246317000000007,1.0
Alexandre Monteiro de Lima,Jamshedpur,0.820012861,1,15,0.05466752406666667,0.17998713899999996,1.5
Alexandre Rodrigues da Silva,Chelsea,1.457482797,1,4,0.36437069925,-0.45748279699999994,0.4
Alexandria Loy Hess,Duisburg WFC,1.159901158,0,19,0.06104742936842106,-1.159901158,1.9
Alexandru Iulian Maxim,VfB Stuttgart,2.772133349,1,29,0.09559080513793104,-1.7721333490000002,2.9
Alexandru Neagu,Romania,0.25691386,0,3,0.08563795333333334,-0.25691386,0.3
Alexi Peuget,Stade de Reims,0.28486371099999996,0,6,0.04747728516666666,-0.28486371099999996,0.6
Alexia Putellas Segura,Barcelona WFC,8.318399937999999,8,52,0.15996922957692306,-0.3183999379999989,5.2
Alexia Putellas Segura,Spain Women's,3.792551544,3,30,0.1264183848,-0.7925515440000002,3.0
Alexis Alejandro Sánchez Sánchez,Arsenal,12.9012079075,13,111,0.11622709826576577,0.0987920925000001,11.1
Alexis Alejandro Sánchez Sánchez,Barcelona,20.263131455,29,118,0.17172145300847458,8.736868545,11.8
Alexis Alejandro Sánchez Sánchez,Chile,0.637074591,0,4,0.15926864775,-0.637074591,0.4
Alexis Alejandro Sánchez Sánchez,Marseille,0.227969431,0,3,0.07598981033333334,-0.227969431,0.3
Alexis Alejandro Sánchez Sánchez,Olympique de Marseille,0.396398316,0,3,0.13213277199999998,-0.396398316,0.3
Alexis Alégué Elandi,Nantes,0.365849406,1,3,0.121949802,0.6341505940000001,0.3
Alexis Blin,Toulouse,0.568664504,0,13,0.043743423384615385,-0.568664504,1.3
Alexis Flips,Stade de Reims,0.04079222,0,1,0.04079222,-0.04079222,0.1
Alexis Loera,KC Current,0.130350813,0,4,0.03258770325,-0.130350813,0.4
Alexis Mac Allister,Argentina,1.812133017,2,14,0.12943807264285714,0.18786698299999993,1.4
Alexis Ruano Delgado,Getafe,0.104587,1,3,0.034862333333333335,0.895413,0.3
Alexis Ruano Delgado,Valencia,0.015495098,0,1,0.015495098,-0.015495098,0.1
Alfa Semedo Esteves,Guinea-Bissau,0.06671556,0,3,0.022238519999999998,-0.06671556,0.3
Alfons Amade,Mozambique,0.122100564,0,2,0.061050282,-0.122100564,0.2
Alfonso Pedraza Sag,Deportivo Alavés,0.05519787,0,1,0.05519787,-0.05519787,0.1
Alfonso Pedraza Sag,Villarreal,0.029033594,0,1,0.029033594,-0.029033594,0.1
Alfred John Momar N''Diaye,Real Betis,3.1307345950000003,2,27,0.11595313314814816,-1.1307345950000003,2.7
Alfred John Momar N'Diaye,Senegal,0.074067034,0,1,0.074067034,-0.074067034,0.1
Alfredo Estrella Del'Aguila,Mexico,0.044094943,0,1,0.044094943,-0.044094943,0.1
Alfredo Kulembe Ribeiro,Angola,0.414980884,0,4,0.103745221,-0.414980884,0.4
Alfredo Morales,Ingolstadt,1.9386551445,1,31,0.06253726272580645,-0.9386551445,3.1
Alfredo Torres,Argentina U20,0.015256013,0,1,0.015256013,-0.015256013,0.1
Alfreð Finnbogason,Augsburg,5.1854854695,7,33,0.1571359233181818,1.8145145305000003,3.3
Alfreð Finnbogason,Iceland,1.246978587,1,6,0.2078297645,-0.24697858700000008,0.6
Alfreð Finnbogason,Real Sociedad,0.095522806,0,1,0.095522806,-0.095522806,0.1
Alhassan Yusuf,Nigeria,0.063988805,0,3,0.021329601666666666,-0.063988805,0.3
Alhassane Bangoura,Rayo Vallecano,1.68973714,0,26,0.06498989000000001,-1.68973714,2.6
Alhassane Bangoura,Stade de Reims,1.203765276,1,16,0.07523532975,-0.20376527599999994,1.6
Alhassane Keita,Mallorca,0.22546887,1,1,0.22546887,0.77453113,0.1
Ali Abdi,Tunisia,0.019871509,0,1,0.019871509,-0.019871509,0.1
Ali Adnan Kadhim Al Tameemi,Udinese,1.1416269294999999,1,23,0.049635953456521734,-0.1416269294999999,2.3
Ali Ahmed,Canada,0.11251682,0,1,0.11251682,-0.11251682,0.1
Ali Al Hassan,Saudi Arabia,0.08328451,0,1,0.08328451,-0.08328451,0.1
Ali Gabr,Egypt,0.036452215,0,1,0.036452215,-0.036452215,0.1
Ali Gholizadeh,Iran,0.0439425,0,1,0.0439425,-0.0439425,0.1
Ali Johnson,Bristol City WFC,0.030713296,0,1,0.030713296,-0.030713296,0.1
Ali Krieger,NJ/NY Gotham FC,0.317332229,0,3,0.10577740966666667,-0.317332229,0.3
Ali Krieger,Orlando Pride,0.38462129,0,2,0.192310645,-0.38462129,0.2
Ali Sowe,Gambia,0.500995166,0,4,0.1252487915,-0.500995166,0.4
Alia Guagni,AC Milan W,0.59889844,0,6,0.09981640666666668,-0.59889844,0.6
Alia Guagni,Italy Women's,0.013547415,0,1,0.013547415,-0.013547415,0.1
Aliaksandr Hleb,Barcelona,0.19097055,0,1,0.19097055,-0.19097055,0.1
Alice Benoit,Sampdoria W,0.783161165,0,22,0.03559823477272727,-0.783161165,2.2
Alice Corelli,Napoli W,2.5465630569999997,2,37,0.06882602856756756,-0.5465630569999997,3.7
Alice Giai,Napoli W,0.450579834,0,5,0.0901159668,-0.450579834,0.5
Alice Ogebe,Nigeria Women's,0.062110763,0,1,0.062110763,-0.062110763,0.1
Alice Parisi,Fiorentina W,0.440585578,0,10,0.044058557799999995,-0.440585578,1.0
Alice Regazzoli,Como W,0.115860499,0,4,0.02896512475,-0.115860499,0.4
Alice Sombath,France Women's,0.7539362,0,1,0.7539362,-0.7539362,0.1
Alice Söndergaard,Sampdoria W,0.32574035,0,4,0.0814350875,-0.32574035,0.4
Alices Yannel Correa Santa Cruz,CD Sporting de Huelva,0.263517528,0,3,0.087839176,-0.263517528,0.3
Alicia Redondo González,Granada W,1.948253939,1,26,0.0749328438076923,-0.948253939,2.6
Alicia-Sophie Gudorf,SC Freiburg,1.14678209,0,11,0.10425291727272729,-1.14678209,1.1
Alidu Seidu,Ghana,0.01187491,0,1,0.01187491,-0.01187491,0.1
Alieu Fadera,Gambia,0.52544904,0,3,0.17514968,-0.52544904,0.3
Alina Axtmann,SC Freiburg,0.334764246,0,3,0.11158808199999999,-0.334764246,0.3
Alina Mailbeck,Nürnberg W,0.49395278,0,6,0.08232546333333333,-0.49395278,0.6
Aliou Dieng,Mali,0.031075056,0,2,0.015537528,-0.031075056,0.2
Alireza Jahanbakhsh,Iran,0.266836547,0,5,0.05336730939999999,-0.266836547,0.5
Alisha Lehmann,Aston Villa W,1.807751996,2,11,0.16434109054545454,0.19224800400000008,1.1
Alisha Lehmann,Everton LFC,0.442503445,1,4,0.11062586125,0.557496555,0.4
Alisha Lehmann,Switzerland Women's,0.13214237,0,3,0.04404745666666667,-0.13214237,0.3
Alisha Lehmann,West Ham United LFC,7.6106843215,9,62,0.12275297292741935,1.3893156785,6.2
Alistair Johnston,Canada,0.539175783,0,3,0.179725261,-0.539175783,0.3
Aljaž Struna,Palermo,0.601476672,1,7,0.08592523885714286,0.398523328,0.7
Allan Marques Loureiro,Napoli,1.800411427,3,29,0.06208315265517241,1.199588573,2.9
Allan Romeo Nyom,Watford,0.348009586,0,7,0.04971565514285714,-0.348009586,0.7
Allan Saint-Maximin,Hannover 96,0.2888553045,1,6,0.048142550750000006,0.7111446955,0.6
Allegra Poljak,FC Levante Badalona,2.465381886,3,31,0.07952844793548387,0.5346181140000001,3.1
Allie Long,NJ/NY Gotham FC,1.223109685,2,6,0.20385161416666667,0.7768903149999999,0.6
Allie Long,OL Reign,1.3613873140000001,1,9,0.15126525711111113,-0.3613873140000001,0.9
Allie Long,United States Women's,0.032455944,0,1,0.032455944,-0.032455944,0.1
Ally Prisock,Houston Dash,0.12529954,1,1,0.12529954,0.87470046,0.1
Ally Watt,Orlando Pride,2.359173392,1,26,0.09073743815384616,-1.3591733920000002,2.6
Allysha Lyn Chapman,Houston Dash,0.28160369399999996,0,2,0.14080184699999998,-0.28160369399999996,0.2
Allyson Schlegel,Chicago Red Stars,0.587490655,2,5,0.11749813099999999,1.4125093450000001,0.5
Allyson Swaby,AC Milan W,0.89569708,0,7,0.1279567257142857,-0.89569708,0.7
Allyson Swaby,Jamaica Women's,0.626505599,1,3,0.20883519966666667,0.373494401,0.3
Alma Hila,Como W,0.463728932,0,7,0.06624699028571428,-0.463728932,0.7
Almamy Touré,AS Monaco,1.67518343,3,10,0.167518343,1.32481657,1.0
Almen Abdi,Watford,2.2169423665,2,39,0.05684467606410257,-0.2169423665000001,3.9
Almoez Ali Zainalabiddin Abdulla,Qatar,0.365904557,0,3,0.12196818566666667,-0.365904557,0.3
Almog Cohen,Ingolstadt,0.869334751,0,13,0.06687190392307693,-0.869334751,1.3
Aloïs Confais,Troyes,0.107563499,0,4,0.02689087475,-0.107563499,0.4
Alphonso Davies,Canada,2.859945128,2,12,0.23832876066666667,-0.8599451280000001,1.2
Aly Cissokho,Aston Villa,0.133995908,0,4,0.033498977,-0.133995908,0.4
Aly Ndom,Stade de Reims,0.245226244,0,4,0.061306561,-0.245226244,0.4
Alyssa Kleiner,OL Reign,0.17938553,0,1,0.17938553,-0.17938553,0.1
Alyssa Mautz,Chicago Red Stars,0.918857949,0,7,0.13126542128571428,-0.918857949,0.7
Alyssa Michele Naeher,United States Women's,0.76046705,1,1,0.76046705,0.23953294999999997,0.1
Alyssa Paola Thompson,Angel City,3.3213019985,4,27,0.12301118512962964,0.6786980014999999,2.7
Amadou Dante,Mali,0.033252437,0,1,0.033252437,-0.033252437,0.1
Amadou Diawara,Bologna,0.566000973,0,20,0.02830004865,-0.566000973,2.0
Amadou Haïdara,Mali,0.4796251055,0,9,0.05329167838888889,-0.4796251055,0.9
Amadou Onana,Belgium,0.533712083,0,5,0.10674241659999999,-0.533712083,0.5
Amadou Onana,Lille,0.10922816,0,2,0.05461408,-0.10922816,0.2
Amaiur Sarriegi,Real Sociedad de Fútbol,6.658779436,2,50,0.13317558872,-4.658779436,5.0
Amaiur Sarriegi,Spain Women's,0.228509163,0,2,0.1142545815,-0.228509163,0.2
Amalie Grønbak Thestrup,Bristol City WFC,6.7924169805,9,33,0.20583081759090907,2.2075830195000004,3.3
Amalie Jørgensen Vangsgaard,Denmark Women's,0.727913991,2,7,0.103987713,1.2720860090000001,0.7
Amalie Vevle Eikeland,Norway Women's,0.43802393,0,2,0.219011965,-0.43802393,0.2
Amalie Vevle Eikeland,Reading WFC,9.064157405,4,55,0.1648028619090909,-5.064157405,5.5
Amanda Frisbie,FC Levante Badalona,0.159685056,0,4,0.039921264,-0.159685056,0.4
Amanda Frisbie,NJ/NY Gotham FC,0.131098,0,1,0.131098,-0.131098,0.1
Amanda Ilestedt,Arsenal WFC,1.025737539,1,7,0.14653393414285715,-0.025737539000000087,0.7
Amanda Ilestedt,Sweden Women's,2.5311100250000003,4,13,0.19470077115384618,1.4688899749999997,1.3
Amanda Marie Allen,Orlando Pride,0.0806299,0,1,0.0806299,-0.0806299,0.1
Amanda Nildén,Brighton & Hove Albion WFC,0.69145939,1,4,0.1728648475,0.30854061,0.4
Amanda Nildén,Juventus W,0.06945172499999999,1,3,0.023150574999999996,0.930548275,0.3
Amanda Nildén,Tottenham Hotspur Women,0.700337554,0,9,0.07781528377777777,-0.700337554,0.9
Amanda Sampedro Bustos,Sevilla FC,1.40689433,2,19,0.07404707,0.5931056699999999,1.9
Amanda Sampedro Bustos,Spain Women's,0.08415074,0,1,0.08415074,-0.08415074,0.1
Amandine Henry,Angel City,0.491656996,0,6,0.08194283266666667,-0.491656996,0.6
Amandine Henry,France Women's,1.1338683440000001,2,16,0.07086677150000001,0.8661316559999999,1.6
Amarjit Singh Kiyam Singh,East Bengal,0.163802881,0,5,0.0327605762,-0.163802881,0.5
Amath Ndiaye,Getafe,0.04951719,0,1,0.04951719,-0.04951719,0.1
Amber Brooks,Houston Dash,0.15700879,1,2,0.078504395,0.84299121,0.2
Amber Brooks,Washington Spirit,0.385281886,0,5,0.0770563772,-0.385281886,0.5
Amber Gaylor,Yeovil Town LFC,0.377928383,1,9,0.04199204255555555,0.622071617,0.9
Amber Tysiak,Belgium Women's,0.064157374,0,1,0.064157374,-0.064157374,0.1
Amber Tysiak,West Ham United LFC,0.741687528,1,7,0.10595536114285715,0.25831247199999996,0.7
Ambrosini Antonio Cabaça Salvador,Angola,1.303078349,1,7,0.18615404985714284,-0.30307834899999997,0.7
Amdy Moustapha Faye,Portsmouth,0.015734857,0,1,0.015734857,-0.015734857,0.1
Amel Majri,France Women's,1.4949429379999999,1,12,0.12457857816666666,-0.4949429379999999,1.2
Amelia Hazard,Arsenal WFC,0.0562294,0,1,0.0562294,-0.0562294,0.1
Amey Ganesh Ranawade,Mumbai City,0.19342847200000002,0,3,0.06447615733333334,-0.19342847200000002,0.3
Amine Adli,Bayer Leverkusen,3.1789140320000002,4,27,0.11773755674074075,0.8210859679999998,2.7
Amine Adli,Morocco,0.62905336,0,5,0.125810672,-0.62905336,0.5
Amine Gouiri,OGC Nice,0.337595907,0,4,0.08439897675,-0.337595907,0.4
Amine Gouiri,Rennes,0.053913902,0,1,0.053913902,-0.053913902,0.1
Amine Harit,Marseille,0.11560256,0,2,0.05780128,-0.11560256,0.2
Amine Harit,Morocco,0.278874288,0,4,0.069718572,-0.278874288,0.4
Amir Derviševič,East Bengal,0.543108092,2,8,0.0678885115,1.456891908,0.8
Amir Richardson,Morocco,0.045313783,0,1,0.045313783,-0.045313783,0.1
Amira Arfaoui,Nürnberg W,0.67574614,0,5,0.135149228,-0.67574614,0.5
Amira Arfaoui,TSV Bayer 04 Leverkusen,0.14705768,0,1,0.14705768,-0.14705768,0.1
Amira Marlene Dahl,SV Werder Bremen,0.49401698,1,1,0.49401698,0.50598302,0.1
Amirah Ali,San Diego Wave,3.126492071,2,16,0.1954057544375,-1.126492071,1.6
Amos Youga,Gazélec Ajaccio,0.485602871,0,13,0.037354067,-0.485602871,1.3
Amr Medhat Warda,Egypt,0.07593296499999999,0,2,0.037966482499999996,-0.07593296499999999,0.2
Amy Goddard,Yeovil Town LFC,0.250675347,0,4,0.06266883675,-0.250675347,0.4
Amy Rodgers,Bristol City WFC,1.249498483,1,17,0.07349991076470588,-0.249498483,1.7
Amy Rodgers,Liverpool WFC,0.160011733,0,5,0.032002346599999995,-0.160011733,0.5
Amy Rodriguez,Utah Royals,2.005368462,1,12,0.16711403849999998,-1.0053684619999999,1.2
Amy Turner,Manchester United,0.832132003,0,10,0.0832132003,-0.832132003,1.0
Amy Turner,Manchester United W,0.959773106,0,6,0.15996218433333334,-0.959773106,0.6
Amy Turner,Tottenham Hotspur Women,0.237013128,1,3,0.079004376,0.762986872,0.3
Amélie Thöle,Nürnberg W,0.810760296,0,13,0.062366176615384614,-0.810760296,1.3
Ana Carolina Dias de Almeida Sampaio,CD Sporting de Huelva,0.278634286,0,4,0.0696585715,-0.278634286,0.4
Ana Franco de la Vega,Sevilla FC,0.641998531,1,7,0.09171407585714286,0.35800146899999996,0.7
Ana González Rosa,Madrid CFF,5.173591619,4,33,0.1567755036060606,-1.1735916189999998,3.3
Ana Ines Palma Capeta,Portugal Women's,0.8497722050000001,0,5,0.169954441,-0.8497722050000001,0.5
Ana Lucía Martínez Maldonado,Pomigliano,2.169257962,3,19,0.11417147168421053,0.8307420379999999,1.9
Ana Marcos Moral,Valencia CF,8.144293583,11,62,0.13135957391935482,2.8557064170000004,6.2
Ana Marija Milinković,FC Internazionale Milano W,0.646870771,0,12,0.053905897583333334,-0.646870771,1.2
Ana María Guzmán Zapata,Colombia Women's,0.017126495,0,1,0.017126495,-0.017126495,0.1
Ana Rute Santos Marques Rodrigues,Portugal Women's,0.08534521,0,1,0.08534521,-0.08534521,0.1
Ana Tejada Jimenez,Real Sociedad de Fútbol,0.581558977,0,8,0.072694872125,-0.581558977,0.8
Ana Vitória Angélica Kliemaschewsk de Araújo,Atletico Madrid W,1.398427298,1,12,0.11653560816666668,-0.3984272980000001,1.2
Ana-Maria Crnogorčević,Atletico Madrid W,1.672295227,1,7,0.23889931814285714,-0.672295227,0.7
Ana-Maria Crnogorčević,Portland Thorns,2.5596132149999997,3,15,0.170640881,0.4403867850000003,1.5
Ana-Maria Crnogorčević,Switzerland Women's,1.3101227229999999,0,10,0.13101227229999998,-1.3101227229999999,1.0
Anaitz Arbilla Zabala,Eibar,0.125482771,0,3,0.04182759033333333,-0.125482771,0.3
Anaitz Arbilla Zabala,Espanyol,0.32267952,0,8,0.04033494,-0.32267952,0.8
Anaitz Arbilla Zabala,Rayo Vallecano,0.011165331,0,1,0.011165331,-0.011165331,0.1
Anas Edathodika,Jamshedpur,0.091266066,0,1,0.091266066,-0.091266066,0.1
Anastasia Ferrara,Sassuolo W,0.08714894000000001,0,2,0.043574470000000004,-0.08714894000000001,0.2
Anatoliy Tymoshchuk,Bayern Munich,0.036916874,0,2,0.018458437,-0.036916874,0.2
Anaïg Charlotte Thérese Butel,Washington Spirit,0.061958633,0,1,0.061958633,-0.061958633,0.1
Ander Barrenetxea Muguruza,Real Sociedad,0.319408177,1,4,0.07985204425,0.680591823,0.4
Ander Capa Rodríguez,Eibar,1.056261343,2,19,0.0555927022631579,0.9437386569999999,1.9
Ander Herrera Agüera,Athletic Club,0.358290715,2,6,0.059715119166666664,1.6417092850000001,0.6
Ander Herrera Agüera,Manchester United,2.6951031235,3,24,0.11229596347916666,0.30489687649999997,2.4
Ander Herrera Agüera,Real Zaragoza,0.019401949,0,1,0.019401949,-0.019401949,0.1
Ander Iturraspe Derteano,Athletic Club,0.684999483,0,9,0.07611105366666666,-0.684999483,0.9
Ander Murillo García,Athletic Club,0.015982684,0,1,0.015982684,-0.015982684,0.1
Anderson Hernanes de Carvalho Andrade,Inter Milan,0.137875537,0,3,0.04595851233333333,-0.137875537,0.3
Anderson Hernanes de Carvalho Andrade,Juventus,1.013783993,1,30,0.03379279976666667,-0.013783993000000105,3.0
Anderson Luis de Carvalho,Celta Vigo,0.204547023,0,3,0.068182341,-0.204547023,0.3
Anderson Luís de Souza,Barcelona,6.359733227,6,98,0.06489523701020408,-0.35973322700000043,9.8
Anderson Luís de Souza,FC Porto,0.241930673,1,2,0.1209653365,0.758069327,0.2
Andi Sullivan,United States Women's,0.896340347,1,5,0.1792680694,0.10365965300000002,0.5
Andi Sullivan,Washington Spirit,3.228797918,0,33,0.09784236115151515,-3.228797918,3.3
Andoni Iraola Sagarna,Athletic Club,0.7973624899999999,1,2,0.39868124499999996,0.20263751000000008,0.2
Andraž Šporar,Slovenia,1.201525725,0,8,0.150190715625,-1.201525725,0.8
Andre Green,Aston Villa,0.03781478,0,1,0.03781478,-0.03781478,0.1
Andre Hoffmann,Hannover 96,0.150926363,0,4,0.03773159075,-0.150926363,0.4
Andre Wisdom,Norwich City,0.10007851300000001,0,2,0.050039256500000004,-0.10007851300000001,0.2
Andrea Abigail Álvarez Donis,SD Eibar,3.164458737,6,35,0.09041310677142857,2.835541263,3.5
Andrea Barzagli,Juventus,0.8481447019999999,1,4,0.21203617549999998,0.15185529800000008,0.4
Andrea Belotti,Italy,2.758491375,1,11,0.2507719431818182,-1.7584913750000002,1.1
Andrea Belotti,Torino,12.321638061,12,73,0.16878956247945207,-0.3216380609999998,7.3
Andrea Bertolacci,AC Milan,1.957067421,1,18,0.10872596783333334,-0.9570674210000001,1.8
Andrea Carnevale,Napoli,1.589200518,2,11,0.14447277436363637,0.41079948200000005,1.1
Andrea Conti,Atalanta,1.178658416,2,5,0.2357316832,0.821341584,0.5
Andrea Costa,Empoli,0.922810308,1,7,0.131830044,0.07718969200000003,0.7
Andrea Gavrić,Köln,0.093069337,1,2,0.0465346685,0.906930663,0.2
Andrea Gómez Oliver,Granada W,1.9395904175,1,19,0.10208370618421053,-0.9395904175,1.9
Andrea Lazzari,Carpi,1.456772909,1,10,0.14567729089999998,-0.4567729089999999,1.0
Andrea Maddalen Sierra Larrauri,SD Eibar,0.6066156340000001,0,14,0.04332968814285715,-0.6066156340000001,1.4
Andrea Marrero Avero,Costa Adeje Tenerife,0.43084874500000003,0,5,0.086169749,-0.43084874500000003,0.5
Andrea Masiello,Atalanta,0.20385771,0,4,0.0509644275,-0.20385771,0.4
Andrea Medina,Atletico Madrid W,0.8813454,0,18,0.04896363333333333,-0.8813454,1.8
Andrea Pirlo,AC Milan,0.913520169,0,5,0.1827040338,-0.913520169,0.5
Andrea Poli,AC Milan,0.228745106,0,5,0.045749021200000003,-0.228745106,0.5
Andrea Raggi,AS Monaco,1.33802024,2,8,0.16725253,0.6619797599999999,0.8
Andrea Ranocchia,Sampdoria,0.84488689,0,9,0.0938763211111111,-0.84488689,0.9
Andrea Rispoli,Palermo,0.5966981769999999,0,12,0.04972484808333333,-0.5966981769999999,1.2
Andrea Stašková,AC Milan W,5.156081604,6,35,0.14731661725714285,0.8439183960000003,3.5
Andrea Sánchez Falcón,Spain Women's,0.0532857,0,1,0.0532857,-0.0532857,0.1
Andreas Christensen,Borussia Mönchengladbach,2.455215947,3,14,0.17537256764285716,0.5447840529999999,1.4
Andreas Christensen,Denmark,1.047982099,2,9,0.11644245544444444,0.952017901,0.9
Andreas Evald Cornelius,Denmark,0.953392239,0,10,0.0953392239,-0.953392239,1.0
Andreas Granqvist,Sweden,1.781198186,2,6,0.2968663643333333,0.2188018140000001,0.6
Andreas Hoelgebaum Pereira,Brazil,0.80950383,1,2,0.404751915,0.19049616999999996,0.2
Andreas Hoelgebaum Pereira,Valencia,0.04387479,0,1,0.04387479,-0.04387479,0.1
Andreas Ivanschitz,Levante UD,0.098285936,0,3,0.03276197866666667,-0.098285936,0.3
Andreas Skov Olsen,Denmark,0.411685125,0,5,0.082337025,-0.411685125,0.5
Andreaw Gravillon,Stade de Reims,0.029073242,0,1,0.029073242,-0.029073242,0.1
Andrei Burcă Andonie,Romania,0.057902765,0,1,0.057902765,-0.057902765,0.1
Andrei Florin Ratiu,Romania,0.182623329,0,3,0.060874443,-0.182623329,0.3
Andrei Girotto,Nantes,0.043543486,0,2,0.021771743,-0.043543486,0.2
Andreia Alexandra Norton,Portugal Women's,0.2984484665,0,7,0.04263549521428572,-0.2984484665,0.7
Andreia Martins Faria,Portugal Women's,0.082472034,0,1,0.082472034,-0.082472034,0.1
Andreia de Jesus Jacinto,Portugal Women's,0.472051588,0,6,0.07867526466666667,-0.472051588,0.6
Andreia de Jesus Jacinto,Real Sociedad de Fútbol,0.983446112,0,22,0.044702096,-0.983446112,2.2
Andrej Kramarić,Croatia,4.2094418639999995,5,30,0.14031472879999998,0.7905581360000005,3.0
Andrej Kramarić,Hoffenheim,5.987829038,5,44,0.1360870235909091,-0.9878290380000001,4.4
Andrej Kramarić,Leicester City,0.28326494,0,1,0.28326494,-0.28326494,0.1
Andressa Alves da Silva,Brazil Women's,0.929896811,0,5,0.1859793622,-0.929896811,0.5
Andressa Alves da Silva,Houston Dash,2.0381138803,1,13,0.1567779907923077,-1.0381138803,1.3
Andressa Cavalari Machry,Brazil Women's,0.131812669,0,2,0.0659063345,-0.131812669,0.2
Andressa Cavalari Machry,Portland Thorns,0.19223801499999998,0,2,0.09611900749999999,-0.19223801499999998,0.2
Andreu Fontàs Prat,Celta Vigo,0.63326333,1,2,0.316631665,0.36673667,0.2
Andreu Guerao Mayoral,Sporting Gijón,0.025001066,0,1,0.025001066,-0.025001066,0.1
Andrew Philip King,Leicester City,2.6509900330000002,2,19,0.13952579121052633,-0.6509900330000002,1.9
Andrew Privett,Charlotte,0.025753092,0,1,0.025753092,-0.025753092,0.1
Andrew Robertson,Liverpool,0.016935002,0,1,0.016935002,-0.016935002,0.1
Andrew Robertson,Scotland,0.09252552,0,1,0.09252552,-0.09252552,0.1
Andrew Surman,AFC Bournemouth,0.83155654,0,16,0.05197228375,-0.83155654,1.6
Andrija Delibašić,Rayo Vallecano,0.360685655,0,3,0.12022855166666667,-0.360685655,0.3
Andrija Živković,Serbia,0.048419072,0,2,0.024209536,-0.048419072,0.2
Andrine Tomter,FC Internazionale Milano W,0.13802802,0,2,0.06901401,-0.13802802,0.2
Andriy Shevchenko,AC Milan,1.161888716,0,6,0.19364811933333334,-1.161888716,0.6
Andriy Yarmolenko,Ukraine,2.278026402,2,14,0.16271617157142856,-0.27802640200000006,1.4
Andros Townsend,Newcastle United,1.201395589,4,23,0.05223459082608696,2.798604411,2.3
Andros Townsend,Tottenham Hotspur,0.27783171900000003,0,6,0.04630528650000001,-0.27783171900000003,0.6
András Schäfer,Hungary,0.112470286,1,4,0.0281175715,0.887529714,0.4
András Schäfer,Union Berlin,0.020324012,0,1,0.020324012,-0.020324012,0.1
André Ayew Pelé,Ghana,1.3452236,1,2,0.6726118,-0.34522359999999996,0.2
André Ayew Pelé,Swansea City,7.7593757325,12,69,0.11245472076086956,4.2406242675,6.9
André Biyogo Poko,Bordeaux,1.9539992865,0,23,0.08495649071739131,-1.9539992865,2.3
André Filipe Tavares Gomes,Barcelona,3.5728329645,3,21,0.17013490307142856,-0.5728329644999999,2.1
André Filipe Tavares Gomes,Valencia,3.447208542,3,44,0.07834564868181818,-0.4472085419999998,4.4
André Hahn,Borussia Mönchengladbach,3.504352593,8,26,0.13478279203846155,4.495647407,2.6
André Martín Carrillo Díaz,Peru,0.097683575,1,4,0.02442089375,0.902316425,0.4
André Miguel Valente Silva,Portugal,0.428319318,0,5,0.0856638636,-0.428319318,0.5
André Miguel Valente Silva,Sevilla,0.08231554,0,1,0.08231554,-0.08231554,0.1
André Ramalho Silva,Bayer Leverkusen,0.785183654,0,8,0.09814795675,-0.785183654,0.8
André Schürrle,Wolfsburg,6.99831159,9,68,0.10291634691176471,2.00168841,6.8
André-Frank Zambo Anguissa,Cameroon,0.17751881600000002,0,2,0.08875940800000001,-0.17751881600000002,0.2
André-Frank Zambo Anguissa,Olympique de Marseille,0.275250925,0,4,0.06881273125,-0.275250925,0.4
Andrés Felipe Reyes Ambuila,New York Red Bulls,0.13488231,0,2,0.067441155,-0.13488231,0.2
Andrés Iniesta Luján,Barcelona,31.7267667046,25,372,0.0852870072704301,-6.726766704599999,37.2
Andrés Iniesta Luján,Spain,1.062525068,1,6,0.17708751133333334,-0.06252506800000002,0.6
Andrés Lamas Bervejillo,Recreativo Huelva,0.27537328,0,1,0.27537328,-0.27537328,0.1
Andrés Mateus Uribe Villa,Colombia,1.3058091914999999,0,6,0.21763486524999998,-1.3058091914999999,0.6
Andrés Nicolás D''Alessandro,Real Zaragoza,0.421572944,0,6,0.07026215733333334,-0.421572944,0.6
Andy Carroll,West Ham United,5.969730042,9,55,0.10854054621818182,3.030269958,5.5
Andy Cole,Blackburn Rovers,0.083448316,0,2,0.041724158,-0.083448316,0.2
Andy Delort,Caen,2.890776101,2,27,0.10706578151851852,-0.8907761010000002,2.7
Andy Delort,OGC Nice,0.33422311800000004,1,3,0.11140770600000001,0.665776882,0.3
Andy Delort,Stade Malherbe Caen,12.016430412,10,116,0.10358991734482759,-2.016430412,11.6
Ane Azkona Fuente,Athletic Club Bilbao,4.746918566,7,32,0.1483412051875,2.2530814340000003,3.2
Ane Campos Andueza,SD Eibar,3.892613688,3,41,0.09494179726829269,-0.892613688,4.1
Ane Elexpuru Añorga,Athletic Club Bilbao,0.6921479490000001,0,12,0.05767899575000001,-0.6921479490000001,1.2
Ane Etxezarreta Ayerbe,Real Sociedad de Fútbol,0.333703939,0,6,0.05561732316666667,-0.333703939,0.6
Anga Dedryck Boyata,Belgium,0.15002441,0,1,0.15002441,-0.15002441,0.1
Ange N'Guessan,Costa Adeje Tenerife,6.310762429,4,29,0.21761249755172415,-2.3107624290000004,2.9
Angel Gomes,Lille,0.33176648,0,3,0.11058882666666665,-0.33176648,0.3
Angela Addison,Tottenham Hotspur Women,3.572756608,3,21,0.17013126704761905,-0.5727566080000002,2.1
Angela Beard,Philippines Women's,0.0368542185,0,2,0.01842710925,-0.0368542185,0.2
Angela Sosa Martín,Levante UD Femenino,1.4808223169999999,2,24,0.061700929875,0.5191776830000001,2.4
Angelica Soffia,AC Milan W,1.142544796,1,11,0.10386770872727272,-0.14254479599999992,1.1
Angelo Di Livio,Fiorentina,0.055901268500000004,0,2,0.027950634250000002,-0.055901268500000004,0.2
Angelo Domenghini,Italy,0.371437626,0,9,0.04127084733333333,-0.371437626,0.9
Angelo Obinze Ogbonna,West Ham United,0.47364473,0,6,0.07894078833333333,-0.47364473,0.6
Angelo Palombo,Sampdoria,0.021495761,0,1,0.021495761,-0.021495761,0.1
Angelo Smit Preciado Quiñónez,Ecuador,0.431559005,0,9,0.047951000555555554,-0.431559005,0.9
Angelo Stiller,VfB Stuttgart,0.043161605,0,1,0.043161605,-0.043161605,0.1
Angelos Basinas,Mallorca,0.050263975,1,1,0.050263975,0.949736025,0.1
Angharad James,Everton LFC,1.609872805,0,15,0.10732485366666666,-1.609872805,1.5
Angharad James,Reading WFC,2.695778576,2,40,0.06739446439999999,-0.6957785759999999,4.0
Angharad James,Tottenham Hotspur Women,0.7175910910000001,0,9,0.07973234344444445,-0.7175910910000001,0.9
Angharad James,Wales W,0.10042279,0,2,0.050211395,-0.10042279,0.2
Anice Badri,Tunisia,0.362188824,0,3,0.120729608,-0.362188824,0.3
Aniket Anil Jadhav,Hyderabad,2.365662859,2,31,0.07631170512903225,-0.36566285899999995,3.1
Aniket Anil Jadhav,SC Delhi,0.838939825,0,6,0.13982330416666666,-0.838939825,0.6
Anirudh Thapa,Chennaiyin,0.78251836,1,13,0.06019372,0.21748164000000003,1.3
Anis Ben Slimane,Tunisia,0.22917916049999998,0,4,0.057294790124999995,-0.22917916049999998,0.4
Anisa Anwar Ali,Goa,1.1873788939999999,0,11,0.10794353581818181,-1.1873788939999999,1.1
Anissa Lahmari,FC Levante Badalona,3.165980222,7,19,0.166630538,3.834019778,1.9
Anissa Lahmari,Morocco Women's,0.79559635,1,2,0.397798175,0.20440365000000005,0.2
Anita Amma Ankyewah Asante,Aston Villa,0.267069878,1,4,0.0667674695,0.732930122,0.4
Anja Pfluger,SGS Essen 19/68,0.455322001,0,7,0.06504600014285714,-0.455322001,0.7
Anja Sønstevold,AS Roma W,0.786035683,0,6,0.13100594716666666,-0.786035683,0.6
Anja Sønstevold,FC Internazionale Milano W,0.118386395,0,1,0.118386395,-0.118386395,0.1
Ann-Katrin Berger,Germany Women's,0.7539362,1,1,0.7539362,0.24606380000000005,0.1
Anna Anvegård,Sweden Women's,0.573395506,0,5,0.1146791012,-0.573395506,0.5
Anna Filbey,Tottenham Hotspur Women,0.25831551,1,2,0.129157755,0.7416844899999999,0.2
Anna Gerhardt,Köln,0.8338647730000001,2,6,0.13897746216666668,1.1661352269999998,0.6
Anna Langås Jøsendal,Norway Women's,0.24753696,0,2,0.12376848,-0.24753696,0.2
Anna Margraf,CD Sporting de Huelva,0.117045851,0,3,0.03901528366666667,-0.117045851,0.3
Anna Marika Bergman Lundin,West Ham United LFC,0.260884036,0,2,0.130442018,-0.260884036,0.2
Anna Patten,Aston Villa W,1.721239056,1,11,0.15647627781818182,-0.7212390559999999,1.1
Anna Rosa James-Buhigas,Pomigliano,0.04583124,0,1,0.04583124,-0.04583124,0.1
Anna Sandberg,Sweden Women's,0.025103368,0,1,0.025103368,-0.025103368,0.1
Anna Sofia Ulrika Hagman,CD Sporting de Huelva,0.481530843,1,5,0.09630616859999999,0.518469157,0.5
Anna Torroda Ricart,Levante UD Femenino,1.2041250959999998,0,7,0.17201787085714285,-1.2041250959999998,0.7
Annabel Schasching,SC Freiburg,1.836427614,1,22,0.08347398245454546,-0.836427614,2.2
Annabella Madeleine Bixby,Portland Thorns,0.2895829,1,1,0.2895829,0.7104171,0.1
Annahita Zamanian,Sassuolo W,1.199122751,2,12,0.09992689591666666,0.800877249,1.2
Annalena Rieke,SGS Essen 19/68,3.169588414,5,37,0.08566455172972973,1.8304115859999999,3.7
Annalie Longo,New Zealand Women's,0.22514389699999998,0,2,0.11257194849999999,-0.22514389699999998,0.2
Annamaria Serturini,AS Roma W,1.299860639,0,9,0.1444289598888889,-1.299860639,0.9
Annamaria Serturini,FC Internazionale Milano W,1.495949687,4,19,0.07873419405263157,2.504050313,1.9
Annamaria Serturini,Italy Women's,0.027880328,0,1,0.027880328,-0.027880328,0.1
Anne-Marie Heatherson,Yeovil Town LFC,2.069395676,2,18,0.11496642644444445,-0.06939567600000007,1.8
Annelie Leitner,SD Eibar,0.9763406375,1,18,0.05424114652777778,0.023659362500000003,1.8
Annie Karich,SC Freiburg,0.01345725,0,1,0.01345725,-0.01345725,0.1
Annika Enderle,SGS Essen 19/68,2.017979118,1,8,0.25224738975,-1.017979118,0.8
Anouk Dekker,Netherlands Women's,0.19906238,1,1,0.19906238,0.80093762,0.1
Anouk Denton,West Ham United LFC,0.128407449,0,3,0.042802483,-0.128407449,0.3
Ansgar Knauff,Eintracht Frankfurt,0.17434737,0,1,0.17434737,-0.17434737,0.1
Anssumane Fati,Barcelona,4.798668966,9,41,0.11704070648780489,4.201331034,4.1
Ante Budimir,Croatia,1.288398375,0,7,0.18405691071428573,-1.288398375,0.7
Ante Budimir,Mallorca,0.732938588,2,4,0.183234647,1.2670614119999999,0.4
Ante Budimir,Osasuna,0.41724401,0,3,0.13908133666666667,-0.41724401,0.3
Ante Palaversa,Troyes,0.48005036,1,1,0.48005036,0.51994964,0.1
Ante Rebić,Croatia,1.509703245,1,20,0.07548516225,-0.5097032450000001,2.0
Ante Rebić,Fiorentina,0.5447525790000001,1,6,0.09079209650000002,0.45524742099999993,0.6
Ante Rebić,Hellas Verona,1.1634103040000001,0,11,0.1057645730909091,-1.1634103040000001,1.1
Anthony Caci,FSV Mainz 05,0.025271103,0,1,0.025271103,-0.025271103,0.1
Anthony Caci,Strasbourg,0.24439016,1,1,0.24439016,0.75560984,0.1
Anthony Le Tallec,Liverpool,0.04136593,0,1,0.04136593,-0.04136593,0.1
Anthony Losilla,Bochum,0.06270008,0,1,0.06270008,-0.06270008,0.1
Anthony Martial,AS Monaco,0.47710127,0,1,0.47710127,-0.47710127,0.1
Anthony Martial,Manchester United,7.28809568,11,57,0.12786132771929823,3.7119043200000004,5.7
Anthony Modeste,FC Köln,14.813649148,15,111,0.13345629863063063,0.18635085200000034,11.1
Anthony Mounier,Bologna,2.855208636,4,21,0.135962316,1.144791364,2.1
Anthony Mounier,Montpellier,0.33819781000000004,0,2,0.16909890500000002,-0.33819781000000004,0.2
Anthony Rouault,Toulouse,0.26295674,0,1,0.26295674,-0.26295674,0.1
Anthony Rubén Lozano Colón,Girona,0.230481994,0,3,0.07682733133333333,-0.230481994,0.3
Anthony Ujah,Werder Bremen,10.683517942,11,64,0.16692996784375,0.31648205800000007,6.4
Anthony Weber,Stade de Reims,0.5173990839999999,1,5,0.10347981679999999,0.4826009160000001,0.5
Antionette Oyedupe Payne,Nigeria Women's,0.160964922,0,3,0.053654974,-0.160964922,0.3
Antionette Oyedupe Payne,Sevilla FC,3.7766780730000002,6,46,0.08210169723913044,2.2233219269999998,4.6
Antoine Conte,Stade de Reims,0.437623384,0,9,0.048624820444444446,-0.437623384,0.9
Antoine Devaux,Stade de Reims,1.998864019,1,23,0.08690713126086956,-0.998864019,2.3
Antoine Griezmann,Atlético Madrid,16.268214745,23,112,0.14525191736607143,6.731785254999998,11.2
Antoine Griezmann,Barcelona,17.053348219,19,105,0.1624128401809524,1.946651781,10.5
Antoine Griezmann,France,6.591368083,5,47,0.14024187410638297,-1.5913680829999999,4.7
Antoine Griezmann,Real Sociedad,1.562444411,2,20,0.07812222055,0.437555589,2.0
Antoine Rabillard,Olympique de Marseille,0.792551255,1,3,0.2641837516666667,0.207448745,0.3
Antoine Semenyo,Ghana,0.256101335,0,3,0.08536711166666666,-0.256101335,0.3
Antoine Sibierski,Manchester City,0.305541153,0,3,0.10184705100000001,-0.305541153,0.3
Antolín Alcáraz Viveros,Las Palmas,0.24990185400000003,1,2,0.12495092700000002,0.750098146,0.2
Anton Stach,Hoffenheim,0.10761918000000001,1,2,0.053809590000000004,0.89238082,0.2
Antonee Robinson,United States,0.109838243,0,3,0.03661274766666667,-0.109838243,0.3
Antonia Ronnycleide da Costa Silva,Brazil Women's,0.09215942299999999,0,3,0.030719807666666665,-0.09215942299999999,0.3
Antonia Ronnycleide da Costa Silva,Levante UD Femenino,2.455490152,1,18,0.13641611955555555,-1.4554901519999999,1.8
Antonia-Johanna Halverkamps,Duisburg WFC,2.256914294,2,36,0.06269206372222222,-0.256914294,3.6
Antonino La Gumina,Palermo,0.375688076,0,3,0.12522935866666665,-0.375688076,0.3
Antonio Amaya Carazo,Rayo Vallecano,0.15493595999999998,1,3,0.051645319999999995,0.84506404,0.3
Antonio Cabrini,Juventus,0.20292934,0,2,0.10146467,-0.20292934,0.2
Antonio Candreva,Lazio,12.244027421,10,90,0.13604474912222222,-2.244027421,9.0
Antonio Cassano,Sampdoria,2.459147943,2,18,0.13661933016666666,-0.45914794300000006,1.8
Antonio Di Gaudio,Carpi,4.325744257,3,36,0.12015956269444444,-1.3257442570000002,3.6
Antonio Di Natale,Udinese,5.851714968,2,33,0.17732469599999998,-3.8517149679999996,3.3
Antonio Floro Flores,Chievo,1.728993774,1,28,0.06174977764285715,-0.7289937740000001,2.8
Antonio Floro Flores,Granada,0.043832906,0,1,0.043832906,-0.043832906,0.1
Antonio Floro Flores,Sassuolo,2.2574679025,3,31,0.07282154524193549,0.7425320974999998,3.1
Antonio Galdeano Benítez,Málaga,0.024804156,0,1,0.024804156,-0.024804156,0.1
Antonio García Aranda,Levante UD,0.443652393,0,12,0.03697103275,-0.443652393,1.2
Antonio Jasso Alvarez,Mexico,0.31135334000000003,0,3,0.10378444666666668,-0.31135334000000003,0.3
Antonio Jesús Regal Angulo,Real Valladolid,0.102462746,0,1,0.102462746,-0.102462746,0.1
Antonio Jesús Vázquez Muñoz,Recreativo Huelva,0.442734375,0,4,0.11068359375,-0.442734375,0.4
Antonio José Raillo Arenas,Espanyol,0.23165012499999998,0,4,0.057912531249999996,-0.23165012499999998,0.4
Antonio Juliano,Italy,0.04689862,0,1,0.04689862,-0.04689862,0.1
Antonio Latorre Grueso,Osasuna,0.112784006,0,1,0.112784006,-0.112784006,0.1
Antonio López Guerrero,Atlético Madrid,0.112123839,0,2,0.0560619195,-0.112123839,0.2
Antonio Manuel Luna Rodríguez,Eibar,0.124009968,0,2,0.062004984,-0.124009968,0.2
Antonio Moral Segura,Racing Santander,0.24417248,0,1,0.24417248,-0.24417248,0.1
"Antonio Pacheco D""Agosti",Albacete,0.79433744,0,4,0.19858436,-0.79433744,0.4
Antonio Perošević,East Bengal,3.2682387357,4,51,0.06408311246470588,0.7317612643000002,5.1
Antonio Puerta Pérez,Sevilla,0.075767704,0,2,0.037883852,-0.075767704,0.2
Antonio Rukavina,Villarreal,0.058663491,0,2,0.0293317455,-0.058663491,0.2
Antonio Rüdiger,AS Roma,1.699623382,2,18,0.09442352122222222,0.30037661800000004,1.8
Antonio Rüdiger,Germany,0.9704261590000001,0,12,0.08086884658333333,-0.9704261590000001,1.2
Antonio Tomás González,RC Deportivo La Coruña,0.013620592,0,1,0.013620592,-0.013620592,0.1
Antonio Álvarez Pérez,Espanyol,0.027557097,0,1,0.027557097,-0.027557097,0.1
Antonis Antoniadis,Panathinaikos,0.236016565,0,5,0.047203313000000004,-0.236016565,0.5
Antony Matheus dos Santos,Brazil,0.263891545,0,6,0.043981924166666665,-0.263891545,0.6
Antonín Barák,Czech Republic,0.145578068,0,3,0.04852602266666667,-0.145578068,0.3
António João Pereira Albuquerque Tavares Silva,Portugal,0.32850567,0,1,0.32850567,-0.32850567,0.1
Antônio de Oliveira Filho,Brazil,0.72901223,0,5,0.145802446,-0.72901223,0.5
Antônio de Oliveira Filho,Napoli,1.529804771,2,11,0.139073161,0.470195229,1.1
Anwar El Ghazi,FSV Mainz 05,0.038757145,0,1,0.038757145,-0.038757145,0.1
Anzor Mekvabishvili,Georgia,0.12143258,0,2,0.06071629,-0.12143258,0.2
Aníbal Cesis Godoy,Panama,0.12023692,0,2,0.06011846,-0.12023692,0.2
Ao Tanaka,Japan,0.81518435,1,1,0.81518435,0.18481565,0.1
Aoba Fujino,Japan Women's,1.634255446,1,13,0.12571195738461538,-0.6342554460000001,1.3
Aoife Mannion,Birmingham City WFC,0.77436672,1,2,0.38718336,0.22563328000000005,0.2
Aoife Mannion,Manchester City WFC,0.03987926,0,1,0.03987926,-0.03987926,0.1
Aprocious Petrus,Namibia,0.155251594,0,2,0.077625797,-0.155251594,0.2
Aras Özbiliz,Rayo Vallecano,0.047874246,0,1,0.047874246,-0.047874246,0.1
Arbër Hoxha,Albania,0.225117043,0,2,0.1125585215,-0.225117043,0.2
Arbër Zeneli,Stade de Reims,0.15521662,0,1,0.15521662,-0.15521662,0.1
Archimede Morleo,Bologna,0.119851429,0,4,0.02996285725,-0.119851429,0.4
Arda Güler,Turkey,0.624930757,1,9,0.06943675077777778,0.375069243,0.9
Arda Turan,Atlético Madrid,0.235685897,0,4,0.05892147425,-0.235685897,0.4
Arda Turan,Barcelona,3.541349879,4,18,0.19674165994444445,0.4586501209999998,1.8
Arene Altonaga Echeverria,SD Eibar,1.11089857,0,15,0.07405990466666666,-1.11089857,1.5
Ariadina Alves Borges,Brazil Women's,1.453468812,3,7,0.20763840171428574,1.546531188,0.7
Ariadina Alves Borges,Racing Louisville FC,2.693663274,1,32,0.0841769773125,-1.693663274,3.2
Ariadna Mingueza García,Granada W,1.234163517,1,18,0.06856463983333333,-0.23416351700000004,1.8
Arial Benabent Mendy,Clermont Foot,0.01796456,0,1,0.01796456,-0.01796456,0.1
Ariana Arias,Barcelona WFC,0.762571858,1,5,0.1525143716,0.23742814199999995,0.5
Arianit Ferati,VfB Stuttgart,0.05604115,0,1,0.05604115,-0.05604115,0.1
Arianna Caruso,Italy Women's,2.775495735,3,23,0.12067372760869564,0.2245042650000002,2.3
Arianna Caruso,Juventus W,5.6414895705,7,69,0.08176071841304348,1.3585104295,6.9
Ariday Cabrera Suárez,Odisha,3.5318169305,5,37,0.09545451163513513,1.4681830695000002,3.7
Arie Haan,Ajax,0.776362848,1,11,0.07057844072727272,0.223637152,1.1
Arie Haan,Netherlands,0.07830414399999999,0,2,0.039152071999999996,-0.07830414399999999,0.2
Ariel Borysiuk,Chennaiyin,0.730030614,1,22,0.033183209727272726,0.269969386,2.2
Ariel Gerardo Nahuelpán Osten,Racing Santander,0.07204096,0,1,0.07204096,-0.07204096,0.1
Ariel Lassiter,Costa Rica,0.018467939,0,1,0.018467939,-0.018467939,0.1
Ariel Miguel Santiago Ibagaza,Mallorca,0.112793456,0,2,0.056396728,-0.112793456,0.2
Ariel Miguel Santiago Ibagaza,Villarreal,0.015222951,0,1,0.015222951,-0.015222951,0.1
Arijan Ademi,North Macedonia,0.2520173,0,1,0.2520173,-0.2520173,0.1
Arin Wright,Chicago Red Stars,1.136925703,1,12,0.09474380858333332,-0.13692570299999995,1.2
Aristidis Kamaras,Panathinaikos,0.290822994,0,3,0.096940998,-0.290822994,0.3
Aritz Aduriz Zubeldia,Athletic Club,20.484135087,22,125,0.16387308069599998,1.5158649130000015,12.5
Aritz Aduriz Zubeldia,Mallorca,0.171861711,0,4,0.04296542775,-0.171861711,0.4
Aritz Aduriz Zubeldia,Valencia,0.085626654,0,1,0.085626654,-0.085626654,0.1
Aritz Elustondo Irribaria,Real Sociedad,1.958258962,2,17,0.11519170364705882,0.041741038000000064,1.7
Arjan de Zeeuw,Portsmouth,0.12140922,0,1,0.12140922,-0.12140922,0.1
Arjen Robben,Bayern Munich,9.134364336,5,77,0.11862810825974027,-4.134364336000001,7.7
Arjen Robben,Real Madrid,0.66374047,1,6,0.11062341166666667,0.33625953,0.6
Arkadiusz Milik,Olympique de Marseille,0.08941181,0,1,0.08941181,-0.08941181,0.1
Arkadiusz Milik,Poland,0.48001545999999995,0,2,0.24000772999999997,-0.48001545999999995,0.2
Arlind Afrim Ajeti,Frosinone,0.451657719,1,9,0.050184191,0.548342281,0.9
Armand Lauriente,Lorient,0.177301447,0,3,0.059100482333333336,-0.177301447,0.3
Armando Broja,Albania,0.28425178,0,2,0.14212589,-0.28425178,0.2
Armando Enrique Cooper Whitaker,Panama,0.02556952,0,1,0.02556952,-0.02556952,0.1
Armando Izzo,Genoa,1.023467702,0,15,0.06823118013333333,-1.023467702,1.5
Armindo Tué Na Bangna,Real Sociedad,3.88608144,2,48,0.08096003,-1.8860814399999999,4.8
Arnaldo Antonio Sanabria Ayala,Real Betis,0.19868539400000002,1,2,0.09934269700000001,0.801314606,0.2
Arnaldo Antonio Sanabria Ayala,Sporting Gijón,10.495215094,11,52,0.20183105950000002,0.5047849059999994,5.2
Arnaud Kalimuendo Muinga,Lens,0.29578969,0,3,0.09859656333333333,-0.29578969,0.3
Arnaud Kalimuendo Muinga,Rennes,0.937763804,1,4,0.234440951,0.062236195999999966,0.4
Arnaud Nordin,Montpellier,0.05286403,1,1,0.05286403,0.94713597,0.1
Arnaud Nordin,Saint-Étienne,0.111512307,0,2,0.0557561535,-0.111512307,0.2
Arnaud Souquet,Montpellier,0.019160317,0,1,0.019160317,-0.019160317,0.1
Arne Engels,Augsburg,0.10616538,0,1,0.10616538,-0.10616538,0.1
Arnold Bouka Moutou,Angers,1.238452858,2,8,0.15480660725,0.761547142,0.8
Arnold Mvuemba,Lyon,0.163035385,0,4,0.04075884625,-0.163035385,0.4
Arola Aparicio,Sevilla FC,1.2685640280000001,1,9,0.14095155866666667,-0.2685640280000001,0.9
Aron Einar Gunnarsson,Iceland,0.274856185,0,2,0.1374280925,-0.274856185,0.2
Aron Jóhannsson,Werder Bremen,2.088762728,2,13,0.16067405599999998,-0.08876272799999985,1.3
Arouna Koné,Everton,4.3735438779999996,5,37,0.11820388859459459,0.6264561220000004,3.7
Arouna Koné,Levante UD,0.20653117,0,1,0.20653117,-0.20653117,0.1
Arouna Koné,Sevilla,0.476482984,0,3,0.15882766133333334,-0.476482984,0.3
Artem Dovbyk,Ukraine,1.1055183629999998,1,8,0.13818979537499998,-0.10551836299999984,0.8
Artem Dzyuba,Russia,2.82323538,4,13,0.2171719523076923,1.1767646200000001,1.3
Artem Kravets,VfB Stuttgart,1.362802197,1,16,0.0851751373125,-0.36280219699999994,1.6
Arthur Augusto de Matos Soares,Bayer Leverkusen,0.055520469,0,2,0.0277602345,-0.055520469,0.2
Arthur Etienne Boka,Málaga,0.438219539,0,8,0.054777442375,-0.438219539,0.8
Arthur Henrique Ramos de Oliveira Melo,Barcelona,1.194578323,2,9,0.1327309247777778,0.805421677,0.9
Arthur Masuaku,Congo DR,0.992942556,1,7,0.14184893657142858,0.007057443999999968,0.7
Arthur Theate,Belgium,0.0204689464,0,2,0.0102344732,-0.0204689464,0.2
Arthur Theate,Rennes,0.07826771,0,1,0.07826771,-0.07826771,0.1
Artoms Rudņevs,Hamburger SV,1.9659625219999999,2,15,0.13106416813333333,0.03403747800000012,1.5
Artur Ioniţă,Hellas Verona,3.313755643,4,40,0.082843891075,0.6862443570000001,4.0
Artur Jędrzejczyk,Poland,0.047647018,0,1,0.047647018,-0.047647018,0.1
Artur Sobiech,Hannover 96,4.295564456,7,30,0.14318548186666666,2.704435544,3.0
Arturo Erasmo Vidal Pardo,Barcelona,6.637711011,9,45,0.14750468913333334,2.3622889889999996,4.5
Arturo Erasmo Vidal Pardo,Bayern Munich,4.2660303410000004,4,51,0.08364765374509804,-0.26603034100000045,5.1
Arturo Erasmo Vidal Pardo,Juventus,0.081361612,0,2,0.040680806,-0.081361612,0.2
Arturo García Muñoz,Real Betis,0.245814076,0,2,0.122907038,-0.245814076,0.2
Aryana Lynn Harvey,Pomigliano,1.6249088980000002,1,12,0.13540907483333334,-0.6249088980000002,1.2
Ascensión Martínez Salinas,Valencia CF,4.1118442690000006,2,47,0.08748604827659576,-2.1118442690000006,4.7
Ashleigh Neville,Tottenham Hotspur Women,4.024117048,3,27,0.14904137214814814,-1.024117048,2.7
Ashleigh Plumptre,Nigeria Women's,0.347967249,0,5,0.0695934498,-0.347967249,0.5
Ashley Cole,Arsenal,0.691363814,0,10,0.0691363814,-0.691363814,1.0
Ashley Cole,Chelsea,0.7391287,1,1,0.7391287,0.26087130000000003,0.1
Ashley Elizabeth Marie Lawrence,Canada Women's,0.295616524,0,8,0.0369520655,-0.295616524,0.8
Ashley Elizabeth Marie Lawrence,Chelsea FCW,1.119548772,1,5,0.2239097544,-0.11954877199999991,0.5
Ashley Hatch,Washington Spirit,15.164093963,10,94,0.1613201485425532,-5.164093962999999,9.4
Ashley Hodson,Liverpool WFC,0.436649886,1,3,0.145549962,0.563350114,0.3
Ashley Nicole Sanchez,Washington Spirit,3.6305148555,5,44,0.08251170126136363,1.3694851445,4.4
Ashley Westwood,Aston Villa,2.23632754,2,38,0.05885072473684211,-0.23632754,3.8
Ashley Williams,Swansea City,2.263904585,2,16,0.1414940365625,-0.26390458500000014,1.6
Ashley Young,England,0.180791576,0,2,0.090395788,-0.180791576,0.2
Ashley Young,Manchester United,0.688017823,1,7,0.09828826042857143,0.31198217699999997,0.7
Ashutosh Mehta,ATK Mohun Bagan,0.19944942300000001,0,3,0.06648314100000001,-0.19944942300000001,0.3
Ashutosh Mehta,Mohun Bagan Super Giant,0.110431287,0,4,0.02760782175,-0.110431287,0.4
Asia Bragonzi,Juventus W,0.20252898,0,1,0.20252898,-0.20252898,0.1
Asia Bragonzi,Sampdoria W,0.6464098779999999,1,7,0.09234426828571428,0.35359012200000006,0.7
Asier Illarramendi Andonegi,Real Sociedad,1.654886135,1,27,0.06129207907407407,-0.6548861349999999,2.7
Asier del Horno Cosgaya,Levante UD,0.110109825,0,2,0.0550549125,-0.110109825,0.2
Asisat Lamina Oshoala,Barcelona WFC,4.4941573969999995,6,17,0.2643621998235294,1.5058426030000005,1.7
Asisat Lamina Oshoala,Nigeria Women's,1.417757466,2,15,0.0945171644,0.5822425339999999,1.5
Asish Rai,Hyderabad,0.216456141,0,8,0.027057017625,-0.216456141,0.8
Asish Rai,SC Delhi,0.052090889,0,2,0.0260454445,-0.052090889,0.2
Asmita Ale,Aston Villa,0.04063372,0,1,0.04063372,-0.04063372,0.1
Assan Ceesay,Gambia,0.23944347,0,1,0.23944347,-0.23944347,0.1
Assane Demoya Gnoukouri,Inter Milan,0.045308669999999995,0,2,0.022654334999999998,-0.045308669999999995,0.2
Assane Dioussé El Hadji,Empoli,0.084588773,0,5,0.0169177546,-0.084588773,0.5
Assani Lukimya-Mulongoti,Werder Bremen,0.69200519,0,5,0.138401038,-0.69200519,0.5
Atakan Karazor,VfB Stuttgart,0.020385,0,1,0.020385,-0.020385,0.1
Athenea del Castillo Belvide,Real Madrid CF W,7.905962124,8,63,0.12549146228571428,0.0940378759999998,6.3
Athenea del Castillo Belvide,Spain Women's,1.132907294,2,15,0.07552715293333333,0.867092706,1.5
Atiba Hutchinson,Canada,0.1316425,0,2,0.06582125,-0.1316425,0.2
Atila Turan,Stade de Reims,0.862063358,2,13,0.066312566,1.137936642,1.3
Atlanta Reigan Primus,Jamaica Women's,0.429231808,0,6,0.07153863466666667,-0.429231808,0.6
Attila Fiola,Hungary,0.33277519,1,2,0.166387595,0.66722481,0.2
Attila Szalai,Hungary,0.07721693,0,1,0.07721693,-0.07721693,0.1
Aubrey Maphosa Modiba,South Africa,1.6103001759999997,1,6,0.2683833626666666,-0.6103001759999997,0.6
Aubrey Renee Kingsbury,Washington Spirit,0.15181157,0,1,0.15181157,-0.15181157,0.1
"Augustine Azuka ""Jay-Jay"" Okocha",Bolton Wanderers,0.21653904399999999,0,5,0.0433078088,-0.21653904399999999,0.5
Augustine Sylvia Ejangue Siliki,Cameroon W,0.023959069,0,1,0.023959069,-0.023959069,0.1
Augusto Jorge Mateo Solari,Celta Vigo,0.2613582,0,1,0.2613582,-0.2613582,0.1
Augusto Matías Fernández,Atlético Madrid,0.127964026,0,4,0.0319910065,-0.127964026,0.4
Augusto Matías Fernández,Celta Vigo,1.424281227,1,15,0.0949520818,-0.42428122700000004,1.5
Aurora De Rita,Sampdoria W,2.043967566,2,18,0.11355375366666667,-0.04396756600000007,1.8
Aurora Galli,Everton LFC,1.6847027970000001,3,13,0.12959252284615386,1.3152972029999999,1.3
Aurora Galli,Italy Women's,0.8732696030000001,3,5,0.1746539206,2.1267303969999998,0.5
Aurélien Djani Tchouaméni,AS Monaco,0.136888698,0,4,0.0342221745,-0.136888698,0.4
Aurélien Djani Tchouaméni,France,1.7618793560000001,1,19,0.09273049242105263,-0.7618793560000001,1.9
Aurélio Gabriel Ulineia Buta,Eintracht Frankfurt,0.03680099,0,1,0.03680099,-0.03680099,0.1
Ava Baker,Leicester City WFC,0.46847513100000004,0,3,0.15615837700000001,-0.46847513100000004,0.3
Ava Cook,Chicago Red Stars,1.9791300299999999,3,19,0.10416473842105263,1.0208699700000001,1.9
Ava Kuyken,Arsenal WFC,0.0436476,0,1,0.0436476,-0.0436476,0.1
Avell Chitundu,Zambia W,0.137944655,0,3,0.04598155166666667,-0.137944655,0.3
Axel Disasi,AS Monaco,0.042788543,0,1,0.042788543,-0.042788543,0.1
Axel Disasi,France,0.052593123,0,1,0.052593123,-0.052593123,0.1
Axel Ngando,Bastia,2.1294529055,2,14,0.1521037789642857,-0.1294529055,1.4
Axel Witsel,Belgium,0.356668353,0,9,0.039629817,-0.356668353,0.9
Aya Sameshima,Japan Women's,0.014722,0,1,0.014722,-0.014722,0.1
Ayman Kari,Lorient,0.237040057,0,2,0.1185200285,-0.237040057,0.2
Aymen Abdennour,Valencia,1.111525707,0,7,0.15878938671428572,-1.111525707,0.7
Aymen Barkok,FSV Mainz 05,0.10515188,0,1,0.10515188,-0.10515188,0.1
Aymeric Laporte,Athletic Club,3.2026165745,3,21,0.15250555116666667,-0.20261657449999992,2.1
Aymeric Laporte,Spain,0.5837383580000001,1,8,0.07296729475000001,0.41626164199999993,0.8
Ayoub El Kaabi,Morocco,1.615273722,0,7,0.23075338885714286,-1.615273722,0.7
Ayoze Díaz Díaz,Mallorca,0.019552195,0,2,0.0097760975,-0.019552195,0.2
Ayoze García Pérez,Tenerife,0.008508133,0,1,0.008508133,-0.008508133,0.1
Ayoze Pérez Gutiérrez,Newcastle United,4.037267071,6,51,0.07916209943137253,1.9627329290000004,5.1
Ayoze Pérez Gutiérrez,Spain,0.41079695,0,3,0.13693231666666666,-0.41079695,0.3
Aytac Sulu,Darmstadt 98,2.614037915,7,21,0.12447799595238095,4.385962085,2.1
Aythami Artiles Oliva,Las Palmas,1.349330984,0,9,0.1499256648888889,-1.349330984,0.9
Aythami Artiles Oliva,Xerez,0.18499473,0,1,0.18499473,-0.18499473,0.1
Ayush Adhikari,Kerala Blasters,1.038975752,1,10,0.10389757520000001,-0.03897575200000003,1.0
Aziz Eraltay Behich,Australia,0.396637843,0,4,0.09915946075,-0.396637843,0.4
Azzedine Ounahi,Morocco,0.9004952530000001,1,13,0.06926886561538462,0.0995047469999999,1.3
Aída Esteve Quintero,Madrid CFF,2.1580242275,3,28,0.07707229383928571,0.8419757725000001,2.8
Aïssa Bilal Laïdouni,Tunisia,0.241420413,0,3,0.080473471,-0.241420413,0.3
Aïssa Bilal Laïdouni,Union Berlin,0.020397527,0,1,0.020397527,-0.020397527,0.1
Aïssa Mandi,Algeria,0.46155238,0,3,0.15385079333333332,-0.46155238,0.3
Aïssa Mandi,Real Betis,0.09319898,0,1,0.09319898,-0.09319898,0.1
Aïssa Mandi,Stade de Reims,3.146467957,5,20,0.15732339785,1.853532043,2.0
Aïssatou Tounkara,France Women's,0.11672439,0,1,0.11672439,-0.11672439,0.1
Babacar Gueye,Troyes,1.977185911,1,14,0.14122756507142858,-0.9771859110000001,1.4
Baby Jordy Benera,FC Levante Badalona,0.355113988,0,2,0.177556994,-0.355113988,0.2
Bacary Sagna,Manchester City,0.252505195,0,4,0.06312629875,-0.252505195,0.4
Badr Banoun,Morocco,0.7539362,0,1,0.7539362,-0.7539362,0.1
Bafodé Diakité,Lille,0.31908097,1,2,0.159540485,0.68091903,0.2
Bafétimbi Gomis,Swansea City,6.295762953,6,59,0.10670784666101694,-0.29576295299999966,5.9
Baghdad Bounedjah,Algeria,2.098048096,3,9,0.2331164551111111,0.9019519040000001,0.9
Bakari Camara,Mauritania,0.014707116,0,1,0.014707116,-0.014707116,0.1
Bakary Adama Soumaoro,Lille,1.220133531,1,13,0.09385642546153847,-0.2201335310000001,1.3
Bakary Koné,Lyon,0.170074964,0,3,0.05669165466666667,-0.170074964,0.3
Bakary Sako,Crystal Palace,3.1825588115,2,35,0.09093025175714285,-1.1825588114999999,3.5
Balwant Singh,East Bengal,0.18476634,0,2,0.09238317,-0.18476634,0.2
Bambanani Nolufefe Mbane,South Africa Women's,0.03954009,0,1,0.03954009,-0.03954009,0.1
Bamidele Alli,England,0.5901815539999999,1,6,0.09836359233333332,0.40981844600000006,0.6
Bamidele Alli,Tottenham Hotspur,8.225983822,10,76,0.1082366292368421,1.774016178,7.6
Baptiste Guillaume,Lille,0.9251306484999999,0,10,0.09251306484999999,-0.9251306484999999,1.0
Baptiste Santamaría,Rennes,0.200816543,0,3,0.06693884766666666,-0.200816543,0.3
Barbara Bonansea,Italy Women's,2.7619777185,3,29,0.09524061098275861,0.23802228150000015,2.9
Barbara Bonansea,Juventus W,3.472389401,3,39,0.08903562566666667,-0.47238940100000004,3.9
Barbara Brecht,RB Leipzig W,0.448426819,1,10,0.0448426819,0.551573181,1.0
Barbara Dunst,Austria Women's,0.432679412,0,12,0.036056617666666665,-0.432679412,1.2
Barbara Dunst,Eintracht Frankfurt W,3.318681193,5,38,0.08733371560526317,1.6813188069999998,3.8
Barbara Klarissa Olivieri,Houston Dash,0.257482045,0,5,0.051496409,-0.257482045,0.5
Barbra Banda,Zambia W,1.4066514620000001,1,9,0.1562946068888889,-0.40665146200000013,0.9
Barnabás Varga,Hungary,1.64044014,1,4,0.410110035,-0.6404401399999999,0.4
Barry Ferguson,Blackburn Rovers,0.200636213,0,3,0.06687873766666667,-0.200636213,0.3
Barry Hulshoff,Ajax,0.6469414139999999,0,3,0.215647138,-0.6469414139999999,0.3
Bartholomew Owogbalor Ogbeche,Hyderabad,8.488486807,17,62,0.13691107753225806,8.511513193,6.2
Bartholomew Owogbalor Ogbeche,Real Valladolid,0.18001347,0,2,0.090006735,-0.18001347,0.2
Bartholomew Owogbalor Ogbeche,SC Delhi,0.704722485,1,4,0.17618062125,0.295277515,0.4
Bartlomiej Pawłowski,Málaga,0.2105448,0,1,0.2105448,-0.2105448,0.1
Bartosz Bereszyński,Poland,0.081086555,0,3,0.02702885166666667,-0.081086555,0.3
Bartosz Salamon,Poland,0.035386577,0,1,0.035386577,-0.035386577,0.1
Barış Alper Yılmaz,Turkey,0.293647266,0,4,0.0734118165,-0.293647266,0.4
Bas Dost,Wolfsburg,7.405990397,8,41,0.18063391212195123,0.5940096029999999,4.1
Basilio Ndong Owono Nchamaaa,Equatorial Guinea,0.020194672,0,1,0.020194672,-0.020194672,0.1
Bastian Oczipka,Eintracht Frankfurt,0.401845716,0,10,0.0401845716,-0.401845716,1.0
Bastian Schweinsteiger,Bayern Munich,1.1737906599999999,0,6,0.19563177666666665,-1.1737906599999999,0.6
Bastian Schweinsteiger,Manchester United,1.455599817,1,12,0.12129998474999999,-0.45559981699999996,1.2
Batcheba Louis,Haiti Women's,0.224899675,0,2,0.1124498375,-0.224899675,0.2
Batista Mendy,Angers,0.112677555,0,3,0.037559185,-0.112677555,0.3
Bayley Feist,Washington Spirit,0.286886761,0,5,0.057377352199999995,-0.286886761,0.5
Beatrice Merlo,FC Internazionale Milano W,0.349753185,0,10,0.034975318500000005,-0.349753185,1.0
Beatrix Fördős,FC Internazionale Milano W,0.709204342,0,6,0.11820072366666667,-0.709204342,0.6
Beatriz Beltrán Sanz,Costa Adeje Tenerife,0.861208045,0,15,0.057413869666666666,-0.861208045,1.5
Beatriz Pina Fonseca,Portugal Women's,0.07570187,0,1,0.07570187,-0.07570187,0.1
Beatriz Zaneratto João,Brazil Women's,1.8236950479999998,1,13,0.14028423446153845,-0.8236950479999998,1.3
Beke Sterner,SGS Essen 19/68,1.714771481,2,18,0.09526508227777779,0.2852285189999999,1.8
Ben Brereton Díaz,Chile,0.08533370800000001,0,2,0.042666854000000004,-0.08533370800000001,0.2
Ben Davies,Tottenham Hotspur,0.601901381,0,9,0.06687793122222223,-0.601901381,0.9
Ben Davies,Wales,0.448891237,0,6,0.07481520616666666,-0.448891237,0.6
Ben Watson,Watford,0.621594108,1,16,0.03884963175,0.37840589199999997,1.6
Bendegúz Bolla,Hungary,0.101407174,0,3,0.033802391333333334,-0.101407174,0.3
Benedetta Brignoli,Sassuolo W,0.4317793365,0,6,0.07196322275,-0.4317793365,0.6
Benedetta Glionna,AS Roma W,3.35534313,3,32,0.1048544728125,-0.35534313000000006,3.2
Benedetta Orsi,Sassuolo W,0.123203728,0,4,0.030800932,-0.123203728,0.4
Benedikt Gimber,FC Heidenheim,0.100616954,0,1,0.100616954,-0.100616954,0.1
Benedikt Höwedes,Schalke 04,0.6208416139999999,1,8,0.07760520174999999,0.37915838600000007,0.8
Benik Afobe,AFC Bournemouth,2.640350695,4,14,0.1885964782142857,1.359649305,1.4
Benjamin André,Rennes,1.241426623,0,22,0.05642848286363636,-1.241426623,2.2
Benjamin Bourigeaud,Rennes,0.288831153,0,5,0.0577662306,-0.288831153,0.5
Benjamin Corgnet,Saint-Étienne,0.849139785,1,11,0.07719452590909091,0.15086021500000002,1.1
Benjamin Cremaschi,Inter Miami,0.37577759899999996,1,5,0.07515551979999999,0.624222401,0.5
Benjamin Henrichs,Germany,0.016163332,0,1,0.016163332,-0.016163332,0.1
Benjamin Henrichs,RB Leipzig,0.265596026,0,6,0.04426600433333333,-0.265596026,0.6
Benjamin Hübner,Ingolstadt,2.13299051,1,19,0.11226265842105262,-1.13299051,1.9
Benjamin Jeannot,Lorient,6.2173806432,7,64,0.09714657255,0.7826193567999997,6.4
Benjamin Mendy,Marseille,0.017841151,0,1,0.017841151,-0.017841151,0.1
Benjamin Mendy,Olympique de Marseille,0.175903945,1,7,0.025129135,0.824096055,0.7
Benjamin Moukandjo Bilé,Lorient,10.84766655,13,57,0.19030993947368421,2.1523334500000004,5.7
Benjamin Nivet,Troyes,3.64732695,2,30,0.121577565,-1.64732695,3.0
Benjamin Pavard,France,0.33335932900000004,1,5,0.06667186580000001,0.6666406709999999,0.5
Benjamin Pavard,Lille,0.347928636,0,4,0.086982159,-0.347928636,0.4
Benjamin Stambouli,Paris Saint-Germain,0.266341622,0,3,0.08878054066666667,-0.266341622,0.3
Benjamin Verbič,Slovenia,0.7946596800000001,0,2,0.39732984000000005,-0.7946596800000001,0.2
Benjamin Šeško,RB Leipzig,0.42933924599999995,0,3,0.14311308199999997,-0.42933924599999995,0.3
Benjamin Šeško,Slovenia,0.536306601,0,8,0.067038325125,-0.536306601,0.8
Benoît Assou-Ekotto,Saint-Étienne,0.2251144262,0,11,0.020464947836363635,-0.2251144262,1.1
Benoît Trémoulinas,Sevilla,1.464552963,0,13,0.11265792023076923,-1.464552963,1.3
Berat Djimsiti,Albania,0.100287251,0,2,0.0501436255,-0.100287251,0.2
Berat Djimsiti,Atalanta,0.06651591,0,1,0.06651591,-0.06651591,0.1
Berglind Björg Þorvaldsdóttir,Iceland Women's,1.694607425,1,4,0.42365185625,-0.6946074250000001,0.4
Bernadette Amani Kakounan,SD Eibar,0.692152683,0,14,0.04943947735714286,-0.692152683,1.4
Bernard Mensah,Getafe,0.029706809,0,2,0.0148534045,-0.029706809,0.2
Bernardo Fernandes da Silva Junior,Bochum,0.038558837,0,1,0.038558837,-0.038558837,0.1
Bernardo José Espinosa Zúñiga,Espanyol,0.07480343,0,2,0.037401715,-0.07480343,0.2
Bernardo José Espinosa Zúñiga,Girona,0.312731145,0,3,0.104243715,-0.312731145,0.3
Bernardo José Espinosa Zúñiga,Sporting Gijón,0.930741343,1,14,0.0664815245,0.069258657,1.4
Bernardo Mota Veiga de Carvalho e Silva,AS Monaco,4.388863567,7,40,0.109721589175,2.6111364330000004,4.0
Bernardo Mota Veiga de Carvalho e Silva,Portugal,2.7013949619999997,3,12,0.2251162468333333,0.29860503800000027,1.2
Bernd Bransch,German DR,0.13591212600000002,0,3,0.04530404200000001,-0.13591212600000002,0.3
Bernd Hölzenbein,Germany,0.086120058,0,2,0.043060029,-0.086120058,0.2
Bernd Schuster,Barcelona,0.25435491,0,4,0.0635887275,-0.25435491,0.4
Bernhard Cullmann,Germany,0.103454727,0,3,0.034484909,-0.103454727,0.3
Berta Bou Salas,FC Levante Badalona,1.330420352,0,8,0.166302544,-1.330420352,0.8
Berta Pujadas Boix,Valencia CF,0.11793759699999999,0,2,0.058968798499999996,-0.11793759699999999,0.2
Berti Vogts,Germany,0.089726185,0,2,0.0448630925,-0.089726185,0.2
Bertrand Isidore Traoré,Burkina Faso,2.71311509,3,11,0.24664682636363636,0.28688490999999994,1.1
Bertrand Isidore Traoré,Chelsea,1.741683756,2,17,0.10245198564705882,0.258316244,1.7
Bethan Roberts,Reading WFC,0.128095296,0,2,0.064047648,-0.128095296,0.2
Bethan Roe,Brighton & Hove Albion WFC,0.37094694,0,2,0.18547347,-0.37094694,0.2
Bethany Balcer,Seattle Reign,4.727144497,6,36,0.13130956936111113,1.2728555029999997,3.6
Bethany England,Chelsea FCW,28.689624583,29,165,0.17387651262424242,0.3103754169999995,16.5
Bethany England,England Women's,0.97761246,1,3,0.32587082,0.022387539999999984,0.3
Bethany England,Tottenham Hotspur Women,5.110299846,5,31,0.16484838212903227,-0.1102998460000002,3.1
Bethany Mead,Arsenal WFC,18.6927664915,22,149,0.12545480866778522,3.3072335085000013,14.9
Bethany Mead,England Women's,5.418400589,7,23,0.23558263430434784,1.581599411,2.3
Beverly Yanez,OL Reign,1.748718273,1,13,0.13451679023076923,-0.7487182729999999,1.3
Bevic Moussiti-Oko,AC Ajaccio,0.039649207,0,1,0.039649207,-0.039649207,0.1
Beñat Etxebarria Urkiaga,Athletic Club,1.677629973,1,35,0.04793228494285714,-0.6776299729999999,3.5
Bianca Fallico,Sampdoria W,0.08049741099999999,0,4,0.020124352749999998,-0.08049741099999999,0.4
Bianca St Georges,Chicago Red Stars,3.845626926,4,34,0.11310667429411765,0.154373074,3.4
Bibiane Schulze-Solano,Athletic Club Bilbao,0.274128184,0,4,0.068532046,-0.274128184,0.4
Bijoy Varghese,Kerala Blasters,0.655115573,0,6,0.10918592883333333,-0.655115573,0.6
Bikash Jairu,East Bengal,0.23101655,0,1,0.23101655,-0.23101655,0.1
Bilal Brahimi,OGC Nice,0.077958359,0,2,0.0389791795,-0.077958359,0.2
Bilal El Khannous,Morocco,0.452917234,0,2,0.226458617,-0.452917234,0.2
Billy Gilmour,Scotland,0.07812689,0,2,0.039063445,-0.07812689,0.2
Billy Jones,Sunderland,2.1315338125,1,13,0.16396413942307692,-1.1315338124999998,1.3
Billy Ketkeophomphone,Angers,4.04239145,5,59,0.0685151093220339,0.9576085499999998,5.9
Bipin Singh Thounajam,Mumbai City,3.714873802,6,35,0.10613925148571429,2.285126198,3.5
Birama Touré,Auxerre,0.049982595,0,2,0.0249912975,-0.049982595,0.2
Birama Touré,Nantes,0.303323561,0,14,0.021665968642857143,-0.303323561,1.4
Birgül Sadıkoğlu,Costa Adeje Tenerife,0.025001066,0,1,0.025001066,-0.025001066,0.1
Birkir Bjarnason,Iceland,0.99338624,0,7,0.14191232,-0.99338624,0.7
Blaise Matuidi,France,0.284148001,0,5,0.0568296002,-0.284148001,0.5
Blaise Matuidi,Paris Saint-Germain,2.211587114,4,16,0.138224194625,1.7884128860000001,1.6
Blanca Muñoz,Real Betis Balompié,0.34757169499999996,1,3,0.11585723166666666,0.652428305,0.3
Blas Antonio Miguel Pérez Ortega,Panama,0.1918923,0,1,0.1918923,-0.1918923,0.1
Blerim Džemaili,Genoa,1.9671290795,3,37,0.0531656507972973,1.0328709205,3.7
Blerim Džemaili,Switzerland,1.393767095,1,9,0.15486301055555557,-0.39376709500000007,0.9
Bo Göran Larsson,Sweden,0.011868377,0,1,0.011868377,-0.011868377,0.1
Boban Nikolov,North Macedonia,0.30493496,0,4,0.07623374,-0.30493496,0.4
Bobby Armani De Cordova-Reid,Jamaica,0.083265403,0,2,0.0416327015,-0.083265403,0.2
Bobby Charlton,England,0.203797328,0,4,0.050949332,-0.203797328,0.4
Bodda Mouhsine,Mauritania,0.26046798,0,4,0.065116995,-0.26046798,0.4
Bohumil Vesely,Czechoslovakia,0.21202697,0,1,0.21202697,-0.21202697,0.1
Bojan Krkíc Pérez,Barcelona,13.0183555745,19,102,0.12763093700490194,5.981644425500001,10.2
Bojan Krkíc Pérez,Stoke City,4.779581065,7,37,0.12917786662162162,2.2204189349999996,3.7
Bongeka Gamede,South Africa Women's,0.18140789000000002,0,2,0.09070394500000001,-0.18140789000000002,0.2
Bonke Innocent,Lorient,0.020349244,0,1,0.020349244,-0.020349244,0.1
Bonnie Horwood,Yeovil Town LFC,0.156346794,0,5,0.0312693588,-0.156346794,0.5
Boris Singh Thangjam,Jamshedpur,2.685077512,2,20,0.1342538756,-0.6850775119999999,2.0
Borja Fernández Fernández,Getafe,0.038686574,0,1,0.038686574,-0.038686574,0.1
Borja Fernández Fernández,Real Valladolid,0.24012635699999998,0,4,0.060031589249999996,-0.24012635699999998,0.4
Borja García Freire,Córdoba CF,0.01619591,0,1,0.01619591,-0.01619591,0.1
Borja González Tomás,Deportivo Alavés,0.111630395,0,1,0.111630395,-0.111630395,0.1
Borja González Tomás,Eibar,16.0236477,18,94,0.17046433723404256,1.9763522999999985,9.4
Borja Herrera González,Las Palmas,0.014476309,0,1,0.014476309,-0.014476309,0.1
Borja Iglesias Quintas,Bayer Leverkusen,1.0171953950000001,0,8,0.12714942437500001,-1.0171953950000001,0.8
Borja Iglesias Quintas,Espanyol,0.77422447,0,3,0.25807482333333337,-0.77422447,0.3
Borja Iglesias Quintas,Real Betis,0.77285778,1,2,0.38642889,0.22714221999999995,0.2
Borja Mayoral Moya,Levante UD,0.584451273,1,4,0.14611281825,0.415548727,0.4
Borja Mayoral Moya,Real Madrid,0.225341134,0,3,0.07511371133333333,-0.225341134,0.3
Borja Oubiña Meléndez,Celta Vigo,0.709760656,1,4,0.177440164,0.29023934399999995,0.4
Borja Valero Iglesias,Fiorentina,2.9693825824999998,4,36,0.08248284951388889,1.0306174175000002,3.6
Borja Valero Iglesias,Mallorca,0.221158257,0,4,0.05528956425,-0.221158257,0.4
Borja Valero Iglesias,Villarreal,0.12321418,0,2,0.06160709,-0.12321418,0.2
Borja Valle Balonga,RC Deportivo La Coruña,0.41069209900000003,0,4,0.10267302475000001,-0.41069209900000003,0.4
Borja Viguera Manzanares,Athletic Club,1.153093544,0,7,0.16472764914285715,-1.153093544,0.7
Borna Barišić,Croatia,0.019247653,0,1,0.019247653,-0.019247653,0.1
Borna Sosa,Croatia,0.043096807,0,2,0.0215484035,-0.043096807,0.2
Borys Tashchy,VfB Stuttgart,0.15945697,0,2,0.079728485,-0.15945697,0.2
Boubacar Kamara,Olympique de Marseille,0.014722055,0,1,0.014722055,-0.014722055,0.1
Boubacar Traore,Mali,0.011917526,0,1,0.011917526,-0.011917526,0.1
Boubakar Kouyate,Mali,0.25533541,0,2,0.127667705,-0.25533541,0.2
Boudewijn Zenden,Middlesbrough,0.07024414,0,3,0.023414713333333333,-0.07024414,0.3
Boukary Dramé,Atalanta,1.0460390944,0,18,0.05811328302222222,-1.0460390944,1.8
Boulaye Dia,Senegal,0.830956659,1,8,0.103869582375,0.16904334099999996,0.8
Bouna Sarr,Marseille,0.01756044,0,1,0.01756044,-0.01756044,0.1
Bouna Sarr,Olympique de Marseille,1.2254232299999999,2,15,0.081694882,0.7745767700000001,1.5
Boško Janković,Hellas Verona,1.3191044360000002,1,15,0.08794029573333334,-0.31910443600000016,1.5
Boštjan Cesar,Chievo,2.067642378,1,15,0.1378428252,-1.067642378,1.5
Bradden Inman,Mumbai City,0.414818665,0,4,0.10370466625,-0.414818665,0.4
Bradley Barcola,France,1.14153643,1,3,0.38051214333333333,-0.14153642999999994,0.3
Bradley Barcola,Lyon,0.38587162,1,2,0.19293581,0.6141283799999999,0.2
Bradley Johnson,Norwich City,0.873048334,0,10,0.0873048334,-0.873048334,1.0
Bradley Locko,Stade de Reims,0.09087229,0,1,0.09087229,-0.09087229,0.1
Bradley Shaun Smith,Liverpool,0.030441523,0,1,0.030441523,-0.030441523,0.1
Brais Méndez Portela,Celta Vigo,0.712969771,0,7,0.10185282442857144,-0.712969771,0.7
Brajan Gruda,FSV Mainz 05,0.033213478,0,1,0.033213478,-0.033213478,0.1
Branco van den Boomen,Toulouse,0.301905334,1,7,0.043129333428571434,0.698094666,0.7
Brandon Fernandes,Goa,0.671454857,0,12,0.05595457141666666,-0.671454857,1.2
Brandon Vázquez Toledo,Cincinnati,0.21521073999999998,0,2,0.10760536999999999,-0.21521073999999998,0.2
Brandt Bronico,Charlotte,0.06443837,0,1,0.06443837,-0.06443837,0.1
Branimir Hrgota,Borussia Mönchengladbach,0.18826151600000002,0,2,0.09413075800000001,-0.18826151600000002,0.2
Branislav Ivanović,Chelsea,2.903399359,2,28,0.10369283424999999,-0.9033993589999998,2.8
Braulio Nóbrega Rodríguez,Real Zaragoza,0.14043112,0,1,0.14043112,-0.14043112,0.1
Brayan Andrés Perea Vargas,Troyes,0.9923548099999999,0,6,0.16539246833333332,-0.9923548099999999,0.6
Brecht Dejaegere,Toulouse,0.033523884,0,1,0.033523884,-0.033523884,0.1
Brede Hangeland,Crystal Palace,0.57010669,0,5,0.114021338,-0.57010669,0.5
Breel-Donald Embolo,Switzerland,5.0009226159999995,5,29,0.17244560744827583,-0.0009226159999995431,2.9
Brendan Joel Zibusiso Galloway,Everton,1.104813405,0,9,0.12275704500000001,-1.104813405,0.9
Brenden Aaronson,United States,0.107571796,0,1,0.107571796,-0.107571796,0.1
Brennan Johnson,Wales,0.130077729,0,3,0.043359243,-0.130077729,0.3
Brett Ormerod,Southampton,0.333876545,0,2,0.1669382725,-0.333876545,0.2
Brian McBride,Fulham,0.018168801,0,1,0.018168801,-0.018168801,0.1
Brianna Alexis Pinto,North Carolina Courage,0.8525242780000001,1,10,0.0852524278,0.14747572199999992,1.0
Brianna Visalli,Birmingham City WFC,0.814891986,0,11,0.07408108963636363,-0.814891986,1.1
Brianna Visalli,West Ham United LFC,3.009382785,1,25,0.1203753114,-2.009382785,2.5
Brice Dja Djédjé,Marseille,0.020103917,0,1,0.020103917,-0.020103917,0.1
Brice Dja Djédjé,Olympique de Marseille,0.487947401,0,9,0.05421637788888889,-0.487947401,0.9
Bright Osayi-Samuel,Nigeria,0.23980286,0,2,0.11990143,-0.23980286,0.2
Brison Deuben Fernandes,Goa,0.144558696,0,2,0.072279348,-0.144558696,0.2
Brittany Ratcliffe,North Carolina Courage,1.520428252,0,9,0.16893647244444446,-1.520428252,0.9
Brooke Aspin,Bristol City WFC,0.759258806,2,10,0.0759258806,1.240741194,1.0
Brooke Chaplen,Reading WFC,9.723662338,11,93,0.1045555090107527,1.2763376619999995,9.3
Brooke Elby,Chicago Red Stars,0.158152014,0,2,0.079076007,-0.158152014,0.2
Brooke Elby,Utah Royals,0.038137086,0,1,0.038137086,-0.038137086,0.1
Brooke Hendrix,West Ham United LFC,0.8401899399999999,0,9,0.09335443777777777,-0.8401899399999999,0.9
Brou Benjamin Angoua,Guingamp,0.6015452,1,4,0.1503863,0.3984548,0.4
Bruna Santos Nhaia,Brazil Women's,0.038248673,0,1,0.038248673,-0.038248673,0.1
Bruna Santos Nhaia,NJ/NY Gotham FC,0.655512939,2,6,0.10925215649999999,1.3444870610000001,0.6
Bruna Vilamala Costa,Barcelona WFC,5.0543923,5,53,0.09536589245283018,-0.05439229999999995,5.3
Bruno Alberto Langa,Mozambique,0.187363939,0,4,0.04684098475,-0.187363939,0.4
Bruno Alexandre Vilela Gama,RC Deportivo La Coruña,0.016176153,0,1,0.016176153,-0.016176153,0.1
Bruno Edgar Silva Almeida,Bengaluru,1.25742361,0,19,0.06618019,-1.25742361,1.9
Bruno Giordano,Napoli,0.755782088,1,6,0.12596368133333333,0.24421791199999998,0.6
Bruno González Cabrera,Real Betis,1.420510014,0,17,0.0835594125882353,-1.420510014,1.7
Bruno Guimarães Rodriguez Moura,Brazil,1.419742957,0,11,0.12906754154545455,-1.419742957,1.1
Bruno Guimarães Rodriguez Moura,Lyon,0.04106909,0,1,0.04106909,-0.04106909,0.1
Bruno Henrique Pinto,Wolfsburg,0.311954281,0,4,0.07798857025,-0.311954281,0.4
Bruno Miguel Borges Fernandes,Portugal,2.664605417,4,26,0.10248482373076924,1.3353945829999998,2.6
Bruno Miguel Borges Fernandes,Udinese,3.6859435445999997,3,53,0.06954610461509433,-0.6859435445999997,5.3
Bruno Miranda Villagomez,Bolivia,0.18160696,1,1,0.18160696,0.81839304,0.1
"Bruno N""Gotty",Bolton Wanderers,0.20528145,0,1,0.20528145,-0.20528145,0.1
Bruno Petković,Croatia,1.38332993,1,7,0.19761856142857143,-0.38332992999999993,0.7
Bruno Soriano Llido,Villarreal,3.773496766,5,25,0.15093987064,1.226503234,2.5
Bruno da Silva Peres,Torino,2.063630142,3,40,0.05159075355,0.9363698579999999,4.0
Bryan Alberto Silva Teixeira Jr.,Cape Verde Islands,1.07782736,2,3,0.35927578666666665,0.9221726400000001,0.3
Bryan Cristante,Italy,0.195762315,0,4,0.04894057875,-0.195762315,0.4
Bryan Cristante,Palermo,0.23542264000000002,0,2,0.11771132000000001,-0.23542264000000002,0.2
Bryan Dabo,Montpellier,3.9974873994999998,5,35,0.1142139257,1.0025126005000002,3.5
Bryan Mbeumo,Cameroon,0.222547164,0,2,0.111273582,-0.222547164,0.2
Bryan Oviedo,Costa Rica,0.113830639,0,3,0.037943546333333335,-0.113830639,0.3
Bryan Oviedo,Everton,0.361927756,0,5,0.0723855512,-0.361927756,0.5
Bryan Ruiz González,Costa Rica,0.80875722,0,2,0.40437861,-0.80875722,0.2
Budu Zivzivadze,Georgia,0.1805339,0,1,0.1805339,-0.1805339,0.1
Bukayo Saka,England,2.855732742,5,17,0.16798427894117646,2.144267258,1.7
Burak Yılmaz,Lille,0.60262332,0,2,0.30131166,-0.60262332,0.2
Burak Yılmaz,Turkey,1.005607576,0,10,0.10056075760000001,-1.005607576,1.0
Busisiwe Ndimeni,South Africa Women's,0.037577245,0,1,0.037577245,-0.037577245,0.1
Bárbara Latorre Viñals,AS Roma W,1.224169603,0,12,0.10201413358333333,-1.224169603,1.2
Bárbara Latorre Viñals,FC Levante Badalona,1.044092096,0,6,0.17401534933333332,-1.044092096,0.6
Bárbara López Gorrado,CD Sporting de Huelva,1.5358039355,2,13,0.11813876426923077,0.46419606450000006,1.3
Bénédicte Simon,FC Levante Badalona,0.154271568,0,5,0.0308543136,-0.154271568,0.5
Bích Thùy Nguyễn Thị,Vietnam Women's,0.313128762,0,4,0.0782821905,-0.313128762,0.4
Caglar Söyüncü,Turkey,0.03820183,0,1,0.03820183,-0.03820183,0.1
Caio Henrique Oliveira Silva,AS Monaco,0.08391566,0,1,0.08391566,-0.08391566,0.1
Caitlin Cosme,Orlando Pride,0.2911517,0,1,0.2911517,-0.2911517,0.1
Caitlin Dijkstra,Netherlands Women's,0.042082366,0,1,0.042082366,-0.042082366,0.1
Caitlin Jade Foord,Arsenal WFC,13.890272099,14,86,0.1615147918488372,0.1097279009999994,8.6
Caitlin Jade Foord,Australia Women's,4.077997647,3,23,0.17730424552173912,-1.0779976470000001,2.3
Caitlin Jade Foord,Portland Thorns,0.161710717,0,2,0.0808553585,-0.161710717,0.2
Caiuby Francisco da Silva,Augsburg,4.201382755,4,67,0.06270720529850746,-0.20138275500000002,6.7
Cali Farquharson,Washington Spirit,0.06055212,0,1,0.06055212,-0.06055212,0.1
Callum Davidson,Leicester City,0.01555724,0,1,0.01555724,-0.01555724,0.1
Callum McGregor,Scotland,0.344252336,1,5,0.0688504672,0.655747664,0.5
Callum McManaman,West Bromwich Albion,0.770380835,0,8,0.096297604375,-0.770380835,0.8
Callum Wilson,AFC Bournemouth,3.1090805450000003,5,18,0.17272669694444445,1.8909194549999997,1.8
Calum Chambers,Arsenal,0.22830260600000002,0,2,0.11415130300000001,-0.22830260600000002,0.2
Calvin Anele Ngcongca,Troyes,0.326046741,0,4,0.08151168525,-0.326046741,0.4
Calvin Bassey Ughelumba,Nigeria,0.54582212,0,2,0.27291106,-0.54582212,0.2
Calvin Stengs,OGC Nice,0.031668924,0,1,0.031668924,-0.031668924,0.1
Cameron Borthwick-Jackson,Manchester United,0.013700762,0,1,0.013700762,-0.013700762,0.1
Cameron Brannagan,Liverpool,0.15703292,0,1,0.15703292,-0.15703292,0.1
Cameron Jerome,Norwich City,6.830536675,3,49,0.13939870765306123,-3.8305366750000003,4.9
Cameron Tucker,Houston Dash,0.5913929899999999,0,7,0.08448471285714285,-0.5913929899999999,0.7
Camila Alejandra Saez Oyaneder,Chile Women's,0.19612628,0,1,0.19612628,-0.19612628,0.1
Camila Alejandra Saez Oyaneder,Madrid CFF,0.759677027,0,9,0.08440855855555555,-0.759677027,0.9
Camila Martins Pereira,Orlando Pride,0.518584842,0,9,0.057620538,-0.518584842,0.9
Camryn Biegalski,Washington Spirit,0.18907562,0,1,0.18907562,-0.18907562,0.1
Caprice Dydasco,Houston Dash,0.413861465,0,10,0.0413861465,-0.413861465,1.0
Caprice Dydasco,Washington Spirit,0.695300401,0,4,0.17382510025,-0.695300401,0.4
Cari Roccaro,Chicago Red Stars,1.345381386,1,10,0.1345381386,-0.3453813859999999,1.0
Carina Alicia Baltrip-Reyes,Panama Women's,0.0385995,0,1,0.0385995,-0.0385995,0.1
Carina Wenninger,Austria Women's,0.07028621,0,1,0.07028621,-0.07028621,0.1
Carl Cort,Wolverhampton Wanderers,0.075640716,0,1,0.075640716,-0.075640716,0.1
Carl Gerard McHugh,ATK Mohun Bagan,0.187927582,0,5,0.037585516400000005,-0.187927582,0.5
Carl Gerard McHugh,Mohun Bagan Super Giant,0.3590569875,0,10,0.03590569875,-0.3590569875,1.0
Carl Jenkinson,West Ham United,0.552851309,2,7,0.07897875842857142,1.447148691,0.7
Carl Medjani,Leganés,0.09177281799999999,0,2,0.045886408999999996,-0.09177281799999999,0.2
Carl Medjani,Levante UD,0.440356927,1,6,0.07339282116666666,0.5596430729999999,0.6
Carla Andrés Abad,SD Eibar,0.74196428,1,9,0.08244047555555556,0.25803571999999997,0.9
Carla Armengol Joaniquet,Real Betis Balompié,2.076240272,2,43,0.048284657488372094,-0.07624027200000016,4.3
Carla Humphrey,Bristol City WFC,2.5525140615,0,47,0.05430880981914894,-2.5525140615,4.7
Carleigh Bennett Frilles,Philippines Women's,0.018294664,0,1,0.018294664,-0.018294664,0.1
Carles Aleña Castillo,Barcelona,1.0509546379999999,2,12,0.08757955316666666,0.9490453620000001,1.2
Carles Aleña Castillo,Real Betis,0.03181922,0,1,0.03181922,-0.03181922,0.1
Carles Gil de Pareja Vicent,Aston Villa,1.0936811,2,18,0.06076006111111111,0.9063189,1.8
Carles Gil de Pareja Vicent,Elche,0.03639881,0,1,0.03639881,-0.03639881,0.1
Carles Gil de Pareja Vicent,RC Deportivo La Coruña,0.068165459,0,3,0.022721819666666667,-0.068165459,0.3
Carles Planas Antolínez,Celta Vigo,0.210245516,0,3,0.07008183866666666,-0.210245516,0.3
Carles Puyol i Saforcada,Barcelona,9.016600808,10,56,0.1610107287142857,0.9833991920000003,5.6
Carles Pérez Sayol,Barcelona,0.29879241,0,2,0.149396205,-0.29879241,0.2
Carles Rexach i Cerdà,Barcelona,1.308667561,2,11,0.11896977827272727,0.691332439,1.1
Carli Anne Hollins,NJ/NY Gotham FC,2.1988711515,2,15,0.1465914101,-0.19887115150000012,1.5
Carli Anne Hollins,United States Women's,3.13632589,3,17,0.18448975823529412,-0.13632589000000017,1.7
Carlos Alberto Gomes de Jesus,FC Porto,0.14029089,1,1,0.14029089,0.85970911,0.1
Carlos Alberto Rodríguez Gómez,Mexico,0.24902944,0,2,0.12451472,-0.24902944,0.2
Carlos Alberto Sánchez Moreno,Aston Villa,0.533370857,0,13,0.04102852746153846,-0.533370857,1.3
Carlos Alberto Tevez,Juventus,0.358534868,0,4,0.089633717,-0.358534868,0.4
Carlos Alberto Torres,Brazil,0.6985257979999999,1,13,0.053732753692307685,0.3014742020000001,1.3
Carlos Alberto Vela Garrido,LAFC,0.133666636,0,4,0.033416659,-0.133666636,0.4
Carlos Alberto Vela Garrido,Mexico,1.670773134,1,10,0.1670773134,-0.670773134,1.0
Carlos Alberto Vela Garrido,Real Sociedad,9.629972842,6,73,0.13191743619178084,-3.629972842000001,7.3
Carlos Alonso González,Real Madrid,0.13852540400000002,1,2,0.06926270200000001,0.861474596,0.2
Carlos Andrés Diogo Enseñat,Real Zaragoza,0.168831758,0,3,0.056277252666666666,-0.168831758,0.3
Carlos Andrés Sánchez Arcosa,Uruguay,0.12409054,0,2,0.06204527,-0.12409054,0.2
Carlos Arturo Bacca Ahumada,AC Milan,13.950739369999999,18,81,0.17223135024691358,4.049260630000001,8.1
Carlos Arturo Bacca Ahumada,Colombia,1.0147675,0,3,0.33825583333333337,-1.0147675,0.3
Carlos Arturo Bacca Ahumada,Sevilla,0.495103432,0,5,0.0990206864,-0.495103432,0.5
Carlos Arturo Bacca Ahumada,Villarreal,0.727155261,1,6,0.12119254350000001,0.27284473899999995,0.6
Carlos Augusto Zambrano Ochandarte,Eintracht Frankfurt,0.303203401,0,3,0.10106780033333333,-0.303203401,0.3
Carlos Augusto Zambrano Ochandarte,Peru,0.062192738,0,2,0.031096369,-0.062192738,0.2
Carlos Baleba,Lille,0.01855427,0,1,0.01855427,-0.01855427,0.1
Carlos Caetano Bledorn Verri,Brazil,0.18098201,0,1,0.18098201,-0.18098201,0.1
Carlos Calvo Sobrado,Xerez,0.03848661,0,1,0.03848661,-0.03848661,0.1
Carlos Carmona Bonet,Sporting Gijón,2.207280601,2,15,0.14715204006666666,-0.2072806009999999,1.5
Carlos Castro García,Sporting Gijón,5.838441269,8,26,0.2245554334230769,2.1615587310000004,2.6
Carlos Córdoba,Boca Juniors,0.10474848,0,1,0.10474848,-0.10474848,0.1
Carlos Daniel Tapia,Argentina,0.09492743,0,1,0.09492743,-0.09492743,0.1
Carlos Eccehomo Cuesta Figueroa,Colombia,0.24687114300000002,0,3,0.08229038100000001,-0.24687114300000002,0.3
Carlos Eduardo de Castro Lourenço,Troyes,0.279938456,0,3,0.09331281866666667,-0.279938456,0.3
Carlos Emilio Carmona Tello,Atalanta,0.07360609,0,1,0.07360609,-0.07360609,0.1
Carlos Fernández Luna,Granada,0.018616632,0,1,0.018616632,-0.018616632,0.1
Carlos Fernández Luna,Real Sociedad,0.093167946,0,1,0.093167946,-0.093167946,0.1
Carlos Gurpegi Nausia,Athletic Club,0.640385941,0,9,0.07115399344444445,-0.640385941,0.9
Carlos Henrique Casimiro,Brazil,1.422484835,2,14,0.10160605964285714,0.5775151650000001,1.4
Carlos Henrique Casimiro,Real Madrid,2.399324826,3,34,0.07056837723529412,0.600675174,3.4
Carlos Joaquín Correa,Sampdoria,3.347609571,3,35,0.09564598774285714,-0.347609571,3.5
Carlos Joaquín Correa,Sevilla,0.341026538,0,4,0.0852566345,-0.341026538,0.4
Carlos Joel Salcedo Hernández,Mexico,0.142359382,0,5,0.028471876400000002,-0.142359382,0.5
Carlos Jorge Neto Martins,Granada,0.041065484,0,1,0.041065484,-0.041065484,0.1
Carlos Jorge Neto Martins,Recreativo Huelva,0.394698114,0,5,0.0789396228,-0.394698114,0.5
Carlos Lázaro Vallejo,Real Valladolid,0.151194251,0,2,0.0755971255,-0.151194251,0.2
Carlos Manuel Bocanegra,Fulham,0.014875628,0,1,0.014875628,-0.014875628,0.1
Carlos Manuel Morete Markov,Las Palmas,0.113059233,0,2,0.0565296165,-0.113059233,0.2
Carlos Marchena López,RC Deportivo La Coruña,0.07972861,0,1,0.07972861,-0.07972861,0.1
Carlos Marchena López,Valencia,0.044522744,0,1,0.044522744,-0.044522744,0.1
Carlos Mario Carbonero Mancilla,Sampdoria,0.5741479820000001,0,6,0.09569133033333334,-0.5741479820000001,0.6
Carlos Martín Vigaray,Getafe,0.45157359599999997,1,4,0.11289339899999999,0.548426404,0.4
Carlos Martínez Díez,Real Sociedad,0.37517445499999996,0,5,0.07503489099999999,-0.37517445499999996,0.5
Carlos Merino González,Gimnàstic Tarragona,0.04215939,0,1,0.04215939,-0.04215939,0.1
Carlos Neva Tey,Granada,0.0256283,0,1,0.0256283,-0.0256283,0.1
Carlos Reina Aranda,Granada,0.09451479,0,1,0.09451479,-0.09451479,0.1
Carlos Reina Aranda,Osasuna,0.560189036,0,3,0.18672967866666668,-0.560189036,0.3
Carlos Reina Aranda,Real Zaragoza,0.417679458,1,4,0.1044198645,0.5823205419999999,0.4
Carlos Soler Barragán,Paris Saint-Germain,0.958769518,3,8,0.11984618975,2.041230482,0.8
Carlos Soler Barragán,Spain,1.225150255,1,5,0.245030051,-0.22515025499999997,0.5
Carlos Soler Barragán,Valencia,0.184100289,1,4,0.04602507225,0.815899711,0.4
Carlos Uriel Antuna Romero,Mexico,0.38838064800000005,0,4,0.09709516200000001,-0.38838064800000005,0.4
Carlota Suárez Crespo,Granada W,6.638158443,5,36,0.18439329008333333,-1.638158443,3.6
Carlotta Imping,Köln,0.111968849,0,2,0.0559844245,-0.111968849,0.2
Carlotta Wamser,Eintracht Frankfurt W,0.79049037,1,4,0.1976225925,0.20950963,0.4
Carlotta Wamser,Germany Women's,0.25396697,0,4,0.0634917425,-0.25396697,0.4
Carlotta Wamser,Köln,2.013022054,1,10,0.2013022054,-1.013022054,1.0
Carlotte Wubben-Moy,Arsenal WFC,3.408299173,3,28,0.12172497046428572,-0.40829917300000007,2.8
Carmelo Algarañaz Añez,Bolivia,0.098825542,0,2,0.049412771,-0.098825542,0.2
Carmelo José González Jiménez,Sporting Gijón,0.20773451,0,1,0.20773451,-0.20773451,0.1
Carmen Menayo Montero,Atletico Madrid W,0.742269275,0,9,0.08247436388888889,-0.742269275,0.9
Carmen Álvarez,Real Betis Balompié,0.63787908,1,4,0.15946977,0.36212091999999996,0.4
Carole da Silva Costa,Portugal Women's,1.1271988755,1,8,0.1408998594375,-0.12719887549999997,0.8
Carolin Simon,Bayern München W,0.18928690199999998,1,4,0.047321725499999995,0.810713098,0.4
Carolin Simon,Germany Women's,0.14086719,0,1,0.14086719,-0.14086719,0.1
Carolina Férez Méndez,Real Betis Balompié,2.8072579505,2,30,0.09357526501666666,-0.8072579504999999,3.0
Carolina Herrera Atienza,Levante UD Femenino,0.090640264,0,2,0.045320132,-0.090640264,0.2
Carolina Mendes,Portugal Women's,0.15566075,0,1,0.15566075,-0.15566075,0.1
Caroline Graham Hansen,Barcelona WFC,14.854939318,21,102,0.14563665998039216,6.145060682,10.2
Caroline Graham Hansen,Norway Women's,5.254855279,5,36,0.14596820219444445,-0.25485527900000005,3.6
Caroline Møller Hansen,Real Madrid CF W,7.3625978565,9,37,0.19898913125675674,1.6374021435000001,3.7
Caroline Pleidrup Gram,Sassuolo W,0.8147310295,1,12,0.06789425245833333,0.18526897050000002,1.2
Caroline Siems,Aston Villa,0.506100884,0,9,0.05623343155555555,-0.506100884,0.9
Caroline Siems,TSV Bayer 04 Leverkusen,0.434923766,0,7,0.06213196657142857,-0.434923766,0.7
Caroline Weir,Manchester City WFC,12.6245405665,16,110,0.11476855060454545,3.3754594334999997,11.0
Caroline Weir,Real Madrid CF W,0.294728687,0,5,0.058945737399999996,-0.294728687,0.5
Caroline Weir,Scotland W,0.070724803,0,4,0.01768120075,-0.070724803,0.4
Carrie Jones,Bristol City WFC,2.525759143,3,20,0.12628795715000002,0.47424085699999985,2.0
Carson Pickett,Orlando Pride,0.011464381,0,1,0.011464381,-0.011464381,0.1
Carson Pickett,Racing Louisville FC,0.7600465435,0,12,0.06333721195833333,-0.7600465435,1.2
Casey Marie Krueger,Chicago Red Stars,1.057647479,1,11,0.09614977081818181,-0.05764747899999989,1.1
Casey Yu-Jin Phair,Korea Republic Women's,0.36092551,0,2,0.180462755,-0.36092551,0.2
Catarina Cantanhede Melônio Macário,Chelsea FCW,1.741582681,1,16,0.1088489175625,-0.7415826809999999,1.6
Catherine Joan Bott,Leicester City WFC,0.238236802,0,4,0.0595592005,-0.238236802,0.4
Catherine Joan Bott,New Zealand Women's,0.33305983299999997,0,5,0.06661196659999999,-0.33305983299999997,0.5
Cecelia Kizer,KC Current,4.885024227,6,30,0.16283414089999998,1.1149757730000003,3.0
Cecilia Marcos Nabal,Real Sociedad de Fútbol,0.880868084,1,11,0.08007891672727273,0.11913191599999995,1.1
Cecilia Prugna,Sassuolo W,2.070190386,2,21,0.09858049457142858,-0.07019038600000016,2.1
Cecilia Re,Sampdoria W,1.607623312,1,13,0.1236633316923077,-0.6076233120000001,1.3
Cecilia Salvai,Italy Women's,0.28165402,0,3,0.09388467333333333,-0.28165402,0.3
Cecilia Salvai,Juventus W,1.553502169,1,10,0.1553502169,-0.5535021689999999,1.0
Cecilie Maag Struck,Bristol City WFC,0.122167878,0,2,0.061083939,-0.122167878,0.2
Cecilie Redisch Kvamme,West Ham United LFC,0.5343633139999999,0,4,0.13359082849999998,-0.5343633139999999,0.4
Cecilie Winther Johansen,TSV Bayer 04 Leverkusen,0.10045773399999999,0,3,0.03348591133333333,-0.10045773399999999,0.3
Cedric Mabwati Gerard,Real Betis,0.138376287,0,3,0.046125428999999996,-0.138376287,0.3
Celia Jiménez Delgado,Orlando Pride,0.125691522,0,2,0.062845761,-0.125691522,0.2
Celin Bizet Ildhusøy,Norway Women's,0.419714625,0,4,0.10492865625,-0.419714625,0.4
Celin Bizet Ildhusøy,Tottenham Hotspur Women,3.115288916,4,29,0.10742375572413793,0.8847110840000001,2.9
Celina Degen,Köln,1.496773807,1,15,0.09978492046666668,-0.49677380700000007,1.5
Celso Borges Mora,Costa Rica,0.447811538,0,5,0.0895623076,-0.447811538,0.5
Celso Borges Mora,RC Deportivo La Coruña,2.907282525,3,23,0.12640358804347826,0.09271747500000016,2.3
Celso Rafael Ayala Gavilán,River Plate,0.12936725500000001,0,2,0.06468362750000001,-0.12936725500000001,0.2
Cengiz Umut Meraş,Turkey,0.033716764,0,1,0.033716764,-0.033716764,0.1
Cengiz Ünder,Marseille,0.030599562,0,1,0.030599562,-0.030599562,0.1
Cengiz Ünder,Olympique de Marseille,0.53282389,0,6,0.08880398166666666,-0.53282389,0.6
Cengiz Ünder,Turkey,0.454295235,0,9,0.050477248333333335,-0.454295235,0.9
Cenk Tosun,Turkey,0.23166150700000002,1,3,0.07722050233333334,0.768338493,0.3
Ceri Holland,Liverpool WFC,3.366393005,2,31,0.10859332274193548,-1.366393005,3.1
Ceri Holland,Wales W,0.1044426,0,1,0.1044426,-0.1044426,0.1
Cesare Bovo,Torino,0.720744081,2,10,0.0720744081,1.2792559190000001,1.0
Ceyhun Gülselam,Hannover 96,0.524075022,0,16,0.032754688875,-0.524075022,1.6
Chae-Rim Kang,Korea Republic Women's,0.16984839399999999,0,3,0.056616131333333326,-0.16984839399999999,0.3
Chaker Alhadhur,Stade Malherbe Caen,0.071643464,0,1,0.071643464,-0.071643464,0.1
Chancel Mbemba Mangulu,Congo DR,2.23061857,2,7,0.3186597957142857,-0.23061856999999986,0.7
Chancel Mbemba Mangulu,Marseille,0.163628685,0,3,0.054542895,-0.163628685,0.3
Chancel Mbemba Mangulu,Newcastle United,1.224247836,0,12,0.102020653,-1.224247836,1.2
Chantal Hagel,Germany Women's,0.011265574,0,1,0.011265574,-0.011265574,0.1
Chantal Hagel,VfL Wolfsburg WFC,3.11861478,3,27,0.11550425111111112,-0.11861478000000014,2.7
Chantelle Boye-Hlorkah,Everton LFC,4.3510236957,4,44,0.09888690217500001,-0.35102369570000036,4.4
Chantelle Swaby,Jamaica Women's,0.043072753,0,1,0.043072753,-0.043072753,0.1
Chanté-Mary Dompig,AC Milan W,6.608791064,6,45,0.14686202364444445,-0.608791064,4.5
Chaouki Ben Saada,Troyes,1.5674559255,1,24,0.0653106635625,-0.5674559255,2.4
Chardonnay Curran,KC Current,0.70180957,0,4,0.1754523925,-0.70180957,0.4
Charles Diers,Angers,0.501152882,1,7,0.07159326885714286,0.49884711800000003,0.7
Charles Días Barbosa de Oliveira,Celta Vigo,0.562257364,0,5,0.11245147280000001,-0.562257364,0.5
Charles Días Barbosa de Oliveira,Eibar,0.611915369,0,7,0.08741648128571429,-0.611915369,0.7
Charles Días Barbosa de Oliveira,Málaga,11.022687293,12,87,0.12669755509195402,0.9773127069999994,8.7
Charles Mariano Aránguiz Sandoval,Bayer Leverkusen,1.372635909,2,12,0.11438632575,0.627364091,1.2
Charles Pickel,Congo DR,0.180462871,0,3,0.06015429033333333,-0.180462871,0.3
Charles Traoré,Troyes,0.019324414,0,1,0.019324414,-0.019324414,0.1
Charlie Adam,Stoke City,1.2009702145,1,28,0.042891793375,-0.20097021450000008,2.8
Charlie Austin,Southampton,0.828300559,1,8,0.103537569875,0.171699441,0.8
Charlie Daniels,AFC Bournemouth,2.6633307459999997,3,23,0.11579698895652173,0.33666925400000025,2.3
Charlie Wellings,Birmingham City WFC,3.380392321,2,46,0.07348678958695652,-1.380392321,4.6
Charlie Wellings,Bristol City WFC,5.623187052,3,44,0.12779970572727273,-2.6231870519999996,4.4
Charlison Benschop,Hannover 96,0.597185859,1,7,0.08531226557142857,0.402814141,0.7
Charlize Jayde Rule,Brighton & Hove Albion WFC,0.1643469,0,1,0.1643469,-0.1643469,0.1
Charlotte Bilbault,France Women's,0.148654933,0,6,0.024775822166666666,-0.148654933,0.6
Charlotte Buxton,Yeovil Town LFC,0.01639687,0,1,0.01639687,-0.01639687,0.1
Charlotte Estcourt,Reading WFC,0.250270836,0,3,0.083423612,-0.250270836,0.3
Charlotte Layne Grant,Tottenham Hotspur Women,0.8755504000000001,0,5,0.17511008,-0.8755504000000001,0.5
Charly Musonda Junior,Real Betis,0.7526312909999999,1,14,0.053759377928571425,0.24736870900000008,1.4
Chasity Grant,Netherlands Women's,0.29916087,0,3,0.09972029,-0.29916087,0.3
Che Adams,Scotland,0.826003218,0,9,0.09177813533333333,-0.826003218,0.9
Cheick Doukouré,Levante UD,0.23220125,0,1,0.23220125,-0.23220125,0.1
Cheick Oumar Doucoure,Lens,0.139535987,0,3,0.04651199566666667,-0.139535987,0.3
Cheick Tidiane Diabaté,Bordeaux,4.945554233,9,36,0.13737650647222222,4.054445767,3.6
Cheik Ismaël Tioté,Newcastle United,0.051505989,0,2,0.0257529945,-0.051505989,0.2
Cheikh Ahmadou Bamba Mbacke Dieng,Lorient,0.88740858,1,3,0.29580286,0.11259142,0.3
Cheikh Ahmadou Bamba Mbacke Dieng,Senegal,1.245166926,2,5,0.2490333852,0.754833074,0.5
Cheikh M''Bengue,Rennes,0.548582044,0,5,0.1097164088,-0.548582044,0.5
Cheikh N''Doye,Angers,6.450349779,9,64,0.100786715296875,2.5496502210000003,6.4
Cheikh N'Doye,Angers,0.68838945,0,7,0.09834135,-0.68838945,0.7
Cheikh N'Doye,Senegal,0.21672413,0,1,0.21672413,-0.21672413,0.1
Cheikhou Kouyaté,West Ham United,5.5825179,5,46,0.12135908478260869,-0.5825179,4.6
Chencho Gyeltshen,Kerala Blasters,1.1769682835,0,11,0.10699711668181817,-1.1769682835,1.1
Chengshu Wu,China PR Women's,0.060721344,0,2,0.030360672,-0.060721344,0.2
Cheyenne Janae Shorts,San Diego Wave,0.6203349,1,1,0.6203349,0.3796651,0.1
Cheyna Lee Matthews,Chicago Red Stars,1.202313009,1,6,0.2003855015,-0.20231300900000004,0.6
Cheyna Lee Matthews,Jamaica Women's,0.19265121400000002,0,4,0.048162803500000004,-0.19265121400000002,0.4
Chiara Anna D'Angelo,Hoffenheim W,0.010939727,0,1,0.010939727,-0.010939727,0.1
Chiara Beccari,Italy Women's,0.7006635999999999,0,4,0.17516589999999999,-0.7006635999999999,0.4
Chiara Beccari,Sassuolo W,2.357968025,5,28,0.08421314375,2.642031975,2.8
Chiara Bianchi,Como W,0.02063606,0,1,0.02063606,-0.02063606,0.1
Chiara Cecotti,Como W,0.27176971899999997,0,4,0.06794242974999999,-0.27176971899999997,0.4
Chiara Hahn,SV Werder Bremen,1.995399662,0,24,0.08314165258333334,-1.995399662,2.4
Chiara Manca,Pomigliano,0.55855492,1,2,0.27927746,0.44144508000000005,0.2
Chiara Micheli,Sampdoria W,0.23286258,0,1,0.23286258,-0.23286258,0.1
Chiara Robustellini,FC Internazionale Milano W,0.269632394,1,5,0.0539264788,0.730367606,0.5
Chidinma Nkeruka Okeke,Nigeria Women's,0.0140980175,0,1,0.0140980175,-0.0140980175,0.1
Chinaza Uchendu,Nigeria Women's,0.09799925400000001,0,3,0.032666418,-0.09799925400000001,0.3
Chinwendu Ihezuo,Nigeria Women's,0.041962307,0,1,0.041962307,-0.041962307,0.1
Chinyelu Asher,Jamaica Women's,0.027644776,0,1,0.027644776,-0.027644776,0.1
Chioma Ubogagu,Orlando Pride,2.035837881,1,12,0.16965315675,-1.035837881,1.2
Chloe Arthur,Aston Villa,1.213173069,1,15,0.0808782046,-0.213173069,1.5
Chloe Arthur,Birmingham City WFC,2.00015107,1,29,0.06897072655172413,-1.0001510699999998,2.9
Chloe Kelly,England Women's,5.2417120785,6,23,0.2279005251521739,0.7582879215,2.3
Chloe Kelly,Everton LFC,6.6636709395,10,71,0.09385452027464788,3.3363290604999998,7.1
Chloe Kelly,Manchester City WFC,16.2491495775,15,121,0.13429049237603305,-1.249149577499999,12.1
Chloe Logarzo,Australia Women's,0.306426917,1,5,0.061285383400000004,0.693573083,0.5
Chloe Logarzo,Bristol City WFC,0.8357744199999999,1,2,0.41788720999999995,0.1642255800000001,0.2
Chloe Mccarron,Birmingham City WFC,0.0713067405,0,3,0.0237689135,-0.0713067405,0.3
Chloe Mustaki,Bristol City WFC,0.12910292,0,2,0.06455146,-0.12910292,0.2
Chloe Peplow,Brighton & Hove Albion WFC,0.487505968,0,9,0.05416732977777778,-0.487505968,0.9
Chloe Peplow,Tottenham Hotspur Women,0.254185975,0,7,0.036312282142857144,-0.254185975,0.7
Chloe Ricketts,Washington Spirit,0.26348821,0,3,0.08782940333333333,-0.26348821,0.3
Chris Baird,Southampton,0.066676974,0,1,0.066676974,-0.066676974,0.1
Chris Brunt,West Bromwich Albion,0.8667599539999999,0,17,0.05098587964705882,-0.8667599539999999,1.7
Chris Führich,Germany,0.120064005,0,1,0.120064005,-0.120064005,0.1
Chris Führich,VfB Stuttgart,1.175231664,2,6,0.195871944,0.824768336,0.6
Chris Gunter,Wales,0.07256846,0,1,0.07256846,-0.07256846,0.1
Chris Mavinga,Troyes,0.684307081,0,9,0.07603412011111112,-0.684307081,0.9
Chris Mepham,Wales,0.028777707,0,1,0.028777707,-0.028777707,0.1
Chris Richards,United States,0.21056672999999998,0,2,0.10528336499999999,-0.21056672999999998,0.2
Chris Smalling,Manchester United,2.346923016,0,21,0.11175823885714285,-2.346923016,2.1
Christen Annemarie Press,Manchester United,2.288433559,2,21,0.10897302661904762,-0.288433559,2.1
Christen Annemarie Press,Manchester United W,3.058377659,2,23,0.13297294169565219,-1.058377659,2.3
Christen Annemarie Press,United States Women's,1.078670304,1,9,0.119852256,-0.07867030400000008,0.9
Christen Annemarie Press,Utah Royals,1.790319142,2,17,0.10531289070588234,0.20968085800000003,1.7
Christen Westphal,OL Reign,0.03325232,0,1,0.03325232,-0.03325232,0.1
Christen Westphal,San Diego Wave,0.37223728300000003,0,7,0.05317675471428572,-0.37223728300000003,0.7
Christian Alberto Cueva Bravo,Peru,0.884055151,0,3,0.2946850503333333,-0.884055151,0.3
Christian Atsu Twasam,Málaga,0.916067019,2,9,0.10178522433333333,1.083932981,0.9
Christian Benteke Liolo,Liverpool,10.7143720365,9,64,0.1674120630703125,-1.7143720365000004,6.4
Christian Bjørnshøj Poulsen,Sevilla,0.176985757,0,3,0.05899525233333333,-0.176985757,0.3
Christian Clemens,FSV Mainz 05,3.595873297,5,43,0.08362496039534884,1.4041267030000002,4.3
Christian Dannemann Eriksen,Denmark,2.5545513079999997,2,30,0.08515171026666665,-0.5545513079999997,3.0
Christian Dannemann Eriksen,Tottenham Hotspur,5.573722895,6,102,0.05464434210784314,0.4262771049999996,10.2
Christian Fassnacht,Switzerland,0.10294719,0,1,0.10294719,-0.10294719,0.1
Christian Fernández Salas,Racing Santander,0.07176898,0,1,0.07176898,-0.07176898,0.1
Christian Fuchs,Leicester City,1.126229159,0,19,0.05927521889473684,-1.126229159,1.9
Christian Gabriel Oliva Giménez,Valencia,0.012422522,0,1,0.012422522,-0.012422522,0.1
Christian Gentner,VfB Stuttgart,5.000289353,5,48,0.10417269485416668,-0.00028935300000032527,4.8
Christian Günter,Freiburg,0.057551938,0,2,0.028775969,-0.057551938,0.2
Christian Koffi Romaric N''Dri,Espanyol,0.029174786,0,1,0.029174786,-0.029174786,0.1
Christian Kouakou Yao,Caen,0.024585262,0,1,0.024585262,-0.024585262,0.1
Christian Kouakou Yao,Stade Malherbe Caen,0.28782738,1,4,0.071956845,0.71217262,0.4
Christian Kouamé,Côte d'Ivoire,1.0672220959999998,1,5,0.21344441919999996,-0.06722209599999984,0.5
Christian Maggio,Napoli,0.02031075,0,1,0.02031075,-0.02031075,0.1
Christian Pulisic,Borussia Dortmund,0.80090232,2,8,0.10011279,1.19909768,0.8
Christian Pulisic,United States,1.287887108,2,16,0.08049294425,0.7121128919999999,1.6
Christian Riganò,Levante UD,0.162482757,0,2,0.0812413785,-0.162482757,0.2
Christian Robert Santos Kwasniewski,Deportivo Alavés,0.50980847,0,2,0.254904235,-0.50980847,0.2
Christian Schulz,Hannover 96,1.188142171,2,8,0.148517771375,0.811857829,0.8
Christian Träsch,Wolfsburg,0.2464300395,0,8,0.0308037549375,-0.2464300395,0.8
Christie Murray,Birmingham City WFC,1.341995504,2,10,0.1341995504,0.658004496,1.0
Christie Murray,Liverpool WFC,0.9826618455,0,14,0.07019013182142857,-0.9826618455,1.4
Christin Martina Ingrid Meyer,SV Werder Bremen,1.078871069,0,9,0.11987456322222223,-1.078871069,0.9
Christine Manie,Cameroon W,0.106960155,0,1,0.106960155,-0.106960155,0.1
Christine Margaret Sinclair,Canada Women's,3.637099649,1,17,0.2139470381764706,-2.637099649,1.7
Christine Margaret Sinclair,Portland Thorns,3.8537738625,3,38,0.10141510164473684,-0.8537738625000002,3.8
Christine Nairn,Orlando Pride,0.3650148,0,2,0.1825074,-0.3650148,0.2
Christoph Baumgartner,Austria,1.312588766,2,11,0.11932625145454545,0.687411234,1.1
Christoph Janker,Augsburg,0.060490236,0,1,0.060490236,-0.060490236,0.1
Christoph Kramer,Bayer Leverkusen,0.7066008619999999,0,9,0.07851120688888888,-0.7066008619999999,0.9
Christoph Moritz,FSV Mainz 05,0.009643511,0,1,0.009643511,-0.009643511,0.1
Christoph Zimmermann,Darmstadt 98,0.06539387,0,1,0.06539387,-0.06539387,0.1
Christophe Jallet,Lyon,1.635540805,1,20,0.08177704025,-0.635540805,2.0
Christophe Kerbrat,Guingamp,0.41262149,0,4,0.1031553725,-0.41262149,0.4
Christopher Antwi-Adjej,Bochum,0.09539721,0,1,0.09539721,-0.09539721,0.1
Christopher Maboulou,Bastia,0.17195301200000002,0,3,0.057317670666666674,-0.17195301200000002,0.3
Christopher Nkunku,Paris Saint-Germain,0.02252585,0,1,0.02252585,-0.02252585,0.1
Christopher Wooh,Cameroon,0.392467915,1,3,0.13082263833333332,0.607532085,0.3
Christy Grimshaw,AC Milan W,3.083439882,1,32,0.0963574963125,-2.083439882,3.2
Christy Onyenaturuchi Ucheibe,Nigeria Women's,1.0423286760000001,1,6,0.17372144600000003,-0.04232867600000012,0.6
Chu-Young Park,Celta Vigo,0.17542751,0,1,0.17542751,-0.17542751,0.1
Chung-Yong Lee,Crystal Palace,0.257572897,1,5,0.0515145794,0.742427103,0.5
Ciaran Clark,Aston Villa,1.269567943,1,10,0.1269567943,-0.269567943,1.0
Cinta  Del Mar Rodriguez Costa,Atletico Madrid W,0.660821615,1,5,0.132164323,0.33917838499999997,0.5
Ciro Ferrara,Napoli,0.028392198,0,1,0.028392198,-0.028392198,0.1
Ciro Immobile,Italy,1.9984205480000001,2,18,0.11102336377777779,0.0015794519999998702,1.8
Ciro Immobile,Sevilla,2.899932847,2,14,0.2071380605,-0.8999328470000001,1.4
Ciro Immobile,Torino,6.59625361,5,37,0.17827712459459458,-1.5962536099999998,3.7
Civana Kuhlmann,Washington Spirit,0.153266831,0,3,0.051088943666666664,-0.153266831,0.3
Claire Emslie,Angel City,4.995959263,3,35,0.14274169322857141,-1.9959592629999996,3.5
Claire Emslie,Everton LFC,2.706781807,3,31,0.08731554216129032,0.29321819299999996,3.1
Claire Emslie,Manchester City WFC,2.937722452,4,19,0.15461697115789474,1.062277548,1.9
Claire Emslie,Scotland W,0.454859351,1,6,0.07580989183333334,0.5451406489999999,0.6
Claire Falknor,Costa Adeje Tenerife,0.062103814,0,2,0.031051907,-0.062103814,0.2
Claire Lauren Rafferty,West Ham United LFC,0.4678041,1,4,0.116951025,0.5321959,0.4
Claire Lavogez,KC Current,0.09571162,0,1,0.09571162,-0.09571162,0.1
Clara Mateo,France Women's,1.47824694,1,16,0.09239043375,-0.47824694,1.6
Clara Pinedo Castresana,Athletic Club Bilbao,3.09840933,4,30,0.103280311,0.90159067,3.0
Clara Robbins,North Carolina Courage,0.12350294,0,2,0.06175147,-0.12350294,0.2
Clare Elizabeth Polkinghorne,Australia Women's,0.364156484,0,4,0.091039121,-0.364156484,0.4
Clare Elizabeth Polkinghorne,Houston Dash,0.375256027,0,5,0.0750512054,-0.375256027,0.5
Clare Hunt,Australia Women's,0.79850925,0,2,0.399254625,-0.79850925,0.2
Clare Wheeler,Everton LFC,0.15983697,0,2,0.079918485,-0.15983697,0.2
Clarence Seedorf,AC Milan,0.051545497,0,2,0.0257727485,-0.051545497,0.2
Clarisse Le Bihan,Angel City,1.359280365,1,12,0.11327336375000001,-0.35928036500000005,1.2
Claude Makélélé,Chelsea,0.077735153,0,2,0.0388675765,-0.077735153,0.2
Claudia  Zornoza Sánchez,Real Madrid CF W,4.0873014995,4,48,0.08515211457291666,-0.08730149949999966,4.8
Claudia Bunge,New Zealand Women's,0.055686187,0,1,0.055686187,-0.055686187,0.1
Claudia Ciccotti,AS Roma W,0.25490135,0,3,0.08496711666666668,-0.25490135,0.3
Claudia Florentino Vivó,Valencia CF,1.0452547950000002,1,13,0.08040421500000001,-0.04525479500000018,1.3
Claudia Iglesias de la Cruz,Villarreal,2.849325178,5,23,0.12388370339130435,2.150674822,2.3
Claudia Mauri,Napoli W,0.06579337799999999,0,3,0.021931125999999995,-0.06579337799999999,0.3
Claudia Pina Medina,Barcelona WFC,12.559054542,13,106,0.11848164662264152,0.44094545799999985,10.6
Claudia Pina Medina,Spain Women's,1.794151579,2,19,0.09442903047368421,0.205848421,1.9
Claudia Roldán Blanco,Costa Adeje Tenerife,0.743288583,1,12,0.06194071525,0.256711417,1.2
Claudia Walker,Birmingham City WFC,5.784189682,5,63,0.09181253463492063,-0.784189682,6.3
Claudia Walker,Everton LFC,1.726759706,1,14,0.123339979,-0.726759706,1.4
Claudine Falonne Meffometou Tcheno,Cameroon W,0.19286368,0,2,0.09643184,-0.19286368,0.2
Claudio Ariel Yacob,West Bromwich Albion,0.198797158,0,9,0.02208857311111111,-0.198797158,0.9
Claudio Beauvue,Celta Vigo,0.822308713,1,11,0.07475533754545455,0.17769128700000003,1.1
Claudio Beauvue,Leganés,0.7321061010000001,0,6,0.12201768350000002,-0.7321061010000001,0.6
Claudio Beauvue,Lyon,6.0310182605,5,64,0.0942346603203125,-1.0310182604999998,6.4
Claudio Marchisio,Juventus,0.713205761,0,29,0.024593302103448275,-0.713205761,2.9
Claudio Matías Kranevitter,Atlético Madrid,0.03791805,0,1,0.03791805,-0.03791805,0.1
Claudio Miguel Pizarro Bossio,Werder Bremen,10.648244305,14,46,0.2314835718478261,3.3517556949999996,4.6
Claudio Paul Caniggia,Argentina,0.26947844,1,1,0.26947844,0.73052156,0.1
Claudio Paul Caniggia,Boca Juniors,0.245265389,0,2,0.1226326945,-0.245265389,0.2
Claudio Santos,AC Milan,0.70021933,0,1,0.70021933,-0.70021933,0.1
Claus Jensen,Charlton Athletic,0.13236414,1,3,0.044121379999999995,0.86763586,0.3
Cleber Janderson Pereira Reis,Hamburger SV,1.380186851,1,14,0.09858477507142857,-0.38018685099999994,1.4
Cleiton Augusto Oliveira Silva,Bengaluru,7.715733307,9,49,0.15746394504081632,1.2842666930000002,4.9
Clemens Fritz,Werder Bremen,0.890969363,1,25,0.03563877452,0.10903063700000004,2.5
Clemente Juan Rodríguez,Espanyol,0.098081164,0,1,0.098081164,-0.098081164,0.1
Cletous Chama,Zambia,0.043141052,0,1,0.043141052,-0.043141052,0.1
Clinton Mua N''Jie,Tottenham Hotspur,0.488410065,0,7,0.06977286642857143,-0.488410065,0.7
Clodoaldo Tavares de Santana,Brazil,0.34078555050000003,1,10,0.03407855505,0.6592144495,1.0
Cloé Zoé Eyja Lacasse,Arsenal WFC,1.939269822,3,16,0.121204363875,1.060730178,1.6
Cloé Zoé Eyja Lacasse,Canada Women's,0.168640927,0,4,0.04216023175,-0.168640927,0.4
Cláudio Ibrahim Vaz Leal,Brazil,0.077876244,0,2,0.038938122,-0.077876244,0.2
Clément Chantôme,Bordeaux,1.058093622,1,14,0.07557811585714284,-0.0580936219999999,1.4
Clément Grenier,Lyon,1.082661429,2,14,0.07733295921428572,0.9173385709999999,1.4
Clément Lenglet,Barcelona,3.3425495730000003,4,25,0.13370198292000002,0.6574504269999997,2.5
Clésio Bauque,Mozambique,0.12927051,1,1,0.12927051,0.87072949,0.1
Cody Mathès Gakpo,Netherlands,1.602094065,6,18,0.08900522583333333,4.397905935,1.8
Cole Palmer,England,0.952392834,2,4,0.2380982085,1.0476071660000001,0.4
Colin Bell,England,0.04456995,0,2,0.022284975,-0.04456995,0.2
Colin Cameron,Wolverhampton Wanderers,0.00954426,0,1,0.00954426,-0.00954426,0.1
Collins John,Fulham,0.240997467,0,2,0.1204987335,-0.240997467,0.2
Connie Scofield,Birmingham City WFC,0.325066687,1,7,0.04643809814285715,0.6749333129999999,0.7
Connor Roberts,Wales,0.294275917,1,2,0.1471379585,0.705724083,0.2
Connor Steven Randall,Liverpool,0.23070505000000002,0,2,0.11535252500000001,-0.23070505000000002,0.2
Connor Wickham,Crystal Palace,5.492104874,5,35,0.1569172821142857,-0.4921048739999998,3.5
Cora Zicai,SC Freiburg,1.980376595,3,19,0.10423034710526316,1.019623405,1.9
Coral-Jade Haines,Tottenham Hotspur Women,0.176273447,0,3,0.058757815666666664,-0.176273447,0.3
Corentin Jean,Lens,0.30083916,1,1,0.30083916,0.69916084,0.1
Corentin Jean,Troyes,4.359718563,3,55,0.07926761023636364,-1.3597185630000004,5.5
Corentin Tolisso,France,0.22908023,0,3,0.07636007666666667,-0.22908023,0.3
Corentin Tolisso,Lyon,5.3338814875,5,63,0.08466478551587302,-0.33388148750000024,6.3
Cornel Dinu,Romania,0.064566572,0,3,0.021522190666666666,-0.064566572,0.3
Cortnee Brooke Vine,Australia Women's,1.5095040419999999,1,6,0.251584007,-0.5095040419999999,0.6
Coumba Sow,Switzerland Women's,1.6507594410000002,1,10,0.1650759441,-0.6507594410000002,1.0
Courtney Jade Nevin,Leicester City WFC,0.2434409205,0,5,0.0486881841,-0.2434409205,0.5
Courtney Petersen,Houston Dash,0.279256995,0,3,0.093085665,-0.279256995,0.3
Courtney Sweetman-Kirk,Liverpool WFC,9.876691091,9,47,0.21014236363829786,-0.8766910909999996,4.7
Craig Bellamy,Newcastle United,0.448956608,0,4,0.112239152,-0.448956608,0.4
Craig Cathcart,Watford,0.46974305800000005,1,6,0.07829050966666667,0.530256942,0.6
Craig Dawson,West Bromwich Albion,4.20727755,4,38,0.11071783026315789,-0.2072775499999997,3.8
Craig Gardner,West Bromwich Albion,3.9645779315,3,50,0.07929155863,-0.9645779315,5.0
Craig Goodwin,Australia,0.29163986000000003,1,2,0.14581993000000001,0.7083601399999999,0.2
Craig Hignett,Leicester City,0.263756347,1,2,0.1318781735,0.736243653,0.2
Craig Short,Blackburn Rovers,0.24567039000000002,0,2,0.12283519500000001,-0.24567039000000002,0.2
Crispín García Maciel,Las Palmas,0.111949014,0,4,0.0279872535,-0.111949014,0.4
Cristhian Ricardo Stuani Curbelo,Espanyol,0.482649311,0,4,0.12066232775,-0.482649311,0.4
Cristhian Ricardo Stuani Curbelo,Girona,0.828493575,2,6,0.1380822625,1.171506425,0.6
Cristhian Ricardo Stuani Curbelo,Uruguay,0.032416046,0,1,0.032416046,-0.032416046,0.1
Cristian Daniel Ansaldi,Genoa,0.488133335,0,13,0.037548718076923074,-0.488133335,1.3
Cristian David Pavón,Argentina,0.03543125,0,1,0.03543125,-0.03543125,0.1
Cristian Eduardo Zapata Valencia,AC Milan,0.132601047,1,3,0.044200349,0.867398953,0.3
Cristian Gabriel Rodríguez Barrotti,Uruguay,0.118087279,0,4,0.02952181975,-0.118087279,0.4
Cristian Gabriel Romero,Argentina,0.07580528,0,1,0.07580528,-0.07580528,0.1
Cristian Gamboa Luna,Costa Rica,0.07986341599999999,0,3,0.026621138666666665,-0.07986341599999999,0.3
Cristian Gamboa Luna,West Bromwich Albion,0.028511416,0,1,0.028511416,-0.028511416,0.1
Cristian Hidalgo González,RC Deportivo La Coruña,0.197336561,1,3,0.06577885366666666,0.802663439,0.3
Cristian Jesús Martínez,Panama,0.1399590175,0,3,0.04665300583333334,-0.1399590175,0.3
Cristian Molinaro,Torino,0.882283515,1,13,0.06786796269230769,0.11771648499999998,1.3
Cristian Osvaldo Álvarez,Racing Santander,0.042440464,0,2,0.021220232,-0.042440464,0.2
Cristian Portilla Rodríguez,Sporting Gijón,0.052320093,0,1,0.052320093,-0.052320093,0.1
Cristian Portugués Manzanera,Girona,0.747916217,1,6,0.12465270283333334,0.252083783,0.6
Cristian Raimondi,Atalanta,0.414352991,0,6,0.06905883183333333,-0.414352991,0.6
Cristian Sleiker Cásseres Yepes,Venezuela,0.074246499,0,2,0.0371232495,-0.074246499,0.2
Cristian Tello Herrera,Barcelona,5.552567841,9,59,0.09411131933898305,3.447432159,5.9
Cristian Tello Herrera,Fiorentina,1.688043676,2,22,0.076729258,0.31195632400000006,2.2
Cristian Tello Herrera,Real Betis,0.488080128,0,7,0.06972573257142857,-0.488080128,0.7
Cristian Zaccardo,Carpi,1.4941165140000001,1,18,0.08300647300000001,-0.4941165140000001,1.8
Cristiana Girelli,Italy Women's,5.223593133,7,30,0.1741197711,1.7764068670000004,3.0
Cristiana Girelli,Juventus W,9.529065776,11,55,0.17325574138181818,1.4709342240000005,5.5
Cristiane Rozeira de Souza Silva,Brazil Women's,1.3691662409999998,4,9,0.15212958233333332,2.630833759,0.9
Cristiano Biraghi,Granada,0.202795452,0,11,0.01843595018181818,-0.202795452,1.1
Cristiano Doni,Mallorca,0.03864197,0,1,0.03864197,-0.03864197,0.1
Cristiano Piccini,Real Betis,0.447698071,0,14,0.03197843364285714,-0.447698071,1.4
Cristiano Ronaldo dos Santos Aveiro,Manchester United,0.803067752,0,9,0.08922975022222222,-0.803067752,0.9
Cristiano Ronaldo dos Santos Aveiro,Portugal,13.944333213,12,73,0.19101826319178083,-1.9443332130000002,7.3
Cristiano Ronaldo dos Santos Aveiro,Real Madrid,43.4731225205,47,331,0.13133873873262839,3.5268774795000013,33.1
Cristina Baudet Lucena,FC Levante Badalona,3.765694953,4,25,0.15062779812000002,0.23430504699999988,2.5
Cristina Cubedo Pitarch,Villarreal,0.9823131890000001,0,14,0.0701652277857143,-0.9823131890000001,1.4
Cristina Librán,Madrid CFF,3.608842012,5,25,0.14435368048,1.3911579879999998,2.5
Cristina Martín-Prieto Gutierrez,Sevilla FC,12.890500872,17,88,0.14648296445454545,4.1094991279999995,8.8
Cristina Martín-Prieto Gutierrez,Spain Women's,0.6325155699999999,1,3,0.2108385233333333,0.3674844300000001,0.3
Cristina Postigo Martín,Granada W,1.455951144,2,14,0.10399651028571429,0.5440488560000001,1.4
Cristóvão Paciência Mabululo,Angola,2.197925273,3,14,0.15699466235714285,0.8020747269999999,1.4
Croix Soto,KC Current,0.1796426,0,1,0.1796426,-0.1796426,0.1
Crystal Alyssia Dunn Soubrier,Chelsea FCW,0.4156639,0,2,0.20783195,-0.4156639,0.2
Crystal Alyssia Dunn Soubrier,North Carolina Courage,4.398190844,3,38,0.11574186431578948,-1.3981908440000002,3.8
Crystal Alyssia Dunn Soubrier,Portland Thorns,4.455922362,5,34,0.13105654005882353,0.5440776380000001,3.4
Crystal Alyssia Dunn Soubrier,United States Women's,0.747264518,0,8,0.09340806475,-0.747264518,0.8
Cyle Larin,Canada,1.11338586,0,10,0.11133858599999999,-1.11338586,1.0
Cyril Théréau,Udinese,11.290913479,11,76,0.1485646510394737,-0.2909134790000003,7.6
Cássio Gabriel Vilela Ferreira,Mumbai City,3.47983379,1,57,0.061049715614035084,-2.47983379,5.7
Cédric Badolo,Burkina Faso,0.03435797,0,1,0.03435797,-0.03435797,0.1
Cédric Bakambu,Congo DR,2.43047658,1,10,0.243047658,-1.43047658,1.0
Cédric Bakambu,Villarreal,8.681164005,13,52,0.16694546163461538,4.318835995000001,5.2
Cédric Hountondji,Angers,0.12531693,0,1,0.12531693,-0.12531693,0.1
Cédric Ricardo Alves Soares,Southampton,0.330108113,0,10,0.0330108113,-0.330108113,1.0
Cédric Yambéré,Bordeaux,2.429820511,3,21,0.11570573861904762,0.570179489,2.1
Cédric Zesiger,Wolfsburg,0.021551084,0,1,0.021551084,-0.021551084,0.1
César Arzo Amposta,Real Valladolid,0.07689045,0,1,0.07689045,-0.07689045,0.1
César Arzo Amposta,Recreativo Huelva,0.12938732,0,1,0.12938732,-0.12938732,0.1
César Augusto Yanis Velasco,Panama,0.07980178,1,1,0.07980178,0.92019822,0.1
César Azpilicueta Tanco,Chelsea,1.880882089,2,11,0.17098928081818182,0.11911791100000002,1.1
César Azpilicueta Tanco,Spain,0.8129189960000001,1,5,0.16258379920000002,0.18708100399999994,0.5
César González Navas,Málaga,0.106339395,0,1,0.106339395,-0.106339395,0.1
César González Navas,Racing Santander,0.03199248,0,1,0.03199248,-0.03199248,0.1
César Ignacio Pérez Maldonado,Chile,0.0169715,0,1,0.0169715,-0.0169715,0.1
César Jasib Montes Castro,Mexico,0.263736429,0,4,0.06593410725,-0.263736429,0.4
César Rodolfo Blackman Camarena,Panama,0.254432493,1,4,0.06360812325,0.7455675070000001,0.4
César Saúl Huerta Valera,Mexico,0.399574981,0,4,0.09989374525,-0.399574981,0.4
Dado Prso,AS Monaco,0.028835038,0,1,0.028835038,-0.028835038,0.1
Dagný Brynjarsdóttir,Iceland Women's,1.601144606,1,9,0.17790495622222224,-0.6011446060000001,0.9
Dagný Brynjarsdóttir,West Ham United LFC,1.0217669839999999,0,9,0.11352966488888888,-1.0217669839999999,0.9
Dagoberto Fontes,Uruguay,0.063006882,0,3,0.021002294,-0.063006882,0.3
Daiana Micaela Falfán,Granada W,0.189048684,0,2,0.094524342,-0.189048684,0.2
Daichi Kamada,Japan,0.832117482,0,6,0.138686247,-0.832117482,0.6
Daizen Maeda,Japan,0.284760605,1,2,0.1423803025,0.715239395,0.2
Daler Kuzyaev,Russia,0.931945551,1,4,0.23298638775,0.06805444900000002,0.4
Daley Blind,Manchester United,0.188656395,1,4,0.04716409875,0.811343605,0.4
Daley Blind,Netherlands,0.654347995,1,5,0.130869599,0.34565200500000004,0.5
Dalila Belén Ippolito,Pomigliano,3.583436101,3,36,0.09953989169444445,-0.5834361010000002,3.6
Damaitphang Lyngdoh,Bengaluru,0.29713626,0,2,0.14856813,-0.29713626,0.2
Damaris Berta Egurrola Wienke,Everton LFC,0.360780574,0,5,0.0721561148,-0.360780574,0.5
Damaris Berta Egurrola Wienke,Netherlands Women's,0.66420362,1,5,0.132840724,0.33579638,0.5
Dame N''Doye,Sunderland,0.922753825,1,11,0.08388671136363636,0.07724617499999997,1.1
Damiano Tommasi,Levante UD,0.035300743,0,1,0.035300743,-0.035300743,0.1
Damien Da Silva,Caen,0.57344374,0,3,0.19114791333333334,-0.57344374,0.3
Damien Da Silva,Stade Malherbe Caen,1.49991052,2,15,0.09999403466666666,0.50008948,1.5
Damien Delaney,Crystal Palace,2.781636679,2,21,0.13245888947619047,-0.781636679,2.1
Damion Lowe,Jamaica,0.022205515,0,1,0.022205515,-0.022205515,0.1
Damià Abella Pérez,Osasuna,0.6856774939999999,0,3,0.22855916466666662,-0.6856774939999999,0.3
Damià Abella Pérez,Real Betis,0.02374042,0,1,0.02374042,-0.02374042,0.1
Damián Ariel Escudero,Real Valladolid,0.22677824,0,1,0.22677824,-0.22677824,0.1
Damián Josué Bobadilla Benítez,Paraguay,0.273114837,0,4,0.06827870925,-0.273114837,0.4
Damián Nicolás Suárez Suárez,Getafe,0.375343565,0,9,0.04170484055555555,-0.375343565,0.9
Damjan Đoković,Gazélec Ajaccio,2.6138971435,2,41,0.06375358886585365,-0.6138971435,4.1
Dan Gosling,AFC Bournemouth,3.4392876157,3,40,0.0859821903925,-0.4392876157000001,4.0
Dan Ndoye,Switzerland,1.421083625,1,14,0.10150597321428571,-0.4210836250000001,1.4
Dan-Axel Zagadou,VfB Stuttgart,0.14212652,0,1,0.14212652,-0.14212652,0.1
Dango Aboubacar Faissal Ouattara,Burkina Faso,0.49167691599999996,0,4,0.12291922899999999,-0.49167691599999996,0.4
Dango Aboubacar Faissal Ouattara,Lorient,0.491630609,0,7,0.07023294414285715,-0.491630609,0.7
Dani Castellano Betancor,Las Palmas,0.414689388,0,8,0.0518361735,-0.414689388,0.8
Dani Weatherholt,Angel City,2.242884073,0,16,0.1401802545625,-2.242884073,1.6
Dani Weatherholt,Orlando Pride,2.096290023,1,12,0.17469083524999998,-1.096290023,1.2
Danica Evans,Orlando Pride,0.032224245,0,1,0.032224245,-0.032224245,0.1
Daniel Alberto Díaz,Getafe,0.11651961,0,1,0.11651961,-0.11651961,0.1
Daniel Alberto Passarella,River Plate,0.516214888,0,5,0.10324297760000001,-0.516214888,0.5
Daniel Alves da Silva,Barcelona,12.0584289745,14,221,0.05456302703393665,1.9415710255,22.1
Daniel Alves da Silva,Brazil,0.162113871,0,3,0.054037957,-0.162113871,0.3
Daniel Alves da Silva,Sevilla,0.970461252,1,11,0.08822375018181818,0.029538748000000004,1.1
Daniel Amartey,Leicester City,0.24177133,0,1,0.24177133,-0.24177133,0.1
Daniel Andre Sturridge,Liverpool,5.764571363,8,48,0.12009523672916667,2.235428637,4.8
Daniel Aquino Pintos,Real Murcia CF,0.09644853,0,1,0.09644853,-0.09644853,0.1
"Daniel Armand N""Gom Komé",Real Valladolid,0.024449803,0,1,0.024449803,-0.024449803,0.1
"Daniel Armand N""Gom Komé",Tenerife,0.28229099999999996,0,2,0.14114549999999998,-0.28229099999999996,0.2
Daniel Arnaud N''Di	,Sporting Gijón,1.837582592,1,12,0.15313188266666666,-0.837582592,1.2
Daniel Arzani,Australia,0.18278330199999998,0,2,0.09139165099999999,-0.18278330199999998,0.2
Daniel Avramovski,North Macedonia,0.031074509,0,1,0.031074509,-0.031074509,0.1
Daniel Baier,Augsburg,0.5573281185,1,18,0.03096267325,0.44267188150000003,1.8
Daniel Brosinski,FSV Mainz 05,0.8974308950000001,1,15,0.05982872633333334,0.10256910499999994,1.5
Daniel Caligiuri,Wolfsburg,2.835812101,2,41,0.06916614880487805,-0.8358121010000001,4.1
Daniel Carvajal Ramos,Real Madrid,0.5995742399999999,0,11,0.054506749090909086,-0.5995742399999999,1.1
Daniel Carvajal Ramos,Spain,0.435458441,1,4,0.10886461025,0.564541559,0.4
Daniel Ceballos Fernández,Real Betis,1.048071456,0,21,0.04990816457142857,-1.048071456,2.1
Daniel Chima Chukwu,East Bengal,3.009779212,2,18,0.16720995622222223,-1.0097792120000002,1.8
Daniel Chima Chukwu,Jamshedpur,4.504447842,7,25,0.18017791368000002,2.4955521579999997,2.5
Daniel Ciofani,Frosinone,7.964718104,9,77,0.10343789745454546,1.0352818959999999,7.7
Daniel Colindres Solera,Costa Rica,0.209612101,0,3,0.06987070033333333,-0.209612101,0.3
Daniel Congré,Montpellier,1.105131359,2,10,0.1105131359,0.894868641,1.0
Daniel Didavi,VfB Stuttgart,10.3543923095,13,93,0.11133755171505376,2.6456076905000003,9.3
Daniel Edelman,New York Red Bulls,0.01978667,0,1,0.01978667,-0.01978667,0.1
Daniel Filipe Martins Carriço,Sevilla,1.5491757499999999,1,10,0.15491757499999997,-0.5491757499999999,1.0
Daniel García Carrillo,Eibar,1.3345441125,0,22,0.06066109602272727,-1.3345441125,2.2
Daniel Ginczek,VfB Stuttgart,2.583319887,3,18,0.1435177715,0.41668011299999996,1.8
Daniel González Benítez,Granada,0.013253698,0,1,0.013253698,-0.013253698,0.1
Daniel González Güiza,Getafe,0.231974314,0,2,0.115987157,-0.231974314,0.2
Daniel González Güiza,Mallorca,0.24227663300000002,1,3,0.08075887766666667,0.757723367,0.3
Daniel Gómez Alcón,Levante UD,0.204796595,0,3,0.06826553166666667,-0.204796595,0.3
Daniel James,Wales,0.185791748,0,4,0.046447937,-0.185791748,0.4
Daniel Jarque Gonzalez,Espanyol,0.17244889,0,1,0.17244889,-0.17244889,0.1
Daniel José Rodríguez Vázquez,Mallorca,0.70526269,0,4,0.1763156725,-0.70526269,0.4
Daniel Lalhlimpuia,Odisha,0.822441787,1,3,0.27414726233333336,0.17755821299999996,0.3
Daniel Martín Alexandre,Real Betis,0.10182679,0,1,0.10182679,-0.10182679,0.1
Daniel Munthe Agger,Liverpool,0.104557294,0,2,0.052278647,-0.104557294,0.2
Daniel Muñoz Mejía,Colombia,0.35964985099999996,2,4,0.08991246274999999,1.640350149,0.4
Daniel Nii Tackie Mensah Welbeck,Arsenal,3.166319914,4,20,0.1583159957,0.8336800860000002,2.0
Daniel Nii Tackie Mensah Welbeck,England,0.40739007,0,2,0.203695035,-0.40739007,0.2
Daniel Olmo Carvajal,RB Leipzig,0.09765829000000001,1,2,0.048829145000000004,0.90234171,0.2
Daniel Olmo Carvajal,Spain,6.252076146,5,53,0.11796370086792453,-1.2520761460000003,5.3
Daniel Parejo Muñoz,Getafe,0.068902781,0,3,0.022967593666666664,-0.068902781,0.3
Daniel Parejo Muñoz,Valencia,8.56874565,11,63,0.1360118357142857,2.4312543499999997,6.3
Daniel Pavlovic,Frosinone,0.603020278,0,12,0.050251689833333335,-0.603020278,1.2
Daniel Raba Antolín,Villarreal,0.035910085,0,1,0.035910085,-0.035910085,0.1
Daniel Ruiz Bazan Justa,Athletic Club,0.140916283,0,4,0.03522907075,-0.140916283,0.4
Daniel Schwaab,VfB Stuttgart,0.515079202,0,10,0.0515079202,-0.515079202,1.0
Daniel Tawiah Opare,Augsburg,0.091845342,0,2,0.045922671,-0.091845342,0.2
Daniel Van Buyten,Bayern Munich,0.20855025,0,2,0.104275125,-0.20855025,0.2
Daniel Vivian Moreno,Spain,0.04595087,0,1,0.04595087,-0.04595087,0.1
Daniel Wass,Celta Vigo,4.3508443165,2,52,0.08367008300961538,-2.3508443165,5.2
Daniel Wass,Denmark,0.14808755699999998,0,4,0.037021889249999995,-0.14808755699999998,0.4
Daniel Wass,Valencia,0.05914054,0,1,0.05914054,-0.05914054,0.1
Daniel William John Ings,Liverpool,1.600537029,2,10,0.1600537029,0.39946297099999994,1.0
Daniela Alexandra Árias Rojas,Colombia Women's,0.273970163,0,3,0.09132338766666666,-0.273970163,0.3
Daniela Arques Lázaro,Levante UD Femenino,0.404408973,0,8,0.050551121625,-0.404408973,0.8
Daniela Montoya Quiróz,Colombia Women's,0.24225899,0,2,0.121129495,-0.24225899,0.2
Daniela Paz Zamora Mancilla,Chile Women's,0.243894628,0,5,0.0487789256,-0.243894628,0.5
Daniela Sabatino,Italy Women's,0.833492421,0,6,0.1389154035,-0.833492421,0.6
Daniela Sabatino,Sassuolo W,7.194850125,7,31,0.23209193951612905,-0.19485012500000032,3.1
Daniele Baselli,Torino,3.107890991,4,33,0.09417851487878788,0.8921090089999999,3.3
Daniele Bonera,Villarreal,0.180633245,0,2,0.0903166225,-0.180633245,0.2
Daniele Croce,Empoli,0.908381639,0,12,0.07569846991666666,-0.908381639,1.2
Daniele De Rossi,AS Roma,0.501085435,1,11,0.04555322136363637,0.498914565,1.1
Daniele Gastaldello,Bologna,1.2721385139999999,1,8,0.15901731424999999,-0.2721385139999999,0.8
Daniele Rugani,Juventus,0.16480044,0,3,0.05493348,-0.16480044,0.3
Daniele Verde,Frosinone,0.405883304,0,10,0.0405883304,-0.405883304,1.0
Daniele Verde,Real Valladolid,0.13288915,0,2,0.066444575,-0.13288915,0.2
Danielle Buet,Brighton & Hove Albion WFC,1.8514856125,1,39,0.047473990064102564,-0.8514856125000001,3.9
Danielle Carter,Arsenal WFC,0.41655624,0,5,0.083311248,-0.41655624,0.5
Danielle Carter,Reading WFC,5.0028413965,3,38,0.13165372096052633,-2.0028413965,3.8
Danielle Colaprico,Chicago Red Stars,0.123507843,0,2,0.0617539215,-0.123507843,0.2
Danielle Colaprico,San Diego Wave,0.408924923,0,9,0.04543610255555555,-0.408924923,0.9
Danielle Cox,Como W,0.843370967,0,8,0.105421370875,-0.843370967,0.8
Danielle Turner,Aston Villa W,0.495169138,1,9,0.05501879311111111,0.5048308619999999,0.9
Danielle Turner,Everton LFC,2.3826937470000003,2,24,0.09927890612500001,-0.38269374700000025,2.4
Danielle van de Donk,Arsenal WFC,16.138030719,18,75,0.21517374292,1.8619692810000004,7.5
Danielle van de Donk,Netherlands Women's,2.3861272595,2,19,0.1255856452368421,-0.3861272594999998,1.9
Danilo Barbosa da Silva,Valencia,0.952147592,0,16,0.0595092245,-0.952147592,1.6
Danilo Cataldi,Lazio,1.023411445,1,29,0.035290049827586205,-0.02341144500000003,2.9
Danilo D''Ambrosio,Inter Milan,0.8937953949999999,2,8,0.11172442437499999,1.106204605,0.8
Danilo Fernando Avelar,Torino,0.35857922600000003,0,4,0.08964480650000001,-0.35857922600000003,0.4
Danilo Larangeira,Udinese,1.031771266,0,14,0.07369794757142857,-1.031771266,1.4
Danilo Luiz da Silva,Brazil,0.122030014,0,3,0.04067667133333334,-0.122030014,0.3
Danilo Luiz da Silva,Real Madrid,0.8794426630000001,2,20,0.04397213315,1.120557337,2.0
Danilo Luís Hélio Pereira,Paris Saint-Germain,4.317560716,5,30,0.14391869053333334,0.682439284,3.0
Danilo Luís Hélio Pereira,Portugal,0.35175584000000004,0,2,0.17587792000000002,-0.35175584000000004,0.2
Danilo Soddimo,Frosinone,1.7550696755,1,43,0.04081557384883721,-0.7550696754999999,4.3
Danilo Teodoro Soares,Ingolstadt,0.015300412,0,1,0.015300412,-0.015300412,0.1
Danique Kerkdijk,Brighton & Hove Albion WFC,0.480617242,1,3,0.16020574733333334,0.519382758,0.3
Danique Kerkdijk,Bristol City WFC,1.385321193,2,6,0.2308868655,0.614678807,0.6
Danish Farooq Bhat,Bengaluru,1.655989617,3,15,0.1103993078,1.344010383,1.5
Danny Drinkwater,Leicester City,2.149373513,2,42,0.051175559833333335,-0.149373513,4.2
Danny Graham,Sunderland,0.32731279,0,4,0.0818281975,-0.32731279,0.4
Danny Higginbotham,Southampton,0.067350505,0,2,0.0336752525,-0.067350505,0.2
Danny Latza,FSV Mainz 05,1.089526784,0,27,0.04035284385185185,-1.089526784,2.7
Danny Rose,England,0.14493442,0,1,0.14493442,-0.14493442,0.1
Danny Rose,Tottenham Hotspur,1.249254381,1,28,0.044616227892857144,-0.24925438100000008,2.8
Danny Simpson,Leicester City,0.792385475,0,7,0.113197925,-0.792385475,0.7
Danny Vieira da Costa,Ingolstadt,0.324246363,0,6,0.054041060499999995,-0.324246363,0.6
Dante Bonfim da Costa Santos,OGC Nice,0.250694709,0,4,0.06267367725,-0.250694709,0.4
Dante Bonfim da Costa Santos,Wolfsburg,1.142011455,1,15,0.076134097,-0.142011455,1.5
Danylo Ignatenko,Bordeaux,0.028892258,0,1,0.028892258,-0.028892258,0.1
Darian Jenkins,North Carolina Courage,0.641408746,0,3,0.21380291533333332,-0.641408746,0.3
Dario Dainelli,Chievo,0.48500744,1,2,0.24250372,0.51499256,0.2
Dario Lezcano,Ingolstadt,2.763001353,2,29,0.09527590872413792,-0.7630013529999999,2.9
Darko Brašanac,Deportivo Alavés,0.16883875,0,1,0.16883875,-0.16883875,0.1
Darko Kovačević,Real Sociedad,0.068375303,0,2,0.0341876515,-0.068375303,0.2
Darko Lazović,Genoa,1.519327301,0,17,0.08937219417647058,-1.519327301,1.7
Darko Lazović,Serbia,0.022949105,0,1,0.022949105,-0.022949105,0.1
Darko Velkovski,North Macedonia,0.16270992,0,1,0.16270992,-0.16270992,0.1
Darlin Zidane Yongwa Ngameni,Cameroon,0.026064213,0,1,0.026064213,-0.026064213,0.1
Darlin Zidane Yongwa Ngameni,Lorient,0.5068908,1,1,0.5068908,0.4931092,0.1
Darren Ambrose,Newcastle United,0.030225206,0,1,0.030225206,-0.030225206,0.1
Darren Anderton,Tottenham Hotspur,0.3007668,1,1,0.3007668,0.6992332,0.1
Darren Fletcher,West Bromwich Albion,2.454823437,1,23,0.10673145378260869,-1.454823437,2.3
Darren Randolph,West Ham United,0.09144827,0,1,0.09144827,-0.09144827,0.1
Darren Sidoel,East Bengal,0.6000844040000001,3,7,0.08572634342857144,2.399915596,0.7
Darron Gibson,Everton,0.036510036,0,2,0.018255018,-0.036510036,0.2
Darwin Daniel Machís Marcano,Granada,0.516339468,1,6,0.086056578,0.48366053200000003,0.6
Darwin Daniel Machís Marcano,Leganés,0.557781292,0,3,0.18592709733333335,-0.557781292,0.3
Darwin Daniel Machís Marcano,Venezuela,0.152472896,0,4,0.038118224,-0.152472896,0.4
Darwin Gabriel Núñez Ribeiro,Uruguay,2.72846669,2,24,0.11368611208333333,-0.7284666899999999,2.4
Daryl Janmaat,Newcastle United,1.324814842,2,21,0.06308642104761905,0.6751851579999999,2.1
Darío Esteban Osorio Osorio,Chile,0.025903594,0,1,0.025903594,-0.025903594,0.1
Dave Gillett,Seattle Sounders,0.067793304,0,2,0.033896652,-0.067793304,0.2
David Aganzo Méndez,Racing Santander,0.368497198,0,2,0.184248599,-0.368497198,0.2
David Albelda Aliqués,Valencia,0.2356548185,0,4,0.058913704625,-0.2356548185,0.4
David Alberto Guzmán Pérez,Costa Rica,0.032403886,0,1,0.032403886,-0.032403886,0.1
David Barral Torres,Granada,2.395830779,0,17,0.14093122229411767,-2.395830779,1.7
David Barral Torres,Levante UD,0.592935693,0,7,0.084705099,-0.592935693,0.7
David Barral Torres,Sporting Gijón,0.25541395299999997,1,3,0.08513798433333332,0.7445860470000001,0.3
David Bentley,Arsenal,0.018408487,0,1,0.018408487,-0.018408487,0.1
David Carmona Sierra,Sevilla,0.020136366,0,1,0.020136366,-0.020136366,0.1
David Cuéllar Tainta,Gimnàstic Tarragona,0.053348497,0,1,0.053348497,-0.053348497,0.1
David Ducourtioux,Gazélec Ajaccio,1.3136697845,0,30,0.04378899281666667,-1.3136697845,3.0
David Dunn,Birmingham City,0.04910591,0,2,0.024552955,-0.04910591,0.2
David Ferreiro Quiroga,Huesca,0.022361629,0,1,0.022361629,-0.022361629,0.1
David García Santana,Las Palmas,0.810581172,2,9,0.09006457466666667,1.189418828,0.9
David García Zubiría,Osasuna,0.09775644,0,1,0.09775644,-0.09775644,0.1
David Goldar Gómez,Celta Vigo,0.038770214,0,1,0.038770214,-0.038770214,0.1
David Gutiérrez de Coz,Real Murcia CF,0.017397823,0,1,0.017397823,-0.017397823,0.1
David Joan Butler,Seattle Sounders,0.03226395,0,1,0.03226395,-0.03226395,0.1
David Joel Williams,ATK Mohun Bagan,0.855145746,2,10,0.0855145746,1.144854254,1.0
David Joel Williams,Mohun Bagan Super Giant,2.541598012,2,14,0.18154271514285716,-0.5415980120000001,1.4
David Josué Jiménez Silva,Manchester City,2.545330203,2,29,0.087770007,-0.5453302029999998,2.9
David Josué Jiménez Silva,Spain,1.233928869,0,10,0.12339288690000001,-1.233928869,1.0
David Josué Jiménez Silva,Valencia,0.7424725919999999,1,7,0.10606751314285713,0.25752740800000007,0.7
David Juncà Reñé,Eibar,0.512777169,0,9,0.056975241,-0.512777169,0.9
David Junior Hoilett,Canada,0.11364476500000001,0,4,0.028411191250000002,-0.11364476500000001,0.4
David Jurásek,Czech Republic,0.16543013,0,4,0.0413575325,-0.16543013,0.4
David Luiz Moreira Marinho,Chelsea,0.7539362,1,1,0.7539362,0.24606380000000005,0.1
David Luiz Moreira Marinho,Paris Saint-Germain,1.350654601,1,14,0.09647532864285714,-0.350654601,1.4
David López Moreno,Athletic Club,0.026654119,0,2,0.0133270595,-0.026654119,0.2
David López Moreno,Osasuna,0.051377166,0,1,0.051377166,-0.051377166,0.1
David López Silva,Espanyol,0.393115653,2,4,0.09827891325,1.606884347,0.4
David López Silva,Napoli,0.885041292,1,10,0.0885041292,0.11495870799999997,1.0
"David N""Gog",Stade de Reims,2.724800279,3,20,0.13624001395000002,0.2751997209999999,2.0
David N'Gog,Stade de Reims,0.27164454,0,2,0.13582227,-0.27164454,0.2
David Navarro Pedrós,Levante UD,0.592695148,0,8,0.0740868935,-0.592695148,0.8
David Olatukunbo Alaba,Austria,0.218616971,0,2,0.1093084855,-0.218616971,0.2
David Olatukunbo Alaba,Bayern Munich,1.21386497,1,29,0.04185741275862069,-0.21386496999999993,2.9
David Pereira da Costa,Lens,0.13018602,0,1,0.13018602,-0.13018602,0.1
David Prutton,Southampton,0.015429348,0,1,0.015429348,-0.015429348,0.1
David Raum,Germany,0.0200151,0,1,0.0200151,-0.0200151,0.1
David Remeseiro Salgueiro,Levante UD,0.36497424999999994,0,4,0.09124356249999999,-0.36497424999999994,0.4
David Rodríguez Lombán,Granada,0.860293666,0,12,0.07169113883333333,-0.860293666,1.2
David Ruiz,Inter Miami,0.16957959,0,2,0.084789795,-0.16957959,0.2
David Sergio Trézéguet,Hércules,0.485785055,0,3,0.16192835166666666,-0.485785055,0.3
David Simón Rodríguez Santana,Las Palmas,1.221069532,1,12,0.10175579433333333,-0.221069532,1.2
David Strelec,Slovakia,0.64330017,0,7,0.09190002428571428,-0.64330017,0.7
David Timor Copoví,Getafe,0.03981564,0,1,0.03981564,-0.03981564,0.1
David Timor Copoví,Osasuna,0.0330545,0,1,0.0330545,-0.0330545,0.1
David Villa Sánchez,Atlético Madrid,0.19129195599999999,0,2,0.09564597799999999,-0.19129195599999999,0.2
David Villa Sánchez,Barcelona,23.367562572,32,183,0.12769159875409836,8.632437428,18.3
David Villa Sánchez,Valencia,1.163244461,1,11,0.10574949645454544,-0.1632444609999999,1.1
David Zurutuza Veillet,Real Sociedad,1.95591189,2,21,0.09313866142857144,0.0440881099999999,2.1
David Ángel Abraham,Eintracht Frankfurt,0.842125459,0,11,0.0765568599090909,-0.842125459,1.1
Davide Astori,Fiorentina,1.1674888195,0,14,0.08339205853571428,-1.1674888195,1.4
Davide Biondini,Sassuolo,0.664388542,0,7,0.09491264885714286,-0.664388542,0.7
Davide Brivio,Atalanta,0.1991746945,0,9,0.02213052161111111,-0.1991746945,0.9
Davide Calabria,AC Milan,0.04641316,0,1,0.04641316,-0.04641316,0.1
Davide Frattesi,Italy,0.30949415,0,2,0.154747075,-0.30949415,0.2
Davide Santon,Inter Milan,0.060070947,0,3,0.020023649,-0.060070947,0.3
Davide Zappacosta,Torino,0.7461709089999999,1,15,0.04974472726666666,0.25382909100000006,1.5
Davie Selke,FC Köln,0.16596001,0,1,0.16596001,-0.16596001,0.1
Davina Philtjens,Belgium Women's,0.05708563,0,1,0.05708563,-0.05708563,0.1
Davina Philtjens,Sassuolo W,0.801123692,0,13,0.061624899384615385,-0.801123692,1.3
Davinson Sánchez Mina,Colombia,1.310189705,1,9,0.1455766338888889,-0.310189705,0.9
Davy Klaassen,Netherlands,0.31182722500000004,1,2,0.15591361250000002,0.688172775,0.2
Dawid Kownacki,Poland,0.08704486,0,2,0.04352243,-0.08704486,0.2
Dayotchanculle Upamecano,Bayern Munich,0.0788455,0,1,0.0788455,-0.0788455,0.1
Dayotchanculle Upamecano,France,0.166970957,0,3,0.055656985666666665,-0.166970957,0.3
DeAndre Yedlin,Inter Miami,0.10407882,0,1,0.10407882,-0.10407882,0.1
DeAndre Yedlin,Sunderland,0.365907576,0,4,0.091476894,-0.365907576,0.4
Deandre Kerr,Toronto FC,0.46266686,0,2,0.23133343,-0.46266686,0.2
Deanna Cooper,Chelsea FCW,0.016347058,0,1,0.016347058,-0.016347058,0.1
Deanna Cooper,Reading WFC,0.809580626,0,6,0.13493010433333333,-0.809580626,0.6
Deanne Cynthia Rose,Canada Women's,0.08002539,0,1,0.08002539,-0.08002539,0.1
Deanne Cynthia Rose,Leicester City WFC,1.588432855,0,10,0.1588432855,-1.588432855,1.0
Debora Novellino,Pomigliano,0.24166569000000002,1,4,0.060416422500000004,0.75833431,0.4
Deborah Ajibola Abiodun,Nigeria Women's,0.03364926,0,1,0.03364926,-0.03364926,0.1
Declan Rice,England,0.5161938309999999,0,10,0.05161938309999999,-0.5161938309999999,1.0
Deepak Tangri,ATK Mohun Bagan,0.1583788286,0,7,0.022625546942857143,-0.1583788286,0.7
Deepak Tangri,Mohun Bagan Super Giant,0.11688826100000001,0,5,0.0233776522,-0.11688826100000001,0.5
Deiver Andrés Machado Mena,Lens,0.023395697,0,1,0.023395697,-0.023395697,0.1
Deivi Miguel Vieira,Angola,0.541229437,1,6,0.09020490616666667,0.45877056299999996,0.6
Dejan Dražić,Celta Vigo,0.071537085,0,1,0.071537085,-0.071537085,0.1
Dejan Kulusevski,Sweden,0.30241569,0,3,0.10080523000000001,-0.30241569,0.3
Dejan Lekić,Osasuna,0.61908219,2,2,0.309541095,1.3809178100000001,0.2
Dejan Ljubicic,FC Köln,0.21169786499999999,0,2,0.10584893249999999,-0.21169786499999999,0.2
Dejan Lovren,Croatia,0.956043094,0,11,0.08691300854545454,-0.956043094,1.1
Dejan Lovren,Liverpool,1.60985457,0,23,0.06999367695652174,-1.60985457,2.3
Dejan Stefanovic,Portsmouth,0.117470107,0,2,0.0587350535,-0.117470107,0.2
Delanie Sheehan,NJ/NY Gotham FC,2.805177776,1,22,0.1275080807272727,-1.8051777759999998,2.2
Delphine Cascarino,France Women's,1.622361009,3,23,0.07053743517391305,1.377638991,2.3
Demarai Gray,Jamaica,0.160032295,0,2,0.0800161475,-0.160032295,0.2
Demarai Gray,Leicester City,0.199857758,0,5,0.0399715516,-0.199857758,0.5
Demi Stokes,Manchester City WFC,0.916034274,1,8,0.11450428425,0.08396572599999996,0.8
Deneisha Selena Blackwood,Jamaica Women's,0.270178588,0,4,0.067544647,-0.270178588,0.4
Denis Alibec,Romania,0.12307126,0,1,0.12307126,-0.12307126,0.1
Denis Bouanga,LAFC,0.987453567,0,7,0.14106479528571428,-0.987453567,0.7
Denis Bouanga,Lorient,0.5309579249999999,1,7,0.07585113214285713,0.46904207500000006,0.7
Denis Bouanga,Saint-Étienne,0.738560201,2,6,0.12309336683333333,1.2614397990000001,0.6
Denis Cheryshev,Real Madrid,0.13016321,0,1,0.13016321,-0.13016321,0.1
Denis Cheryshev,Russia,2.031043505,5,14,0.14507453607142856,2.968956495,1.4
Denis Cheryshev,Sevilla,0.03432989,0,1,0.03432989,-0.03432989,0.1
Denis Cheryshev,Valencia,1.861080772,3,18,0.10339337622222222,1.138919228,1.8
Denis Cheryshev,Villarreal,0.265896509,1,4,0.06647412725,0.7341034909999999,0.4
Denis Irwin,Wolverhampton Wanderers,0.137712759,0,3,0.045904253,-0.137712759,0.3
Denis Kibu,Tanzania,0.118555956,0,1,0.118555956,-0.118555956,0.1
Denis Lemi Zakaria Lako Lado,Switzerland,0.134143944,0,3,0.044714647999999996,-0.134143944,0.3
Denis Mihai Drăguş,Romania,0.9735749,1,5,0.19471498,0.02642509999999998,0.5
Denis Suárez Fernández,Barcelona,3.495387971,3,24,0.14564116545833333,-0.495387971,2.4
Denis Suárez Fernández,Celta Vigo,0.06320389,0,1,0.06320389,-0.06320389,0.1
Denis Suárez Fernández,Villarreal,2.6980121165,4,37,0.0729192463918919,1.3019878834999998,3.7
Denis Vavro,Slovakia,0.06963584299999999,0,3,0.023211947666666663,-0.06963584299999999,0.3
Denise O'Sullivan,Brighton & Hove Albion WFC,0.791622894,0,9,0.08795809933333333,-0.791622894,0.9
Denise O'Sullivan,North Carolina Courage,1.894085573,1,29,0.06531329562068965,-0.8940855729999999,2.9
Denise O'Sullivan,Republic of Ireland Women's,0.359986242,0,4,0.0899965605,-0.359986242,0.4
Deniz Hümmet,Troyes,0.05501911,0,1,0.05501911,-0.05501911,0.1
Deniz Undav,VfB Stuttgart,0.943104834,1,9,0.104789426,0.056895166,0.9
Dennis Aogo,Schalke 04,0.74939576,0,7,0.10705653714285714,-0.74939576,0.7
Dennis Appiah,Caen,0.022721335,0,1,0.022721335,-0.022721335,0.1
Dennis Appiah,Nantes,0.031292528,0,1,0.031292528,-0.031292528,0.1
Dennis Appiah,Stade Malherbe Caen,0.588684131,1,9,0.0654093478888889,0.41131586899999995,0.9
Dennis Bergkamp,Arsenal,4.514900609,4,45,0.10033112464444444,-0.5149006089999997,4.5
Dennis Diekmeier,Hamburger SV,0.082035744,0,4,0.020508936,-0.082035744,0.4
Dennis Man,Romania,0.510458594,0,6,0.08507643233333334,-0.510458594,0.6
Denny Draper,Leicester City WFC,0.71536847,1,3,0.23845615666666667,0.28463152999999997,0.3
Denzel Dumfries,Netherlands,2.013113583,3,12,0.16775946525,0.986886417,1.2
Deon Hotto Kavendji,Namibia,0.507238337,1,4,0.12680958425,0.492761663,0.4
Derek Cornelius,Canada,0.106511824,0,1,0.106511824,-0.106511824,0.1
Derek Owusu Boateng,Getafe,0.09919808199999999,0,2,0.049599040999999996,-0.09919808199999999,0.2
Deroy Duarte,Cape Verde Islands,0.26136538600000003,0,5,0.052273077200000004,-0.26136538600000003,0.5
Deshorn Brown,NorthEast United,4.260700619,7,26,0.16387310073076922,2.7392993810000004,2.6
Desiree Rose Marie Scott,Canada Women's,0.05389704000000001,0,2,0.026948520000000004,-0.05389704000000001,0.2
Desiree Rose Marie Scott,Utah Royals,0.02107259,0,1,0.02107259,-0.02107259,0.1
Desiree van Lunteren,Netherlands Women's,0.088529525,0,3,0.029509841666666665,-0.088529525,0.3
Devendra Dhaku Murgaokar,Goa,3.068967858,2,26,0.11803722530769231,-1.0689678580000002,2.6
Dexter Lembikisa,Jamaica,0.074705416,0,3,0.024901805333333332,-0.074705416,0.3
Deyna Cristina Castellanos Naujenis,Manchester City WFC,0.5718085119999999,0,5,0.11436170239999999,-0.5718085119999999,0.5
Deyverson Brum Silva Acosta,Deportivo Alavés,0.39157572,1,1,0.39157572,0.6084242799999999,0.1
Deyverson Brum Silva Acosta,Levante UD,8.347359427,9,72,0.11593554759722223,0.6526405729999993,7.2
Di'Shon Bernard,Jamaica,0.043698423,0,1,0.043698423,-0.043698423,0.1
Diafra Sakho,West Ham United,7.920403715,5,46,0.17218268945652174,-2.920403715,4.6
Diana Carolina Ospina García Pineda,Colombia Women's,0.074520155,0,3,0.024840051666666668,-0.074520155,0.3
Diana Catarina Ribeiro Gomes,Portugal Women's,1.288630785,2,6,0.2147717975,0.7113692149999999,0.6
Diana Catarina Ribeiro Gomes,Sevilla FC,0.367306224,1,6,0.061217704000000005,0.632693776,0.6
Diana Matheson,Utah Royals,0.692304096,2,5,0.1384608192,1.307695904,0.5
Diana Micaela Abreu de Sousa e Silva,Aston Villa,0.97111923,1,9,0.10790213666666666,0.02888077,0.9
Diana Micaela Abreu de Sousa e Silva,Portugal Women's,1.109423637,1,10,0.11094236369999999,-0.10942363699999991,1.0
Diana Ordoñez,Houston Dash,4.69977145,3,33,0.14241731666666668,-1.69977145,3.3
Didier Digard,Real Betis,0.02507928,0,2,0.01253964,-0.02507928,0.2
Didier Ndong Ibrahim,Lorient,1.8664795665,2,33,0.05655998686363636,0.13352043349999998,3.3
Didier Yves Drogba Tébily,Chelsea,0.9390300073,2,6,0.15650500121666666,1.0609699927,0.6
Diego Alberto Milito,Inter Milan,0.35481564,2,2,0.17740782,1.64518436,0.2
Diego Alberto Milito,Real Zaragoza,2.849555257,2,11,0.2590504779090909,-0.849555257,1.1
Diego Alejandro Rolan Silva,Bordeaux,7.40273126,5,45,0.16450513911111111,-2.4027312600000004,4.5
Diego Alejandro Rolan Silva,Málaga,0.05781661,0,1,0.05781661,-0.05781661,0.1
Diego Alexander Gómez Amarilla,Inter Miami,0.380907281,1,4,0.09522682025,0.619092719,0.4
Diego Antonio Reyes Rosales,Real Sociedad,1.365495128,2,11,0.12413592072727274,0.6345048719999999,1.1
Diego Armando Maradona,Argentina,2.0352968495,4,18,0.11307204719444444,1.9647031505,1.8
Diego Armando Maradona,Argentina U20,0.34270188300000004,1,6,0.057116980500000004,0.657298117,0.6
Diego Armando Maradona,Barcelona,0.627912714,0,3,0.209304238,-0.627912714,0.3
Diego Armando Maradona,Boca Juniors,0.7575348660000001,1,4,0.18938371650000002,0.24246513399999992,0.4
Diego Armando Maradona,Napoli,2.052846466,2,12,0.17107053883333334,-0.05284646600000009,1.2
Diego Armando Valentin Contento,Bordeaux,0.608772215,2,13,0.04682863192307692,1.3912277849999999,1.3
Diego Camacho Quesada,Levante UD,0.007700816,0,1,0.007700816,-0.007700816,0.1
Diego Castro Giménez,Getafe,0.393695719,0,4,0.09842392975,-0.393695719,0.4
Diego Daniel Colotto,Espanyol,0.020566927,0,1,0.020566927,-0.020566927,0.1
Diego Daniel Colotto,RC Deportivo La Coruña,0.07323227,0,1,0.07323227,-0.07323227,0.1
Diego Falcinelli,Sassuolo,3.042660257,2,25,0.12170641028000001,-1.042660257,2.5
Diego Fernando Latorre,Boca Juniors,0.37834603,0,2,0.189173015,-0.37834603,0.2
Diego Forlán Corazo,Atlético Madrid,2.76340323,5,14,0.197385945,2.23659677,1.4
Diego Forlán Corazo,Villarreal,0.048463431,0,2,0.0242317155,-0.048463431,0.2
Diego González Polanco,Sevilla,0.34130005999999996,1,2,0.17065002999999998,0.65869994,0.2
Diego Ifrán Sala,Real Sociedad,0.43638242,1,2,0.21819121,0.5636175800000001,0.2
Diego Javier Llorente Ríos,Rayo Vallecano,1.423404276,2,15,0.0948936184,0.5765957239999999,1.5
Diego Mainz García,Granada,0.19392431,1,2,0.096962155,0.80607569,0.2
Diego Mario Buonanotte Rende,Málaga,0.15562705699999999,1,3,0.051875685666666664,0.844372943,0.3
Diego Maurício Machado de Brito,Mumbai City,1.815735762,3,6,0.30262262700000003,1.184264238,0.6
Diego Nicolás De La Cruz Arcosa,Uruguay,0.227299888,0,6,0.03788331466666667,-0.227299888,0.6
Diego Perotti,AS Roma,1.8634580795,3,25,0.07453832318,1.1365419205,2.5
Diego Perotti,Genoa,1.7723224119999998,1,15,0.11815482746666665,-0.7723224119999998,1.5
Diego Perotti,Sevilla,0.0410336715,0,2,0.02051683575,-0.0410336715,0.2
Diego Rico Salguero,Leganés,0.03998265,0,1,0.03998265,-0.03998265,0.1
Diego Rigonato Rodrigues,Stade de Reims,3.286378628,3,36,0.09128829522222222,-0.286378628,3.6
Diego Roberto Godín Leal,Atlético Madrid,5.011833184,4,44,0.11390529963636364,-1.0118331840000003,4.4
Diego Roberto Godín Leal,Uruguay,0.5002608900000001,0,4,0.12506522250000002,-0.5002608900000001,0.4
Diego Sebastián Laxalt Suárez,Genoa,3.719852884,3,34,0.10940743776470588,-0.7198528839999998,3.4
Diego Sebastián Laxalt Suárez,Uruguay,0.017698556,0,1,0.017698556,-0.017698556,0.1
Diego Tardelli Martins,Real Betis,0.089432314,0,1,0.089432314,-0.089432314,0.1
Diego da Silva Costa,Atlético Madrid,1.145883621,1,9,0.12732040233333333,-0.14588362100000007,0.9
Diego da Silva Costa,Chelsea,12.300264734,12,70,0.17571806762857145,-0.30026473400000064,7.0
Diego da Silva Costa,Rayo Vallecano,0.04539615,0,1,0.04539615,-0.04539615,0.1
Diego da Silva Costa,Real Valladolid,0.088251043,0,2,0.0441255215,-0.088251043,0.2
Diego da Silva Costa,Spain,2.717060165,3,11,0.24700546954545455,0.2829398350000001,1.1
Diego Ángel Capel Trinidad,Genoa,0.97633562,0,14,0.06973825857142857,-0.97633562,1.4
Diego Ángel Capel Trinidad,Sevilla,1.00864134,1,6,0.16810689,-0.008641340000000053,0.6
Dietmar Hamann,Liverpool,0.785293376,1,2,0.392646688,0.21470662399999996,0.2
Dieumerci Mbokani Bezua,Norwich City,6.172156369,7,37,0.166815037,0.8278436310000004,3.7
Dilara Acikgöz,Eintracht Frankfurt W,0.028878758,0,1,0.028878758,-0.028878758,0.1
Dimitar Ivanov Berbatov,Manchester United,0.17411316599999999,0,2,0.08705658299999999,-0.17411316599999999,0.2
Dimitri Foulquier,Granada,0.607236946,1,7,0.08674813514285715,0.392763054,0.7
Dimitri Liénard,Strasbourg,0.135324905,0,2,0.0676624525,-0.135324905,0.2
Dimitri Payet,Olympique de Marseille,0.180018559,0,2,0.0900092795,-0.180018559,0.2
Dimitri Payet,West Ham United,5.0631297168,9,69,0.07337869154782609,3.9368702832,6.9
Diogo Ferreira Salomão,RC Deportivo La Coruña,0.12232457,1,1,0.12232457,0.87767543,0.1
Diogo Filipe Monteiro Pinto Leite,Union Berlin,0.06363043,0,1,0.06363043,-0.06363043,0.1
Diogo José Rosário Gomes Figueiras,Genoa,0.145452456,1,5,0.029090491200000002,0.854547544,0.5
Diogo José Rosário Gomes Figueiras,Sevilla,0.06454011800000001,0,3,0.02151337266666667,-0.06454011800000001,0.3
Diogo José Teixeira da Silva,Portugal,1.8335288410000001,1,10,0.1833528841,-0.8335288410000001,1.0
Dion Lopy,Stade de Reims,0.11242787900000001,0,2,0.056213939500000004,-0.11242787900000001,0.2
Dirk Kuijt,Liverpool,0.63846178,1,2,0.31923089,0.36153822,0.2
Dirk Wouter Johannes van Dijk,Ajax,0.42586773899999997,1,4,0.10646693474999999,0.574132261,0.4
Divock Okoth Origi,Liverpool,2.287677904,6,25,0.09150711616000001,3.712322096,2.5
Dixon Jair Arroyo Espinoza,Inter Miami,0.24068451,0,1,0.24068451,-0.24068451,0.1
Diána Melinda Németh,VfL Wolfsburg WFC,0.093538664,0,1,0.093538664,-0.093538664,0.1
Djamel Bakar,Montpellier,0.41778607,0,6,0.06963101166666667,-0.41778607,0.6
Djamel Eddine Mesbah,Sampdoria,0.054260484,0,2,0.027130242,-0.054260484,0.2
Djed Spence,Rennes,0.15122522,0,1,0.15122522,-0.15122522,0.1
Djené Dakonam Ortega,Getafe,0.127477798,0,2,0.063738899,-0.127477798,0.2
Djibril Cheick Ouattara,Burkina Faso,0.04800562,0,1,0.04800562,-0.04800562,0.1
Djibril Cissé,Liverpool,0.745491719,1,2,0.3727458595,0.254508281,0.2
Djibril Sidibé,Lille,2.94570348,4,41,0.07184642634146342,1.0542965199999998,4.1
Djibril Sow,Switzerland,0.274431941,0,3,0.09147731366666667,-0.274431941,0.3
Dmitriy Alenichev,FC Porto,0.12667255,1,1,0.12667255,0.87332745,0.1
Dmytro Chygrynskiy,Barcelona,0.251188075,0,2,0.1255940375,-0.251188075,0.2
Dodi Lukebakio,Belgium,0.249550812,0,3,0.08318360400000001,-0.249550812,0.3
Dolores Isabel Jacome Silva,Portugal Women's,0.20544211,0,2,0.102721055,-0.20544211,0.2
Domagoj Vida,Croatia,1.193938095,2,4,0.29848452375,0.806061905,0.4
Domenico Berardi,Italy,1.756067969,1,15,0.11707119793333334,-0.7560679690000001,1.5
Domenico Berardi,Sassuolo,9.045740003499999,7,88,0.10279250003977271,-2.045740003499999,8.8
Domenico Maietta,Bologna,0.046738375,0,1,0.046738375,-0.046738375,0.1
Domingo Cisma González,Almería,0.117452964,1,1,0.117452964,0.882547036,0.1
Domingo Nagore Arbizu,CD Numancia de Soria,0.108113913,0,3,0.036037971,-0.108113913,0.3
Domingos João Macandza,Mozambique,0.14391762900000002,0,2,0.07195881450000001,-0.14391762900000002,0.2
Dominik Kohr,Augsburg,1.040521295,0,23,0.045240056304347825,-1.040521295,2.3
Dominik Kohr,FSV Mainz 05,0.316300576,1,3,0.10543352533333333,0.6836994240000001,0.3
Dominik Maroh,FC Köln,1.580783949,2,18,0.0878213305,0.41921605100000003,1.8
Dominik Stroh-Engel,Darmstadt 98,0.6785926330000001,0,6,0.11309877216666668,-0.6785926330000001,0.6
Dominik Szoboszlai,Hungary,0.29294938000000004,0,6,0.04882489666666667,-0.29294938000000004,0.6
Dominika Čonč,FC Levante Badalona,1.241690335,0,9,0.13796559277777776,-1.241690335,0.9
Dominika Škorvánková,Como W,2.881450352,4,22,0.130975016,1.1185496480000001,2.2
Dominique Bond-Flasza,Jamaica Women's,0.0381724,0,1,0.0381724,-0.0381724,0.1
Dominique Bruinenberg,Everton LFC,0.457832592,0,8,0.057229074,-0.457832592,0.8
Dominique Heintz,FC Köln,1.023200908,2,10,0.1023200908,0.976799092,1.0
Dominique Johanna Anna Petrone Janssen,Arsenal WFC,3.160821308,3,27,0.11706745585185185,-0.16082130800000005,2.7
Dominique Johanna Anna Petrone Janssen,Netherlands Women's,1.585717828,1,9,0.17619086977777776,-0.5857178279999999,0.9
Dominique Johanna Anna Petrone Janssen,VfL Wolfsburg WFC,4.219885258,5,21,0.20094691704761902,0.7801147420000003,2.1
Dominique Richardson,NJ/NY Gotham FC,0.041962878,0,2,0.020981439,-0.041962878,0.2
Dong-Won Ji,Augsburg,1.257653247,0,13,0.09674255746153845,-1.257653247,1.3
Donyell Malen,Netherlands,1.382243916,2,9,0.15358265733333332,0.617756084,0.9
Dorian Bailey,Washington Spirit,0.202136525,0,4,0.05053413125,-0.202136525,0.4
Dorian Caddy,OGC Nice,1.3367987049999999,0,8,0.16709983812499998,-1.3367987049999999,0.8
Dorian Lévêque,Guingamp,0.538505703,1,8,0.067313212875,0.461494297,0.8
Dorine Nina Chuigoue,Real Betis Balompié,0.6081395835,1,9,0.06757106483333333,0.39186041650000003,0.9
Dorival Guidoni Júnior,Middlesbrough,0.045710207,0,3,0.015236735666666668,-0.045710207,0.3
Dorlan Mauricio Pabón Ríos,Real Betis,0.16728471,1,1,0.16728471,0.83271529,0.1
Dorlan Mauricio Pabón Ríos,Valencia,0.161464055,0,2,0.0807320275,-0.161464055,0.2
Dougenie Tabita Kerbie Joseph,Haiti Women's,0.13113685,0,1,0.13113685,-0.13113685,0.1
Douglas Costa de Souza,Bayern Munich,3.3931072810000003,4,64,0.053017301265625004,0.6068927189999997,6.4
Douglas Costa de Souza,Brazil,0.087622481,0,4,0.02190562025,-0.087622481,0.4
Douglas Luiz Soares de Paulo,Brazil,0.76046705,0,1,0.76046705,-0.76046705,0.1
Douglas Luiz Soares de Paulo,Girona,0.272270342,0,3,0.09075678066666666,-0.272270342,0.3
Drew Spence,Chelsea FCW,7.290906556,4,55,0.13256193738181818,-3.2909065560000004,5.5
Drew Spence,Jamaica Women's,0.30573034400000004,0,7,0.043675763428571435,-0.30573034400000004,0.7
Drew Spence,Tottenham Hotspur Women,2.219492722,2,22,0.10088603281818181,-0.21949272200000003,2.2
Dries Mertens,Belgium,0.716004251,1,10,0.0716004251,0.283995749,1.0
Dries Mertens,Napoli,4.070907675,5,55,0.07401650318181818,0.929092325,5.5
Dru Yearwood,New York Red Bulls,0.018014202,0,1,0.018014202,-0.018014202,0.1
Duan Song,China PR Women's,0.033213478,0,1,0.033213478,-0.033213478,0.1
Duje Ćaleta-Car,Olympique de Marseille,0.6755869,1,1,0.6755869,0.3244131,0.1
Duje Čop,Málaga,7.957992497,7,49,0.16240801014285713,-0.9579924970000002,4.9
Duncan Watmore,Sunderland,2.218395199,3,17,0.13049383523529412,0.7816048009999998,1.7
Duván Esteban Zapata Banguera,Udinese,7.29042495,8,52,0.14020047980769232,0.7095750499999998,5.2
Dušan Basta,Lazio,0.582365213,0,11,0.05294229209090909,-0.582365213,1.1
Dušan Tadić,Serbia,0.180424587,0,4,0.04510614675,-0.180424587,0.4
Dušan Tadić,Southampton,7.2580793785,7,56,0.12960856033035714,-0.25807937849999973,5.6
Dušan Veškovac,Troyes,0.039122876,0,1,0.039122876,-0.039122876,0.1
Dušan Vlahović,Serbia,0.9151156,1,9,0.10167951111111112,0.08488439999999997,0.9
Dušan Švento,FC Köln,0.219132187,1,3,0.07304406233333334,0.780867813,0.3
Dwight Gayle,Crystal Palace,3.5462720130000003,3,22,0.16119418240909092,-0.5462720130000003,2.2
Dwight Yorke,Blackburn Rovers,0.51559545,0,2,0.257797725,-0.51559545,0.2
Dylan Daniel Mahmoud Bronn,Metz,0.079415865,0,1,0.079415865,-0.079415865,0.1
Dylan Daniel Mahmoud Bronn,Tunisia,0.24253985,1,2,0.121269925,0.75746015,0.2
Dylan Fox,Goa,1.10877794,1,4,0.277194485,-0.10877793999999996,0.4
Dávid Hancko,Slovakia,0.607012613,0,7,0.08671608757142857,-0.607012613,0.7
Dávid Ivan,Sampdoria,0.4443203009999999,1,5,0.08886406019999998,0.5556796990000001,0.5
Débora Cristiane de Oliveira,Brazil Women's,2.090742625,1,18,0.11615236805555555,-1.0907426249999999,1.8
Débora Cristiane de Oliveira,KC Current,7.219395813,9,39,0.18511271315384617,1.7806041869999998,3.9
Débora Cristiane de Oliveira,North Carolina Courage,6.220755651,6,37,0.1681285311081081,-0.22075565100000016,3.7
Débora García Mateo,Sevilla FC,0.316144607,0,10,0.0316144607,-0.316144607,1.0
Dídac Vilá Rosselló,Espanyol,0.34406637500000004,0,4,0.08601659375000001,-0.34406637500000004,0.4
Dóra Zeller,Köln,3.985418704,2,38,0.10487943957894737,-1.9854187040000002,3.8
Eberechi Eze,England,0.080686929,0,2,0.0403434645,-0.080686929,0.2
Ebi Smolarek,Racing Santander,0.16069381,0,1,0.16069381,-0.16069381,0.1
Ebony Salmon,Aston Villa W,1.856238077,3,14,0.13258843407142856,1.143761923,1.4
Ebony Salmon,Bristol City WFC,8.103602158,11,84,0.09647145426190476,2.8963978420000007,8.4
Ebony Salmon,Houston Dash,4.179630066,1,40,0.10449075164999999,-3.1796300659999996,4.0
Ebrima Colley,Gambia,0.14294216,1,1,0.14294216,0.85705784,0.1
Ebrima Darboe,Gambia,0.014722,0,1,0.014722,-0.014722,0.1
Eddy Silvestre Pascual İsrafilov,Eibar,0.045040486000000005,0,2,0.022520243000000002,-0.045040486000000005,0.2
Eddy Silvestre Pascual İsrafilov,Granada,0.064053155,0,1,0.064053155,-0.064053155,0.1
Eden Hazard,Belgium,3.606714804,3,24,0.1502797835,-0.6067148040000001,2.4
Eden Hazard,Chelsea,3.123302265,4,36,0.08675839625,0.876697735,3.6
Edenílson Andrade dos Santos,Udinese,0.755452747,0,12,0.06295439558333334,-0.755452747,1.2
Eder Citadin Martins,Inter Milan,2.1242870050000002,1,23,0.0923603045652174,-1.1242870050000002,2.3
Eder Citadin Martins,Sampdoria,7.175878727,12,57,0.12589260924561402,4.824121273,5.7
Edgar Antonio Méndez Ortega,Almería,0.060350329,0,2,0.0301751645,-0.060350329,0.2
Edgar Antonio Méndez Ortega,Deportivo Alavés,0.154608254,0,3,0.05153608466666667,-0.154608254,0.3
Edgar Antonio Méndez Ortega,Granada,0.648521496,1,11,0.05895649963636363,0.351478504,1.1
Edgar Patricio De Carvalho Pacheco,Málaga,0.25174952,0,2,0.12587476,-0.25174952,0.2
Edgar Prib,Hannover 96,1.530336545,0,23,0.06653637152173912,-1.530336545,2.3
Edgar Yoel Bárcenas Herrera,Panama,0.727005944,0,12,0.060583828666666666,-0.727005944,1.2
Edgardo Isaac Fariña Wynter,Panama,0.086690885,0,3,0.028896961666666665,-0.086690885,0.3
Edimilson Fernandes,FSV Mainz 05,0.08576868,0,1,0.08576868,-0.08576868,0.1
Edimilson Fernandes,Switzerland,0.055595998,0,1,0.055595998,-0.055595998,0.1
Edin Džeko,AS Roma,12.844457614,8,88,0.14595974561363637,-4.8444576139999995,8.8
Edinson Roberto Cavani Gómez,Paris Saint-Germain,15.482091125,19,86,0.18002431540697675,3.517908875,8.6
Edinson Roberto Cavani Gómez,Uruguay,2.447644063,3,19,0.1288233717368421,0.5523559370000002,1.9
Edmond Fayçal Tapsoba,Bayer Leverkusen,1.203148944,0,12,0.10026241200000001,-1.203148944,1.2
Edmond Fayçal Tapsoba,Burkina Faso,0.297841066,0,4,0.0744602665,-0.297841066,0.4
Edmund Lalrindika,Bengaluru,0.5279541,0,1,0.5279541,-0.5279541,0.1
Edna Imade,Granada W,4.798011322,5,40,0.11995028305,0.2019886780000002,4.0
Edoardo Goldaniga,Palermo,1.297783506,2,6,0.216297251,0.702216494,0.6
Edon Zhegrova,Lille,0.029207561,0,1,0.029207561,-0.029207561,0.1
Edouard Cissé,AS Monaco,0.02270821,0,1,0.02270821,-0.02270821,0.1
Edson André Sitoe,Mozambique,0.015788822,0,1,0.015788822,-0.015788822,0.1
Edson André Sitoe,Rennes,0.419331222,0,5,0.0838662444,-0.419331222,0.5
Edson Braafheid,Lazio,0.028936063,0,2,0.0144680315,-0.028936063,0.2
Edson Omar Álvarez Velázquez,Mexico,0.14911574,0,2,0.07455787,-0.14911574,0.2
Eduard Alexander Bello Gil,Venezuela,0.622523195,2,4,0.15563079875,1.3774768050000001,0.4
Eduardo Antonio Guerrero Lozcano,Panama,0.26168483,1,3,0.08722827666666666,0.73831517,0.3
Eduardo Antonio Salvio,Argentina,0.04347445,0,1,0.04347445,-0.04347445,0.1
Eduardo Bedia Peláez,Goa,2.253097235,1,37,0.06089451986486486,-1.2530972349999998,3.7
Eduardo Camavinga,France,0.197913326,0,2,0.098956663,-0.197913326,0.2
Eduardo César Daude Gaspar,Arsenal,1.7101298489999999,2,25,0.06840519396,0.28987015100000013,2.5
Eduardo Expósito Jaén,Eibar,0.051159658,0,1,0.051159658,-0.051159658,0.1
Eduardo García Martín,Hyderabad,1.325074541,2,16,0.0828171588125,0.674925459,1.6
Eduardo García Martín,SC Delhi,0.073227087,0,2,0.0366135435,-0.073227087,0.2
Eduardo Gonçalves de Andrade,Brazil,3.133051299,2,21,0.149192919,-1.133051299,2.1
Eduardo Jesús Vargas Rojas,Hoffenheim,3.791733724,2,33,0.11490102193939394,-1.7917337240000002,3.3
Eduardo Nascimento Costa,Espanyol,0.029633198,0,2,0.014816599,-0.029633198,0.2
Edvaldo Izidio Neto,Brazil,3.442043751,3,22,0.15645653413636362,-0.44204375099999993,2.2
Edward Chilufya,Zambia,0.024878096,0,1,0.024878096,-0.024878096,0.1
Edwin Sydney Vanspaul,Chennaiyin,0.6145487955,0,16,0.03840929971875,-0.6145487955,1.6
Egor Filipenko,Málaga,0.421348825,0,8,0.052668603125,-0.421348825,0.8
Ehsan Hajsafi,Iran,0.146461445,0,3,0.048820481666666665,-0.146461445,0.3
Eider Arana Mugueta,SD Eibar,3.160458517,3,20,0.15802292585,-0.1604585169999999,2.0
Eileen Michelle Campbell,SC Freiburg,2.875282407,3,21,0.13691820985714284,0.12471759300000018,2.1
Eiður Smári Guðjohnsen,Barcelona,6.009571718,6,43,0.1397574818139535,-0.009571718000000118,4.3
Eiður Smári Guðjohnsen,Chelsea,0.269473265,1,2,0.1347366325,0.730526735,0.2
El Bilal Toure,Stade de Reims,0.41913552,0,3,0.13971184,-0.41913552,0.3
El-Hadji Ba,Mauritania,0.07223357,0,1,0.07223357,-0.07223357,0.1
El-Hadji Baye Oumar Niasse,Everton,0.162454738,0,2,0.081227369,-0.162454738,0.2
El-Hadji Ousseynou Diouf,Liverpool,0.52097691,0,2,0.260488455,-0.52097691,0.2
Elba Verges Prats,SD Eibar,1.3083839675,0,20,0.065419198375,-1.3083839675,2.0
Elbasan Rashani,Clermont Foot,0.31198725,0,2,0.155993625,-0.31198725,0.2
Elderson Uwa Echiejile,AS Monaco,0.5004962319999999,0,6,0.08341603866666665,-0.5004962319999999,0.6
Eleanor Dale,Everton LFC,0.38716175799999997,0,4,0.09679043949999999,-0.38716175799999997,0.4
Elena Battistini,Pomigliano,0.045823444,0,1,0.045823444,-0.045823444,0.1
Elena Dhont,Belgium Women's,0.508534049,0,4,0.12713351225,-0.508534049,0.4
Elena Gil,Valencia CF,1.00396902,0,6,0.16732817,-1.00396902,0.6
Elena Julve Pérez,FC Levante Badalona,2.017530239,0,29,0.06957000824137931,-2.017530239,2.9
Elena Linari,AS Roma W,5.277081857,7,26,0.2029646868076923,1.7229181430000002,2.6
Elena Linari,Italy Women's,0.745017692,0,4,0.186254423,-0.745017692,0.4
Elena Mühlemann,Nürnberg W,0.01895031,0,1,0.01895031,-0.01895031,0.1
Elena Pisani,Sampdoria W,2.0959283859999998,0,15,0.13972855906666665,-2.0959283859999998,1.5
Elene Guridi Mesonero,Real Sociedad de Fútbol,0.111185176,0,3,0.03706172533333333,-0.111185176,0.3
Elene Viles,Real Sociedad de Fútbol,0.018948963,0,1,0.018948963,-0.018948963,0.1
Eli Sabia Filho,Jamshedpur,1.348043573,1,11,0.12254941572727272,-0.348043573,1.1
Eliana Noemí Stábile,Argentina Women's,0.007615121,0,1,0.007615121,-0.007615121,0.1
Eliaquim Mangala,Manchester City,0.748029845,0,6,0.12467164083333333,-0.748029845,0.6
Eliaquim Mangala,Valencia,0.19882059,1,2,0.099410295,0.80117941,0.2
Elias Kachunga,Ingolstadt,0.39970942000000004,0,4,0.09992735500000001,-0.39970942000000004,0.4
Elin Ingrid Johanna Rubensson,Sweden Women's,3.0874828685,3,14,0.22053449060714286,-0.08748286849999998,1.4
Elisa Bartoli,AS Roma W,1.589983057,0,20,0.07949915285,-1.589983057,2.0
Elisa Bartoli,Italy Women's,0.19716386,0,1,0.19716386,-0.19716386,0.1
Elisa De Almeida,France Women's,0.366331155,0,7,0.05233302214285714,-0.366331155,0.7
Elisa Polli,FC Internazionale Milano W,5.2787596290000005,4,37,0.14266917916216218,-1.2787596290000005,3.7
Elisa Senß,Germany Women's,0.037623777,0,2,0.0188118885,-0.037623777,0.2
Elisa Senß,TSV Bayer 04 Leverkusen,1.814297069,0,25,0.07257188276,-1.814297069,2.5
Elisa del Estal Mateu,Napoli W,7.277115268,6,49,0.14851255648979592,-1.2771152680000002,4.9
Elisabeth Terland,Brighton & Hove Albion WFC,8.321140024,13,74,0.11244783816216217,4.678859976,7.4
Elisabeth Terland,Norway Women's,0.255940106,0,3,0.08531336866666667,-0.255940106,0.3
Elisabetta Oliviero,Italy Women's,0.33134135,1,3,0.11044711666666666,0.66865865,0.3
Elisabetta Oliviero,Sampdoria W,1.7196388745,0,29,0.05929789222413793,-1.7196388745,2.9
Elise Bussaglia,France Women's,0.17814000100000002,0,5,0.0356280002,-0.17814000100000002,0.5
Elise Hughes,Everton LFC,1.22371887,0,8,0.15296485875,-1.22371887,0.8
Elise Isolde Stenevik,Everton LFC,0.160253539,1,3,0.05341784633333333,0.839746461,0.3
Elise Kellond-Knight,Australia Women's,0.56002727,1,4,0.1400068175,0.43997273000000003,0.4
Elise Thorsnes,Norway Women's,0.09858793,0,1,0.09858793,-0.09858793,0.1
Eliseu Pereira dos Santos,Málaga,0.20888325,0,7,0.029840464285714286,-0.20888325,0.7
Eliseu Pereira dos Santos,Real Zaragoza,0.22306674,0,2,0.11153337,-0.22306674,0.2
Elish Sulola,Valencia CF,0.7428884465,0,10,0.07428884464999999,-0.7428884465,1.0
Elisha N''Dow,Aston Villa,0.035461955,0,1,0.035461955,-0.035461955,0.1
Elizabeth Addo,OL Reign,0.541256026,0,3,0.18041867533333333,-0.541256026,0.3
Elizabeth Arnott,Manchester United,0.6380079,0,1,0.6380079,-0.6380079,0.1
Elizabeth Ball,KC Current,0.853578308,0,8,0.1066972885,-0.853578308,0.8
Elizabeth Doon Hassett,New Zealand Women's,0.203252591,0,3,0.06775086366666667,-0.203252591,0.3
Elizabeth Eddy,Angel City,0.115763723,0,3,0.038587907666666664,-0.115763723,0.3
Eljif Elmas,North Macedonia,0.7241454780000001,0,6,0.12069091300000001,-0.7241454780000001,0.6
Ella Franklin-Fraiture,Aston Villa,0.29347402600000005,0,3,0.09782467533333335,-0.29347402600000005,0.3
Ella Jade Mastrantonio,Bristol City WFC,0.310302508,1,7,0.04432892971428571,0.6896974920000001,0.7
Ella Palis,Juventus W,0.1859227595,0,8,0.0232403449375,-0.1859227595,0.8
Ella Powell,Bristol City WFC,0.913357903,1,5,0.1826715806,0.08664209700000003,0.5
Ella Rutherford,Bristol City WFC,2.391280618,2,27,0.08856594881481482,-0.39128061800000014,2.7
Ella Stevens,Chicago Red Stars,3.293890451,4,19,0.17336265531578948,0.7061095489999998,1.9
Ella Toone,England Women's,3.712812821,5,25,0.14851251284,1.287187179,2.5
Ella Toone,Manchester United,6.253760799,4,51,0.12262276076470588,-2.253760799,5.1
Ella Toone,Manchester United W,9.121078591,12,79,0.11545669102531646,2.878921409,7.9
Ellen Jones,Bristol City WFC,0.096806824,0,1,0.096806824,-0.096806824,0.1
Ellen White,Birmingham City WFC,5.40093574,6,31,0.1742237335483871,0.5990642599999996,3.1
Ellen White,England Women's,6.326906369,8,33,0.19172443542424242,1.6730936310000004,3.3
Ellen White,Manchester City WFC,14.128961193,16,87,0.16240185279310346,1.8710388069999997,8.7
Elli Pikkujämsä,Racing Louisville FC,0.25102314400000003,1,5,0.050204628800000005,0.748976856,0.5
Ellie Brazil,Brighton & Hove Albion WFC,7.060068008,4,41,0.17219678068292682,-3.060068008,4.1
Ellie Brazil,Tottenham Hotspur Women,0.38844163,0,2,0.194220815,-0.38844163,0.2
Ellie Madison Carpenter,Australia Women's,0.873407137,1,5,0.17468142739999998,0.12659286300000006,0.5
Ellie Madison Carpenter,Portland Thorns,0.044423759,0,2,0.0222118795,-0.044423759,0.2
Ellie Mason,Yeovil Town LFC,2.541773079,3,20,0.12708865395,0.45822692100000006,2.0
Ellyes Joris Skhiri,Montpellier,0.45725517000000004,2,5,0.09145103400000001,1.54274483,0.5
Ellyes Joris Skhiri,Tunisia,0.13585133,0,4,0.0339628325,-0.13585133,0.4
Elodie Nakkach,Morocco Women's,0.016271818,0,1,0.016271818,-0.016271818,0.1
Eloy Campos,Peru,0.039599195,0,1,0.039599195,-0.039599195,0.1
Elsa Pelgander,Juventus W,0.024018273,0,1,0.024018273,-0.024018273,0.1
Elseid Hysaj,Albania,0.09866957200000001,0,2,0.049334786000000005,-0.09866957200000001,0.2
Elseid Hysaj,Napoli,0.356186424,0,12,0.029682202,-0.356186424,1.2
Elyse Bennett,Seattle Reign,2.747258468,2,25,0.10989033872000001,-0.7472584680000001,2.5
Emam Ashour Metwally Abdelghany,Egypt,0.305472755,0,7,0.043638964999999995,-0.305472755,0.7
Emanuel Cecchini,Málaga,0.016600626,0,1,0.016600626,-0.016600626,0.1
Emanuele Giaccherini,Bologna,3.583647574,7,46,0.07790538204347826,3.416352426,4.6
Emanuele Suagher,Carpi,0.329539443,0,3,0.109846481,-0.329539443,0.3
Emely Lina Joester,SGS Essen 19/68,0.04483073,0,1,0.04483073,-0.04483073,0.1
Emelyne Laurent,AC Milan W,5.073550754,4,40,0.12683876885,-1.0735507540000002,4.0
Emerich Dembrovschi,Romania,0.495439977,1,2,0.2477199885,0.504560023,0.2
Emerson Palmieri dos Santos,AS Roma,0.679567422,1,4,0.1698918555,0.320432578,0.4
Emerson Palmieri dos Santos,Italy,0.319782784,0,3,0.10659426133333333,-0.319782784,0.3
Emi Nakajima,Japan Women's,0.192474264,0,6,0.032079044,-0.192474264,0.6
Emil Hallfreðsson,Hellas Verona,0.447013746,0,14,0.031929553285714285,-0.447013746,1.4
Emil Hallfreðsson,Iceland,0.015678154,0,1,0.015678154,-0.015678154,0.1
Emil Hallfreðsson,Udinese,0.296625126,0,5,0.059325025200000006,-0.296625126,0.5
Emil Krafth,Sweden,0.025442615,0,1,0.025442615,-0.025442615,0.1
Emil Peter Forsberg,Sweden,2.696306576,5,29,0.0929760888275862,2.303693424,2.9
Emilia Pelgander,Leicester City WFC,0.090428554,0,2,0.045214277,-0.090428554,0.2
Emilia Urszula Szymczak,Poland Women's,0.13304654,0,1,0.13304654,-0.13304654,0.1
Emiliano Adrián Insúa Zapata,Atlético Madrid,0.057543907,0,1,0.057543907,-0.057543907,0.1
Emiliano Adrián Insúa Zapata,Rayo Vallecano,0.020722225,0,2,0.0103611125,-0.020722225,0.2
Emiliano Adrián Insúa Zapata,VfB Stuttgart,0.8064037905,0,22,0.03665471775,-0.8064037905,2.2
Emiliano Buendía,Getafe,1.07525484,1,14,0.07680391714285714,-0.07525483999999993,1.4
Emiliano Daniel Armenteros,Osasuna,0.027644776,0,1,0.027644776,-0.027644776,0.1
Emiliano Daniel Armenteros,Sevilla,0.010338143,0,1,0.010338143,-0.010338143,0.1
Emiliano Daniel Armenteros,Xerez,0.12218127,0,1,0.12218127,-0.12218127,0.1
Emiliano Daniel Velázquez Maldonado,Getafe,1.247750163,3,9,0.138638907,1.752249837,0.9
Emiliano Daniel Velázquez Maldonado,Rayo Vallecano,0.043594036,0,1,0.043594036,-0.043594036,0.1
Emiliano Moretti,Torino,0.837797464,1,13,0.06444595876923077,0.162202536,1.3
Emiliano Sala,Nantes,5.2633168325,6,60,0.08772194720833333,0.7366831674999998,6.0
Emilie Bragstad,TSV Bayer 04 Leverkusen,0.321072354,2,5,0.0642144708,1.678927646,0.5
Emilie Haavi,AS Roma W,5.519829674,3,57,0.0968391170877193,-2.5198296740000004,5.7
Emilie Haavi,Norway Women's,0.38846265,0,5,0.07769253000000001,-0.38846265,0.5
Emilio José Viqueira Moure,Levante UD,0.86736678,1,3,0.28912226,0.13263322,0.3
Emilio Nsue López,Equatorial Guinea,2.578665603,5,9,0.28651840033333337,2.421334397,0.9
Emilio Nsue López,Mallorca,0.40930970299999997,1,3,0.13643656766666665,0.5906902970000001,0.3
Emily Ann Fox,Arsenal WFC,1.040327323,0,9,0.11559192477777779,-1.040327323,0.9
Emily Ann Fox,North Carolina Courage,0.96897024,0,10,0.096897024,-0.96897024,1.0
Emily Ann Fox,United States Women's,0.176410758,0,2,0.088205379,-0.176410758,0.2
Emily Ann Sonnett,Portland Thorns,0.75131285,1,1,0.75131285,0.24868714999999997,0.1
Emily Ann Sonnett,Seattle Reign,0.800186593,0,10,0.08001865929999999,-0.800186593,1.0
Emily Ann Sonnett,United States Women's,0.051677868,0,1,0.051677868,-0.051677868,0.1
Emily Donovan,Yeovil Town LFC,0.503080297,1,6,0.08384671616666667,0.496919703,0.6
Emily Gielnik,Australia Women's,0.791010389,0,2,0.3955051945,-0.791010389,0.2
Emily Louise van Egmond,Australia Women's,0.902229283,1,10,0.0902229283,0.09777071699999995,1.0
Emily Louise van Egmond,Orlando Pride,1.36601749,0,11,0.12418340818181818,-1.36601749,1.1
Emily Louise van Egmond,San Diego Wave,0.78500697,0,12,0.0654172475,-0.78500697,1.2
Emily Louise van Egmond,West Ham United LFC,3.871274828,4,36,0.10753541188888888,0.12872517200000022,3.6
Emily Masiel Cedeño Coba,Panama Women's,0.132782185,0,2,0.0663910925,-0.132782185,0.2
Emily May Sams,Orlando Pride,0.032183036,0,1,0.032183036,-0.032183036,0.1
Emily Menges,Portland Thorns,0.016119836,0,1,0.016119836,-0.016119836,0.1
Emily Murphy,Birmingham City WFC,0.54894078,1,5,0.109788156,0.45105922,0.5
Emily Murphy,Chelsea FCW,0.38021669,1,2,0.190108345,0.61978331,0.2
Emily Simpkins,Brighton & Hove Albion WFC,1.44827785,0,16,0.090517365625,-1.44827785,1.6
Emily Syme,Aston Villa,0.078138575,0,3,0.026046191666666666,-0.078138575,0.3
Emily Syme,Bristol City WFC,0.48200289399999996,0,7,0.06885755628571429,-0.48200289399999996,0.7
Emily Syme,Yeovil Town LFC,1.059878964,1,7,0.15141128057142855,-0.059878963999999923,0.7
Emina Ekic,Racing Louisville FC,0.19404696,0,1,0.19404696,-0.19404696,0.1
Emir Karic,Darmstadt 98,0.1057738,0,2,0.0528869,-0.1057738,0.2
Emir Spahić,Hamburger SV,0.954239179,0,10,0.0954239179,-0.954239179,1.0
Emma Bissell,Bristol City WFC,1.042535062,1,4,0.2606337655,-0.04253506200000001,0.4
Emma Bissell,Everton LFC,1.400822693,1,9,0.1556469658888889,-0.40082269300000006,0.9
Emma Brownlie,Everton LFC,0.281038114,0,2,0.140519057,-0.281038114,0.2
Emma Follis,Aston Villa,0.607988285,0,8,0.075998535625,-0.607988285,0.8
Emma Follis,Birmingham City WFC,3.954806497,4,25,0.15819225988,0.045193503000000135,2.5
Emma Harries,Reading WFC,1.09962986,1,7,0.15708998000000002,-0.09962986000000007,0.7
Emma Harries,West Ham United LFC,1.28791376,0,6,0.21465229333333333,-1.28791376,0.6
Emma Lipman,Como W,0.431911694,0,4,0.1079779235,-0.431911694,0.4
Emma Mukandi,Arsenal WFC,0.382281019,2,5,0.0764562038,1.617718981,0.5
Emma Mukandi,Reading WFC,0.4810304888,0,10,0.04810304888,-0.4810304888,1.0
Emma Mukandi,Tottenham Hotspur Women,0.13930409900000001,2,4,0.034826024750000004,1.860695901,0.4
Emma Nanny Charlotte Kullberg,Brighton & Hove Albion WFC,0.044815812,0,2,0.022407906,-0.044815812,0.2
Emma Ramírez Gorgoso,Real Sociedad de Fútbol,1.069486435,2,24,0.04456193479166667,0.930513565,2.4
Emma Rose Kelly,Birmingham City WFC,0.6834018829999999,0,8,0.08542523537499999,-0.6834018829999999,0.8
Emma Severini,Fiorentina W,2.95745512,2,30,0.09858183733333334,-0.9574551200000001,3.0
Emma Severini,Italy Women's,1.291760502,0,6,0.21529341700000001,-1.291760502,0.6
Emma Skou Færge,Fiorentina W,0.215170196,0,8,0.0268962745,-0.215170196,0.8
Emma Snerle,Denmark Women's,0.15715198800000002,0,2,0.07857599400000001,-0.15715198800000002,0.2
Emma Snerle,West Ham United LFC,0.155280568,0,3,0.05176018933333334,-0.155280568,0.3
Emma Stina Blackstenius,Arsenal WFC,7.08546205,7,44,0.16103322840909093,-0.08546205000000029,4.4
Emma Stina Blackstenius,Sweden Women's,12.39577738,7,63,0.1967583711111111,-5.39577738,6.3
Emma Wilhelmina Koivisto,Brighton & Hove Albion WFC,0.733952492,0,5,0.1467904984,-0.733952492,0.5
Emma Wilhelmina Koivisto,Liverpool WFC,2.464331191,2,15,0.16428874606666666,-0.46433119099999987,1.5
Emma Wilhelmina Koivisto,WNT Finland,0.101521924,0,1,0.101521924,-0.101521924,0.1
Emmanuel Adebayor,Crystal Palace,2.4178144660000003,1,12,0.20148453883333337,-1.4178144660000003,1.2
Emmanuel Agyemang-Badu,Udinese,3.893896057,4,41,0.09497307456097562,0.10610394299999992,4.1
Emmanuel Emenike,West Ham United,1.706566645,0,12,0.14221388708333335,-1.706566645,1.2
Emmanuel Imorou,Stade Malherbe Caen,0.444694734,1,2,0.222347367,0.555305266,0.2
Emmanuel Justine Rabby Banda,Zambia,0.0918504845,0,4,0.022962621125,-0.0918504845,0.4
Emmanuel Okyere Boateng,Levante UD,0.33984178200000004,0,3,0.11328059400000001,-0.33984178200000004,0.3
Emmanuel Rivière,Newcastle United,0.28257140999999997,0,3,0.09419046999999998,-0.28257140999999997,0.3
Emmi Alanen,WNT Finland,0.020870736,0,1,0.020870736,-0.020870736,0.1
Emre Can,Borussia Dortmund,0.1453079,0,1,0.1453079,-0.1453079,0.1
Emre Can,Germany,0.06443469,1,1,0.06443469,0.93556531,0.1
Emre Can,Liverpool,2.2238376005,1,31,0.07173669679032259,-1.2238376005,3.1
Emre Mor,Celta Vigo,0.21028928,0,1,0.21028928,-0.21028928,0.1
Emre Çolak,RC Deportivo La Coruña,0.5225575259999999,1,6,0.08709292099999999,0.47744247400000006,0.6
Endika Guarrochenea Arzubiaga,Athletic Club,0.28845892,1,2,0.14422946,0.7115410799999999,0.2
Endrick Felipe Moreira de Sousa,Brazil,0.12650213500000002,0,2,0.06325106750000001,-0.12650213500000002,0.2
Eneko Bóveda Altube,Athletic Club,0.365591124,0,5,0.07311822479999999,-0.365591124,0.5
Eneko Capilla González,Real Sociedad,0.026011854,0,1,0.026011854,-0.026011854,0.1
Enes Sipović,Kerala Blasters,0.12117808,1,2,0.06058904,0.87882192,0.2
Enes Ünal,Getafe,0.7321283,1,1,0.7321283,0.26787170000000005,0.1
Enes Ünal,Real Valladolid,0.295885512,0,6,0.049314252,-0.295885512,0.6
Enis Bardhi,Levante UD,0.602870463,0,7,0.08612435185714286,-0.602870463,0.7
Enis Bardhi,North Macedonia,0.19732758,0,5,0.039465516,-0.19732758,0.5
Enner Remberto Valencia Lastra,Ecuador,2.783207109,3,13,0.21409285453846155,0.21679289099999988,1.3
Enner Remberto Valencia Lastra,West Ham United,3.726920733,4,33,0.11293699190909091,0.27307926699999996,3.3
Enock Kwateng,Bordeaux,0.026651634,0,1,0.026651634,-0.026651634,0.1
Enric Saborit Teixidor,Athletic Club,0.081527074,0,2,0.040763537,-0.081527074,0.2
Enrique Barja Afonso,Osasuna,0.30664704,0,3,0.10221567999999999,-0.30664704,0.3
Enrique Fernando Ortiz Moruno,Cádiz,0.11729746499999999,0,3,0.039099155,-0.11729746499999999,0.3
Enrique García Martínez,Eibar,0.535267867,0,6,0.08921131116666665,-0.535267867,0.6
Enrique Mateo Montoya,Sporting Gijón,0.084727127,1,2,0.0423635635,0.915272873,0.2
Enrique Pérez Muñoz,Real Valladolid,0.305192693,0,4,0.07629817325,-0.305192693,0.4
Enrique Sola Clemente,Athletic Club,0.09281566,0,1,0.09281566,-0.09281566,0.1
Enrique Sola Clemente,Osasuna,0.19373416300000001,0,4,0.048433540750000004,-0.19373416300000001,0.4
Enrique de Lucas Martínez,Real Murcia CF,0.061993939,0,2,0.0309969695,-0.061993939,0.2
Enzo Crivelli,Bordeaux,3.267631787,3,27,0.12102339951851852,-0.267631787,2.7
Enzo Fernandez,Argentina,1.637693915,1,15,0.10917959433333334,-0.6376939150000001,1.5
Enzo Gianni Tchato Mbiayi,Montpellier,0.06691852,1,1,0.06691852,0.93308148,0.1
Enzo Le Fée,Lorient,0.721542326,1,6,0.12025705433333334,0.278457674,0.6
Enzo Maresca,Palermo,0.596891159,1,11,0.05426283263636364,0.403108841,1.1
Enzo Maresca,Sevilla,0.07585597399999999,0,2,0.037927986999999996,-0.07585597399999999,0.2
Enzo Nahuel Copetti,Charlotte,0.07409562,0,1,0.07409562,-0.07409562,0.1
Enzo Nicolás Pérez,Argentina,0.13423473,0,1,0.13423473,-0.13423473,0.1
Enzo Nicolás Pérez,Valencia,0.175009852,0,6,0.029168308666666667,-0.175009852,0.6
Enzo Pablo Roco Roco,Elche,0.022895802,0,1,0.022895802,-0.022895802,0.1
Enzo Pablo Roco Roco,Espanyol,0.9137551230000001,2,11,0.08306864754545455,1.086244877,1.1
Enzo Scifo,Belgium,0.09892820399999999,0,3,0.032976068,-0.09892820399999999,0.3
Ereleta Memeti,Hoffenheim W,3.418997958,3,35,0.09768565594285714,-0.41899795799999984,3.5
Eren Sami Dinkçi,FC Heidenheim,0.13577816,1,1,0.13577816,0.86422184,0.1
Eric Bertrand Bailly,Olympique de Marseille,0.07732077,0,1,0.07732077,-0.07732077,0.1
Eric Bertrand Bailly,Villarreal,0.342746426,0,4,0.0856866065,-0.342746426,0.4
Eric Daniel Djemba-Djemba,Manchester United,0.022594098,0,1,0.022594098,-0.022594098,0.1
Eric Dier,England,1.41293399,1,6,0.23548899833333334,-0.41293399,0.6
Eric Dier,Tottenham Hotspur,2.042183887,3,30,0.06807279623333334,0.9578161129999998,3.0
Eric García Martret,Spain,0.069568686,0,1,0.069568686,-0.069568686,0.1
Eric Gerets,Belgium,0.017105324,0,1,0.017105324,-0.017105324,0.1
Eric Junior Dina Ebimbe,Eintracht Frankfurt,0.046500877,0,1,0.046500877,-0.046500877,0.1
Eric Junior Dina Ebimbe,Paris Saint-Germain,0.051396126,0,2,0.025698063,-0.051396126,0.2
Eric Kleybel Ramírez Matheus,Venezuela,0.222277704,1,3,0.074092568,0.777722296,0.3
Eric Martel,FC Köln,0.65829162,0,2,0.32914581,-0.65829162,0.2
Eric-Sylvain Bilal Abidal,Barcelona,1.4507785995,0,17,0.08533991761764706,-1.4507785995,1.7
Erick Antonio Pulgar Farfán,Bologna,0.149509325,0,6,0.024918220833333334,-0.149509325,0.6
Erick Cathriel Cabaco Almada,Levante UD,0.130850102,0,2,0.065425051,-0.130850102,0.2
Erick Daniel Sánchez Ocegueda,Mexico,0.011917526,0,1,0.011917526,-0.011917526,0.1
Erick Javier Davis Grajales,Panama,0.044767737,0,1,0.044767737,-0.044767737,0.1
Erickson Patrick Correia Andrade,Cape Verde Islands,0.74516124,0,1,0.74516124,-0.74516124,0.1
Erik Durm,Borussia Dortmund,1.105985727,1,12,0.09216547725,-0.10598572699999997,1.2
Erik Janža,Slovenia,0.057748141,1,3,0.019249380333333333,0.942251859,0.3
Erik Lamela,Tottenham Hotspur,6.970466634,5,59,0.11814350227118645,-1.970466634,5.9
Erik Palmer-Brown,Troyes,0.32594270000000003,0,2,0.16297135000000001,-0.32594270000000003,0.2
Erik Pieters,Stoke City,0.18691192,0,5,0.037382384000000005,-0.18691192,0.5
Erika Santoro,Sassuolo W,0.295506949,0,7,0.04221527842857143,-0.295506949,0.7
Erika Tymrak,Orlando Pride,1.1456854939999999,0,10,0.11456854939999998,-1.1456854939999999,1.0
Erika Tymrak,Utah Royals,0.465588108,0,4,0.116397027,-0.465588108,0.4
Erin Bloomfield,Yeovil Town LFC,0.274208406,0,2,0.137104203,-0.274208406,0.2
Erin Cuthbert,Chelsea FCW,15.6896827735,14,155,0.10122375982903226,-1.6896827734999995,15.5
Erin Cuthbert,Scotland W,1.46315858,1,10,0.146315858,-0.46315858,1.0
Erin Jorge Gomes Pinheiro,Saint-Étienne,0.016314466,0,1,0.016314466,-0.016314466,0.1
Erin Simon,West Ham United LFC,0.009617406,0,1,0.009617406,-0.009617406,0.1
Ermedin Demirović,Augsburg,0.7652415530000001,0,6,0.12754025883333334,-0.7652415530000001,0.6
Ermin Bičakčić,Hoffenheim,1.138323031,0,8,0.142290378875,-1.138323031,0.8
Ermir Lenjani,Nantes,1.695323206,1,21,0.08072967647619048,-0.6953232060000001,2.1
Ernest Appiah Nuamah,Ghana,0.150178315,0,2,0.0750891575,-0.150178315,0.2
Ernesto Alexis Vega Rojas,Mexico,0.6087809670000001,0,9,0.06764232966666667,-0.6087809670000001,0.9
Eros Pisano,Hellas Verona,3.109309844,5,23,0.13518738452173915,1.8906901559999998,2.3
Ervin Zukanović,AS Roma,0.08337876,0,1,0.08337876,-0.08337876,0.1
Ervin Zukanović,Sampdoria,0.841141478,3,10,0.08411414780000001,2.158858522,1.0
Eseosa Aigbogun,AS Roma W,0.490687991,0,5,0.0981375982,-0.490687991,0.5
Esme Beth Morgan,Everton LFC,0.26383473,1,3,0.08794491,0.73616527,0.3
Esme Beth Morgan,Manchester City WFC,0.948339861,1,10,0.0948339861,0.051660138999999994,1.0
Esmee Brugts,Barcelona WFC,7.2177697919999995,7,37,0.19507485924324322,-0.21776979199999946,3.7
Esmee Brugts,Netherlands Women's,0.838314282,3,11,0.07621038927272727,2.161685718,1.1
Esmee de Graaf,West Ham United LFC,0.55484925,1,3,0.18494975,0.44515075000000004,0.3
Esperanza Pizarro Pagalday,SD Eibar,3.524976633,3,53,0.0665089930754717,-0.5249766330000001,5.3
Esteban Félix Granero Molina,Espanyol,0.075527005,0,1,0.075527005,-0.075527005,0.1
Esteban Félix Granero Molina,Real Sociedad,0.501914736,0,9,0.055768304000000005,-0.501914736,0.9
Esteban Matías Cambiasso Delau,Inter Milan,0.12529318,0,1,0.12529318,-0.12529318,0.1
Esteban Vigo Benítez,Barcelona,0.27839365499999996,0,3,0.09279788499999998,-0.27839365499999996,0.3
Estefanía Romina Banini Ruiz,Argentina Women's,0.154993634,0,4,0.0387484085,-0.154993634,0.4
Estefanía Romina Banini Ruiz,Atletico Madrid W,1.793815983,3,24,0.074742332625,1.206184017,2.4
Estefanía Romina Banini Ruiz,Washington Spirit,0.31098448,0,4,0.07774612,-0.31098448,0.4
Estela Carbonell,Levante UD Femenino,2.3008998199999997,2,20,0.11504499099999999,-0.3008998199999997,2.0
Estela Fernández Pablos,Valencia CF,0.364367587,0,7,0.05205251242857143,-0.364367587,0.7
Estelle Cascarino,France Women's,0.03976854,0,1,0.03976854,-0.03976854,0.1
Estelle Cascarino,Juventus W,0.2168481905,0,8,0.0271060238125,-0.2168481905,0.8
Estelle Johnson,Washington Spirit,0.41908326,0,3,0.13969442,-0.41908326,0.3
Esther Gonzalez Rodríguez,NJ/NY Gotham FC,3.196730743,3,20,0.15983653714999999,-0.19673074299999982,2.0
Esther Gonzalez Rodríguez,Spain Women's,7.285717433,6,48,0.15178577985416666,-1.2857174330000003,4.8
Esther Laborde Cabanillas,Madrid CFF,0.451031869,0,6,0.07517197816666667,-0.451031869,0.6
Esther Martín-Pozuelo Aranda,Granada W,0.709256501,0,13,0.05455819238461539,-0.709256501,1.3
Esther Morgan,Tottenham Hotspur Women,0.033337934,0,2,0.016668967,-0.033337934,0.2
Estrella Merino Gonzalez,TSV Bayer 04 Leverkusen,1.3999269349999999,1,10,0.1399926935,-0.3999269349999999,1.0
Ethan Ampadu,Wales,0.010134185,0,1,0.010134185,-0.010134185,0.1
Ethan Pinnock,Jamaica,0.20327644,0,1,0.20327644,-0.20327644,0.1
Etienne Capoue,Villarreal,0.17268756,0,1,0.17268756,-0.17268756,0.1
Etienne Capoue,Watford,2.4655413615,0,35,0.0704440389,-2.4655413615,3.5
Euciodálcio Gomes,Guinea-Bissau,0.102990569,0,3,0.03433018966666667,-0.102990569,0.3
Eugen Polanski,Hoffenheim,1.656238184,1,24,0.06900992433333333,-0.656238184,2.4
Eugénie Le Sommer,France Women's,5.130638293,6,31,0.1655044610645161,0.8693617070000004,3.1
Eun-Ha Jeoun,Korea Republic Women's,0.076469,0,1,0.076469,-0.076469,0.1
Eun-Sun Park,Korea Republic Women's,0.39166279000000004,0,3,0.13055426333333334,-0.39166279000000004,0.3
Eunan O''Kane,AFC Bournemouth,0.613648111,0,7,0.08766401585714287,-0.613648111,0.7
Eunan O'Kane,AFC Bournemouth,0.082632795,0,1,0.082632795,-0.082632795,0.1
Eunate Arraiza Otazu,Athletic Club Bilbao,0.073447765,0,2,0.0367238825,-0.073447765,0.2
Eva Llamas Hernández,Sevilla FC,1.481690935,2,13,0.11397622576923078,0.518309065,1.3
Eva Maria Navarro,Atletico Madrid W,2.617269994,6,39,0.06710948702564103,3.382730006,3.9
Eva Maria Navarro,Spain Women's,0.181350816,0,4,0.045337704,-0.181350816,0.4
Eva Nyström,WNT Finland,0.14725478,0,1,0.14725478,-0.14725478,0.1
Eva Schatzer,Sampdoria W,1.108268312,2,24,0.046177846333333335,0.8917316879999999,2.4
Eva Sofia Jakobsson,San Diego Wave,1.3511230840000001,2,13,0.10393254492307694,0.6488769159999999,1.3
Eva Sofia Jakobsson,Sweden Women's,2.681396153,2,18,0.14896645294444444,-0.6813961530000001,1.8
Eva Van Deursen,SD Eibar,0.457266062,0,6,0.07621101033333333,-0.457266062,0.6
Eva Van Deursen,TSV Bayer 04 Leverkusen,0.6844174000000001,1,4,0.17110435000000002,0.31558259999999994,0.4
Evaeverson Lemos da Silva Brandão,Bastia,2.886665245,2,26,0.11102558634615385,-0.8866652450000001,2.6
Evann Guessand,Nantes,0.0638497,0,1,0.0638497,-0.0638497,0.1
Eve Perisset,Chelsea FCW,0.234836333,0,2,0.1174181665,-0.234836333,0.2
Eve Perisset,France Women's,1.642189895,1,4,0.41054747375,-0.642189895,0.4
Eveliina Summanen,Tottenham Hotspur Women,0.6774662340000001,1,11,0.06158783945454546,0.32253376599999994,1.1
Eveliina Summanen,WNT Finland,0.252205324,0,4,0.063051331,-0.252205324,0.4
Evelyn Ijeh,AC Milan W,2.988063425,3,27,0.11066901574074074,0.011936575000000005,2.7
Evelyne Viens,AS Roma W,8.24326358,13,67,0.12303378477611941,4.756736419999999,6.7
Evelyne Viens,Canada Women's,0.373378059,0,3,0.124459353,-0.373378059,0.3
Everaldo Marques da Silva,Brazil,0.099737824,0,5,0.0199475648,-0.099737824,0.5
Evgeny Makarenko,Ukraine,0.027891653,0,1,0.027891653,-0.027891653,0.1
Evidence Makgopa,South Africa,1.925988071,1,13,0.14815292853846154,-0.9259880709999999,1.3
Ewa Pajor,Poland Women's,1.635246217,1,9,0.1816940241111111,-0.635246217,0.9
Ewa Pajor,VfL Wolfsburg WFC,12.9071287,18,68,0.18981071617647058,5.0928713000000005,6.8
Ewelina Kamczyk,Poland Women's,0.207903199,0,4,0.05197579975,-0.207903199,0.4
Ewerthon Henrique de Souza,Real Zaragoza,0.570138736,0,8,0.071267342,-0.570138736,0.8
Exequiel Alejandro Palacios,Argentina,0.11486078,0,1,0.11486078,-0.11486078,0.1
Exequiel Alejandro Palacios,Bayer Leverkusen,3.118682906,4,21,0.14850870980952383,0.8813170939999999,2.1
Ezequiel Iván Lavezzi,Paris Saint-Germain,1.385103515,2,13,0.10654642423076922,0.614896485,1.3
Ezequiel Marcelo Garay,Racing Santander,0.87428148,0,3,0.29142716,-0.87428148,0.3
Ezequiel Marcelo Garay,Valencia,0.8317245600000001,1,2,0.41586228000000003,0.16827543999999994,0.2
Ezequiel Muñoz,Genoa,0.497569683,0,8,0.062196210375,-0.497569683,0.8
Ezgjan Alioski,North Macedonia,0.95454622,1,3,0.3181820733333333,0.04545378,0.3
Fabian Delph,England,0.062803044,0,3,0.020934348000000002,-0.062803044,0.3
Fabian Delph,Manchester City,0.3280142015,2,13,0.025231861653846152,1.6719857985,1.3
Fabian Frei,FSV Mainz 05,0.5268027965000001,0,11,0.04789116331818182,-0.5268027965000001,1.1
Fabian Holland,Darmstadt 98,0.07522314549999999,0,3,0.02507438183333333,-0.07522314549999999,0.3
Fabian Johnson,Borussia Mönchengladbach,3.216066643,6,26,0.12369487088461538,2.783933357,2.6
Fabian Lukas Schär,Hoffenheim,1.363856601,1,18,0.07576981116666666,-0.36385660099999995,1.8
Fabian Lukas Schär,RC Deportivo La Coruña,0.72262741,0,3,0.24087580333333333,-0.72262741,0.3
Fabian Lukas Schär,Switzerland,2.846968126,2,13,0.21899754815384617,-0.8469681260000002,1.3
Fabian Lustenberger,Hertha Berlin,0.683433381,1,10,0.0683433381,0.31656661900000005,1.0
Fabian Rieder,Switzerland,0.061014414,0,1,0.061014414,-0.061014414,0.1
Fabien Camus,Troyes,4.307174021,5,65,0.06626421570769231,0.6928259790000002,6.5
Fabien Lemoine,Saint-Étienne,0.489485696,0,19,0.025762405052631582,-0.489485696,1.9
Fabienne Dongus,Hoffenheim W,1.4729880629999998,2,11,0.1339080057272727,0.5270119370000002,1.1
Fabienne Humm,Switzerland Women's,0.0159189,0,1,0.0159189,-0.0159189,0.1
Fabio Borini,Sunderland,4.846411479,5,49,0.09890635671428571,0.15358852099999964,4.9
Fabio Capello,Juventus,0.016805176,0,1,0.016805176,-0.016805176,0.1
Fabio Celestini,Getafe,0.330463128,0,3,0.110154376,-0.330463128,0.3
Fabio Daprelà,Palermo,0.10657481,0,1,0.10657481,-0.10657481,0.1
Fabio Quagliarella,Sampdoria,4.2508545065,3,51,0.08335008836274509,-1.2508545064999996,5.1
Fabio Quagliarella,Torino,6.462900374,5,50,0.12925800748,-1.4629003740000002,5.0
Fabiola Villalobos Morales,Costa Rica Women's,0.5291733599999999,0,4,0.13229333999999998,-0.5291733599999999,0.4
Fabián Ariel Orellana Valenzuela,Celta Vigo,8.6828337145,7,79,0.10990928752531645,-1.6828337144999992,7.9
Fabián Ariel Orellana Valenzuela,Eibar,0.604914424,0,10,0.0604914424,-0.604914424,1.0
Fabián Ariel Orellana Valenzuela,Granada,0.2015415,0,1,0.2015415,-0.2015415,0.1
Fabián Ariel Orellana Valenzuela,Real Valladolid,0.09255478,0,2,0.04627739,-0.09255478,0.2
Fabián Ariel Orellana Valenzuela,Xerez,0.225345045,0,3,0.075115015,-0.225345045,0.3
Fabián Cornelio Balbuena González,Paraguay,0.471037488,0,4,0.117759372,-0.471037488,0.4
Fabián Larry Estoyanoff Poggio,Cádiz,0.134324113,0,2,0.0671620565,-0.134324113,0.2
Fabián Larry Estoyanoff Poggio,RC Deportivo La Coruña,0.7629301909999999,0,2,0.38146509549999996,-0.7629301909999999,0.2
Fabián Ruiz Peña,Paris Saint-Germain,1.773647645,2,18,0.09853598027777778,0.22635235499999995,1.8
Fabián Ruiz Peña,Real Betis,0.274832978,0,8,0.03435412225,-0.274832978,0.8
Fabián Ruiz Peña,Spain,1.349474123,2,18,0.07497078461111112,0.650525877,1.8
Fabricio Coloccini,Newcastle United,0.934357777,1,10,0.0934357777,0.065642223,1.0
Fabricio Coloccini,RC Deportivo La Coruña,0.069863888,0,2,0.034931944,-0.069863888,0.2
Fabrizio Cacciatore,Chievo,1.5718509809999999,1,10,0.15718509809999998,-0.5718509809999999,1.0
Facinet Conte,Guinea,0.22692905000000002,0,2,0.11346452500000001,-0.22692905000000002,0.2
Facundo Farías,Inter Miami,0.655935456,2,10,0.0655935456,1.344064544,1.0
Facundo Pellistri Rebollo,Uruguay,1.00835143,1,4,0.2520878575,-0.008351430000000049,0.4
Facundo Sebastián Roncaglia,Celta Vigo,0.12634271,0,1,0.12634271,-0.12634271,0.1
Facundo Sebastián Roncaglia,Fiorentina,0.209908047,1,11,0.019082549727272725,0.790091953,1.1
Facundo Sebastián Roncaglia,Osasuna,0.046214667,0,2,0.0231073335,-0.046214667,0.2
Fahad Mosaed Al Muwallad Al Harbi,Saudi Arabia,0.7953191399999999,0,2,0.39765956999999996,-0.7953191399999999,0.2
Faisal Salum Abdalla,Tanzania,0.010949957,0,1,0.010949957,-0.010949957,0.1
Fakhreddine Ben Youssef,Tunisia,1.334946669,1,7,0.190706667,-0.33494666900000003,0.7
Falaye Sacko,Saint-Étienne,0.07546519,0,1,0.07546519,-0.07546519,0.1
Fali Candé,Guinea-Bissau,0.12446932599999999,0,4,0.031117331499999998,-0.12446932599999999,0.4
Fali Candé,Metz,0.12247684,0,1,0.12247684,-0.12247684,0.1
Fallou Diagne,Rennes,2.860330511,5,17,0.16825473594117646,2.139669489,1.7
Famana Quizera,Guinea-Bissau,0.102352895,0,4,0.02558822375,-0.102352895,0.4
Famara Diedhiou,Senegal,0.35421636,1,3,0.11807212,0.64578364,0.3
Faouzi Ghoulam,Napoli,0.6229445385,0,22,0.02831566084090909,-0.6229445385,2.2
Fara Williams,Reading WFC,17.0063792685,19,164,0.1036974345640244,1.9936207314999983,16.4
Fares Chaïbi,Algeria,0.24090942599999998,0,3,0.080303142,-0.24090942599999998,0.3
Fares Chaïbi,Eintracht Frankfurt,0.301715918,0,5,0.0603431836,-0.301715918,0.5
Fares Chaïbi,Toulouse,0.159317243,0,3,0.05310574766666667,-0.159317243,0.3
Farid El Melali,Angers,0.090781219,0,2,0.0453906095,-0.090781219,0.2
Faride Alidou,FC Köln,0.07171263,0,1,0.07171263,-0.07171263,0.1
Farès Bahlouli,AS Monaco,0.174781487,1,6,0.029130247833333334,0.825218513,0.6
Fashion Sakala,Zambia,0.4491798365,0,2,0.22458991825,-0.4491798365,0.2
Fatima Zahra Tagnaout,Morocco Women's,0.05457996,0,1,0.05457996,-0.05457996,0.1
Fatoumata Kanteh Cham,Villarreal,2.946284408,3,34,0.08665542376470588,0.05371559200000009,3.4
Faustino Marcos Alberto Rojo,Argentina,0.1308396,1,2,0.0654198,0.8691603999999999,0.2
Faustino Marcos Alberto Rojo,Manchester United,0.4211925305,0,8,0.0526490663125,-0.4211925305,0.8
Fausto Rossi,Real Valladolid,0.325830252,1,3,0.108610084,0.674169748,0.3
Faye Bryson,Bristol City WFC,0.301901149,1,6,0.050316858166666666,0.698098851,0.6
Faye Bryson,Everton LFC,0.09842451799999999,0,2,0.049212258999999994,-0.09842451799999999,0.2
Fayçal Fajr,Elche,0.072597366,0,2,0.036298683,-0.072597366,0.2
Fayçal Fajr,Getafe,0.092846103,0,3,0.030948701,-0.092846103,0.3
Fayçal Fajr,RC Deportivo La Coruña,2.821717181,5,48,0.05878577460416667,2.178282819,4.8
Federica Cafferata,Juventus W,0.089335023,0,3,0.029778341,-0.089335023,0.3
Federica Veritti,Napoli W,0.045373395,0,1,0.045373395,-0.045373395,0.1
Federico Barba,Empoli,0.25134422,0,3,0.08378140666666667,-0.25134422,0.3
Federico Barba,VfB Stuttgart,0.06013424,1,1,0.06013424,0.93986576,0.1
Federico Bernardeschi,Fiorentina,3.392171196,2,54,0.06281798511111111,-1.392171196,5.4
Federico Bernardeschi,Italy,1.586411051,2,6,0.2644018418333333,0.413588949,0.6
Federico Bernardeschi,Toronto FC,0.103183843,0,2,0.0515919215,-0.103183843,0.2
Federico Bikoro Akieme Nchama,Equatorial Guinea,0.026580386,0,1,0.026580386,-0.026580386,0.1
Federico Bonazzoli,Sampdoria,0.017786829,0,1,0.017786829,-0.017786829,0.1
Federico Chiesa,Italy,1.410090146,2,24,0.05875375608333333,0.5899098540000001,2.4
Federico Dimarco,Italy,0.061368471,0,2,0.0306842355,-0.061368471,0.2
Federico Dionisi,Frosinone,6.168259142,9,86,0.0717239435116279,2.831740858,8.6
Federico Fernández,Swansea City,1.851480294,1,17,0.10891060552941176,-0.8514802939999999,1.7
Federico Gallego Revetria,NorthEast United,0.03264426,0,1,0.03264426,-0.03264426,0.1
Federico Julián Fazio,Sevilla,0.050480675,0,1,0.050480675,-0.050480675,0.1
Federico Mattiello,Chievo,0.19091029,0,3,0.06363676333333333,-0.19091029,0.3
Federico Nicolás Cartabia,Córdoba CF,0.192835815,0,4,0.04820895375,-0.192835815,0.4
Federico Nicolás Cartabia,RC Deportivo La Coruña,2.250914396,3,52,0.04328681530769231,0.7490856039999998,5.2
Federico Peluso,Sassuolo,1.756146853,1,19,0.0924287817368421,-0.756146853,1.9
Federico Piovaccari,Eibar,0.31418106,0,2,0.15709053,-0.31418106,0.2
Federico Ricca Rostagnol,Málaga,0.174377145,1,2,0.0871885725,0.825622855,0.2
Federico Santiago Valverde Dipetta,RC Deportivo La Coruña,0.01080626,0,1,0.01080626,-0.01080626,0.1
Federico Santiago Valverde Dipetta,Real Madrid,0.433959019,1,6,0.07232650316666667,0.566040981,0.6
Federico Santiago Valverde Dipetta,Uruguay,2.491972931,3,24,0.10383220545833333,0.5080270690000002,2.4
Federico Vico Villegas,Córdoba CF,0.047718503,0,1,0.047718503,-0.047718503,0.1
Federico Viviani,Hellas Verona,1.395798294,3,32,0.0436186966875,1.604201706,3.2
Feliciano João Jone,Mozambique,0.0979062,0,1,0.0979062,-0.0979062,0.1
Felicitas Rauch,Germany Women's,0.153900351,0,4,0.03847508775,-0.153900351,0.4
Felicitas Rauch,VfL Wolfsburg WFC,0.21984997,0,1,0.21984997,-0.21984997,0.1
Felicity Gibbons,Brighton & Hove Albion WFC,2.005006892,0,16,0.12531293075,-2.005006892,1.6
Felipe Abdiel Baloy Ramírez,Panama,0.18162483,1,1,0.18162483,0.81837517,0.1
Felipe Anderson Pereira Gomes,Lazio,4.353876276,7,50,0.08707752552,2.6461237239999997,5.0
Felipe Augusto de Almeida Monteiro,Atlético Madrid,0.377026764,0,3,0.125675588,-0.377026764,0.3
Felipe Dias da Silva dal Belo,Udinese,1.6375100420000002,1,11,0.1488645492727273,-0.6375100420000002,1.1
Felipe Mattioni Rohde,Mallorca,0.109925839,0,2,0.0549629195,-0.109925839,0.2
Felipe Melo de Carvalho,Inter Milan,1.787784971,1,23,0.07772978134782609,-0.787784971,2.3
Felipe Melo de Carvalho,Racing Santander,0.10850586000000001,0,2,0.054252930000000005,-0.10850586000000001,0.2
Felipe Salvador Caicedo Corozo,Espanyol,7.146344732,8,44,0.16241692572727273,0.8536552679999998,4.4
Felipe Salvador Caicedo Corozo,Levante UD,0.34781338,1,3,0.11593779333333333,0.6521866199999999,0.3
Felix Dja Ettien Yohou,Levante UD,0.03441644,0,1,0.03441644,-0.03441644,0.1
Felix Eduardo Torres Caicedo,Ecuador,0.560627631,0,6,0.0934379385,-0.560627631,0.6
Felix Klaus,Hannover 96,1.260015726,1,19,0.06631661715789473,-0.260015726,1.9
Felix Kroos,Werder Bremen,1.154957115,0,7,0.16499387357142856,-1.154957115,0.7
Felix Platte,Darmstadt 98,0.324079794,0,4,0.0810199485,-0.324079794,0.4
Felix Wiedwald,Werder Bremen,0.075145826,0,1,0.075145826,-0.075145826,0.1
Fenna Kalma,VfL Wolfsburg WFC,5.022460137,3,33,0.15219576172727273,-2.0224601370000004,3.3
Ferdi Erenay Kadıoğlu,Turkey,0.107152796,0,2,0.053576398,-0.107152796,0.2
Ferjani Sassi,Tunisia,1.007248231,1,6,0.16787470516666667,-0.007248230999999938,0.6
Fermin Lopez Marin,Spain,0.057825703000000006,0,2,0.028912851500000003,-0.057825703000000006,0.2
Fern Whelan,Brighton & Hove Albion WFC,1.1186138259999998,0,5,0.22372276519999995,-1.1186138259999998,0.5
Fernando Amorebieta Mardaras,Athletic Club,0.029094739,0,1,0.029094739,-0.029094739,0.1
Fernando Damián Tissone,Mallorca,0.019776888,0,1,0.019776888,-0.019776888,0.1
Fernando Damián Tissone,Málaga,0.22112503900000002,0,8,0.027640629875000003,-0.22112503900000002,0.8
Fernando De Napoli,Napoli,0.157168685,0,4,0.03929217125,-0.157168685,0.4
Fernando Francisco Reges,Manchester City,2.722578445,2,16,0.1701611528125,-0.7225784449999999,1.6
Fernando Francisco Reges,Sevilla,0.09072575,0,1,0.09072575,-0.09072575,0.1
Fernando Javier Saucedo Pereyra,Bolivia,0.037968565,0,1,0.037968565,-0.037968565,0.1
Fernando José Torres Sanz,Atlético Madrid,9.1380509635,13,70,0.13054358519285714,3.8619490365000004,7.0
Fernando Llorente Torres,Athletic Club,3.01348579,2,16,0.188342861875,-1.0134857899999998,1.6
Fernando Llorente Torres,Sevilla,5.384517492,4,31,0.17369411264516127,-1.3845174919999996,3.1
Fernando Lucas Martins,Sampdoria,2.811116728,4,48,0.058564931833333334,1.188883272,4.8
Fernando Luiz Rosa,Manchester City,1.704670199,2,28,0.060881078535714284,0.29532980100000006,2.8
Fernando Luiz Roza,Brazil,0.178191396,0,3,0.059397132,-0.178191396,0.3
Fernando Luiz Roza,Manchester City,0.0407733,0,2,0.02038665,-0.0407733,0.2
Fernando Miguel Fernández Escribano,Málaga,0.01858548,0,1,0.01858548,-0.01858548,0.1
Fernando Miguel Fernández Escribano,Real Betis,0.23599225000000001,0,2,0.11799612500000001,-0.23599225000000001,0.2
Fernando Morientes Sánchez,AS Monaco,0.031422757,0,1,0.031422757,-0.031422757,0.1
Fernando Morientes Sánchez,Valencia,0.182482286,0,2,0.091241143,-0.182482286,0.2
Fernando Navarro i Corbacho,Mallorca,0.08302972,0,2,0.04151486,-0.08302972,0.2
Fernando Navarro i Corbacho,RC Deportivo La Coruña,0.014090132,0,1,0.014090132,-0.014090132,0.1
Fernando Navarro i Corbacho,Sevilla,0.01635406,0,1,0.01635406,-0.01635406,0.1
Fernando Rubén Gago,Real Madrid,0.068862452,0,4,0.017215613,-0.068862452,0.4
Fernando Soriano Marco,Almería,0.36159933499999997,0,5,0.072319867,-0.36159933499999997,0.5
Fernando Soriano Marco,Osasuna,0.034146562,0,1,0.034146562,-0.034146562,0.1
Fernando Varela Ramos,Mallorca,0.179831611,0,4,0.04495790275,-0.179831611,0.4
Fernando Varela Ramos,Real Betis,0.036301296999999996,0,2,0.018150648499999998,-0.036301296999999996,0.2
Fernando de Lacerda Gomes,Guinea-Bissau,0.073872451,0,2,0.0369362255,-0.073872451,0.2
Ferrán Corominas Telechea,Elche,0.070544995,0,1,0.070544995,-0.070544995,0.1
Ferrán Corominas Telechea,Espanyol,1.877803777,2,7,0.26825768242857145,0.12219622299999999,0.7
Ferrán Torres García,Spain,2.700877173,5,17,0.15887512782352942,2.299122827,1.7
Ffion Morgan,Bristol City WFC,1.410790055,1,12,0.11756583791666668,-0.4107900550000001,1.2
Fiamma Iannuzzi,Valencia CF,4.546601452,2,49,0.09278778473469387,-2.546601452,4.9
Fidel Escobar Mendieta,Panama,0.037727434,0,1,0.037727434,-0.037727434,0.1
Filip Helander,Hellas Verona,0.676730239,2,6,0.11278837316666666,1.3232697610000002,0.6
Filip Kostić,Serbia,1.143608476,0,5,0.22872169520000002,-1.143608476,0.5
Filip Kostić,VfB Stuttgart,4.496420232,5,47,0.0956685155744681,0.5035797679999998,4.7
Filip Mladenović,FC Köln,0.7458042485,0,13,0.05736955757692308,-0.7458042485,1.3
Filip Mladenović,Serbia,0.03710216,0,1,0.03710216,-0.03710216,0.1
Filip Yavorov Krastev,LAFC,0.016140321,0,1,0.016140321,-0.016140321,0.1
Filip Đorđević,Lazio,3.658996975,3,20,0.18294984875,-0.658996975,2.0
Filipe Luís Kasmirski,Atlético Madrid,1.213510142,1,12,0.10112584516666667,-0.21351014200000007,1.2
Filipe Luís Kasmirski,Brazil,0.021452257,0,1,0.021452257,-0.021452257,0.1
Filipe Luís Kasmirski,RC Deportivo La Coruña,0.0083593745,0,1,0.0083593745,-0.0083593745,0.1
Filippo Falco,Bologna,0.141092609,0,4,0.03527315225,-0.141092609,0.4
Filippo Inzaghi,AC Milan,0.262747805,2,2,0.1313739025,1.737252195,0.2
Filippo Porcari,Carpi,0.040725977,0,2,0.0203629885,-0.040725977,0.2
Fin Bartels,Werder Bremen,5.796370051,8,43,0.13479930351162792,2.2036299489999998,4.3
Finn Ole Becker,Hoffenheim,0.033533495,0,1,0.033533495,-0.033533495,0.1
Fiona Brown,Scotland W,0.060756747,0,1,0.060756747,-0.060756747,0.1
Firas Tariq Nasser Al Albirakan,Saudi Arabia,0.172961447,0,2,0.0864807235,-0.172961447,0.2
Fiston Kalala Mayele,Congo DR,0.7176914799999999,0,5,0.14353829599999998,-0.7176914799999999,0.5
Flaminia Simonetti,FC Internazionale Milano W,1.78334351,2,15,0.11888956733333332,0.2166564900000001,1.5
Flaminia Simonetti,Italy Women's,0.7405260899999999,0,3,0.24684202999999996,-0.7405260899999999,0.3
Flavia Lorena Benítez,Argentina Women's,0.130869359,0,4,0.03271733975,-0.130869359,0.4
Flavien Tait,Rennes,0.18884575,1,1,0.18884575,0.81115425,0.1
Florea Dumitrache,Romania,0.48348281000000004,1,2,0.24174140500000002,0.51651719,0.2
Florence Allen,Bristol City WFC,0.71071659,0,2,0.355358295,-0.71071659,0.2
Florencia Soledad Jaimes,Argentina Women's,0.41128109199999996,0,3,0.13709369733333332,-0.41128109199999996,0.3
Florent Balmont,Lille,0.961782161,0,30,0.03205940536666667,-0.961782161,3.0
Florent Mollet,Montpellier,0.038306873,0,1,0.038306873,-0.038306873,0.1
Florent Mollet,Nantes,0.01949538,0,1,0.01949538,-0.01949538,0.1
Florent Sinama-Pongolle,Atlético Madrid,0.04175531,0,1,0.04175531,-0.04175531,0.1
Florent Sinama-Pongolle,Real Zaragoza,0.15241128,0,1,0.15241128,-0.15241128,0.1
Florent Sinama-Pongolle,Recreativo Huelva,0.822198497,0,4,0.20554962425,-0.822198497,0.4
Florentin Pogba,Saint-Étienne,0.606765915,0,10,0.0606765915,-0.606765915,1.0
Florian Grillitsch,Austria,0.2453114275,0,6,0.04088523791666667,-0.2453114275,0.6
Florian Grillitsch,Werder Bremen,1.9592417145,1,28,0.069972918375,-0.9592417145000001,2.8
Florian Grégoire Claude Lejeune,Deportivo Alavés,0.026113095,0,1,0.026113095,-0.026113095,0.1
Florian Grégoire Claude Lejeune,Eibar,0.08679686,0,2,0.04339843,-0.08679686,0.2
Florian Jungwirth,Darmstadt 98,0.273094819,0,8,0.034136852375,-0.273094819,0.8
Florian Klein,VfB Stuttgart,0.60714573,0,14,0.043367552142857146,-0.60714573,1.4
Florian Kohls,Hertha Berlin,0.014760561,0,1,0.014760561,-0.014760561,0.1
Florian Marange,Bastia,0.044078055000000005,0,2,0.022039027500000002,-0.044078055000000005,0.2
Florian Neuhaus,Borussia Mönchengladbach,0.048108857,0,1,0.048108857,-0.048108857,0.1
Florian Niederlechner,FSV Mainz 05,1.21607657,0,5,0.24321531400000002,-1.21607657,0.5
Florian Pick,FC Heidenheim,0.01895031,0,1,0.01895031,-0.01895031,0.1
Florian Raspentino,Bastia,0.7901255500000001,1,8,0.09876569375000001,0.20987444999999993,0.8
Florian Sotoca,Lens,0.129610932,0,2,0.064805466,-0.129610932,0.2
Florian Sotoca,Montpellier,0.069148585,0,1,0.069148585,-0.069148585,0.1
Florian Tardieu,Troyes,0.768228469,1,2,0.3841142345,0.23177153100000003,0.2
Florian Thauvin,Marseille,0.254479131,0,6,0.042413188500000004,-0.254479131,0.6
Florian Thauvin,Newcastle United,0.45637017,0,8,0.05704627125,-0.45637017,0.8
Florian Thauvin,Olympique de Marseille,1.2588185299999999,2,11,0.11443804818181817,0.7411814700000001,1.1
Florian Wirtz,Bayer Leverkusen,8.469940788,11,71,0.11929494067605635,2.5300592119999994,7.1
Florian Wirtz,Germany,0.650647893,2,8,0.081330986625,1.349352107,0.8
Florin Andone,Córdoba CF,0.25858760000000003,0,2,0.12929380000000001,-0.25858760000000003,0.2
Florin Andone,RC Deportivo La Coruña,0.5867881979999999,0,6,0.09779803299999999,-0.5867881979999999,0.6
Florinel Teodor Coman,Romania,0.07198238,0,2,0.03599119,-0.07198238,0.2
Floyd Ayité,Bastia,6.012186708,7,69,0.08713314069565217,0.9878132920000002,6.9
Folarin Balogun,Stade de Reims,0.75024666,1,6,0.12504110999999998,0.24975334000000005,0.6
Folarin Balogun,United States,0.59203933,2,5,0.118407866,1.40796067,0.5
Foued Kadir,Real Betis,0.45659317600000005,0,10,0.045659317600000006,-0.45659317600000005,1.0
Fousseni Diabaté,Mali,0.083219342,0,2,0.041609671,-0.083219342,0.2
Fraizer Campbell,Crystal Palace,0.69655192,0,4,0.17413798,-0.69655192,0.4
Fran Karačić,Australia,0.0466854605,0,3,0.015561820166666665,-0.0466854605,0.3
Francesc Aday Benítez Caraballo,Girona,0.03395539,0,1,0.03395539,-0.03395539,0.1
Francesc Fàbregas i Soler,Barcelona,14.956967384,20,113,0.13236254322123894,5.043032616,11.3
Francesc Fàbregas i Soler,Chelsea,4.645213191,5,48,0.09677527481249999,0.35478680900000015,4.8
Francesca Claire Tagliaferri,North Carolina Courage,0.192408522,0,2,0.096204261,-0.192408522,0.2
Francesca Kirby,Chelsea FCW,22.943925968,26,139,0.16506421559712228,3.0560740320000015,13.9
Francesca Kirby,England Women's,0.763717848,3,9,0.08485753866666666,2.2362821520000002,0.9
Francesco Acerbi,Italy,0.06765029,0,1,0.06765029,-0.06765029,0.1
Francesco Acerbi,Sassuolo,2.083339969,4,14,0.14880999778571427,1.9166600310000002,1.4
Francesco Lodi,Udinese,1.256631162,1,25,0.05026524648,-0.2566311619999999,2.5
Francesco Magnanelli,Sassuolo,0.482485441,1,18,0.026804746722222224,0.517514559,1.8
Francesco Romano,Napoli,0.062714277,0,2,0.0313571385,-0.062714277,0.2
Francesco Totti,AS Roma,2.3950494239999998,5,22,0.1088658829090909,2.6049505760000002,2.2
Francis Henry Lee,England,0.354646342,0,3,0.11821544733333333,-0.354646342,0.3
Francis Jeffers,Everton,0.135051482,0,2,0.067525741,-0.135051482,0.2
Francis Joseph Coquelin,Arsenal,0.200205742,0,9,0.022245082444444442,-0.200205742,0.9
Francis Joseph Coquelin,Valencia,0.026129711,0,1,0.026129711,-0.026129711,0.1
Francis Joseph Coquelin,Villarreal,0.11800504,0,1,0.11800504,-0.11800504,0.1
Francisca Alejandra Lara Lara,Chile Women's,1.00127622,0,5,0.200255244,-1.00127622,0.5
Francisca Alejandra Lara Lara,Villarreal,0.832415363,1,9,0.09249059588888889,0.16758463700000004,0.9
Francisca Ordega,Nigeria Women's,0.41365472000000003,0,6,0.06894245333333333,-0.41365472000000003,0.6
Francisca Ordega,Washington Spirit,1.297492767,1,6,0.2162487945,-0.29749276700000005,0.6
Francisca Ramos Ribeiro Nazareth Sousa,Portugal Women's,1.413486295,1,10,0.1413486295,-0.413486295,1.0
Francisco Alcácer García,Barcelona,6.582323738,9,31,0.21233302380645164,2.4176762619999996,3.1
Francisco Alcácer García,Valencia,14.279330991,14,68,0.20999016163235296,-0.27933099100000014,6.8
Francisco Andrés Silva Gajardo,Osasuna,0.015330428,0,1,0.015330428,-0.015330428,0.1
Francisco António Machado Mota de Castro Trincão,Barcelona,1.725254179,3,20,0.08626270895,1.274745821,2.0
Francisco Bonet Serrano,Real Madrid,0.035052553,0,1,0.035052553,-0.035052553,0.1
Francisco David Sousa Franquelo,Getafe,0.144155284,0,2,0.072077642,-0.144155284,0.2
Francisco Femenía Far,Hércules,0.20896462899999999,0,3,0.06965487633333332,-0.20896462899999999,0.3
Francisco Fernandes Conceição,Portugal,0.7801635659999999,1,5,0.15603271319999998,0.21983643400000008,0.5
Francisco Javier Calvo Quesada,Costa Rica,0.34338628400000004,1,3,0.11446209466666668,0.656613716,0.3
Francisco Javier Casquero Paredes,Getafe,0.111390896,0,4,0.027847724,-0.111390896,0.4
Francisco Javier Casquero Paredes,Racing Santander,0.7539362,1,1,0.7539362,0.24606380000000005,0.1
Francisco Javier García Fernández,Osasuna,0.06176912,0,2,0.03088456,-0.06176912,0.2
Francisco Javier Hernández González,Odisha,5.259438342,6,49,0.10733547636734694,0.7405616579999998,4.9
Francisco Javier Hidalgo Gómez,Levante UD,0.037699763,0,1,0.037699763,-0.037699763,0.1
Francisco Javier Yeste Navarro,Athletic Club,0.6374631695,1,7,0.09106616707142857,0.36253683049999996,0.7
Francisco Jesús Pérez Malia,Racing Santander,0.0780667,0,1,0.0780667,-0.0780667,0.1
Francisco Jiménez Tejada,RC Deportivo La Coruña,0.349956123,0,2,0.1749780615,-0.349956123,0.2
Francisco José Beltrán Peinado,Celta Vigo,0.168563282,0,3,0.05618776066666667,-0.168563282,0.3
Francisco José Maldonado Collantes,Sporting Gijón,0.28856539800000003,1,3,0.09618846600000001,0.711434602,0.3
Francisco José Molinero Calderón,Atlético Madrid,0.048858687,0,1,0.048858687,-0.048858687,0.1
Francisco José Molinero Calderón,Real Betis,0.401034922,0,6,0.06683915366666666,-0.401034922,0.6
Francisco José Olivas Alba,Real Valladolid,0.40566395499999996,1,2,0.20283197749999998,0.594336045,0.2
Francisco José Perdomo Borges,Las Palmas,0.348312683,0,4,0.08707817075,-0.348312683,0.4
Francisco José Sota Bernard,East Bengal,0.7214671356,0,13,0.055497471969230765,-0.7214671356,1.3
Francisco José Sánchez Rodríguez,Sevilla,0.190207075,0,3,0.06340235833333334,-0.190207075,0.3
Francisco Manuel Rico Castro,Eibar,0.01865694,0,1,0.01865694,-0.01865694,0.1
Francisco Manuel Rico Castro,Granada,2.092259935,3,16,0.1307662459375,0.907740065,1.6
Francisco Manuel Vélez Jiménez,Almería,0.12938732,0,1,0.12938732,-0.12938732,0.1
Francisco Medina Luna,Granada,1.281483777,2,11,0.11649852518181819,0.718516223,1.1
Francisco Medina Luna,Rayo Vallecano,0.445312735,0,14,0.0318080525,-0.445312735,1.4
Francisco Miguel Varela Martín,Real Betis,0.279647233,0,6,0.04660787216666667,-0.279647233,0.6
Francisco Montañés Claverías,Espanyol,0.262286995,0,3,0.08742899833333334,-0.262286995,0.3
Francisco Montañés Claverías,Real Zaragoza,0.386255998,1,3,0.12875199933333334,0.613744002,0.3
Francisco Portillo Soler,Málaga,0.044505153,0,1,0.044505153,-0.044505153,0.1
Francisco Portillo Soler,Real Betis,0.25780305000000003,0,5,0.05156061000000001,-0.25780305000000003,0.5
Francisco Puñal Martínez,Osasuna,0.241307517,0,3,0.080435839,-0.241307517,0.3
Francisco Román Alarcón Suárez,Málaga,0.706134807,0,4,0.17653370175,-0.706134807,0.4
Francisco Román Alarcón Suárez,Real Madrid,5.247141095,3,52,0.10090655951923076,-2.247141095,5.2
Francisco Román Alarcón Suárez,Spain,1.080921895,1,10,0.10809218949999999,-0.08092189499999991,1.0
Francisco Salinas Fernández,Athletic Club,0.015399198,0,1,0.015399198,-0.015399198,0.1
Francisco Sebastián Nadal Martorell,Levante UD,0.05514772,0,1,0.05514772,-0.05514772,0.1
Francisco das Chagas Marinho,Brazil,0.081200502,0,2,0.040600251,-0.081200502,0.2
Franck Bilal Ribéry,Bayern Munich,2.039727984,2,18,0.11331822133333334,-0.039727984000000216,1.8
Franck Honorat,Borussia Mönchengladbach,0.08301496,0,1,0.08301496,-0.08301496,0.1
Franck Honorat,OGC Nice,0.067347714,0,2,0.033673857,-0.067347714,0.2
Franck Honorat,Stade Brestois,0.241626887,1,3,0.08054229566666667,0.758373113,0.3
Franck Queudrue,Middlesbrough,0.08877772,0,1,0.08877772,-0.08877772,0.1
Franck Signorino,Stade de Reims,0.023174208,0,1,0.023174208,-0.023174208,0.1
Franck Tabanou,Saint-Étienne,0.08385126500000001,0,4,0.020962816250000002,-0.08385126500000001,0.4
Franck Yannick Kessié,Côte d'Ivoire,2.198160763,3,11,0.19983279663636366,0.8018392369999998,1.1
Franco Brienza,Bologna,2.37314722,3,41,0.05788163951219512,0.6268527800000001,4.1
Franco Damián Vázquez,Palermo,7.652437485,8,106,0.07219280646226416,0.3475625149999999,10.6
Franco Damián Vázquez,Rayo Vallecano,0.044022635,0,1,0.044022635,-0.044022635,0.1
Franco Damián Vázquez,Sevilla,1.288936288,1,9,0.1432151431111111,-0.28893628799999993,0.9
Franco Matías Di Santo,Schalke 04,2.082982822,2,23,0.09056447052173913,-0.08298282199999996,2.3
Franco Zanelatto Téllez,Peru,0.033951495,0,1,0.033951495,-0.033951495,0.1
Franco Zuculini,Real Zaragoza,0.015887003,0,1,0.015887003,-0.015887003,0.1
Franculino Gluda Djú,Guinea-Bissau,0.15840221,0,2,0.079201105,-0.15840221,0.2
Franjo Prce,East Bengal,1.715654303,1,8,0.214456787875,-0.715654303,0.8
Frank Lampard,Chelsea,0.8501028399999999,1,4,0.21252570999999998,0.14989716000000008,0.4
Frank Magri,Cameroon,0.629514673,1,6,0.10491911216666666,0.37048532700000003,0.6
Frank Onyeka,Nigeria,0.41206018899999997,0,6,0.06867669816666666,-0.41206018899999997,0.6
Frankie Amaya,New York Red Bulls,0.021632891,0,1,0.021632891,-0.021632891,0.1
Frankie Brown,Bristol City WFC,0.162582233,0,6,0.027097038833333333,-0.162582233,0.6
Franky Vercauteren,Belgium,0.611060216,0,3,0.20368673866666667,-0.611060216,0.3
Frannie Crouse,North Carolina Courage,0.38458748,1,2,0.19229374,0.61541252,0.2
František Veselý,Czechoslovakia,0.888436007,0,5,0.1776872014,-0.888436007,0.5
Franz Beckenbauer,Germany,0.230021373,0,4,0.05750534325,-0.230021373,0.4
Franz Beckenbauer,NY Cosmos,0.046872160999999996,0,2,0.023436080499999998,-0.046872160999999996,0.2
Franziska Harsch,Hoffenheim W,1.3682315219999999,0,11,0.12438468381818181,-1.3682315219999999,1.1
Franziska Kett,Bayern München W,0.160637857,0,4,0.04015946425,-0.160637857,0.4
Franziska Mai,Nürnberg W,1.039388623,1,11,0.09448987481818182,-0.03938862300000001,1.1
François Bellugou,Lorient,0.19820866399999998,0,3,0.06606955466666665,-0.19820866399999998,0.3
François Clerc,Saint-Étienne,0.152511695,0,5,0.030502339,-0.152511695,0.5
François Kamano,Bastia,3.8088141254,3,41,0.09289790549756098,-0.8088141254000001,4.1
François Kamano,Guinea,0.053227507,0,1,0.053227507,-0.053227507,0.1
François Modesto,Bastia,0.48187783500000003,0,8,0.060234729375000004,-0.48187783500000003,0.8
Frederico Rodrigues Santos,Brazil,0.430738665,0,3,0.143579555,-0.430738665,0.3
Frederik Hillesborg Sørensen,FC Köln,0.46115368399999995,0,4,0.11528842099999999,-0.46115368399999995,0.4
Frederik Rønnow,Union Berlin,0.17187439999999998,0,2,0.08593719999999999,-0.17187439999999998,0.2
Frederike Kempe,RB Leipzig W,0.364108098,2,8,0.04551351225,1.635891902,0.8
Frederikke Thøgersen,FC Internazionale Milano W,0.6070279160000001,0,7,0.08671827371428573,-0.6070279160000001,0.7
Fredrik Ljungberg,Arsenal,5.611654935,4,49,0.11452357010204081,-1.6116549349999998,4.9
Fredson Câmara Pereira,Espanyol,0.102106193,0,3,0.03403539766666667,-0.102106193,0.3
Fredy Alejandro Guarín Vásquez,Inter Milan,1.844168235,1,29,0.06359200810344827,-0.8441682349999999,2.9
Fredy Hinestroza Arias,Getafe,0.45847382000000003,0,2,0.22923691000000002,-0.45847382000000003,0.2
Freja Olofsson,Real Madrid CF W,0.023084886,0,1,0.023084886,-0.023084886,0.1
Frenkie de Jong,Barcelona,5.17566414,3,18,0.2875368966666667,-2.1756641400000003,1.8
Frenkie de Jong,Netherlands,0.776938246,1,2,0.388469123,0.22306175399999995,0.2
Freya Gregory,Aston Villa,0.577906767,1,6,0.0963177945,0.422093233,0.6
Freya Gregory,Aston Villa W,0.1229416,0,1,0.1229416,-0.1229416,0.1
Freya Gregory,Birmingham City WFC,0.037740316,0,1,0.037740316,-0.037740316,0.1
Frida Maanum,Arsenal WFC,3.5994459279999997,3,41,0.08779136409756097,-0.5994459279999997,4.1
Frida Maanum,Norway Women's,2.160818318,3,23,0.09394862252173913,0.839181682,2.3
Fridolina Rolfö,Barcelona WFC,2.772891197,5,8,0.346611399625,2.227108803,0.8
Fridolina Rolfö,Sweden Women's,6.187173528,7,43,0.14388775646511628,0.8128264720000002,4.3
Frédéric Bulot,Stade de Reims,1.114464735,1,20,0.05572323675,-0.1144647350000001,2.0
Frédéric Guilbert,Bordeaux,0.5624275910000001,0,10,0.056242759100000005,-0.5624275910000001,1.0
Frédéric Guilbert,Strasbourg,0.117883224,0,3,0.039294407999999996,-0.117883224,0.3
Frédéric Oumar Kanouté,Sevilla,3.871125152,4,24,0.16129688133333334,0.12887484800000015,2.4
Frédéric Oumar Kanouté,Tottenham Hotspur,0.25964249899999997,0,4,0.06491062474999999,-0.25964249899999997,0.4
Fuka Nagano,Japan Women's,0.043177299,0,2,0.0215886495,-0.043177299,0.2
Fuka Nagano,Liverpool WFC,0.180885341,0,6,0.030147556833333335,-0.180885341,0.6
Fynn Arkenberg,Hannover 96,0.052139934,0,1,0.052139934,-0.052139934,0.1
Fyodor Smolov,Celta Vigo,0.71421541,1,3,0.23807180333333333,0.28578459,0.3
Fyodor Smolov,Russia,1.608472857,1,4,0.40211821425,-0.608472857,0.4
Fábio Alexandre da Silva Coentrão,AS Monaco,1.144265763,3,10,0.1144265763,1.855734237,1.0
Fábio Henrique Tavares,AS Monaco,5.6794310260000005,6,28,0.20283682235714287,0.3205689739999995,2.8
Fábio Henrique Tavares,Liverpool,0.016036646,0,1,0.016036646,-0.016036646,0.1
Fábio Pereira da Silva,Nantes,0.15576585,0,1,0.15576585,-0.15576585,0.1
Fábio Ricardo Gomes Fonseca,Málaga,0.035083013999999996,0,2,0.017541506999999998,-0.035083013999999996,0.2
Fátima Alexandra Figueira Pinto,Portugal Women's,0.47136981899999997,0,7,0.06733854557142857,-0.47136981899999997,0.7
Félix Marrero Morán,Las Palmas,0.03646568,0,1,0.03646568,-0.03646568,0.1
Férébory Doré,Angers,1.145379066,0,11,0.10412536963636364,-1.145379066,1.1
Ga-Ram Chun,Korea Republic Women's,0.015788807,0,1,0.015788807,-0.015788807,0.1
Gabriel Alejandro Milito,Barcelona,1.047698191,1,15,0.06984654606666667,-0.047698191000000056,1.5
Gabriel Alejandro Milito,Real Zaragoza,1.668271751,2,5,0.3336543502,0.331728249,0.5
Gabriel Alejandro Paletta,Atalanta,0.520333348,1,9,0.057814816444444445,0.479666652,0.9
Gabriel Alejandro Villamíl Cortéz,Bolivia,0.21764326,0,3,0.07254775333333334,-0.21764326,0.3
Gabriel Andrei Torje,Espanyol,0.050395541,0,2,0.0251977705,-0.050395541,0.2
Gabriel Andrei Torje,Granada,0.07065645300000001,0,2,0.035328226500000004,-0.07065645300000001,0.2
Gabriel Antoine Obertan,Newcastle United,0.15996971999999998,0,3,0.053323239999999994,-0.15996971999999998,0.3
Gabriel Appelt Pires,Leganés,0.695271018,1,8,0.08690887725,0.304728982,0.8
Gabriel Armando de Abreu,Arsenal,1.19096373,1,12,0.0992469775,-0.19096373,1.2
Gabriel Armando de Abreu,Valencia,0.513072473,1,4,0.12826811825,0.48692752699999997,0.4
Gabriel Arturo Torres Tejada,Panama,0.22225863,0,1,0.22225863,-0.22225863,0.1
Gabriel Boschilia,AS Monaco,0.294439628,0,2,0.147219814,-0.294439628,0.2
Gabriel Fernando de Jesus,Brazil,2.35179488,0,12,0.19598290666666665,-2.35179488,1.2
Gabriel Fernández Arenas,Atlético Madrid,1.470896592,2,28,0.05253202114285714,0.5291034080000001,2.8
Gabriel Fernández Arenas,Getafe,0.015486829,0,1,0.015486829,-0.015486829,0.1
Gabriel Fernández Arenas,Real Zaragoza,0.009617406,0,1,0.009617406,-0.009617406,0.1
Gabriel Francisco García de la Torre,Barcelona,0.06624722999999999,0,2,0.033123614999999995,-0.06624722999999999,0.2
Gabriel Gudmundsson,Lille,0.406142605,0,3,0.13538086833333332,-0.406142605,0.3
Gabriel Humberto Calderón,Argentina U20,0.22343906000000002,0,2,0.11171953000000001,-0.22343906000000002,0.2
Gabriel Imuetinyan Agbonlahor,Aston Villa,0.9985699619999999,1,11,0.09077908745454545,0.0014300380000000779,1.1
Gabriel Iván Mercado,Argentina,0.29732683,1,1,0.29732683,0.70267317,0.1
Gabriel Iván Mercado,Sevilla,0.260415398,1,2,0.130207699,0.739584602,0.2
Gabriel Moisés Antunes da Silva,Carpi,0.683991576,0,10,0.06839915760000001,-0.683991576,1.0
Gabriel Moisés Antunes da Silva,Genoa,0.183454508,0,3,0.06115150266666666,-0.183454508,0.3
Gabriel Omar Batistuta,Fiorentina,0.21140269,1,3,0.07046756333333333,0.78859731,0.3
Gabriel Teodoro Martinelli Silva,Brazil,1.31703913,1,5,0.263407826,-0.31703912999999995,0.5
Gabriela Antonia García Segura,Atletico Madrid W,4.525930457,2,39,0.1160494988974359,-2.5259304570000003,3.9
Gabriela Guillén Álvarez,Costa Rica Women's,0.013328804,0,1,0.013328804,-0.013328804,0.1
Gabriela Nunes da Silva,Levante UD Femenino,9.226479916,11,50,0.18452959832000002,1.7735200839999994,5.0
Gabrielle Carle,Washington Spirit,0.0594011255,0,2,0.02970056275,-0.0594011255,0.2
Gabrielle George,Everton LFC,2.049491502,1,27,0.07590709266666666,-1.049491502,2.7
Gabrielle George,Manchester United W,0.03930405,0,1,0.03930405,-0.03930405,0.1
Gabrielle Onguene,Cameroon W,1.696033741,1,10,0.16960337409999998,-0.6960337409999999,1.0
Gabrielle Robinson,KC Current,0.23884466999999998,0,4,0.059711167499999995,-0.23884466999999998,0.4
Gadji Celi Carmen Junior Tallo,Lille,3.678887354,0,36,0.10219131538888888,-3.678887354,3.6
Gaelle Enganamouit,Cameroon W,0.12322535200000001,0,6,0.020537558666666667,-0.12322535200000001,0.6
Gaetano Letizia,Carpi,0.813895135,1,23,0.035386745,0.186104865,2.3
Gaetano Monachello,Atalanta,1.278518319,0,15,0.0852345546,-1.278518319,1.5
Gaia Apicella,Pomigliano,1.4099108550000001,1,6,0.23498514250000002,-0.40991085500000013,0.6
Gaizka Garitano Aguirre,Real Sociedad,0.034987174,0,1,0.034987174,-0.034987174,0.1
Gaizka Toquero Pinedo,Athletic Club,0.500208509,1,5,0.10004170180000001,0.499791491,0.5
Gaku Shibasaki,Getafe,0.099649981,1,3,0.033216660333333335,0.900350019,0.3
Gaku Shibasaki,Japan,0.036452215,0,1,0.036452215,-0.036452215,0.1
Gani Ahmed Nigam,NorthEast United,0.013253829,0,1,0.013253829,-0.013253829,0.1
Garang Kuol,Australia,0.2036745,0,1,0.2036745,-0.2036745,0.1
Garazi Facila,Athletic Club Bilbao,0.038495425,0,1,0.038495425,-0.038495425,0.1
Gareth Barry,Aston Villa,0.028850652,0,1,0.028850652,-0.028850652,0.1
Gareth Barry,Everton,1.315377162,0,17,0.07737512717647059,-1.315377162,1.7
Gareth Frank Bale,Real Madrid,11.2007848425,24,112,0.10000700752232142,12.7992151575,11.2
Gareth Frank Bale,Wales,2.403932298,1,12,0.2003276915,-1.403932298,1.2
Gareth McAuley,West Bromwich Albion,1.176365747,1,8,0.147045718375,-0.17636574699999996,0.8
Garry Mendes Rodrigues,Cape Verde Islands,0.9662581619999999,1,9,0.10736201799999999,0.03374183800000008,0.9
Garry Mendes Rodrigues,Elche,0.260372029,0,4,0.06509300725,-0.260372029,0.4
Gary Alexis Medel Soto,Inter Milan,0.4618735906,1,12,0.03848946588333333,0.5381264094,1.2
Gary Alexis Medel Soto,Sevilla,0.0397736433,0,3,0.0132578811,-0.0397736433,0.3
Gary Cahill,Chelsea,1.308248917,2,14,0.09344635121428571,0.691751083,1.4
Gary Hooper,Norwich City,0.12095121,0,1,0.12095121,-0.12095121,0.1
Gary Lineker,England,0.7046762499999999,1,2,0.35233812499999995,0.2953237500000001,0.2
Gary Michael Stevens,England,0.023631582,0,1,0.023631582,-0.023631582,0.1
Gary Naysmith,Everton,0.036593463,0,1,0.036593463,-0.036593463,0.1
Gary O''Neil,Norwich City,0.6525803600000001,0,11,0.05932548727272728,-0.6525803600000001,1.1
Gary Speed,Newcastle United,0.01747878,0,1,0.01747878,-0.01747878,0.1
Gaspar Gálvez Burgos,Albacete,0.0077150036,0,1,0.0077150036,-0.0077150036,0.1
Gastón Alexis Silva Perdomo,Torino,0.23353812699999998,0,7,0.03336258957142857,-0.23353812699999998,0.7
Gastón Brugman,Palermo,0.8169330045000001,0,16,0.051058312781250004,-0.8169330045000001,1.6
Gastón Exequiel Ramírez Pereyra,Southampton,0.045273308,0,1,0.045273308,-0.045273308,0.1
Gaurav Bora,Odisha,0.35332583199999995,0,2,0.17666291599999998,-0.35332583199999995,0.2
Gauthier Hein,Auxerre,0.33982064700000003,0,4,0.08495516175000001,-0.33982064700000003,0.4
Gaël Angoula,Angers,0.032832453,0,2,0.0164162265,-0.032832453,0.2
Gaël Clichy,Arsenal,0.049925063,0,1,0.049925063,-0.049925063,0.1
Gaël Clichy,Manchester City,0.037383629,0,2,0.0186918145,-0.037383629,0.2
Gaël Danic,Bastia,3.428235971,5,41,0.08361551148780487,1.5717640290000001,4.1
Gaël Kakuta,Congo DR,0.317761564,0,8,0.0397201955,-0.317761564,0.8
Gaël Kakuta,Lens,0.11036067,0,1,0.11036067,-0.11036067,0.1
Gaël Kakuta,Rayo Vallecano,0.076465642,0,2,0.038232821,-0.076465642,0.2
Gaëtan Bussmann,FSV Mainz 05,0.470335786,1,7,0.06719082657142857,0.5296642140000001,0.7
Gaëtan Charbonnier,Stade de Reims,1.409702306,4,22,0.06407737754545455,2.590297694,2.2
Gaëtan Laborde,Bordeaux,0.10783698,0,1,0.10783698,-0.10783698,0.1
Gaëtan Laborde,OGC Nice,0.60891312,1,2,0.30445656,0.39108688,0.2
Gaëtan Laborde,Rennes,0.397354845,1,5,0.079470969,0.602645155,0.5
Gaëtan Perrin,Auxerre,0.017805649,0,1,0.017805649,-0.017805649,0.1
Gaëtan Perrin,Lyon,0.71725051,1,2,0.358625255,0.28274949000000005,0.2
Gaëtane Thiney,France Women's,0.690108527,0,7,0.09858693242857143,-0.690108527,0.7
Gedeon Kalulu Kyatengwa,Congo DR,0.8511658449999999,1,2,0.42558292249999996,0.14883415500000008,0.2
Gedeon Kalulu Kyatengwa,Lorient,0.029072573,0,1,0.029072573,-0.029072573,0.1
Gema Gili Giner,Sevilla FC,2.445862172,5,23,0.1063418335652174,2.554137828,2.3
Gema Soliveres Cholbi,Real Betis Balompié,1.0051020085,1,22,0.04568645493181818,-0.005102008499999977,2.2
Gemma Bonner,Liverpool WFC,1.734121579,3,17,0.10200715170588236,1.265878421,1.7
Gemma Bonner,Manchester City WFC,4.954588589,5,34,0.14572319379411766,0.0454114109999999,3.4
Gemma Evans,Bristol City WFC,0.843003232,2,7,0.12042903314285715,1.156996768,0.7
Gemma Evans,Wales W,0.07176682,0,1,0.07176682,-0.07176682,0.1
Gemma Suzanne Davison,Reading WFC,1.718070727,2,17,0.10106298394117647,0.28192927300000004,1.7
Gemma Suzanne Davison,Tottenham Hotspur Women,1.473873553,1,20,0.07369367765,-0.473873553,2.0
Gen Shōji,Japan,0.01100546,0,1,0.01100546,-0.01100546,0.1
Geneviève Ngo Mbeleck,Cameroon W,0.015026416,0,1,0.015026416,-0.015026416,0.1
Genki Haraguchi,Hertha Berlin,2.757650514,2,31,0.08895646819354838,-0.7576505139999998,3.1
Genki Haraguchi,Japan,0.38089225400000004,1,3,0.12696408466666667,0.619107746,0.3
Gennaro Sardo,Chievo,0.13976632,1,2,0.06988316,0.86023368,0.2
Geny Cipriano Catamo,Mozambique,0.971482993,1,4,0.24287074825,0.02851700700000004,0.4
Geoff Cameron,Stoke City,1.2005052059999999,0,16,0.07503157537499999,-1.2005052059999999,1.6
Geoffrey Charles Hurst,England,0.083224873,0,2,0.0416124365,-0.083224873,0.2
Geoffrey Kondogbia,Inter Milan,1.8495515955,1,38,0.04867241040789474,-0.8495515954999999,3.8
Geoffrey Kondogbia,Sevilla,0.015489993,0,1,0.015489993,-0.015489993,0.1
Geoffrey Kondogbia,Valencia,0.061908581000000004,0,2,0.030954290500000002,-0.061908581000000004,0.2
Georg Niedermeier,VfB Stuttgart,1.670567815,3,10,0.1670567815,1.329432185,1.0
Georg Schwarzenbeck,Germany,0.078303203,0,3,0.02610106766666667,-0.078303203,0.3
George Boateng,Middlesbrough,0.022966545,0,1,0.022966545,-0.022966545,0.1
George Lucas Coser,Celta Vigo,0.02245798,0,1,0.02245798,-0.02245798,0.1
Georges Grün,Belgium,0.11223436,0,4,0.02805859,-0.11223436,0.4
Georges Mikautadze,Georgia,2.07888395,3,6,0.3464806583333333,0.9211160500000002,0.6
Georges-Kévin Nkoudou Mbida,Cameroon,0.703687247,0,7,0.10052674957142857,-0.703687247,0.7
Georges-Kévin Nkoudou Mbida,Marseille,0.882071169,0,10,0.08820711690000001,-0.882071169,1.0
Georges-Kévin Nkoudou Mbida,Olympique de Marseille,3.136503502,5,38,0.08253956584210527,1.863496498,3.8
Georgia Brougham,Birmingham City WFC,0.23307222500000002,0,3,0.07769074166666667,-0.23307222500000002,0.3
Georgia Brougham,Everton LFC,0.49066632199999993,0,6,0.08177772033333332,-0.49066632199999993,0.6
Georgia Evans,Yeovil Town LFC,0.068645371,0,5,0.0137290742,-0.068645371,0.5
Georgia Mullett,Aston Villa W,0.06261798,0,1,0.06261798,-0.06261798,0.1
Georgia Stanway,Bayern München W,3.576445003,6,39,0.09170371802564102,2.423554997,3.9
Georgia Stanway,England Women's,6.061357489,5,44,0.13775812475,-1.0613574889999997,4.4
Georgia Stanway,Manchester City WFC,17.834581588,21,161,0.11077379868322981,3.165418412000001,16.1
Georgia Wilson,Bristol City WFC,0.21199216599999998,0,2,0.10599608299999999,-0.21199216599999998,0.2
Georginio Wijnaldum,Liverpool,0.03277511,0,1,0.03277511,-0.03277511,0.1
Georginio Wijnaldum,Netherlands,1.886070531,3,10,0.1886070531,1.113929469,1.0
Georginio Wijnaldum,Newcastle United,7.711669046,11,54,0.14280868603703703,3.288330954,5.4
Georginio Wijnaldum,Paris Saint-Germain,1.4636583380000001,1,11,0.13305984890909092,-0.4636583380000001,1.1
Georgios Vlachos,Panathinaikos,0.018254196,0,1,0.018254196,-0.018254196,0.1
Georgiy Sudakov,Ukraine,0.420917418,0,9,0.046768602,-0.420917418,0.9
Gerard Deulofeu Lázaro,Barcelona,1.047185222,1,8,0.13089815275,-0.04718522199999997,0.8
Gerard Deulofeu Lázaro,Everton,1.900878879,2,12,0.15840657325,0.09912112100000003,1.2
Gerard Gumbau Garriga,Leganés,0.022571469,0,1,0.022571469,-0.022571469,0.1
Gerard Moreno Balaguero,Espanyol,7.517961312,8,58,0.12962002262068964,0.48203868800000027,5.8
Gerard Moreno Balaguero,Spain,4.051344609,2,18,0.2250747005,-2.051344609,1.8
Gerard Moreno Balaguero,Villarreal,1.292881926,1,11,0.11753472054545454,-0.29288192599999996,1.1
Gerard Piqué Bernabéu,Barcelona,28.014218365,25,182,0.15392427673076925,-3.0142183650000014,18.2
Gerard Piqué Bernabéu,Spain,2.0019600979999996,1,9,0.22244001088888884,-1.0019600979999996,0.9
Gerardo Daniel Arteaga Zamora,Mexico,0.212105141,1,3,0.07070171366666667,0.787894859,0.3
Gerd Kische,German DR,0.047462765,0,1,0.047462765,-0.047462765,0.1
Gerhard Müller,Germany,0.796841676,1,5,0.1593683352,0.203158324,0.5
Germanpreet Singh,Chennaiyin,1.452864819,1,13,0.11175883223076923,-0.452864819,1.3
Germán Alejandro Pezzella,Argentina,0.067461761,0,2,0.0337308805,-0.067461761,0.2
Germán Alejandro Pezzella,Real Betis,1.8183872920000002,3,17,0.10696395835294119,1.1816127079999998,1.7
Germán Gustavo Denis,Atalanta,4.306191354,4,25,0.17224765416,-0.3061913540000001,2.5
Germán Sánchez Barahona,Granada,0.029613078,0,1,0.029613078,-0.029613078,0.1
Gernot Trauner,Austria,0.14902498,1,1,0.14902498,0.85097502,0.1
Gerrie Mühren,Ajax,0.971954043,0,14,0.06942528878571429,-0.971954043,1.4
Gerrit Holtmann,Darmstadt 98,0.03647728,0,1,0.03647728,-0.03647728,0.1
Gerson Torres Barrantes,Costa Rica,0.011146735,0,1,0.011146735,-0.011146735,0.1
Gervais Lombe Yao Kouassi,AS Roma,3.820564685,6,27,0.14150239574074075,2.179435315,2.7
Geum-Min Lee,Brighton & Hove Albion WFC,2.805174905,5,24,0.11688228770833332,2.194825095,2.4
Geum-Min Lee,Korea Republic Women's,1.086942917,0,11,0.09881299245454546,-1.086942917,1.1
Geum-Min Lee,Manchester City WFC,0.3882752,1,1,0.3882752,0.6117248,0.1
Geyse da Silva Ferreira,Brazil Women's,0.352020234,0,5,0.0704040468,-0.352020234,0.5
Geyse da Silva Ferreira,Manchester United W,3.676495652,1,41,0.08967062565853658,-2.676495652,4.1
Gheorghe Craioveanu,Getafe,0.013994161,0,1,0.013994161,-0.013994161,0.1
Gheorghe Tataru,Romania,0.065557188,0,2,0.032778594,-0.065557188,0.2
Ghilane Chalali,Tunisia,0.029223481,0,1,0.029223481,-0.029223481,0.1
Ghislain Konan,Côte d'Ivoire,0.0398816,0,1,0.0398816,-0.0398816,0.1
Ghizlane Chebbak,FC Levante Badalona,1.098773575,2,25,0.043950943,0.9012264249999999,2.5
Ghizlane Chebbak,Morocco Women's,0.892361398,0,5,0.1784722796,-0.892361398,0.5
Ghoutia Karchouni,FC Internazionale Milano W,2.3183990925,1,30,0.07727996975,-1.3183990925,3.0
Gia Corley,Hoffenheim W,2.32244601,2,20,0.11612230050000001,-0.32244601000000017,2.0
Giacomo Bonaventura,AC Milan,8.309576516,6,106,0.07839223128301887,-2.309576516,10.6
Giacomo Raspadori,Italy,0.132101248,0,2,0.066050624,-0.132101248,0.2
Giada Greggi,AS Roma W,2.556427717,4,35,0.07304079191428571,1.443572283,3.5
Giada Greggi,Italy Women's,0.22427534300000002,0,3,0.07475844766666667,-0.22427534300000002,0.3
Giada Lopez,Sampdoria W,0.14647008,0,1,0.14647008,-0.14647008,0.1
Giada Pondini,Sassuolo W,0.282283828,0,6,0.04704730466666667,-0.282283828,0.6
Giampaolo Pazzini,Hellas Verona,10.750761371,6,79,0.13608558697468354,-4.750761370999999,7.9
Giampiero Pinzi,Chievo,0.147235824,0,3,0.049078607999999996,-0.147235824,0.3
Gian-Luca Waldschmidt,Eintracht Frankfurt,0.590517232,0,5,0.11810344639999999,-0.590517232,0.5
Giancarlo González Castro,Costa Rica,0.24335853999999998,0,2,0.12167926999999999,-0.24335853999999998,0.2
Giancarlo González Castro,Palermo,0.38780851400000005,2,4,0.09695212850000001,1.612191486,0.4
Giancarlo Marocchi,Juventus W,0.03439626,0,2,0.01719813,-0.03439626,0.2
Gianfranco Bedin,Inter Milan,0.19730402400000002,0,4,0.049326006000000006,-0.19730402400000002,0.4
Gianluca Lapadula Vargas,Peru,0.678997306,0,8,0.08487466325,-0.678997306,0.8
Gianluca Scamacca,Italy,0.668291024,0,6,0.11138183733333333,-0.668291024,0.6
Gianluca Zambrotta,Barcelona,0.8779156250000001,3,22,0.039905255681818186,2.122084375,2.2
Gianna Rackow,RB Leipzig W,0.857804282,0,7,0.12254346885714286,-0.857804282,0.7
Gianni Rivera,Italy,0.016159952,0,1,0.016159952,-0.016159952,0.1
Gianpaolo Bellini,Atalanta,0.9013206290000001,1,6,0.15022010483333334,0.0986793709999999,0.6
Gianpietro Marchetti,Juventus,0.0120024355,0,1,0.0120024355,-0.0120024355,0.1
Gideon Jung,Hamburger SV,0.581985227,0,9,0.06466502522222223,-0.581985227,0.9
Gift Nyakno Monday,Costa Adeje Tenerife,3.269099071,6,36,0.09080830752777777,2.730900929,3.6
Gilbert Gianelli Imbula Wanga,Stoke City,0.8447784540000001,2,21,0.04022754542857143,1.155221546,2.1
Gilberto Aparecido da Silva,Arsenal,2.629389802,4,31,0.08481902587096773,1.370610198,3.1
Gilberto Moraes Junior,Fiorentina,0.28867228300000003,0,4,0.07216807075000001,-0.28867228300000003,0.4
Gilberto Moraes Junior,Hellas Verona,0.210979643,0,3,0.07032654766666667,-0.210979643,0.3
Gildo Lourenço Vilanculos,Mozambique,0.09300802,0,3,0.03100267333333333,-0.09300802,0.3
Gilles Cioni,Bastia,0.063613948,0,3,0.021204649333333336,-0.063613948,0.3
Gilles Sunu,Angers,3.677718499,2,46,0.07995040215217392,-1.677718499,4.6
Gilly Louise Scarlett Flaherty,West Ham United LFC,3.642752536,1,30,0.12142508453333334,-2.642752536,3.0
Gilson Benchimol Tavares,Cape Verde Islands,0.401760366,1,6,0.066960061,0.598239634,0.6
Gina-Maria Chmielinski,Napoli W,3.010620659,1,49,0.06144123793877551,-2.010620659,4.9
Giorgi Chakvetadze,Georgia,0.09418185000000001,0,2,0.047090925000000006,-0.09418185000000001,0.2
Giorgi Kochorashvili,Georgia,0.542609623,0,5,0.10852192460000001,-0.542609623,0.5
Giorgia Spinelli,Fiorentina W,0.395646225,0,2,0.1978231125,-0.395646225,0.2
Giorgian Daniel De Arrascaeta Benedetti,Uruguay,3.210899378,4,8,0.40136242225,0.7891006219999999,0.8
Giorgio Chiellini,Italy,0.08658323500000001,0,2,0.043291617500000004,-0.08658323500000001,0.2
Giorgio Chiellini,Juventus,1.4760967365,1,15,0.0984064491,-0.47609673649999995,1.5
Giorgio Chinaglia,NY Cosmos,0.6165886,1,3,0.20552953333333335,0.38341139999999996,0.3
Giorgios Seitaridis,Atlético Madrid,0.015982684,0,1,0.015982684,-0.015982684,0.1
Giovana Queiroz Costa,Madrid CFF,4.867849806,9,43,0.11320580944186046,4.132150194,4.3
Giovani Lo Celso,Argentina,0.7992172799999999,0,3,0.26640576,-0.7992172799999999,0.3
Giovani Lo Celso,Real Betis,0.394232032,1,6,0.06570533866666667,0.605767968,0.6
Giovani dos Santos Ramírez,Barcelona,2.877491664,3,22,0.13079507563636364,0.1225083360000001,2.2
Giovani dos Santos Ramírez,Villarreal,0.42819355400000003,0,2,0.21409677700000002,-0.42819355400000003,0.2
Giovanna Hoffmann,Germany Women's,0.346004477,0,5,0.06920089539999999,-0.346004477,0.5
Giovanna Hoffmann,SC Freiburg,1.324430391,1,14,0.09460217078571428,-0.32443039099999993,1.4
Giovanni Di Lorenzo,Italy,0.650031933,0,7,0.0928617047142857,-0.650031933,0.7
Giovanni Francini,Napoli,0.352014927,0,3,0.11733830899999999,-0.352014927,0.3
Giovanni Marchese,Genoa,0.19522292800000002,0,4,0.048805732000000004,-0.19522292800000002,0.4
Giovanni Reyna,United States,0.147862629,0,3,0.049287542999999996,-0.147862629,0.3
Giovanni van Bronckhorst,Barcelona,0.908842712,0,21,0.04327822438095238,-0.908842712,2.1
Giovanni-Guy Yann Sio,Rennes,9.837415586,7,71,0.13855514909859157,-2.8374155860000005,7.1
Giulia Dragoni,Barcelona WFC,0.169185006,0,2,0.084592503,-0.169185006,0.2
Giulia Dragoni,Italy Women's,0.041023932,0,1,0.041023932,-0.041023932,0.1
Giulia Giacobbo,Napoli W,1.187332003,1,10,0.11873320030000001,-0.18733200300000008,1.0
Giulia Gwinn,Bayern München W,1.452507784,3,16,0.0907817365,1.547492216,1.6
Giulia Gwinn,Germany Women's,1.033004319,1,16,0.0645627699375,-0.033004319000000004,1.6
Giulia Rizzon,Como W,0.948663898,1,7,0.13552341399999998,0.05133610200000005,0.7
Giulio Donati,Bayer Leverkusen,0.084338973,0,3,0.028112991,-0.084338973,0.3
Giulio Migliaccio,Atalanta,0.21786224999999998,0,3,0.07262075,-0.21786224999999998,0.3
Giuseppe Bruscolotti,Napoli,0.051370654,0,2,0.025685327,-0.051370654,0.2
Giuseppe Pezzella,Palermo,0.050057806999999996,0,2,0.025028903499999998,-0.050057806999999996,0.2
Giuseppe Rossi,Fiorentina,1.20196382,0,16,0.07512273875,-1.20196382,1.6
Giuseppe Rossi,Levante UD,4.384683581,6,33,0.1328691994242424,1.615316419,3.3
Giuseppe Rossi,Villarreal,0.8365086589999999,0,9,0.09294540655555555,-0.8365086589999999,0.9
Giuseppe Vives,Torino,0.9031545009999999,1,16,0.056447156312499996,0.09684549900000006,1.6
Giuseppe Volpecina,Napoli,0.0841768,1,1,0.0841768,0.9158232,0.1
Glan Martins,Goa,0.486456136,0,15,0.032430409066666666,-0.486456136,1.5
Gleison Bremer Silva Nascimento,Brazil,0.50001335,0,1,0.50001335,-0.50001335,0.1
Glen Johnson,Chelsea,0.055574594000000005,0,2,0.027787297000000002,-0.055574594000000005,0.2
Glen Johnson,Stoke City,1.32572334,0,18,0.07365129666666666,-1.32572334,1.8
Glen Kamara,Finland,0.068970524,0,1,0.068970524,-0.068970524,0.1
Glenn Hoddle,England,0.07371007099999999,0,2,0.036855035499999994,-0.07371007099999999,0.2
Glenn Murray,AFC Bournemouth,3.740233378,3,25,0.14960933512,-0.7402333780000001,2.5
Glenn Murray,Crystal Palace,0.7059805100000001,0,2,0.35299025500000003,-0.7059805100000001,0.2
Glenn Whelan,Stoke City,0.25069412350000003,0,11,0.022790374863636366,-0.25069412350000003,1.1
Gloria Marinelli,AC Milan W,3.078575176,2,26,0.11840673753846155,-1.0785751760000002,2.6
Gloriana Jesus Villalobos Vega,Costa Rica Women's,0.126741143,0,2,0.0633705715,-0.126741143,0.2
Glódís Perla Viggósdóttir,Bayern München W,2.490396113,1,15,0.16602640753333334,-1.490396113,1.5
Glódís Perla Viggósdóttir,Iceland Women's,1.526800641,1,8,0.190850080125,-0.5268006409999999,0.8
Gnaly Maxwell Cornet,Lyon,4.025195998,8,30,0.13417319993333335,3.974804002,3.0
Gnégnéri Yaya Touré,Barcelona,2.597980558,3,39,0.06661488610256411,0.40201944199999984,3.9
Gnégnéri Yaya Touré,Manchester City,6.124703987,6,74,0.0827662700945946,-0.12470398700000018,7.4
Godfred Donsah,Bologna,1.022964724,2,16,0.06393529525,0.9770352760000001,1.6
Gojko Kačar,Hamburger SV,0.917857422,1,8,0.11473217775,0.08214257800000002,0.8
Gonzalo Alejandro Jara Reyes,FSV Mainz 05,0.0202517,0,1,0.0202517,-0.0202517,0.1
Gonzalo Ariel Montiel,Argentina,2.308530608,3,4,0.577132652,0.6914693920000001,0.4
Gonzalo Castro Irizábal,Mallorca,0.24781839,0,8,0.03097729875,-0.24781839,0.8
Gonzalo Castro Irizábal,Málaga,1.281272803,1,21,0.06101299061904762,-0.281272803,2.1
Gonzalo Castro Irizábal,Real Sociedad,0.67888996,3,9,0.07543221777777778,2.3211100399999998,0.9
Gonzalo Castro Randon,Borussia Dortmund,1.4312937175,3,19,0.07533124828947368,1.5687062825,1.9
Gonzalo Colsa Albendea,Racing Santander,0.135170212,0,3,0.04505673733333334,-0.135170212,0.3
Gonzalo Escalante,Eibar,3.31436803,3,34,0.09748141264705881,-0.3143680299999998,3.4
Gonzalo Gerardo Higuaín,Argentina,0.47268568,0,3,0.15756189333333334,-0.47268568,0.3
Gonzalo Gerardo Higuaín,Juventus,0.080585134,0,3,0.026861711333333333,-0.080585134,0.3
Gonzalo Gerardo Higuaín,Napoli,23.869408502,36,182,0.13115059616483515,12.130591498000001,18.2
Gonzalo Gerardo Higuaín,Real Madrid,1.2433318610000001,2,11,0.1130301691818182,0.7566681389999999,1.1
Gonzalo Javier Rodríguez,Fiorentina,1.054307311,4,11,0.09584611918181819,2.945692689,1.1
Gonzalo Jordy Plata Jiménez,Ecuador,0.17823757699999998,0,2,0.08911878849999999,-0.17823757699999998,0.2
Gonzalo Julián Melero Manzanares,Huesca,0.05678786,0,1,0.05678786,-0.05678786,0.1
Gonzalo Julián Melero Manzanares,Levante UD,0.66860752,1,4,0.16715188,0.33139248,0.4
Gonçalo Bernardo Inácio,Portugal,0.042683173,0,1,0.042683173,-0.042683173,0.1
Gonçalo Manuel Ganchinho Guedes,Portugal,0.409395652,0,6,0.06823260866666667,-0.409395652,0.6
Gonçalo Manuel Ganchinho Guedes,Valencia,0.722735872,0,8,0.090341984,-0.722735872,0.8
Gonçalo Matias Ramos,Portugal,1.637403204,3,8,0.2046754005,1.362596796,0.8
Gonçalo Mendes Paciencia,Bochum,0.088234074,0,1,0.088234074,-0.088234074,0.1
Goran Karanović,Angers,0.685406172,1,6,0.11423436199999999,0.314593828,0.6
Goran Pandev,Genoa,2.726050835,0,17,0.16035593147058824,-2.726050835,1.7
Goran Pandev,Inter Milan,0.113261834,0,1,0.113261834,-0.113261834,0.1
Goran Pandev,North Macedonia,0.17182613300000002,1,2,0.08591306650000001,0.828173867,0.2
Gorka Elustondo Urkola,Athletic Club,0.199777761,1,3,0.066592587,0.800222239,0.3
Gorka Elustondo Urkola,Real Sociedad,0.065203086,0,1,0.065203086,-0.065203086,0.1
Gotoku Sakai,Hamburger SV,0.431942147,0,11,0.03926746790909091,-0.431942147,1.1
Gotoku Sakai,Japan,0.048262667,0,1,0.048262667,-0.048262667,0.1
Grace Chanda,Madrid CFF,1.2184321699999998,1,2,0.6092160849999999,-0.21843216999999981,0.2
Grace Clinton,England Women's,0.828313969,0,3,0.2761046563333333,-0.828313969,0.3
Grace Clinton,Everton LFC,0.09858699700000001,0,2,0.049293498500000005,-0.09858699700000001,0.2
Grace Clinton,Tottenham Hotspur Women,3.250716043,4,41,0.07928575714634147,0.7492839569999998,4.1
Grace Fisk,Liverpool WFC,0.9560023719999999,1,8,0.11950029649999999,0.043997628000000066,0.8
Grace Fisk,West Ham United LFC,0.34823423,0,3,0.11607807666666665,-0.34823423,0.3
Grace Joanna Ella Jale,New Zealand Women's,0.119167306,0,1,0.119167306,-0.119167306,0.1
Grady Diangana,Congo DR,0.815252604,1,3,0.271750868,0.184747396,0.3
Graeme Le Saux,Southampton,0.130244925,0,4,0.03256123125,-0.130244925,0.4
Graham Dorrans,Norwich City,0.7600260105,0,16,0.04750162565625,-0.7600260105,1.6
Graham Stuart,Charlton Athletic,0.433387876,0,3,0.14446262533333334,-0.433387876,0.3
Granit Xhaka,Bayer Leverkusen,1.749578972,3,44,0.03976315845454545,1.250421028,4.4
Granit Xhaka,Borussia Mönchengladbach,2.316292943,3,33,0.07019069524242424,0.6837070569999999,3.3
Granit Xhaka,Switzerland,0.7480263885,1,18,0.04155702158333333,0.25197361149999997,1.8
Grant Campbell Hanley,Scotland,0.41611012,0,3,0.13870337333333335,-0.41611012,0.3
Grant-Leon Ranos,Borussia Mönchengladbach,0.040838834,0,1,0.040838834,-0.040838834,0.1
Graziano Pellè,Southampton,8.3167894665,11,82,0.10142426178658535,2.6832105335000005,8.2
Greg Stewart,Jamshedpur,7.092133593,11,62,0.1143892515,3.907866407,6.2
Gregoire Defrel,Sassuolo,5.736524144,7,52,0.110317772,1.2634758560000003,5.2
Gregory van der Wiel,Paris Saint-Germain,0.899354563,2,8,0.112419320375,1.1006454369999998,0.8
Greis Domi,Pomigliano,0.182319355,0,2,0.0911596775,-0.182319355,0.2
Grejohn Kyei,Clermont Foot,1.2073382,1,2,0.6036691,-0.20733819999999992,0.2
Grejohn Kyei,Stade de Reims,3.279239497,3,20,0.16396197485,-0.27923949699999984,2.0
Greta Adami,AC Milan W,0.050653424,0,3,0.016884474666666666,-0.050653424,0.3
Greta Di Luzio,Como W,0.029787801,0,1,0.029787801,-0.029787801,0.1
Greta Stegemann,SC Freiburg,0.008091893,0,1,0.008091893,-0.008091893,0.1
Griedge Mbock Bathy Nka,France Women's,0.47751634000000004,1,3,0.15917211333333334,0.52248366,0.3
Grischa Prömel,Hoffenheim,0.17433664,0,1,0.17433664,-0.17433664,0.1
Grzegorz Krychowiak,Poland,0.811115398,1,7,0.11587362828571428,0.188884602,0.7
Grzegorz Krychowiak,Sevilla,2.040306929,0,23,0.08870899691304349,-2.040306929,2.3
Grégory Bourillon,Angers,0.117510266,1,3,0.039170088666666665,0.882489734,0.3
Grégory Pujol,Gazélec Ajaccio,2.904553393,5,28,0.10373404975,2.095446607,2.8
Guangtai Jiang,Everton,0.22301716,0,2,0.11150858,-0.22301716,0.2
Gue-Sung Cho,South Korea,1.108963112,2,8,0.138620389,0.8910368879999999,0.8
Guessouma Fofana,Mauritania,0.16285786,0,1,0.16285786,-0.16285786,0.1
Guglielmo Stendardo,Atalanta,0.845224601,1,6,0.14087076683333333,0.15477539900000004,0.6
Guido Buchwald,VfB Stuttgart,0.049128316,0,1,0.049128316,-0.049128316,0.1
Guido Hernán Pizarro,Sevilla,0.19139212,1,3,0.06379737333333334,0.8086078800000001,0.3
Guido Marcelo Carrillo,AS Monaco,7.011357017,4,48,0.14606993785416666,-3.011357017,4.8
Guido Marcelo Carrillo,Elche,0.20375328,0,2,0.10187664,-0.20375328,0.2
Guido Marcelo Carrillo,Leganés,0.08991502,0,1,0.08991502,-0.08991502,0.1
Guilherme Antonio Arana Lopes,Brazil,0.033692002,0,1,0.033692002,-0.033692002,0.1
Guilherme Antonio Arana Lopes,Sevilla,0.036551345,0,1,0.036551345,-0.036551345,0.1
Guilherme Magdalena Siqueira,Atlético Madrid,0.012791236,0,1,0.012791236,-0.012791236,0.1
Guilherme Magdalena Siqueira,Granada,1.72689247,2,3,0.5756308233333333,0.2731075300000001,0.3
Guilherme Magdalena Siqueira,Valencia,0.390957978,0,5,0.0781915956,-0.390957978,0.5
Guilherme Oliveira Santos,Almería,0.038724504,0,2,0.019362252,-0.038724504,0.2
Guilherme dos Santos Torres,RC Deportivo La Coruña,0.09689098,0,4,0.024222745,-0.09689098,0.4
Guilherme dos Santos Torres,Udinese,0.126706807,0,6,0.02111780116666667,-0.126706807,0.6
Guillaume Gillet,Nantes,1.3958912675,1,22,0.06344960306818181,-0.3958912674999999,2.2
Guillermo Alfonso Maripán Loaysa,AS Monaco,0.04031223,0,1,0.04031223,-0.04031223,0.1
Guillermo Luis Franco Farquarson,Villarreal,0.38129428000000004,0,2,0.19064714000000002,-0.38129428000000004,0.2
Guillermo Martínez Ayala,Mexico,0.46774429,0,3,0.15591476333333334,-0.46774429,0.3
Guillermo Varela Olivera,Manchester United,0.02511012,0,1,0.02511012,-0.02511012,0.1
Guirane N''Daw,Real Zaragoza,0.04320452,0,1,0.04320452,-0.04320452,0.1
Gun Nathalie Björn,Chelsea FCW,0.516099034,1,5,0.10321980680000001,0.483900966,0.5
Gun Nathalie Björn,Everton LFC,0.9906040300000001,1,3,0.33020134333333334,0.00939596999999992,0.3
Gun Nathalie Björn,Sweden Women's,3.170545434,1,21,0.150978354,-2.170545434,2.1
Gunnar Gren,Sweden,0.025518654,0,1,0.025518654,-0.025518654,0.1
Gunnhildur Yrsa Jónsdóttir,Iceland Women's,0.308315286,0,3,0.102771762,-0.308315286,0.3
Gunnhildur Yrsa Jónsdóttir,Utah Royals,0.614481591,0,7,0.08778308442857143,-0.614481591,0.7
Gurjinder Kumar,NorthEast United,0.7900907964999999,0,12,0.06584089970833333,-0.7900907964999999,1.2
Gurkirat Singh,Mumbai City,0.143080341,0,4,0.03577008525,-0.143080341,0.4
Guro Bergsvand,Brighton & Hove Albion WFC,1.07516534,1,7,0.15359504857142858,-0.07516534000000008,0.7
Guro Reiten,Chelsea FCW,13.632886469,13,86,0.15852193568604653,-0.6328864690000007,8.6
Guro Reiten,Norway Women's,3.44071049,5,21,0.16384335666666666,1.5592895100000002,2.1
Gustavo Adolfo Puerta Molano,Bayer Leverkusen,0.057887336,0,2,0.028943668,-0.057887336,0.2
Gustavo Adrián López Pablo,Celta Vigo,0.458368655,1,2,0.2291843275,0.541631345,0.2
Gustavo Adrián Ramos Vásquez,Borussia Dortmund,6.070017732,9,38,0.1597373087368421,2.929982268,3.8
Gustavo Daniel Cabral Cáceres,Celta Vigo,0.371767187,0,6,0.061961197833333335,-0.371767187,0.6
Gustavo Enrique Reggi,Levante UD,0.468616082,0,3,0.15620536066666665,-0.468616082,0.3
Gustavo Fabrice Sangaré,Burkina Faso,0.082294434,0,1,0.082294434,-0.082294434,0.1
Gustavo Nery De Sá Da Silva,Real Zaragoza,0.056493945,0,1,0.056493945,-0.056493945,0.1
Guðný Árnadóttir,AC Milan W,0.19891182699999999,0,3,0.06630394233333332,-0.19891182699999999,0.3
Guðrún Arnardóttir,Iceland Women's,0.284509517,0,3,0.09483650566666667,-0.284509517,0.3
Gylfi Þór Sigurðsson,Iceland,2.04767484,1,10,0.204767484,-1.04767484,1.0
Gylfi Þór Sigurðsson,Swansea City,7.866628333,11,89,0.08838908239325843,3.1333716669999996,8.9
György Garics,Darmstadt 98,0.09313526899999999,0,3,0.031045089666666664,-0.09313526899999999,0.3
Gélson da Conceição Tavares Fernandes,Rennes,0.666088225,1,9,0.07400980277777777,0.333911775,0.9
Géraldine Reuteler,Eintracht Frankfurt W,3.203800396,2,24,0.13349168316666668,-1.203800396,2.4
Géraldine Reuteler,Switzerland Women's,1.344699779,2,16,0.0840437361875,0.6553002210000001,1.6
Gérson de Oliveira Nunes,Brazil,0.469198049,1,12,0.039099837416666665,0.5308019509999999,1.2
"Gérémi Sorele N""Djitap Fotso",Chelsea,0.13068522,0,3,0.043561739999999995,-0.13068522,0.3
Gökhan İnler,Leicester City,0.035455816,0,2,0.017727908,-0.035455816,0.2
Günter Netzer,Germany,0.029714562,0,1,0.029714562,-0.029714562,0.1
Habibou Mouhamadou Diallo,Senegal,1.221433076,2,5,0.2442866152,0.7785669239999999,0.5
Habibou Mouhamadou Diallo,Strasbourg,0.840823115,0,8,0.105102889375,-0.840823115,0.8
Hafrún Rakel Halldórsdóttir,Iceland Women's,0.02736398,0,1,0.02736398,-0.02736398,0.1
Hailie Mace,KC Current,1.067372355,0,15,0.071158157,-1.067372355,1.5
Haji Wright,United States,0.846012756,1,8,0.1057515945,0.15398724399999997,0.8
Hakan Çalhanoğlu,Bayer Leverkusen,6.669348729,3,86,0.07755056661627907,-3.669348729,8.6
Hakan Çalhanoğlu,Turkey,0.469567929,1,11,0.04268799354545454,0.530432071,1.1
Hakim Ziyech,Morocco,2.284980938,3,27,0.08462892362962962,0.7150190620000001,2.7
Haley Bugeja,FC Internazionale Milano W,3.838326271,4,31,0.12381697648387097,0.16167372899999988,3.1
Haley Hopkins,North Carolina Courage,1.105157939,1,14,0.07893985278571428,-0.10515793899999992,1.4
Haley Jean McCutcheon,Houston Dash,0.07864181,0,1,0.07864181,-0.07864181,0.1
Haley Jean McCutcheon,Orlando Pride,2.535581278,1,15,0.16903875186666667,-1.535581278,1.5
Haley Marie Thomas,Duisburg WFC,0.28948352,0,1,0.28948352,-0.28948352,0.1
Hali Moriah Candido Long,Philippines Women's,0.056456685,0,1,0.056456685,-0.056456685,0.1
Halicharan Narzary,Hyderabad,0.9992040789999999,1,4,0.24980101974999996,0.0007959210000001438,0.4
Halicharan Narzary,SC Delhi,0.04053356,0,1,0.04053356,-0.04053356,0.1
Halil Altıntop,Augsburg,1.4736850989999999,1,14,0.10526322135714285,-0.4736850989999999,1.4
Halimatu Ibrahim Ayinde,Nigeria Women's,0.167591632,0,5,0.0335183264,-0.167591632,0.5
Hamari Traoré,Mali,0.854476182,1,3,0.284825394,0.14552381800000003,0.3
Hamari Traoré,Rennes,0.390783508,1,4,0.097695877,0.609216492,0.4
Hamari Traoré,Stade de Reims,0.59092869,2,20,0.029546434500000003,1.4090713099999999,2.0
Hamdi Fathi,Egypt,0.537656725,0,7,0.07680810357142856,-0.537656725,0.7
Hamdi Nagguez,Tunisia,0.06846576,0,1,0.06846576,-0.06846576,0.1
Hamit Altıntop,Bayern Munich,0.14468758199999998,0,3,0.048229193999999996,-0.14468758199999998,0.3
Hamza Rafia,Tunisia,0.34868193,1,1,0.34868193,0.6513180700000001,0.1
Hamza Sakhi,Auxerre,0.061904132,0,1,0.061904132,-0.061904132,0.1
Han-Noah Massengo,Auxerre,0.034075767,0,1,0.034075767,-0.034075767,0.1
Hanane Aït El Haj,Morocco Women's,0.057164415,0,2,0.0285822075,-0.057164415,0.2
Hanna Erica Maria Glas,Sweden Women's,0.063747819,0,3,0.021249273,-0.063747819,0.3
Hanna Németh,SV Werder Bremen,1.100490453,0,6,0.1834150755,-1.100490453,0.6
Hanna Ulrika Bennison,Everton LFC,0.652890566,1,14,0.046635040428571424,0.34710943400000005,1.4
Hanna Ulrika Bennison,Sweden Women's,0.87385082,2,3,0.2912836066666667,1.12614918,0.3
Hannah Betfort,Portland Thorns,1.977717361,2,15,0.13184782406666667,0.022282638999999937,1.5
Hannah Cain,Everton LFC,3.527549638,2,34,0.10375145994117647,-1.527549638,3.4
Hannah Cain,Leicester City WFC,0.127591074,0,3,0.042530358,-0.127591074,0.3
Hannah Cain,Wales W,0.66270199,1,2,0.331350995,0.33729801000000004,0.2
Hannah Eurlings,Belgium Women's,0.247103246,1,3,0.08236774866666667,0.752896754,0.3
Hannah Godfrey,Tottenham Hotspur Women,0.778967144,0,6,0.12982785733333332,-0.778967144,0.6
Hannah Jayne Blundell,Chelsea FCW,2.023149944,2,20,0.1011574972,-0.023149944000000033,2.0
Hannah Jayne Blundell,Manchester United W,0.712929529,0,11,0.06481177536363636,-0.712929529,1.1
Hannah Short,Yeovil Town LFC,0.848980552,0,6,0.14149675866666667,-0.848980552,0.6
Hannah Wilkinson,New Zealand Women's,1.031024546,1,9,0.11455828288888889,-0.03102454600000004,0.9
Hans Dorfner,Bayern Munich,0.019193148,0,1,0.019193148,-0.019193148,0.1
Hans-Jürgen Kreische,German DR,0.6617655,0,1,0.6617655,-0.6617655,0.1
Hans-Peter Briegel,Germany,0.074651308,0,2,0.037325654,-0.074651308,0.2
Hansi Flick,Bayern Munich,0.129372273,0,2,0.0646861365,-0.129372273,0.2
Hany Mukhtar,Nashville SC,0.135616363,0,2,0.0678081815,-0.135616363,0.2
Hapsatou Malado Diallo,SD Eibar,0.330944729,0,4,0.08273618225,-0.330944729,0.4
Harald Irmscher,German DR,0.015821658,0,1,0.015821658,-0.015821658,0.1
Haris Medunjanin,RC Deportivo La Coruña,0.31700362,0,4,0.079250905,-0.31700362,0.4
Haris Medunjanin,Real Valladolid,0.061174437,0,1,0.061174437,-0.061174437,0.1
Haris Seferović,Eintracht Frankfurt,5.350552164,3,58,0.09225089937931034,-2.3505521639999998,5.8
Haris Seferović,Real Sociedad,0.07719383,0,2,0.038596915,-0.07719383,0.2
Haris Seferović,Switzerland,1.296546795,3,15,0.086436453,1.703453205,1.5
Harmanjot Singh Khabra,Kerala Blasters,0.750349456,1,9,0.08337216177777779,0.24965054399999997,0.9
Harold Michael ''Mike' England,Seattle Sounders,0.18822082,0,2,0.09411041,-0.18822082,0.2
Harriet Scott,Birmingham City WFC,1.394733038,0,20,0.0697366519,-1.394733038,2.0
Harry Arter,AFC Bournemouth,1.1329475635,1,36,0.031470765652777774,-0.13294756349999992,3.6
Harry Kane,Bayern Munich,0.710867772,1,3,0.23695592399999998,0.28913222800000005,0.3
Harry Kane,England,14.61407649,17,62,0.23571091112903225,2.3859235099999996,6.2
Harry Kane,Tottenham Hotspur,21.068008785500002,25,159,0.13250319990880505,3.931991214499998,15.9
Harry Kewell,Liverpool,0.423692317,1,7,0.060527473857142855,0.576307683,0.7
Harry Maguire,England,2.329738292,3,26,0.08960531892307692,0.670261708,2.6
Harry Souttar,Australia,0.063817374,0,1,0.063817374,-0.063817374,0.1
Harry Wilson,Wales,0.27609705,0,3,0.09203235,-0.27609705,0.3
Hasret Kayikci,SC Freiburg,3.464861216,3,42,0.08249669561904763,-0.4648612160000001,4.2
Hassan Khalid Al Heidos,Qatar,0.016374031,0,1,0.016374031,-0.016374031,0.1
Hassane Kamara,Stade de Reims,0.018452015,0,1,0.018452015,-0.018452015,0.1
Hatem Ben Arfa,Lille,0.13486624,0,1,0.13486624,-0.13486624,0.1
Hatem Ben Arfa,OGC Nice,10.421176138,17,92,0.11327365367391304,6.578823862,9.2
Hattan Babhir,Saudi Arabia,0.39561874,0,6,0.06593645666666667,-0.39561874,0.6
Havana Solaun,Houston Dash,0.19450444,0,1,0.19450444,-0.19450444,0.1
Havana Solaun,Jamaica Women's,0.298306133,1,3,0.09943537766666666,0.701693867,0.3
Havana Solaun,Washington Spirit,0.201965604,0,5,0.0403931208,-0.201965604,0.5
Hawa Cissoko,West Ham United LFC,1.05383221,1,5,0.210766442,-0.053832209999999936,0.5
Hayley Emma Raso,Australia Women's,3.408960552,3,14,0.2434971822857143,-0.4089605519999999,1.4
Hayley Emma Raso,Everton LFC,5.04188221,5,35,0.14405377742857142,-0.04188220999999981,3.5
Hayley Emma Raso,Portland Thorns,2.275559513,2,15,0.15170396753333334,-0.27555951300000014,1.5
Hayley Emma Raso,Real Madrid CF W,5.355309564,4,38,0.14092919905263157,-1.3553095639999997,3.8
Hayley Ladd,Birmingham City WFC,0.8748145359999999,2,13,0.06729342584615385,1.125185464,1.3
Hayley Ladd,Manchester United,1.639741028,1,15,0.10931606853333334,-0.639741028,1.5
Hayley Ladd,Manchester United W,1.739785189,2,16,0.1087365743125,0.260214811,1.6
Hayley Lauder,Scotland W,0.017317727,0,1,0.017317727,-0.017317727,0.1
Haythem Jouini,Tunisia,0.59260937,0,3,0.19753645666666667,-0.59260937,0.3
Heather O''Reilly,North Carolina Courage,0.093386434,0,1,0.093386434,-0.093386434,0.1
Heather Payne,Bristol City WFC,0.34590166,0,3,0.11530055333333333,-0.34590166,0.3
Heather Payne,Everton LFC,0.644513726,0,5,0.1289027452,-0.644513726,0.5
Heather Payne,Republic of Ireland Women's,0.16309904,0,1,0.16309904,-0.16309904,0.1
Hedwiges Maduro,Valencia,0.41814922,1,3,0.13938307333333333,0.58185078,0.3
Hee-Chan Hwang,South Korea,0.8389676020000001,1,8,0.10487095025000001,0.1610323979999999,0.8
Heiko Westermann,Real Betis,1.6453838459999999,1,15,0.1096922564,-0.6453838459999999,1.5
Heinz Flohe,Germany,0.0725560495,0,3,0.02418534983333333,-0.0725560495,0.3
Hellen Nga'ndwe Chanda,Zambia W,0.048835058,0,1,0.048835058,-0.048835058,0.1
Hemeya Tanjy,Mauritania,0.25852903,0,4,0.0646322575,-0.25852903,0.4
Hendry Antonay,Odisha,0.053620417000000004,0,2,0.026810208500000002,-0.053620417000000004,0.2
Henoc Inonga Baka,Congo DR,0.797422274,1,2,0.398711137,0.202577726,0.2
Henok Goitom,Almería,0.176125647,0,3,0.058708549,-0.176125647,0.3
Henok Goitom,Getafe,0.298451174,0,4,0.0746127935,-0.298451174,0.4
Henok Goitom,Real Valladolid,0.019702278,0,1,0.019702278,-0.019702278,0.1
Henri Bedimo Nsamè,Lyon,0.1086161175,0,6,0.01810268625,-0.1086161175,0.6
Henri Bienvenu Ntsama,Troyes,0.748291848,0,5,0.1496583696,-0.748291848,0.5
Henri Camara,Wolverhampton Wanderers,0.026932793,0,1,0.026932793,-0.026932793,0.1
Henri Saivet,Bordeaux,1.357779131,2,29,0.04681997003448276,0.642220869,2.9
Henrietta Csiszár,FC Internazionale Milano W,3.0915021609999997,1,32,0.09660944253124999,-2.0915021609999997,3.2
Henriette Akaba,Cameroon W,0.23828769,0,1,0.23828769,-0.23828769,0.1
Henrik Dalsgaard,Denmark,0.023606118,0,1,0.023606118,-0.023606118,0.1
Henrik Larsson,Barcelona,5.873259258,5,24,0.24471913575,-0.873259258,2.4
Henrik Pedersen,Bolton Wanderers,0.048150834,1,1,0.048150834,0.951849166,0.1
Henrikh Mkhitaryan,Borussia Dortmund,9.167213229,11,78,0.11752837473076923,1.8327867710000003,7.8
Henry Josué Martín Mex,Mexico,0.778895645,1,4,0.19472391125,0.22110435500000003,0.4
Heorhii Tsitaishvili,Georgia,0.22726923799999998,0,3,0.07575641266666666,-0.22726923799999998,0.3
Hermann Hreidarsson,Charlton Athletic,0.165547284,0,2,0.082773642,-0.165547284,0.2
Hernán Arsenio Pérez González,Espanyol,5.2994723200000005,7,50,0.1059894464,1.7005276799999995,5.0
Hernán Daniel Santana Trujillo,Las Palmas,0.41295686600000003,1,9,0.045884096222222226,0.587043134,0.9
Hernán Daniel Santana Trujillo,NorthEast United,1.8871767625,1,35,0.05391933607142857,-0.8871767625,3.5
Hernán Darío Bernardello,Almería,0.07923470199999999,0,2,0.039617350999999995,-0.07923470199999999,0.2
Hernán Edgardo Díaz,River Plate,0.022005284,0,1,0.022005284,-0.022005284,0.1
Hernán Jorge Crespo,AC Milan,0.9956248259999999,2,3,0.33187494199999995,1.0043751740000002,0.3
Hernán Jorge Crespo,Chelsea,0.126580046,1,3,0.042193348666666665,0.873419954,0.3
Hernâni Jorge Santos Fortes,Levante UD,0.244801072,0,2,0.122400536,-0.244801072,0.2
Hervin Scicchitano Ongenda,Paris Saint-Germain,0.862390604,1,5,0.1724781208,0.137609396,0.5
Hervé Bazile,Caen,0.8037402339999999,0,11,0.07306729399999999,-0.8037402339999999,1.1
Hervé Bazile,Stade Malherbe Caen,1.145786434,0,22,0.05208120154545454,-1.145786434,2.2
Heung-Min Son,Bayer Leverkusen,0.66567978,0,2,0.33283989,-0.66567978,0.2
Heung-Min Son,South Korea,2.536448694,2,23,0.11028037800000001,-0.5364486940000002,2.3
Heung-Min Son,Tottenham Hotspur,3.48777295,4,41,0.08506763292682927,0.5122270499999999,4.1
Hichem Boudaoui,Algeria,0.185891884,0,3,0.06196396133333334,-0.185891884,0.3
Hichem Boudaoui,OGC Nice,0.01863943,0,1,0.01863943,-0.01863943,0.1
Hidemasa Morita,Japan,0.124164362,0,3,0.04138812066666667,-0.124164362,0.3
Hikaru Naomoto,Japan Women's,0.589906119,1,7,0.08427230271428572,0.410093881,0.7
Hildah Tholakele Magaia,South Africa Women's,1.245630866,2,6,0.20760514433333332,0.754369134,0.6
Himad Abdelli,Angers,0.20833575,0,4,0.0520839375,-0.20833575,0.4
Hina Sugita,Japan Women's,0.915637765,0,7,0.13080539500000002,-0.915637765,0.7
Hina Sugita,Portland Thorns,5.04047316,6,27,0.18668419111111112,0.9595268399999997,2.7
Hinata Miyazawa,Japan Women's,1.390297122,5,13,0.10694593246153847,3.6097028780000002,1.3
Hinata Miyazawa,Manchester United W,1.379869884,1,19,0.07262473073684211,-0.3798698840000001,1.9
Hira Mondal,East Bengal,0.209793776,0,8,0.026224222,-0.209793776,0.8
Hiram Boateng,Crystal Palace,0.028741227,0,1,0.028741227,-0.028741227,0.1
Hiroki Sakai,Hannover 96,0.578029955,1,11,0.05254817772727272,0.421970045,1.1
Hiroki Sakai,Japan,0.550692565,0,3,0.18356418833333332,-0.550692565,0.3
Hiroshi Kiyotake,Hannover 96,3.2611428140000003,5,28,0.11646938621428572,1.7388571859999997,2.8
Hirving Rodrigo Lozano Bahena,Mexico,1.1413572269999999,1,18,0.06340873483333333,-0.14135722699999986,1.8
Hitesh Sharma,Hyderabad,0.429413113,0,5,0.0858826226,-0.429413113,0.5
Hitesh Sharma,SC Delhi,0.025666406,0,1,0.025666406,-0.025666406,0.1
Hlín Eiríksdóttir,Iceland Women's,0.31517816,1,1,0.31517816,0.68482184,0.1
Holger Badstuber,Bayern Munich,0.141762352,0,2,0.070881176,-0.141762352,0.2
Honoka Hayashi,Japan Women's,0.438223694,1,3,0.14607456466666666,0.5617763060000001,0.3
Honoka Hayashi,West Ham United LFC,1.6152219620000001,2,13,0.12424784323076923,0.3847780379999999,1.3
Honoka Yonei,SD Eibar,0.313818602,0,10,0.0313818602,-0.313818602,1.0
Hormipam Ruivah,Kerala Blasters,0.020814965,0,1,0.020814965,-0.020814965,0.1
Hotaru Yamaguchi,Hannover 96,0.073679949,0,3,0.024559982999999997,-0.073679949,0.3
Houboulang Mendes,Lorient,0.017762246,0,1,0.017762246,-0.017762246,0.1
Houssem Aouar,Algeria,0.14563425,0,1,0.14563425,-0.14563425,0.1
Houssem Aouar,Lyon,0.050195385,0,1,0.050195385,-0.050195385,0.1
Hugo Adnan Boumous,ATK Mohun Bagan,1.3346525200000001,3,10,0.133465252,1.6653474799999999,1.0
Hugo Adnan Boumous,Mohun Bagan Super Giant,1.43481107,2,12,0.11956758916666667,0.5651889299999999,1.2
Hugo Alejandro Sotil Yerén,Barcelona,0.44418266,1,2,0.22209133,0.5558173399999999,0.2
Hugo Alvez,Argentina U20,0.801588951,1,3,0.267196317,0.19841104899999995,0.3
Hugo Ayala Castro,Mexico,0.06965513,0,1,0.06965513,-0.06965513,0.1
Hugo Ekitike,Eintracht Frankfurt,0.237604027,1,3,0.07920134233333333,0.7623959730000001,0.3
Hugo Ekitike,Paris Saint-Germain,2.265770854,2,19,0.11925109757894736,-0.2657708539999999,1.9
Hugo Ekitike,Stade de Reims,0.140963894,0,2,0.070481947,-0.140963894,0.2
Hugo Magnetti,Stade Brestois,0.013027189,0,1,0.013027189,-0.013027189,0.1
Hugo Mallo Novegil,Celta Vigo,0.784471441,1,14,0.056033674357142856,0.215528559,1.4
Hugo Mariano Pavone,Real Betis,0.14008932,0,1,0.14008932,-0.14008932,0.1
Hugo Miguel Almeida Costa Lopes,Granada,0.301948712,0,11,0.02744988290909091,-0.301948712,1.1
Hugo Miguel Pereira de Almeida,Hannover 96,0.9590905279999999,1,14,0.06850646628571429,0.04090947200000006,1.4
Hugo Perotti,Boca Juniors,0.11894733,0,1,0.11894733,-0.11894733,0.1
Hugo Rodriguez,Stade de Reims,0.034462947,0,1,0.034462947,-0.034462947,0.1
Hussain Al Mogahwi,Saudi Arabia,0.110855169,0,4,0.02771379225,-0.110855169,0.4
Hwa-Yeon Son,Korea Republic Women's,0.342921566,0,2,0.171460783,-0.342921566,0.2
Hye-Ji Hong,Korea Republic Women's,0.09198476,0,1,0.09198476,-0.09198476,0.1
Hye-Ri Kim,Korea Republic Women's,0.021140372,0,1,0.021140372,-0.021140372,0.1
Hyo-Joo Choo,Korea Republic Women's,0.089900665,0,1,0.089900665,-0.089900665,0.1
Håvard Nordtveit,Borussia Mönchengladbach,1.01030708,4,22,0.04592304909090909,2.98969292,2.2
Héctor Adolfo Enrique,Argentina,0.198405415,0,4,0.04960135375,-0.198405415,0.4
Héctor Alfredo Moreno Herrera,Espanyol,0.088921726,0,1,0.088921726,-0.088921726,0.1
Héctor Alfredo Moreno Herrera,Mexico,0.30808042,0,3,0.10269347333333334,-0.30808042,0.3
Héctor Bellerín Moruno,Arsenal,0.707749524,1,13,0.05444227107692308,0.292250476,1.3
Héctor Berenguel del Piño,Mallorca,0.09790774,0,1,0.09790774,-0.09790774,0.1
Héctor Casimiro Yazalde,Argentina,0.053704124,0,1,0.053704124,-0.053704124,0.1
Héctor Font Romero,Real Valladolid,0.019336345,0,1,0.019336345,-0.019336345,0.1
Héctor Hernández García,Mexico,0.565451286,0,3,0.18848376200000003,-0.565451286,0.3
Héctor Hernández Ortega,Real Sociedad,0.331055849,0,4,0.08276396225,-0.331055849,0.4
Héctor Junior Firpo Adames,Barcelona,0.899070171,1,4,0.22476754275,0.10092982900000003,0.4
Héctor Junior Firpo Adames,Real Betis,0.49600897,1,2,0.248004485,0.50399103,0.2
Héctor Miguel Herrera López,Atlético Madrid,0.105925374,0,1,0.105925374,-0.105925374,0.1
Héctor Miguel Herrera López,Mexico,0.287926531,0,5,0.0575853062,-0.287926531,0.5
Héctor Rodas Ramírez,Odisha,0.96005434,2,10,0.096005434,1.0399456599999999,1.0
Hélder Filipe Oliveira Lopes,Las Palmas,0.041127048,0,2,0.020563524,-0.041127048,0.2
Hélder Manuel Marques Postiga,Real Zaragoza,0.18324701200000001,0,3,0.06108233733333334,-0.18324701200000001,0.3
Hélder Manuel Marques Postiga,Tottenham Hotspur,0.255949808,0,5,0.0511899616,-0.255949808,0.5
Hélder Manuel Marques Postiga,Valencia,0.354003275,2,3,0.11800109166666667,1.645996725,0.3
Hélder Miguel Do Rosario Data,Málaga,0.022960758,0,1,0.022960758,-0.022960758,0.1
Hélder Wander Sousa Azevedo Costa,AS Monaco,3.756817044,3,24,0.1565340435,-0.7568170439999999,2.4
Hörður Björgvin Magnússon,Iceland,0.13106495299999998,0,2,0.06553247649999999,-0.13106495299999998,0.2
Hải Yến Phạm,Vietnam Women's,0.045162078,0,1,0.045162078,-0.045162078,0.1
Iago Amaral Borduchi,Augsburg,0.10686676,0,1,0.10686676,-0.10686676,0.1
Iago Aspas Juncal,Celta Vigo,14.8670206395,17,102,0.14575510430882352,2.1329793605000003,10.2
Iago Aspas Juncal,Spain,1.296018724,1,5,0.2592037448,-0.29601872400000007,0.5
Iago Falqué Silva,AS Roma,1.5330152350000001,2,16,0.09581345218750001,0.46698476499999986,1.6
Iago Falqué Silva,Rayo Vallecano,0.141476755,0,2,0.0707383775,-0.141476755,0.2
Ian González Nieto,Getafe,0.24839391,0,1,0.24839391,-0.24839391,0.1
Ian Harte,Leeds United,0.05853229,0,2,0.029266145,-0.05853229,0.2
Ianis Hagi,Romania,0.06795937099999999,0,2,0.033979685499999995,-0.06795937099999999,0.2
Ibai Gómez Pérez,Athletic Club,0.296525657,1,4,0.07413141425,0.703474343,0.4
Ibai Gómez Pérez,Deportivo Alavés,0.6636024925,1,7,0.09480035607142857,0.33639750749999997,0.7
Ibrahim Abdallah Hamad,Tanzania,0.07435004,0,1,0.07435004,-0.07435004,0.1
Ibrahim Afellay,Barcelona,0.598334189,0,11,0.05439401718181818,-0.598334189,1.1
Ibrahim Afellay,Stoke City,2.3786983525,2,39,0.06099226544871794,-0.37869835249999984,3.9
Ibrahim Amadou,Lille,1.11159948,1,13,0.0855076523076923,-0.11159947999999997,1.3
Ibrahim Blati Touré,Burkina Faso,0.09426823,0,1,0.09426823,-0.09426823,0.1
Ibrahim Diakité,Guinea,0.080343165,0,1,0.080343165,-0.080343165,0.1
Ibrahim Sangaré,Côte d'Ivoire,0.31211271199999996,0,5,0.06242254239999999,-0.31211271199999996,0.5
Ibrahim Sissoko,Mali,0.104664944,0,1,0.104664944,-0.104664944,0.1
Ibrahima Konaté,France,0.22140916,0,2,0.11070458,-0.22140916,0.2
Ibrahima Koné,Lorient,0.19259436,0,2,0.09629718,-0.19259436,0.2
Ibrahima Mbaye,Bologna,0.37305997199999996,0,5,0.07461199439999999,-0.37305997199999996,0.5
Ibrahima Niane,Angers,0.25058785,0,2,0.125293925,-0.25058785,0.2
Ibrahima Sissoko,Strasbourg,0.020829061,0,1,0.020829061,-0.020829061,0.1
Ibrahima Traoré,Borussia Mönchengladbach,2.694123535,3,41,0.06571033012195122,0.3058764649999999,4.1
Ibtissam Jraïdi,Morocco Women's,0.368515711,1,5,0.0737031422,0.631484289,0.5
Ibán Salvador Edu,Equatorial Guinea,0.13608837899999998,1,2,0.06804418949999999,0.863911621,0.2
Iddrisu Baba Mohammed,Ghana,0.124804255,0,2,0.0624021275,-0.124804255,0.2
Iddrisu Baba Mohammed,Mallorca,0.19237635,0,1,0.19237635,-0.19237635,0.1
Idrissa Gana Gueye,Aston Villa,1.068308275,0,30,0.03561027583333333,-1.068308275,3.0
Idrissa Gana Gueye,Paris Saint-Germain,0.968577077,0,17,0.056975122176470584,-0.968577077,1.7
Idrissa Gana Gueye,Senegal,0.439998232,0,6,0.07333303866666667,-0.439998232,0.6
Idrissa Gueye,Senegal,0.04482597,0,1,0.04482597,-0.04482597,0.1
Idrissa Thiam,Mauritania,0.22974195200000003,0,4,0.05743548800000001,-0.22974195200000003,0.4
Ifeoma Onumonu,NJ/NY Gotham FC,1.313705496,0,7,0.18767221371428572,-1.313705496,0.7
Ifeoma Onumonu,Nigeria Women's,0.37488474800000005,0,4,0.09372118700000001,-0.37488474800000005,0.4
Ifeoma Onumonu,Portland Thorns,0.09491553,0,1,0.09491553,-0.09491553,0.1
Ignacio Camacho Barnola,Málaga,2.291820927,2,25,0.09167283708,-0.29182092699999984,2.5
Ignacio Cases Mora,Sporting Gijón,1.675334176,1,24,0.06980559066666667,-0.675334176,2.4
Ignacio Ferri Julià,Eintracht Frankfurt,0.18252592,0,2,0.09126296,-0.18252592,0.2
Ignacio Insa Bohigues,Celta Vigo,0.28721476,1,1,0.28721476,0.71278524,0.1
Ignacio Javier Gómez Novo,Sporting Gijón,0.046818349,0,2,0.0234091745,-0.046818349,0.2
Ignacio Monreal Eraso,Arsenal,1.15081751,0,13,0.08852442384615385,-1.15081751,1.3
Ignacio Monreal Eraso,Osasuna,0.054676935,0,1,0.054676935,-0.054676935,0.1
Ignacio Monreal Eraso,Real Sociedad,0.222199463,0,2,0.1110997315,-0.222199463,0.2
Ignatius Kpene Ganago,Nantes,0.389075257,1,5,0.0778150514,0.610924743,0.5
Ignazio Abate,AC Milan,0.289541439,1,4,0.07238535975,0.710458561,0.4
Igor Angulo Albóniga,Mumbai City,8.523156111,10,51,0.16712070805882354,1.4768438889999995,5.1
Igor Bubnjić,Carpi,0.7023740350000001,0,9,0.07804155944444445,-0.7023740350000001,0.9
Igor Diveev,Russia,0.099101976,0,1,0.099101976,-0.099101976,0.1
Igor Gabilondo del Campo,Athletic Club,0.166760816,0,3,0.05558693866666667,-0.166760816,0.3
Igor Gurinovich,Soviet Union U20,0.036207773,0,1,0.036207773,-0.036207773,0.1
Igor Lichnovsky Osorio,Chile,0.144070735,0,2,0.0720353675,-0.144070735,0.2
Igor Ponomarev,Soviet Union U20,0.10926774,1,3,0.03642258,0.89073226,0.3
Igor Zubeldia Elorza,Real Sociedad,0.019320287,0,1,0.019320287,-0.019320287,0.1
Ijeoma Esther Okoronkwo,Costa Adeje Tenerife,2.535649074,2,13,0.19504992876923077,-0.5356490740000002,1.3
Ike Ugbo,Troyes,0.38170273,1,3,0.12723424333333333,0.61829727,0.3
Ikechi Anya,Watford,0.57555446,0,10,0.057555445999999996,-0.57555446,1.0
Ikechukwu Uche,Getafe,0.580313281,0,5,0.1160626562,-0.580313281,0.5
Ikechukwu Uche,Granada,0.046262566,0,1,0.046262566,-0.046262566,0.1
Ikechukwu Uche,Málaga,0.031766087,0,1,0.031766087,-0.031766087,0.1
Ikechukwu Uche,Recreativo Huelva,0.23188179,0,3,0.07729393,-0.23188179,0.3
Iker Muniain Goñi,Athletic Club,3.522175285,3,31,0.11361855758064515,-0.5221752849999999,3.1
Ikoma Loïs Openda,Lens,0.706485432,0,8,0.088310679,-0.706485432,0.8
Ikoma Loïs Openda,RB Leipzig,1.218508221,2,6,0.2030847035,0.781491779,0.6
Ilan Kebbal,Stade de Reims,0.06343236,0,1,0.06343236,-0.06343236,0.1
Ilaria Mauro,Italy Women's,0.100676984,0,2,0.050338492,-0.100676984,0.2
Ildo Enrique Maneiro Ghezzi,Uruguay,0.12431426000000001,0,3,0.04143808666666667,-0.12431426000000001,0.3
Iliman Ndiaye,Senegal,0.30338986,1,3,0.10112995333333334,0.69661014,0.3
Illia Zabarnyi,Ukraine,0.34909934,0,2,0.17454967,-0.34909934,0.2
Ilya Kutepov,Russia,0.26877823,0,1,0.26877823,-0.26877823,0.1
Iman Basafa,Bengaluru,1.149515731,1,6,0.19158595516666665,-0.14951573099999993,0.6
Iman Beney,Switzerland Women's,0.372367305,0,6,0.062061217499999995,-0.372367305,0.6
Imani Dorsey,NJ/NY Gotham FC,1.941001468,3,12,0.16175012233333333,1.058998532,1.2
Imanol Agirretxe Arruti,Real Sociedad,9.329121967,15,51,0.18292396013725493,5.670878032999999,5.1
Imran Khan,NorthEast United,0.66071675,0,13,0.050824365384615384,-0.66071675,1.3
In-Beom Hwang,South Korea,0.170931125,0,6,0.028488520833333333,-0.170931125,0.6
Indiah-Paige Janita Riley,New Zealand Women's,0.360174561,0,3,0.120058187,-0.360174561,0.3
Inessa Kaagman,Brighton & Hove Albion WFC,5.507960894,8,39,0.14122976651282051,2.492039106,3.9
Inessa Kaagman,Everton LFC,5.942373985,5,58,0.10245472387931034,-0.9423739849999997,5.8
Infren David da Conceição Matola,Mozambique,0.017974751,0,1,0.017974751,-0.017974751,0.1
Inge Ejderstedt,Sweden,0.2806425,0,2,0.14032125,-0.2806425,0.2
Ingibjörg Sigurðardóttir,Duisburg WFC,0.070024036,0,1,0.070024036,-0.070024036,0.1
Ingibjörg Sigurðardóttir,Iceland Women's,0.22561568999999998,0,2,0.11280784499999999,-0.22561568999999998,0.2
Ingrid Filippa Angeldal,Manchester City WFC,1.258226604,0,14,0.08987332885714286,-1.258226604,1.4
Ingrid Filippa Angeldal,Sweden Women's,3.815379058,4,35,0.10901083022857143,0.184620942,3.5
Ingrid Moe Wold,Everton LFC,0.181577817,0,6,0.0302629695,-0.181577817,0.6
Ingrid Moe Wold,Norway Women's,0.175361044,0,4,0.043840261,-0.175361044,0.4
Ingrid Syrstad Engen,Barcelona WFC,0.335515134,0,5,0.06710302679999999,-0.335515134,0.5
Ingrid Syrstad Engen,Norway Women's,1.533440211,1,10,0.1533440211,-0.533440211,1.0
Iniabasi Anefiok Umotong,Brighton & Hove Albion WFC,6.4259932135,3,52,0.12357679256730769,-3.4259932135,5.2
Inès Belloumou,Bayern München W,0.088435071,0,2,0.0442175355,-0.088435071,0.2
Inès Jauréna,Washington Spirit,0.365731344,0,5,0.0731462688,-0.365731344,0.5
Ioan Viorel Ganea,Wolverhampton Wanderers,0.440805434,1,3,0.14693514466666666,0.559194566,0.3
Ion Vélez Martínez,Athletic Club,0.14131847,0,1,0.14131847,-0.14131847,0.1
Irene Guerrero Sanmartín,Manchester United W,0.025587866,0,1,0.025587866,-0.025587866,0.1
Irene Guerrero Sanmartín,Spain Women's,0.549581891,0,6,0.09159698183333333,-0.549581891,0.6
Irene Oguiza,Athletic Club Bilbao,0.479918005,1,3,0.15997266833333332,0.520081995,0.3
Irene Paredes Hernandez,Barcelona WFC,1.217555423,0,16,0.0760972139375,-1.217555423,1.6
Irene Paredes Hernandez,Spain Women's,3.161745508,2,29,0.10902570717241379,-1.161745508,2.9
Irene Santi,FC Internazionale Milano W,0.092718646,0,1,0.092718646,-0.092718646,0.1
Irina Priscilla Uribe García,FC Levante Badalona,4.306107446,5,34,0.126650219,0.6938925539999996,3.4
Iriney Santos Da Silva,Almería,0.08218657,0,2,0.041093285,-0.08218657,0.2
Iriney Santos Da Silva,Celta Vigo,0.036423004999999994,0,2,0.018211502499999997,-0.036423004999999994,0.2
Iris Arnaiz Gil,Real Sociedad de Fútbol,0.281547115,0,9,0.03128301277777778,-0.281547115,0.9
Iris Madeleine Rabot,Pomigliano,2.993481117,2,25,0.11973924468,-0.993481117,2.5
Isaac Ajayi Success,Granada,4.9725111295,6,58,0.08573295050862069,1.0274888705,5.8
Isaac Cofie,Carpi,1.071081123,0,24,0.044628380125,-1.071081123,2.4
Isaac Kiese Thelin,Bordeaux,0.609083155,0,6,0.10151385916666666,-0.609083155,0.6
Isaac Vanmalsawma Chhakchhuak,Odisha,0.445665356,0,8,0.0557081695,-0.445665356,0.8
Isabel Corte Peláez,CD Sporting de Huelva,1.8564958074999998,1,19,0.09771030565789472,-0.8564958074999998,1.9
Isabel Denise Rodriguez,KC Current,0.761953169,3,8,0.095244146125,2.238046831,0.8
Isabel Álvarez Tenorio,Granada W,0.222274023,1,6,0.037045670499999996,0.777725977,0.6
Isabell Herlovsen,Norway Women's,1.343534671,2,7,0.19193352442857142,0.656465329,0.7
Isabella Briede,San Diego Wave,0.736647771,1,5,0.1473295542,0.263352229,0.5
Isabella D'Aquila,Portland Thorns,1.417734075,0,16,0.0886083796875,-1.417734075,1.6
Isabella Hobson,Everton LFC,0.073564075,1,1,0.073564075,0.926435925,0.1
Isak Vanlalruatfela,Odisha,0.240617933,1,4,0.06015448325,0.759382067,0.4
Ishan Pandita,Jamshedpur,3.1377327090000002,3,22,0.14262421404545456,-0.13773270900000023,2.2
Isibeal Atkinson,West Ham United LFC,0.603188482,0,6,0.10053141366666667,-0.603188482,0.6
Isidoro Díaz Mejia,Mexico,0.14678988,0,1,0.14678988,-0.14678988,0.1
Isidoro San José Pozo,Real Madrid,0.01992668,0,1,0.01992668,-0.01992668,0.1
Isidro Díaz González,Real Madrid,0.06706037,0,1,0.06706037,-0.06706037,0.1
Islam Slimani,Algeria,0.103660063,0,2,0.0518300315,-0.103660063,0.2
Islam Slimani,Stade Brestois,0.9305519299999999,0,2,0.46527596499999996,-0.9305519299999999,0.2
Ismaeel Mohammad Mohammad,Qatar,0.307858726,0,2,0.153929363,-0.307858726,0.2
Ismael Bennacer,Algeria,0.05028259,0,1,0.05028259,-0.05028259,0.1
Ismael Koné,Canada,1.9351661839999998,2,7,0.276452312,0.06483381600000016,0.7
Ismael López Blanco,Sporting Gijón,1.684921927,2,19,0.08868010142105263,0.315078073,1.9
Ismael Marchal Razquín,Gimnàstic Tarragona,0.16334775,0,1,0.16334775,-0.16334775,0.1
Ismael Saibari,Morocco,0.18909244,0,1,0.18909244,-0.18909244,0.1
Ismael Urzáiz Aranda,Athletic Club,0.16454606,0,1,0.16454606,-0.16454606,0.1
Ismail Jakobs,Senegal,0.323425743,0,3,0.107808581,-0.323425743,0.3
Ismaily Gonçalves dos Santos,Lille,0.084818795,0,1,0.084818795,-0.084818795,0.1
Ismaël Gharbi,Paris Saint-Germain,0.19116965,0,3,0.06372321666666667,-0.19116965,0.3
Ismaël Tiémoko Diomandé,Saint-Étienne,0.093614424,0,4,0.023403606,-0.093614424,0.4
Ismaël Tiémoko Diomandé,Stade Malherbe Caen,0.014675048,0,1,0.014675048,-0.014675048,0.1
Ismaël Traoré,Angers,1.470278223,1,13,0.11309832484615384,-0.470278223,1.3
Ismaïla Sarr,Senegal,3.156849768,2,20,0.15784248839999998,-1.1568497679999998,2.0
Isobel Mary Christiansen,Everton LFC,4.066664079,6,27,0.1506171881111111,1.9333359210000003,2.7
Issa Cissokho,Genoa,0.047454942,0,1,0.047454942,-0.047454942,0.1
Issa Diop,Toulouse,0.692452678,1,6,0.11540877966666667,0.307547322,0.6
Issa Kabore,Burkina Faso,0.13469607,0,1,0.13469607,-0.13469607,0.1
Issa Kabore,Troyes,0.021689555,0,1,0.021689555,-0.021689555,0.1
Issam Jebali,Tunisia,0.654071603,0,3,0.21802386766666668,-0.654071603,0.3
Issiaga Sylla,Gazélec Ajaccio,1.19399039,0,23,0.05191262565217391,-1.19399039,2.3
Issiaga Sylla,Guinea,0.032691196,0,1,0.032691196,-0.032691196,0.1
Issiaga Sylla,Toulouse,0.2003255,0,1,0.2003255,-0.2003255,0.1
Issiar Dia,Gazélec Ajaccio,0.486045955,0,6,0.08100765916666666,-0.486045955,0.6
Issoufou Dayo,Burkina Faso,0.303027359,0,2,0.1515136795,-0.303027359,0.2
Itxaso Uriarte Santamaría,Athletic Club Bilbao,0.318085663,0,9,0.03534285144444445,-0.318085663,0.9
Itziar Gastearena Artola,Granada W,0.196097306,0,2,0.098048653,-0.196097306,0.2
Itziar Pinillos Moreno,Madrid CFF,0.74612859,1,11,0.06782987181818181,0.25387141,1.1
Ivan Gennaro Gattuso,AC Milan,0.016480979,0,1,0.016480979,-0.016480979,0.1
Ivan Hrdlicka,Czechoslovakia,0.020525727,0,1,0.020525727,-0.020525727,0.1
Ivan Ilić,Serbia,0.037979541,0,2,0.0189897705,-0.037979541,0.2
Ivan Obradović,Real Zaragoza,0.19222309,0,1,0.19222309,-0.19222309,0.1
Ivan Perišić,Croatia,5.149478935,6,51,0.10097017519607844,0.8505210649999997,5.1
Ivan Perišić,Inter Milan,7.7866179905,7,71,0.10967067592253521,-0.7866179904999999,7.1
Ivan Perišić,Wolfsburg,0.205546122,1,3,0.068515374,0.794453878,0.3
Ivan Radovanović,Chievo,0.423618854,0,18,0.023534380777777777,-0.423618854,1.8
Ivan Rakitić,Barcelona,17.114875177000002,25,205,0.08348719598536586,7.885124822999998,20.5
Ivan Rakitić,Croatia,2.462573196,3,17,0.1448572468235294,0.5374268039999999,1.7
Ivan Rakitić,Sevilla,0.763929212,1,7,0.10913274457142856,0.23607078800000003,0.7
Ivan Ricardo Neves Abreu Cavaleiro,AS Monaco,1.242959109,1,14,0.0887827935,-0.24295910900000006,1.4
Ivan Ricardo Neves Abreu Cavaleiro,RC Deportivo La Coruña,0.18481746000000002,0,2,0.09240873000000001,-0.18481746000000002,0.2
Ivan Schranz,Slovakia,1.025085926,3,5,0.2050171852,1.974914074,0.5
Ivan Strinić,Napoli,0.071385381,0,3,0.023795127,-0.071385381,0.3
Ivan Toney,England,0.8344548540000001,1,2,0.41722742700000004,0.16554514599999992,0.2
Ivana Andrés Sanz,Real Madrid CF W,2.084601363,2,17,0.12262360958823529,-0.08460136299999998,1.7
Ivana Andrés Sanz,Spain Women's,0.460390302,0,4,0.1150975755,-0.460390302,0.4
Ivana Ferreira Fuso,Manchester United W,0.249790189,0,3,0.08326339633333334,-0.249790189,0.3
Ivano Bonetti,Juventus,0.03101153,0,1,0.03101153,-0.03101153,0.1
Ivaylo Chochev,Palermo,2.302142153,0,29,0.0793842121724138,-2.302142153,2.9
Iver Tobias Rørvik Fossum,Hannover 96,0.7679157329999999,0,13,0.059070440999999994,-0.7679157329999999,1.3
Ivica Olić,Bayern Munich,1.080851102,0,4,0.2702127755,-1.080851102,0.4
Ivica Olić,Hamburger SV,0.25418057,0,5,0.050836114,-0.25418057,0.5
Ivo Iličević,Hamburger SV,4.12710975,4,43,0.0959792965116279,-0.1271097499999998,4.3
Ivonne Chacón,Colombia Women's,0.17544353099999999,0,3,0.058481176999999995,-0.17544353099999999,0.3
Ivonne Chacón,Valencia CF,4.480353733,6,26,0.17232129742307695,1.5196462669999997,2.6
Iván Alejo Peralta,Cádiz,0.19069508,0,1,0.19069508,-0.19069508,0.1
Iván Bolado Palacios,Racing Santander,0.034096953,0,1,0.034096953,-0.034096953,0.1
Iván Campo Ramos,Bolton Wanderers,0.447179626,1,2,0.223589813,0.552820374,0.2
Iván Daniel Alonso Vallejo,Espanyol,0.06823172599999999,0,2,0.034115862999999996,-0.06823172599999999,0.2
Iván Daniel Alonso Vallejo,Real Murcia CF,0.966295759,1,5,0.1932591518,0.033704241000000024,0.5
Iván De la Peña López,Espanyol,0.677093418,2,5,0.1354186836,1.3229065819999999,0.5
Iván Garrido González,Goa,1.60187895,1,5,0.32037579,-0.6018789499999999,0.5
Iván Helguera Bujía,Real Madrid,0.08132821,0,1,0.08132821,-0.08132821,0.1
Iván Helguera Bujía,Valencia,0.020821016,0,1,0.020821016,-0.020821016,0.1
Iván Hernández Soto,Sporting Gijón,0.14396399699999998,0,2,0.07198199849999999,-0.14396399699999998,0.2
Iván López Mendoza,Levante UD,0.137309386,0,6,0.022884897666666668,-0.137309386,0.6
Iván López Álvarez,Getafe,0.14213724,0,1,0.14213724,-0.14213724,0.1
Iván López Álvarez,Levante UD,0.085396332,0,3,0.028465444000000003,-0.085396332,0.3
Iván Ramis Barrios,Eibar,0.59744196,0,9,0.06638244,-0.59744196,0.9
Iván Ramis Barrios,Levante UD,0.031897575,0,1,0.031897575,-0.031897575,0.1
Iván Ramis Barrios,Mallorca,0.066607852,0,2,0.033303926,-0.066607852,0.2
Iván Rodrigo Piris Leguizamón,Udinese,0.083373131,0,4,0.02084328275,-0.083373131,0.4
Iván Sánchez Rico Soto,Getafe,0.06587845,0,1,0.06587845,-0.06587845,0.1
Iván Sánchez Rico Soto,RC Deportivo La Coruña,0.957076528,0,14,0.06836260914285715,-0.957076528,1.4
Izarne Sarasola Beain,Real Sociedad de Fútbol,0.28479884,0,6,0.047466473333333335,-0.28479884,0.6
Izet Hajrović,Eibar,0.042664085,0,1,0.042664085,-0.042664085,0.1
Iñaki Descarga Retegi,Levante UD,0.023453608,0,1,0.023453608,-0.023453608,0.1
Iñaki Williams Arthuer,Athletic Club,6.116824347,9,64,0.095575380421875,2.8831756530000003,6.4
Iñaki Williams Arthuer,Ghana,0.353252986,0,3,0.11775099533333333,-0.353252986,0.3
Iñigo Córdoba Kerejeta,Athletic Club,0.46235037,0,2,0.231175185,-0.46235037,0.2
Iñigo Pérez Soto,Osasuna,0.027293859,0,1,0.027293859,-0.027293859,0.1
Ja-Cheol Koo,Augsburg,3.623943246,8,40,0.09059858115,4.376056754,4.0
Ja-Cheol Koo,South Korea,0.042929053,0,1,0.042929053,-0.042929053,0.1
Jaap Stam,AC Milan,0.1952627,0,2,0.09763135,-0.1952627,0.2
Jaba Kankava,Stade de Reims,0.57391267,0,11,0.05217387909090909,-0.57391267,1.1
Jacek Góralski,Poland,0.018827025,0,1,0.018827025,-0.018827025,0.1
Jacinta Galabadaarachchi,West Ham United LFC,0.631394632,0,9,0.07015495911111111,-0.631394632,0.9
Jacinto Muondo Dala,Angola,1.597872181,4,9,0.17754135344444444,2.402127819,0.9
Jack Colback,Newcastle United,1.2119227865,1,16,0.07574517415625,-0.21192278649999996,1.6
Jack Frank Porteous Cork,Swansea City,0.899977979,1,19,0.04736726205263158,0.10002202100000002,1.9
Jack Grealish,Aston Villa,1.022300998,1,16,0.063893812375,-0.02230099799999996,1.6
Jack Grealish,England,0.6230999,1,3,0.20769996666666668,0.37690009999999996,0.3
Jack Hendry,Scotland,0.122248945,0,3,0.04074964833333333,-0.122248945,0.3
Jack Maher,Nashville SC,0.08871231,0,1,0.08871231,-0.08871231,0.1
Jack Rodwell,Sunderland,2.876698624,1,27,0.10654439348148148,-1.8766986239999999,2.7
Jack Wilshere,Arsenal,0.5152723,0,1,0.5152723,-0.5152723,0.1
Jackichand Singh,East Bengal,0.167195501,0,3,0.05573183366666667,-0.167195501,0.3
Jackie Groenen,Manchester United,1.926309481,0,18,0.10701719338888889,-1.926309481,1.8
Jackie Groenen,Manchester United W,0.498694808,0,5,0.0997389616,-0.498694808,0.5
Jackie Groenen,Netherlands Women's,0.780073323,1,9,0.08667481366666667,0.21992667700000001,0.9
Jackson Arley Martínez Valencia,Atlético Madrid,2.347071832,2,26,0.09027199353846155,-0.34707183200000014,2.6
Jackson Gabriel Porozo Vernaza,Ecuador,0.03657438,0,1,0.03657438,-0.03657438,0.1
Jackson Irvine,Australia,0.244894153,0,3,0.08163138433333333,-0.244894153,0.3
Jacob Mendy,Gambia,0.041732185,0,1,0.041732185,-0.041732185,0.1
Jacob Shaffelburg,Canada,0.470418409,1,5,0.0940836818,0.529581591,0.5
Jacob Shaffelburg,Nashville SC,0.10269336,0,1,0.10269336,-0.10269336,0.1
Jacopo Sala,Hellas Verona,0.425920645,0,11,0.03872005863636364,-0.425920645,1.1
Jacqueline Anne Hand,New Zealand Women's,0.314992119,0,4,0.07874802975,-0.314992119,0.4
Jacqueline Meißner,SGS Essen 19/68,2.629555822,1,22,0.11952526463636363,-1.629555822,2.2
Jacqueline Owusu,Real Sociedad de Fútbol,1.846855687,2,10,0.1846855687,0.1531443130000001,1.0
Jacques François Moubandje,Toulouse,0.083804225,0,4,0.02095105625,-0.083804225,0.4
Jacques Zoua Daogari,Gazélec Ajaccio,4.8576615389999995,4,48,0.1012012820625,-0.8576615389999995,4.8
Jacques-Alaixys Romao,Marseille,0.14263476,0,3,0.04754492,-0.14263476,0.3
Jacques-Alaixys Romao,Olympique de Marseille,0.45177877,1,6,0.07529646166666666,0.54822123,0.6
Jade Bailey,Chelsea FCW,0.014977109,0,1,0.014977109,-0.014977109,0.1
Jade Bailey,Liverpool WFC,0.633200608,0,10,0.0633200608,-0.633200608,1.0
Jade Bailey,Reading WFC,0.5980226,0,4,0.14950565,-0.5980226,0.4
Jade Moore,England Women's,0.182783154,0,5,0.0365566308,-0.182783154,0.5
Jade Moore,Reading WFC,4.375532397,5,38,0.11514558939473683,0.6244676030000003,3.8
Jadon Sancho,England,0.7321283,0,1,0.7321283,-0.7321283,0.1
Jae-Sung Lee,FSV Mainz 05,0.110384643,0,2,0.0551923215,-0.110384643,0.2
Jae-Sung Lee,South Korea,0.345781206,0,6,0.057630201,-0.345781206,0.6
Jaedyn Reese Shaw,San Diego Wave,5.272136532,6,45,0.1171585896,0.7278634679999998,4.5
Jaelene McKenzie Daniels,North Carolina Courage,0.187905556,0,3,0.06263518533333333,-0.187905556,0.3
Jaelin Marie Howell,Racing Louisville FC,1.434250179,0,18,0.0796805655,-1.434250179,1.8
Jaime Gavilán Martínez,Getafe,0.036645688,0,1,0.036645688,-0.036645688,0.1
Jaime Mata Arnaiz,Getafe,1.794262045,2,4,0.44856551125,0.20573795500000003,0.4
Jaime Romero Gómez,Granada,0.018803887,0,1,0.018803887,-0.018803887,0.1
Jair Ventura Filho,Brazil,3.577738342,7,14,0.2555527387142857,3.422261658,1.4
Jair da Costa,Inter Milan,0.027124789,0,1,0.027124789,-0.027124789,0.1
Jairo Izquierdo González,Cádiz,0.044642612,0,1,0.044642612,-0.044642612,0.1
Jairo Samperio Bustara,FSV Mainz 05,4.118332888299999,7,39,0.10559827918717947,2.8816671117000006,3.9
Jairo Samperio Bustara,Sevilla,0.0631714,0,1,0.0631714,-0.0631714,0.1
Jaka Bijol,Slovenia,0.048782196,0,1,0.048782196,-0.048782196,0.1
Jakub Błaszczykowski,Borussia Dortmund,0.24313658999999999,0,3,0.08104552999999999,-0.24313658999999999,0.3
Jakub Błaszczykowski,Fiorentina,0.604176347,2,8,0.075522043375,1.3958236529999999,0.8
Jakub Jankto,Czech Republic,0.233309443,0,3,0.07776981433333334,-0.233309443,0.3
Jakub Kamiński,Poland,0.440550235,0,4,0.11013755875,-0.440550235,0.4
Jakub Moder,Poland,0.547300867,0,4,0.13682521675,-0.547300867,0.4
Jakub Piotr Kiwior,Poland,0.28673462499999997,0,3,0.09557820833333332,-0.28673462499999997,0.3
Jakub Piotrowski,Poland,0.297006557,0,2,0.1485032785,-0.297006557,0.2
Jakub Świerczok,Poland,0.17334339,0,1,0.17334339,-0.17334339,0.1
Jamaal Lascelles,Newcastle United,0.615704291,2,4,0.15392607275,1.3842957089999999,0.4
Jamal Musiala,Bayern Munich,0.054273088,0,1,0.054273088,-0.054273088,0.1
Jamal Musiala,Germany,2.436269865,3,21,0.11601285071428571,0.5637301350000001,2.1
Jamel Saihi,Montpellier,0.329649967,0,7,0.047092852428571426,-0.329649967,0.7
James Collins,West Ham United,1.0067939479999999,0,13,0.0774456883076923,-1.0067939479999999,1.3
James David Rodríguez Rubio,Colombia,1.311888955,1,11,0.11926263227272726,-0.3118889549999999,1.1
James David Rodríguez Rubio,Real Madrid,3.475816798,8,48,0.07241284995833333,4.524183202,4.8
James Forrest,Scotland,0.13851075,0,1,0.13851075,-0.13851075,0.1
James Gillen Robertson,Seattle Sounders,0.174698456,1,3,0.058232818666666665,0.825301544,0.3
James Gomez,Gambia,0.070787564,0,1,0.070787564,-0.070787564,0.1
James McArthur,Crystal Palace,1.51415323,2,16,0.094634576875,0.48584677,1.6
James McCarthy,Everton,0.8525581385,2,17,0.050150478735294116,1.1474418615,1.7
James McClean,West Bromwich Albion,2.715600395,2,31,0.08760001274193549,-0.7156003950000001,3.1
James Morrison,West Bromwich Albion,2.125485526,3,24,0.08856189691666666,0.8745144740000002,2.4
James Philip Milner,Liverpool,4.156044547,5,41,0.1013669401707317,0.8439554530000004,4.1
James Scowcroft,Leicester City,0.034763288,0,1,0.034763288,-0.034763288,0.1
James Tomkins,West Ham United,0.5734603970000001,0,8,0.07168254962500001,-0.5734603970000001,0.8
James Ward-Prowse,Southampton,2.215818229,2,29,0.07640752513793103,-0.21581822899999992,2.9
Jamie Jermaine Bynoe-Gittens,Borussia Dortmund,0.140698162,0,3,0.04689938733333333,-0.140698162,0.3
Jamie Leweling,VfB Stuttgart,0.09997955,0,1,0.09997955,-0.09997955,0.1
Jamie Redknapp,Tottenham Hotspur,0.101489086,1,3,0.03382969533333333,0.898510914,0.3
Jamie Vardy,England,0.27325772,0,3,0.09108590666666666,-0.27325772,0.3
Jamie Vardy,Leicester City,20.446907914,24,118,0.17327888062711866,3.5530920859999995,11.8
Jamie-Lee Napier,Birmingham City WFC,2.074896927,1,13,0.15960745592307693,-1.0748969270000002,1.3
Jamie-Lee Napier,Bristol City WFC,0.846739408,0,11,0.07697630981818182,-0.846739408,1.1
Jamiro Gregory Monteiro Alvarenga,Cape Verde Islands,0.57296605,1,3,0.19098868333333333,0.42703395,0.3
Jan Bednarek,Poland,0.7193462,1,4,0.17983655,0.28065379999999995,0.4
Jan Bořil,Czech Republic,0.18321523,0,1,0.18321523,-0.18321523,0.1
Jan Ceulemans,Belgium,0.075267759,0,3,0.025089253000000002,-0.075267759,0.3
Jan Kirchhoff,Sunderland,1.057182604,0,9,0.11746473377777779,-1.057182604,0.9
Jan Kliment,VfB Stuttgart,0.118425028,1,3,0.03947500933333333,0.881574972,0.3
Jan Mlakar,Slovenia,0.11840956999999999,0,2,0.059204784999999996,-0.11840956999999999,0.2
Jan Morávek,Augsburg,0.677952968,1,6,0.11299216133333334,0.32204703199999996,0.6
Jan Rosenthal,Darmstadt 98,1.548272352,0,17,0.0910748442352941,-1.548272352,1.7
Jan Vertonghen,Belgium,0.788710164,1,5,0.15774203280000001,0.21128983599999995,0.5
Jan Vertonghen,Tottenham Hotspur,0.957880637,0,10,0.09578806370000001,-0.957880637,1.0
Jan-Ingwer Callsen-Bracker,Augsburg,0.237239957,1,5,0.0474479914,0.762760043,0.5
Jana Feldkamp,Hoffenheim W,2.9829415115,2,14,0.21306725082142858,-0.9829415115,1.4
Jana Fernandez Velasco,Barcelona WFC,0.5366752539999999,0,4,0.13416881349999998,-0.5366752539999999,0.4
Jana Fernandez Velasco,Spain Women's,0.076655064,0,2,0.038327532,-0.076655064,0.2
Jana Radosavljević,Duisburg WFC,0.227265805,1,5,0.045453161,0.772734195,0.5
Jane Ross,Manchester United,2.965760189,2,14,0.2118400135,-0.965760189,1.4
Jane Ross,Manchester United W,0.670906943,1,4,0.16772673575,0.329093057,0.4
Jane Ross,West Ham United LFC,7.012982167,7,40,0.17532455417499998,-0.012982166999999656,4.0
Janek Sternberg,Werder Bremen,0.11102985300000001,0,2,0.055514926500000006,-0.11102985300000001,0.2
Janice Cayman,Belgium Women's,1.017983487,2,10,0.1017983487,0.982016513,1.0
Janice Cayman,Leicester City WFC,2.7587529330000002,4,24,0.114948038875,1.2412470669999998,2.4
Janik Haberer,Union Berlin,0.015466551,0,1,0.015466551,-0.015466551,0.1
Janina Hechler,Köln,0.045560974000000004,0,3,0.015186991333333335,-0.045560974000000004,0.3
Janina Minge,Germany Women's,0.7977189899999999,1,2,0.39885949499999995,0.2022810100000001,0.2
Janina Minge,SC Freiburg,3.733721772,3,36,0.10371449366666667,-0.733721772,3.6
Janine Elizabeth Beckie,Manchester City WFC,8.506771148,5,63,0.13502811346031746,-3.5067711480000003,6.3
Janine Elizabeth Beckie,NJ/NY Gotham FC,0.646318733,0,9,0.07181319255555556,-0.646318733,0.9
Janine Elizabeth Sonis,Canada Women's,1.9609987309999999,0,17,0.11535286652941176,-1.9609987309999999,1.7
Janine Elizabeth Sonis,Manchester City WFC,0.06983805,0,1,0.06983805,-0.06983805,0.1
Janine van Wyk,South Africa Women's,0.012716403,0,1,0.012716403,-0.012716403,0.1
Janni Arnth-Jensen,Arsenal WFC,0.468111735,1,3,0.156037245,0.5318882650000001,0.3
Janni Thomsen,Denmark Women's,0.980445182,1,13,0.07541886015384615,0.01955481800000003,1.3
Jannick Buyla Sam,Equatorial Guinea,0.1699745,1,1,0.1699745,0.8300255,0.1
Jannik Vestergaard,Denmark,1.026080946,0,10,0.1026080946,-1.026080946,1.0
Jannik Vestergaard,Werder Bremen,2.606467692,2,34,0.07666081447058823,-0.6064676919999998,3.4
Janou Levels,TSV Bayer 04 Leverkusen,1.266562064,1,16,0.079160129,-0.26656206399999993,1.6
Jaroslav Plašil,Bordeaux,1.230755442,3,20,0.0615377721,1.769244558,2.0
Jaroslav Plašil,Osasuna,0.054681372,0,1,0.054681372,-0.054681372,0.1
Jasir Asani,Albania,0.073032213,0,4,0.01825805325,-0.073032213,0.4
Jasmin Kurtič,Atalanta,2.7438472755,2,41,0.0669231042804878,-0.7438472754999998,4.1
Jasmin Sehan,SV Werder Bremen,1.233936279,2,8,0.154242034875,0.7660637210000001,0.8
Jasmine Matthews,Bristol City WFC,0.723042431,0,6,0.12050707183333333,-0.723042431,0.6
Jasmine Matthews,Liverpool WFC,0.62567678,0,4,0.156419195,-0.62567678,0.4
Jasmyne Spencer,Angel City,1.197598308,1,13,0.09212294676923076,-0.1975983079999999,1.3
Jasmyne Spencer,OL Reign,2.16840882,1,8,0.2710511025,-1.1684088199999998,0.8
Jason Berthomier,Clermont Foot,0.147076338,0,2,0.073538169,-0.147076338,0.2
Jason Denayer,Belgium,0.03543574,0,1,0.03543574,-0.03543574,0.1
Jason Joseph Euell,Charlton Athletic,0.139736012,0,2,0.069868006,-0.139736012,0.2
Jason Puncheon,Crystal Palace,3.752612274,2,53,0.07080400516981132,-1.752612274,5.3
Jason Roberts,Portsmouth,0.0064588953,0,1,0.0064588953,-0.0064588953,0.1
Jassina Blom,Costa Adeje Tenerife,5.484230305,6,47,0.11668575117021276,0.5157696950000004,4.7
Jaume Vicent Costa Jordá,Villarreal,0.585331039,1,6,0.09755517316666668,0.41466896099999995,0.6
Javad Nekounam,Osasuna,0.28792808200000003,0,8,0.035991010250000004,-0.28792808200000003,0.8
Javi Castellano Betancor,Las Palmas,0.01966738,0,1,0.01966738,-0.01966738,0.1
Javier Alejandro Mascherano,Argentina,0.02642823,0,1,0.02642823,-0.02642823,0.1
Javier Alejandro Mascherano,Barcelona,2.118059325,1,26,0.08146382019230769,-1.118059325,2.6
Javier Baraja Vegas,Real Valladolid,0.028318278,0,1,0.028318278,-0.028318278,0.1
Javier Camuñas Gallego,Osasuna,0.047846105,0,1,0.047846105,-0.047846105,0.1
Javier Camuñas Gallego,RC Deportivo La Coruña,0.09407624,0,1,0.09407624,-0.09407624,0.1
Javier Camuñas Gallego,Recreativo Huelva,0.23199106,0,2,0.11599553,-0.23199106,0.2
Javier Camuñas Gallego,Villarreal,0.029174786,0,1,0.029174786,-0.029174786,0.1
Javier Del Pino González,CD Numancia de Soria,0.050572803,0,2,0.0252864015,-0.050572803,0.2
Javier Eraso Goñi,Athletic Club,2.224241327,2,12,0.18535344391666667,-0.2242413270000001,1.2
Javier Eraso Goñi,Leganés,0.167839762,0,3,0.05594658733333333,-0.167839762,0.3
Javier Espinosa González,Almería,0.080742635,0,1,0.080742635,-0.080742635,0.1
Javier Espinosa González,Villarreal,0.15461637,0,1,0.15461637,-0.15461637,0.1
Javier Fuego Martínez,Espanyol,0.04303897,0,1,0.04303897,-0.04303897,0.1
Javier Fuego Martínez,Levante UD,0.0144876465,0,1,0.0144876465,-0.0144876465,0.1
Javier Fuego Martínez,Rayo Vallecano,0.175685945,0,4,0.04392148625,-0.175685945,0.4
Javier Fuego Martínez,Valencia,0.228297844,0,6,0.03804964066666667,-0.228297844,0.6
Javier Fuego Martínez,Villarreal,0.017002676,0,1,0.017002676,-0.017002676,0.1
Javier García Portillo,Gimnàstic Tarragona,0.275504207,0,4,0.06887605175,-0.275504207,0.4
Javier Garrido Behovide,Las Palmas,0.03861137,0,1,0.03861137,-0.03861137,0.1
Javier Guerra Rodríguez,Rayo Vallecano,11.4158264935,12,71,0.16078628864084507,0.5841735065000009,7.1
Javier Guerra Rodríguez,Real Valladolid,1.360929334,1,5,0.2721858668,-0.36092933399999994,0.5
Javier Hernández Balcázar,Bayer Leverkusen,10.632554376,17,64,0.166133662125,6.367445624,6.4
Javier Hernández Balcázar,Manchester United,0.248859194,0,2,0.124429597,-0.248859194,0.2
Javier Hernández Balcázar,Mexico,0.551829668,1,6,0.09197161133333333,0.448170332,0.6
Javier Hernández Balcázar,Sevilla,0.561724,0,1,0.561724,-0.561724,0.1
Javier Ignacio Aquino Carmona,Villarreal,0.34631205,0,1,0.34631205,-0.34631205,0.1
Javier Lara Grande,Eibar,0.08585487,0,3,0.02861829,-0.08585487,0.3
Javier López Rodríguez,Espanyol,0.177024172,0,6,0.029504028666666668,-0.177024172,0.6
Javier Manquillo Gaitán,Marseille,0.044386088000000004,0,2,0.022193044000000002,-0.044386088000000004,0.2
Javier Manquillo Gaitán,Olympique de Marseille,0.441575403,0,5,0.0883150806,-0.441575403,0.5
Javier Martínez Aginaga,Athletic Club,0.654964638,0,8,0.08187057975,-0.654964638,0.8
Javier Martínez Aginaga,Bayern Munich,2.047528731,1,16,0.1279705456875,-1.0475287309999999,1.6
Javier Matías Pastore,Paris Saint-Germain,2.3539111249999998,2,20,0.11769555624999999,-0.35391112499999977,2.0
Javier Márquez Moreno,Espanyol,0.060258667,0,3,0.020086222333333334,-0.060258667,0.3
Javier Márquez Moreno,Granada,1.335744989,0,28,0.04770517817857143,-1.335744989,2.8
Javier Ontiveros Parra,Huesca,0.016188642,0,1,0.016188642,-0.016188642,0.1
Javier Ontiveros Parra,Málaga,0.013897327,0,1,0.013897327,-0.013897327,0.1
Javier Ontiveros Parra,Villarreal,0.015394991,0,1,0.015394991,-0.015394991,0.1
Javier Paredes Arango,Getafe,0.010438577,0,1,0.010438577,-0.010438577,0.1
Javier Paredes Arango,Real Zaragoza,0.06760561,0,1,0.06760561,-0.06760561,0.1
Javier Pedro Saviola Fernández,Barcelona,1.935623465,2,11,0.17596576954545454,0.06437653500000007,1.1
Javier Pedro Saviola Fernández,Sevilla,0.48515103,0,2,0.242575515,-0.48515103,0.2
Javier Rodríguez Venta,Villarreal,0.06545271,0,1,0.06545271,-0.06545271,0.1
Javier Siverio Toro,Hyderabad,5.732229295,6,37,0.1549251160810811,0.2677707050000002,3.7
Javier Siverio Toro,SC Delhi,0.0748331,1,1,0.0748331,0.9251669,0.1
Javier Sánchez de Felipe,Real Valladolid,0.159024491,0,2,0.0795122455,-0.159024491,0.2
Javiera Matilde Grez Valenzuela,Chile Women's,0.5088015800000001,0,4,0.12720039500000002,-0.5088015800000001,0.4
Jawad El Yamiq,Morocco,0.08910682,0,1,0.08910682,-0.08910682,0.1
Jay Rodriguez,Southampton,1.1301973675,0,15,0.07534649116666667,-1.1301973675,1.5
Jayde Yuk Fun Riviere,Manchester United W,0.101998421,0,4,0.02549960525,-0.101998421,0.4
Jayden Adams,South Africa,0.09336821,0,1,0.09336821,-0.09336821,0.1
Jayesh Dilip Rane,Bengaluru,0.728344685,1,14,0.05202462035714286,0.27165531499999995,1.4
Jeakson Singh Thaunaojam,Kerala Blasters,1.776426361,1,13,0.1366481816153846,-0.776426361,1.3
Jean Carlos Francisco Deza Sánchez,Montpellier,0.1239634276,0,4,0.0309908569,-0.1239634276,0.4
Jean Emile Junior Onana Onana,Bordeaux,0.16773233399999998,0,2,0.08386616699999999,-0.16773233399999998,0.2
Jean Michaël Seri,Côte d'Ivoire,0.038373391,0,2,0.0191866955,-0.038373391,0.2
Jean Michaël Seri,OGC Nice,3.984052293,3,51,0.0781186724117647,-0.984052293,5.1
Jean Mota Oliveira de Sousa,Inter Miami,0.04357787,0,1,0.04357787,-0.04357787,0.1
Jean Pierre Nsamé,Angers,0.029174786,0,1,0.029174786,-0.029174786,0.1
Jean Thierry Lazare Amani,Côte d'Ivoire,0.018650431,0,1,0.018650431,-0.018650431,0.1
Jean Vincent,France,0.053939115,0,1,0.053939115,-0.053939115,0.1
Jean-Armel Kana-Biyik,Toulouse,1.096310838,2,9,0.12181231533333332,0.903689162,0.9
Jean-Charles Castelletto,Cameroon,1.00478606,2,3,0.3349286866666667,0.99521394,0.3
Jean-Charles Castelletto,Nantes,0.130862616,0,3,0.043620872,-0.130862616,0.3
Jean-Christophe Bahebeck,Saint-Étienne,3.639066526,1,27,0.1347802417037037,-2.639066526,2.7
Jean-Clair Todibo,OGC Nice,0.06755414,0,1,0.06755414,-0.06755414,0.1
Jean-Daniel Akpa Akpro,Toulouse,1.303939239,1,20,0.06519696194999999,-0.30393923899999997,2.0
Jean-Eric Maxim Choupo-Moting,Cameroon,0.5446267899999999,1,3,0.18154226333333331,0.4553732100000001,0.3
Jean-Eric Maxim Choupo-Moting,Schalke 04,3.596191417,6,50,0.07192382834,2.403808583,5.0
Jean-Kevin Duverne,Stade Brestois,0.06794175,0,1,0.06794175,-0.06794175,0.1
Jean-Kévin Augustin,Paris Saint-Germain,1.145102158,1,9,0.1272335731111111,-0.14510215800000004,0.9
Jean-Mattéo Bahoya Négoce,Angers,0.164981552,0,3,0.05499385066666667,-0.164981552,0.3
Jean-Philippe Krasso,Côte d'Ivoire,1.034822746,1,7,0.14783182085714283,-0.034822745999999904,0.7
Jean-Philippe Krasso,Saint-Étienne,0.031135615,0,1,0.031135615,-0.031135615,0.1
Jean-Ricner Bellegarde,Strasbourg,0.16797187800000002,0,4,0.041992969500000005,-0.16797187800000002,0.4
Jean-Sylvain Claude Babin,Granada,1.243745429,3,14,0.08883895921428572,1.756254571,1.4
Jean-Sylvain Claude Babin,Sporting Gijón,0.044803966,0,1,0.044803966,-0.044803966,0.1
Jean-Victor Makengo,Stade Malherbe Caen,0.0259095105,0,2,0.01295475525,-0.0259095105,0.2
Jeannette Yango,Cameroon W,0.049075253,0,3,0.016358417666666666,-0.049075253,0.3
Jeff Louis,Caen,0.305445371,0,7,0.043635053,-0.305445371,0.7
Jeff Louis,Stade Malherbe Caen,1.09442408,1,13,0.0841864676923077,-0.09442408000000002,1.3
Jefferson Agustín Farfán Guadalupe,Peru,0.697126879,0,4,0.17428171975,-0.697126879,0.4
Jefferson Andrés Lerma Solís,Colombia,0.532679688,2,10,0.053267968799999996,1.467320312,1.0
Jefferson Andrés Lerma Solís,Levante UD,2.3456381285,1,39,0.0601445673974359,-1.3456381285,3.9
Jefferson Anilson Silva Encada,Guinea-Bissau,0.039990491,0,2,0.0199952455,-0.039990491,0.2
Jefferson Antonio Montero Vite,Real Betis,0.031399599,0,2,0.0156997995,-0.031399599,0.2
Jefferson Antonio Montero Vite,Swansea City,2.029478743,0,21,0.0966418449047619,-2.029478743,2.1
Jefferson Brenes Rojas,Costa Rica,0.041851558,0,1,0.041851558,-0.041851558,0.1
Jefferson David Savarino Quintero,Venezuela,0.76046705,0,1,0.76046705,-0.76046705,0.1
Jeffren Isaac Suárez Bermúdez,Barcelona,1.573875879,3,10,0.15738758790000001,1.426124121,1.0
Jeffrey Astle,England,0.20631084,0,1,0.20631084,-0.20631084,0.1
Jeffrey Gouweleeuw,Augsburg,0.73998321,0,2,0.369991605,-0.73998321,0.2
Jeffrey Schlupp,Leicester City,2.328492076,1,25,0.09313968303999999,-1.3284920759999999,2.5
Jeison Fabián Murillo Cerón,Inter Milan,1.984432205,2,21,0.09449677166666667,0.01556779499999994,2.1
Jeleaugh Rosa,Duisburg WFC,0.0209332,0,1,0.0209332,-0.0209332,0.1
Jelena Canković,Chelsea FCW,0.5860293089999999,0,7,0.0837184727142857,-0.5860293089999999,0.7
Jelena Prvulovic,Duisburg WFC,0.610529205,0,9,0.06783657833333333,-0.610529205,0.9
Jemerson de Jesus Nascimento,AS Monaco,0.06533986,0,1,0.06533986,-0.06533986,0.1
Jemma Elizabeth Purfield,Bristol City WFC,0.371626295,1,10,0.0371626295,0.628373705,1.0
Jemma Elizabeth Purfield,Liverpool WFC,0.047465816,0,1,0.047465816,-0.047465816,0.1
Jenna Bike,Chicago Red Stars,0.26567356599999997,0,5,0.053134713199999996,-0.26567356599999997,0.5
Jenna Clark,Liverpool WFC,1.093564616,1,9,0.12150717955555557,-0.0935646160000001,0.9
Jenna Nighswonger,NJ/NY Gotham FC,4.3145501215,3,40,0.1078637530375,-1.3145501215,4.0
Jenna Winebrenner,KC Current,0.026319135,0,1,0.026319135,-0.026319135,0.1
Jennifer Hermoso Fuentes,Spain Women's,6.546210052999999,6,38,0.17226868560526315,-0.5462100529999994,3.8
Jennifer Miley Falk,Sweden Women's,0.7539362,0,1,0.7539362,-0.7539362,0.1
Jennifer Onyi Echegini,Juventus W,5.633089632,10,31,0.18171256877419353,4.366910368,3.1
Jennifer Patricia Beattie,Arsenal WFC,1.8329076290000001,2,10,0.18329076290000001,0.16709237099999985,1.0
Jennifer Patricia Beattie,Manchester City WFC,1.631100115,1,14,0.11650715107142857,-0.631100115,1.4
Jennifer Patricia Beattie,Scotland W,0.54897643,1,3,0.18299214333333333,0.45102357000000004,0.3
Jenny Danielsson,WNT Finland,0.04604351,0,1,0.04604351,-0.04604351,0.1
Jenny Hipp,RB Leipzig W,2.2896374045,2,24,0.09540155852083333,-0.2896374045000001,2.4
Jens Hegeler,Hertha Berlin,0.74241242,0,13,0.05710864769230769,-0.74241242,1.3
Jens Stryger Larsen,Denmark,0.042940371000000005,0,2,0.021470185500000002,-0.042940371000000005,0.2
Jens-Lys Michel Cajuste,Stade de Reims,0.064137034,0,1,0.064137034,-0.064137034,0.1
Jeong-Ho Hong,Augsburg,1.592365292,2,15,0.10615768613333333,0.407634708,1.5
Jerdy Schouten,Netherlands,0.18481383,0,1,0.18481383,-0.18481383,0.1
Jere Juhani Uronen,Charlotte,0.013120734,0,1,0.013120734,-0.013120734,0.1
Jeremain Lens,Sunderland,1.9358213005,3,28,0.06913647501785715,1.0641786995,2.8
Jeremie Boga,Côte d'Ivoire,0.06836465,0,1,0.06836465,-0.06836465,0.1
Jeremie Boga,Granada,0.13785292,0,1,0.13785292,-0.13785292,0.1
Jeremie Boga,Rennes,2.1979408449999998,3,21,0.10466384976190475,0.8020591550000002,2.1
Jeremie Frimpong,Bayer Leverkusen,9.122500807,9,56,0.162901800125,-0.12250080699999977,5.6
Jeremie Frimpong,Netherlands,0.20835051,0,2,0.104175255,-0.20835051,0.2
Jeremy Doku,Belgium,0.746383429,0,8,0.093297928625,-0.746383429,0.8
Jeremy Leonel Sarmiento Morante,Ecuador,0.57670544,1,7,0.08238649142857143,0.42329456,0.7
Jeremy Toljan,Hoffenheim,0.606030461,1,6,0.10100507683333333,0.393969539,0.6
Jermain Defoe,Sunderland,13.720946518,15,88,0.15591984679545454,1.2790534820000001,8.8
Jermain Defoe,Tottenham Hotspur,0.245024684,0,3,0.08167489466666666,-0.245024684,0.3
Jermaine Pennant,Leeds United,0.112083166,0,2,0.056041583,-0.112083166,0.2
Jermaine Pennant,Liverpool,0.06226435,0,1,0.06226435,-0.06226435,0.1
Jermaine Seoposenwe,South Africa Women's,0.159113393,0,4,0.03977834825,-0.159113393,0.4
Jerry Lalrinzuala,Chennaiyin,0.286796661,0,6,0.047799443500000004,-0.286796661,0.6
Jerry Mawihmingthanga,Odisha,2.084759252,3,22,0.09476178418181819,0.915240748,2.2
Jerry Uche Mbakogu,Carpi,6.125535427,2,35,0.17501529791428572,-4.125535427,3.5
Jerónimo Figueroa Cabrera,Las Palmas,1.538162818,0,18,0.08545348988888889,-1.538162818,1.8
Jesper Lindstrøm,Denmark,0.5001197900000001,0,3,0.16670659666666668,-0.5001197900000001,0.3
Jesse Lingard,England,1.3162628029999999,1,16,0.08226642518749999,-0.31626280299999987,1.6
Jesse Lingard,Manchester United,3.132120703,4,31,0.10103615170967742,0.867879297,3.1
Jessel Carneiro,Kerala Blasters,0.312498305,0,6,0.05208305083333333,-0.312498305,0.6
Jessic Ngankam,FSV Mainz 05,0.040724125,0,1,0.040724125,-0.040724125,0.1
Jessica Anne Clarke,Liverpool WFC,3.585538946,1,28,0.12805496235714284,-2.585538946,2.8
Jessica Carter,Chelsea FCW,1.124251563,1,7,0.16060736614285714,-0.12425156300000006,0.7
Jessica Dahiana Martínez Villagra,FC Levante Badalona,6.155973248,8,66,0.09327232193939393,1.8440267520000004,6.6
Jessica De Filippo,CD Sporting de Huelva,1.7342920210000001,1,23,0.07540400091304349,-0.7342920210000001,2.3
Jessica Fishlock,OL Reign,1.284041548,0,11,0.11673104981818182,-1.284041548,1.1
Jessica Fishlock,Reading WFC,2.074453028,2,34,0.061013324352941184,-0.0744530280000002,3.4
Jessica Fishlock,Seattle Reign,3.361845239,4,43,0.07818244741860465,0.638154761,4.3
Jessica Fishlock,Wales W,0.780827886,1,4,0.1952069715,0.21917211400000003,0.4
Jessica May,Nürnberg W,0.215561123,0,5,0.0431122246,-0.215561123,0.5
Jessica McDonald,North Carolina Courage,7.578084612,3,39,0.19430986184615384,-4.578084612,3.9
Jessica McDonald,Racing Louisville FC,0.655045831,0,4,0.16376145775,-0.655045831,0.4
Jessica McDonald,United States Women's,0.303652005,0,2,0.1518260025,-0.303652005,0.2
Jessica Naz,Tottenham Hotspur Women,3.114217422,3,27,0.11534138599999999,-0.11421742199999985,2.7
Jessica Park,England Women's,0.15082358,0,1,0.15082358,-0.15082358,0.1
Jessica Park,Manchester City WFC,3.8562042475,4,34,0.11341777198529412,0.14379575249999998,3.4
Jessica Sigsworth,Manchester United,2.385554026,1,14,0.17039671614285715,-1.3855540259999999,1.4
Jessica Sigsworth,Manchester United W,1.73338369,4,10,0.173338369,2.26661631,1.0
Jessica Ziu,West Ham United LFC,1.766795985,0,12,0.14723299874999998,-1.766795985,1.2
Jessie Alexandra Fleming,Canada Women's,0.513317504,1,3,0.17110583466666665,0.486682496,0.3
Jessie Alexandra Fleming,Chelsea FCW,2.16045883,1,12,0.18003823583333334,-1.16045883,1.2
Jessika Rebecca Macayan Cowart,Philippines Women's,0.033877786,0,1,0.033877786,-0.033877786,0.1
Jessy Pi,Troyes,1.8682658735,3,54,0.03459751617592593,1.1317341265,5.4
Jesus Antonio de la Cruz Gallego,Barcelona,0.03756534,0,1,0.03756534,-0.03756534,0.1
Jesé Rodríguez Ruiz,Las Palmas,0.256414505,0,2,0.1282072525,-0.256414505,0.2
Jesé Rodríguez Ruiz,Real Betis,0.448502976,0,2,0.224251488,-0.448502976,0.2
Jesé Rodríguez Ruiz,Real Madrid,2.958590466,6,22,0.1344813848181818,3.041409534,2.2
Jesús Abdallah Castillo Molina,Peru,0.023380443,0,1,0.023380443,-0.023380443,0.1
Jesús Capitán Prada,Real Betis,0.01505557,0,1,0.01505557,-0.01505557,0.1
Jesús Daniel Gallardo Vasconcelos,Mexico,0.190248425,0,2,0.0951242125,-0.190248425,0.2
Jesús David Murillo Largacha,LAFC,0.24344181,0,2,0.121720905,-0.24344181,0.2
Jesús Gámez Duarte,Atlético Madrid,0.067474269,0,2,0.0337371345,-0.067474269,0.2
Jesús Joaquín Fernández Sáez de la Torre,AC Milan,0.0305232355,0,2,0.01526161775,-0.0305232355,0.2
Jesús Joaquín Fernández Sáez de la Torre,Genoa,2.080700235,6,37,0.05623514148648649,3.919299765,3.7
Jesús Joaquín Fernández Sáez de la Torre,Sevilla,0.047583647,0,1,0.047583647,-0.047583647,0.1
Jesús Navas González,Manchester City,2.629182186,0,31,0.08481232858064516,-2.629182186,3.1
Jesús Navas González,Sevilla,1.337275101,2,15,0.08915167339999999,0.6627248990000001,1.5
Jesús Perera López,Celta Vigo,0.08631629,0,1,0.08631629,-0.08631629,0.1
Jesús Rueda Ambrosio,Real Valladolid,0.06211163,0,1,0.06211163,-0.06211163,0.1
Jewison Bennette,Costa Rica,0.03330088,0,1,0.03330088,-0.03330088,0.1
Jhon Adolfo Arias Andrade,Colombia,0.295132293,0,7,0.042161756142857144,-0.295132293,0.7
Jhon Andrés Córdoba Copete,Colombia,1.468776765,2,11,0.13352516045454546,0.5312232349999999,1.1
Jhon Andrés Córdoba Copete,Espanyol,0.09511304,0,1,0.09511304,-0.09511304,0.1
Jhon Andrés Córdoba Copete,FSV Mainz 05,4.96453278,5,30,0.165484426,0.03546722000000013,3.0
Jhonder Leonel Cádiz Fernández,Venezuela,0.9898282350000001,2,4,0.24745705875000001,1.010171765,0.4
Ji-Sung Park,Manchester United,0.20727083,0,1,0.20727083,-0.20727083,0.1
Jiahui Lou,China PR Women's,0.13309136,0,1,0.13309136,-0.13309136,0.1
Jiali Tang,FC Levante Badalona,0.915893953,1,10,0.0915893953,0.08410604700000002,1.0
Jihai Sun,Manchester City,0.025359647,0,1,0.025359647,-0.025359647,0.1
Jill Janssens,Belgium Women's,0.144419586,0,2,0.072209793,-0.144419586,0.2
Jill Janssens,Hoffenheim W,3.903668216,3,25,0.15614672863999998,-0.9036682159999998,2.5
Jill Johanna Wilhelmina Baijings,Bayern München W,0.712469749,0,12,0.05937247908333334,-0.712469749,1.2
Jill Roord,Arsenal WFC,9.058795008,9,64,0.141543672,-0.05879500800000059,6.4
Jill Roord,Manchester City WFC,4.590387344,6,27,0.17001434607407406,1.4096126560000002,2.7
Jill Roord,Netherlands Women's,4.754209417,6,35,0.13583455477142858,1.2457905829999998,3.5
Jill Scott,England Women's,1.69521075,1,14,0.12108648214285714,-0.69521075,1.4
Jill Scott,Everton LFC,1.159855347,2,11,0.10544139518181818,0.8401446530000001,1.1
Jill Scott,Manchester City WFC,4.5482964225,1,37,0.12292693033783783,-3.5482964225,3.7
Jillienne Aguilera,Chicago Red Stars,0.503001536,0,4,0.125750384,-0.503001536,0.4
Jiloan Hamad,Hoffenheim,0.563706327,1,4,0.14092658175,0.436293673,0.4
Jim Allevinah,Clermont Foot,0.067846814,0,2,0.033923407,-0.067846814,0.2
Jimena López Fuentes,Valencia CF,0.764502748,1,9,0.08494474977777777,0.23549725200000005,0.9
Jimmy Briand,Guingamp,8.4907385775,7,65,0.13062674734615384,-1.4907385775000002,6.5
Jimmy Cabot,Lorient,0.8153140640000001,1,11,0.07411946036363637,0.18468593599999994,1.1
Jimmy Cabot,Troyes,1.418548155,3,20,0.07092740775,1.581451845,2.0
Jimmy McAlister,Seattle Sounders,0.03592233,0,1,0.03592233,-0.03592233,0.1
Jin-Su Kim,Hoffenheim,0.18074422,0,7,0.025820602857142858,-0.18074422,0.7
Jin-Su Kim,South Korea,0.25194842,0,3,0.08398280666666667,-0.25194842,0.3
Jirí Jarošík,Real Zaragoza,0.165654112,0,2,0.082827056,-0.165654112,0.2
Jitendra Singh,Jamshedpur,0.6737655300000001,0,11,0.061251411818181827,-0.6737655300000001,1.1
Joachim Andersen,Denmark,0.5711880500000001,0,8,0.07139850625000001,-0.5711880500000001,0.8
Joakim Mæhle,Denmark,1.6791130859999999,2,13,0.12916254507692307,0.32088691400000013,1.3
Joan Capdevila Méndez,RC Deportivo La Coruña,0.06286267400000001,0,2,0.031431337000000004,-0.06286267400000001,0.2
Joan Capdevila Méndez,Villarreal,0.28316039,0,3,0.09438679666666666,-0.28316039,0.3
Joan Jordán Moreno,Eibar,0.159513962,0,3,0.05317132066666667,-0.159513962,0.3
Joan Jordán Moreno,Espanyol,0.468445164,1,9,0.05204946266666667,0.531554836,0.9
Joan Jordán Moreno,Sevilla,0.116608301,0,3,0.03886943366666667,-0.116608301,0.3
Joan Sastre Vanrell,Mallorca,0.016471535,0,1,0.016471535,-0.016471535,0.1
Joan Verdú Fernández,Espanyol,0.647511576,0,8,0.080938947,-0.647511576,0.8
Joan Verdú Fernández,Fiorentina,0.217220825,1,4,0.05430520625,0.7827791749999999,0.4
Joan Verdú Fernández,Levante UD,1.235636086,1,9,0.13729289844444445,-0.23563608599999997,0.9
Joan Verdú Fernández,RC Deportivo La Coruña,0.203273001,0,4,0.05081825025,-0.203273001,0.4
Joan Verdú Fernández,Real Betis,0.014427388,0,1,0.014427388,-0.014427388,0.1
Joana Filipa Gaspar Silva Marchão,Portugal Women's,0.161942613,0,5,0.032388522600000004,-0.161942613,0.5
Joanna Lohman,Washington Spirit,0.31893326,0,2,0.15946663,-0.31893326,0.2
Joanna Tynnilä,WNT Finland,0.060653849,0,2,0.0303269245,-0.060653849,0.2
Joaquín Fernández Moreno,Real Valladolid,0.03130246,0,1,0.03130246,-0.03130246,0.1
Joaquín José Marín Ruiz,Rayo Vallecano,1.054667545,0,18,0.058592641388888894,-1.054667545,1.8
Joaquín Oscar Larrivey,Celta Vigo,0.72852061,1,4,0.1821301525,0.27147939,0.4
Joaquín Oscar Larrivey,Rayo Vallecano,0.205669143,0,3,0.068556381,-0.205669143,0.3
Joaquín Sánchez Rodríguez,Málaga,0.016267309,0,1,0.016267309,-0.016267309,0.1
Joaquín Sánchez Rodríguez,Real Betis,4.258245925,3,33,0.1290377553030303,-1.2582459249999998,3.3
Joaquín Sánchez Rodríguez,Valencia,0.297390323,0,5,0.059478064600000005,-0.297390323,0.5
Jobby Justin,Chennaiyin,1.27220704,0,5,0.25444140800000004,-1.27220704,0.5
Jocky Scott,Seattle Sounders,0.477985957,0,4,0.11949648925,-0.477985957,0.4
Jodel Dossou,Clermont Foot,0.756852335,1,3,0.2522841116666667,0.24314766499999996,0.3
Jodie Brett,Brighton & Hove Albion WFC,1.263488324,1,7,0.180498332,-0.2634883240000001,0.7
Jodie Hutton,Aston Villa,0.575332856,0,6,0.09588880933333332,-0.575332856,0.6
Jodie Taylor,England Women's,1.8533767300000001,1,6,0.3088961216666667,-0.8533767300000001,0.6
Jodie Taylor,OL Reign,5.328292465,4,19,0.28043644552631575,-1.3282924649999996,1.9
Jody Brown,Jamaica Women's,0.40332559,0,2,0.201662795,-0.40332559,0.2
Jody Craddock,Wolverhampton Wanderers,0.22499922,0,1,0.22499922,-0.22499922,0.1
Joe Allen,Liverpool,1.3505470039999998,2,12,0.11254558366666666,0.6494529960000002,1.2
Joe Allen,Wales,0.133102681,0,4,0.03327567025,-0.133102681,0.4
Joe Aribo,Nigeria,0.05014289,0,1,0.05014289,-0.05014289,0.1
Joe Cole,Chelsea,0.05688453,0,1,0.05688453,-0.05688453,0.1
Joe Gomez,Liverpool,0.014755701,0,1,0.014755701,-0.014755701,0.1
Joe Ledley,Crystal Palace,0.42160667399999996,1,7,0.06022952485714285,0.578393326,0.7
Joe Rodon,Wales,0.033698373,0,1,0.033698373,-0.033698373,0.1
Joe Zoherliana,NorthEast United,0.160705438,0,3,0.053568479333333335,-0.160705438,0.3
Joel Chukwuma Obi,Torino,0.26095645,1,3,0.08698548333333334,0.73904355,0.3
Joel Gerezgiher,Eintracht Frankfurt,0.254848011,0,4,0.06371200275,-0.254848011,0.4
Joel Joseph Chianese,Hyderabad,2.745020512,4,15,0.18300136746666668,1.254979488,1.5
Joel Nathaniel Campbell Samuels,Arsenal,2.225318172,3,20,0.1112659086,0.7746818279999999,2.0
Joel Nathaniel Campbell Samuels,Costa Rica,0.216087643,0,4,0.05402191075,-0.216087643,0.4
Joel Pohjanpalo,Finland,1.056334608,1,7,0.150904944,-0.05633460800000001,0.7
Joel Ward,Crystal Palace,1.218354174,2,17,0.07166789258823529,0.7816458260000001,1.7
Joelinton Cassio Apolinário de Lira,Hoffenheim,0.13128449,0,2,0.065642245,-0.13128449,0.2
Joelle Anderson,Houston Dash,2.809036822,1,26,0.10803987776923077,-1.809036822,2.6
Joelle Wedemeyer,VfL Wolfsburg WFC,1.01689392,2,10,0.101689392,0.98310608,1.0
Joey Barton,Manchester City,0.054921437000000004,0,2,0.027460718500000002,-0.054921437000000004,0.2
Joey Veerman,Netherlands,0.266719392,0,2,0.133359696,-0.266719392,0.2
Jofre González Mateu,Levante UD,0.12785605,1,1,0.12785605,0.87214395,0.1
Johan Andrés Mojica Palacio,Colombia,0.103180497,0,2,0.0515902485,-0.103180497,0.2
Johan Andrés Mojica Palacio,Girona,0.11447739,0,1,0.11447739,-0.11447739,0.1
Johan Audel,Nantes,3.180138403,2,32,0.09937932509375,-1.180138403,3.2
Johan Bakayoko,Belgium,0.333355726,0,3,0.11111857533333334,-0.333355726,0.3
Johan Cruyff,Ajax,1.418126431,2,13,0.10908664853846153,0.5818735690000001,1.3
Johan Cruyff,Barcelona,0.443403653,1,7,0.063343379,0.5565963469999999,0.7
Johan Cruyff,Netherlands,1.5510261570000001,3,9,0.17233623966666667,1.4489738429999999,0.9
Johan Danon Djourou-Gbadjere,Hamburger SV,0.997513631,2,8,0.124689203875,1.002486369,0.8
Johan Felipe Vásquez Ibarra,Mexico,0.254914205,0,5,0.050982841,-0.254914205,0.5
Johan Gastien,Clermont Foot,0.660282622,1,4,0.1650706555,0.339717378,0.4
Johan Martial,Troyes,0.10703595,0,1,0.10703595,-0.10703595,0.1
Johan Neeskens,Ajax,0.390999184,0,8,0.048874898,-0.390999184,0.8
Johan Neeskens,Netherlands,1.77597418,3,21,0.08457019904761905,1.22402582,2.1
Johann Berg Guðmunds­son,Iceland,0.0532465625,0,3,0.017748854166666665,-0.0532465625,0.3
Johanna Rytting-Kaneryd,Chelsea FCW,3.379518114,4,22,0.15361445972727272,0.6204818859999999,2.2
Johanna Rytting-Kaneryd,Sweden Women's,1.043527578,0,11,0.09486614345454546,-1.043527578,1.1
Johannes Anthonius Bernardus Metgod,Real Madrid,0.11569870400000001,0,2,0.05784935200000001,-0.11569870400000001,0.2
Johannes Flum,Eintracht Frankfurt,0.133386537,0,2,0.0666932685,-0.133386537,0.2
Johannes Geis,Schalke 04,2.620203029,2,44,0.05955006884090908,-0.6202030289999998,4.4
Johannes van den Bergh,Hertha Berlin,0.10733214,0,1,0.10733214,-0.10733214,0.1
John Aloisi,Osasuna,0.100762213,0,2,0.0503811065,-0.100762213,0.2
John Anthony Brooks,Hertha Berlin,1.163612359,1,9,0.1292902621111111,-0.16361235900000004,0.9
John Arne Semundseth Riise,Liverpool,0.9122898030000001,0,9,0.10136553366666667,-0.9122898030000001,0.9
John Guidetti,Celta Vigo,5.8287650200000005,7,33,0.17662924303030306,1.1712349799999995,3.3
John Guidetti,Deportivo Alavés,0.12347558,1,1,0.12347558,0.87652442,0.1
John Guidetti,Sweden,0.036569428,0,1,0.036569428,-0.036569428,0.1
John McGinn,Scotland,0.98527789,0,7,0.14075398428571428,-0.98527789,0.7
John Michael Nchekwube Obinna,Chelsea,0.785626101,0,7,0.11223230014285714,-0.785626101,0.7
John O''Shea,Sunderland,0.483745522,0,8,0.06046819025,-0.483745522,0.8
John Stones,England,2.280030318,2,16,0.142501894875,-0.2800303180000001,1.6
John Stones,Everton,0.833359948,0,8,0.1041699935,-0.833359948,0.8
John Terry,Chelsea,1.220429517,1,11,0.1109481379090909,-0.2204295169999999,1.1
John Tolkin,New York Red Bulls,0.08429059,0,1,0.08429059,-0.08429059,0.1
John Tshibumbu,Gazélec Ajaccio,3.695949102,3,32,0.1154984094375,-0.6959491020000002,3.2
John Yeboah Zamora,Ecuador,0.890351188,1,4,0.222587797,0.10964881199999998,0.4
Johnnie Jackson,Tottenham Hotspur,0.04306325,0,1,0.04306325,-0.04306325,0.1
Johnny Rep,Ajax,0.469545393,1,5,0.0939090786,0.530454607,0.5
Johnny Rep,Netherlands,2.070079893,1,13,0.15923691484615385,-1.070079893,1.3
Joleon Lescott,Aston Villa,2.162184704,2,11,0.19656224581818182,-0.16218470399999996,1.1
Jon Ansotegi Gorostola,Eibar,0.34388822,0,4,0.085972055,-0.34388822,0.4
Jon Ansotegi Gorostola,Real Sociedad,0.050146695,0,1,0.050146695,-0.050146695,0.1
Jon Aurtenetxe Borde,Athletic Club,0.11516172,0,1,0.11516172,-0.11516172,0.1
Jon Bautista Orgilles,Real Sociedad,0.359904646,1,6,0.05998410766666667,0.6400953540000001,0.6
Jon Dahl Tomasson,AC Milan,0.7475352,1,1,0.7475352,0.25246480000000004,0.1
Jon Errasti Zabalete,Eibar,0.098608084,0,1,0.098608084,-0.098608084,0.1
Jon Gorenc Stankovič,Slovenia,0.0415371,0,1,0.0415371,-0.0415371,0.1
Jon Mikel Aramburu Mejías,Venezuela,0.025615599,0,1,0.025615599,-0.025615599,0.1
Jon Moncayola Tollar,Osasuna,0.231385988,0,4,0.057846497,-0.231385988,0.4
Jonas Gonçalves Oliveira,Valencia,0.344506921,0,8,0.043063365125,-0.344506921,0.8
Jonas Hector,FC Köln,0.618760878,0,10,0.0618760878,-0.618760878,1.0
Jonas Hector,Germany,0.23979619000000002,0,2,0.11989809500000001,-0.23979619000000002,0.2
Jonas Hofmann,Bayer Leverkusen,6.456568212,4,62,0.10413819696774193,-2.4565682119999996,6.2
Jonas Hofmann,Borussia Dortmund,0.560270154,1,6,0.09337835900000001,0.439729846,0.6
Jonas Hofmann,Borussia Mönchengladbach,0.993951379,0,10,0.0993951379,-0.993951379,1.0
Jonas Hofmann,Germany,0.13167478,0,1,0.13167478,-0.13167478,0.1
Jonas Martin,Montpellier,3.730710953,4,31,0.12034551461290323,0.269289047,3.1
Jonas Martin,Rennes,0.053362379,0,2,0.0266811895,-0.053362379,0.2
Jonas Older Wind,Denmark,0.916209752,0,9,0.10180108355555556,-0.916209752,0.9
Jonas Older Wind,Wolfsburg,0.628113668,0,6,0.10468561133333333,-0.628113668,0.6
Jonas Olsson,West Bromwich Albion,0.983633998,1,6,0.16393899966666667,0.016366002000000046,0.6
Jonatan Lillebror Johansson,Charlton Athletic,0.14055663899999998,0,3,0.046852213,-0.14055663899999998,0.3
Jonatan Soriano Casas,Espanyol,0.021278318,0,1,0.021278318,-0.021278318,0.1
Jonathan Bamba,Lille,1.625587594,2,9,0.18062084377777776,0.37441240600000003,0.9
Jonathan Bamba,Saint-Étienne,0.770327479,1,9,0.08559194211111111,0.22967252100000002,0.9
Jonathan Brison,Saint-Étienne,0.008514812,0,1,0.008514812,-0.008514812,0.1
Jonathan Buatu Mananga,Angola,0.64249694,0,3,0.21416564666666668,-0.64249694,0.3
Jonathan Calleri,Espanyol,0.04487017,0,1,0.04487017,-0.04487017,0.1
Jonathan Calleri,Las Palmas,1.559276401,1,8,0.194909550125,-0.559276401,0.8
Jonathan Calleri,Osasuna,0.478539107,0,5,0.0957078214,-0.478539107,0.5
Jonathan Castro Otto,Celta Vigo,1.697238645,2,17,0.09983756735294118,0.3027613549999999,1.7
Jonathan Clauss,Lens,0.22988294999999997,0,3,0.07662764999999999,-0.22988294999999997,0.3
Jonathan Clauss,Marseille,0.273292504,0,2,0.136646252,-0.273292504,0.2
Jonathan Clauss,Olympique de Marseille,0.143038,0,1,0.143038,-0.143038,0.1
Jonathan David,Canada,3.6643433069999998,4,18,0.20357462816666666,0.33565669300000023,1.8
Jonathan David,Lille,2.824075842,2,14,0.201719703,-0.8240758420000001,1.4
Jonathan Delaplace,Caen,0.16278109600000001,0,4,0.040695274000000004,-0.16278109600000001,0.4
Jonathan Delaplace,Stade Malherbe Caen,0.872514004,0,14,0.062322428857142856,-0.872514004,1.4
Jonathan Douglas,Blackburn Rovers,0.02560037,0,1,0.02560037,-0.02560037,0.1
Jonathan Grant Evans,West Bromwich Albion,2.325607756,1,9,0.25840086177777777,-1.3256077560000001,0.9
Jonathan Howson,Norwich City,2.4809518379999997,3,35,0.07088433822857142,0.5190481620000003,3.5
Jonathan Javier Rodríguez Portillo,RC Deportivo La Coruña,1.526647621,0,19,0.08034987478947368,-1.526647621,1.9
Jonathan Ludovic Biabiany,Inter Milan,1.672231141,1,20,0.08361155705,-0.6722311409999999,2.0
Jonathan Martins-Pereira,Guingamp,0.36140090300000005,0,5,0.07228018060000001,-0.36140090300000005,0.5
Jonathan Martins-Pereira,Troyes,0.15070318000000002,0,2,0.07535159000000001,-0.15070318000000002,0.2
Jonathan Osorio,Canada,0.36282147,0,3,0.12094049,-0.36282147,0.3
Jonathan Pereira Rodríguez,Racing Santander,0.522734213,1,4,0.13068355325,0.477265787,0.4
Jonathan Pereira Rodríguez,Real Betis,0.194511916,0,2,0.097255958,-0.194511916,0.2
Jonathan Pereira Rodríguez,Villarreal,0.21921666,0,1,0.21921666,-0.21921666,0.1
Jonathan Rodríguez Menéndez,Deportivo Alavés,0.034930605,0,1,0.034930605,-0.034930605,0.1
Jonathan Rodríguez Menéndez,Málaga,0.22921422,1,1,0.22921422,0.77078578,0.1
Jonathan Rodríguez Menéndez,Sporting Gijón,3.6050513525,5,56,0.06437591700892857,1.3949486475000001,5.6
Jonathan Schmid,Hoffenheim,2.603336427,4,20,0.13016682135,1.396663573,2.0
Jonathan Sesma González,Cádiz,0.413809998,0,3,0.137936666,-0.413809998,0.3
Jonathan Sesma González,Real Valladolid,0.851030102,0,5,0.1702060204,-0.851030102,0.5
Jonathan Tah,Bayer Leverkusen,3.318737162,4,41,0.0809448088292683,0.6812628379999999,4.1
Jonathan Tah,Germany,0.029259931,0,1,0.029259931,-0.029259931,0.1
Jonathan Viera Ramos,Las Palmas,9.924417696999999,10,90,0.11027130774444444,0.0755823030000009,9.0
Jonathan Viera Ramos,Rayo Vallecano,0.111553553,0,2,0.0557767765,-0.111553553,0.2
Jonathan Walters,Stoke City,4.750797178,5,33,0.14396355084848486,0.249202822,3.3
Jonathan de Guzmán,Carpi,0.80228214,1,2,0.40114107,0.19771786000000002,0.2
Jonathan de Guzmán,Mallorca,0.102546164,0,2,0.051273082,-0.102546164,0.2
Jonathan dos Santos Ramírez,Barcelona,0.036478638,0,2,0.018239319,-0.036478638,0.2
Jonathan dos Santos Ramírez,Villarreal,1.569804283,0,20,0.07849021415,-1.569804283,2.0
Jonathas Cristian de Jesus,Elche,0.017969046,0,1,0.017969046,-0.017969046,0.1
Jonathas Cristian de Jesus,Odisha,6.3000127699999995,8,34,0.1852944932352941,1.6999872300000005,3.4
Jonathas Cristian de Jesus,Real Sociedad,7.55992726,7,58,0.13034357344827588,-0.5599272600000003,5.8
Jone Amezaga,Athletic Club Bilbao,3.270443219,5,15,0.21802954793333335,1.7295567809999999,1.5
Jonhatan Montiel Caballero,Rayo Vallecano,0.056418421999999996,0,2,0.028209210999999998,-0.056418421999999996,0.2
Joni Ensio Kauko,ATK Mohun Bagan,2.0691607000000003,2,16,0.12932254375000002,-0.0691607000000003,1.6
Joni Ensio Kauko,Finland,0.056899514,0,2,0.028449757,-0.056899514,0.2
Joni Ensio Kauko,Mohun Bagan Super Giant,1.940038986,1,16,0.121252436625,-0.940038986,1.6
Jonjo Shelvey,Newcastle United,0.9375629695000001,0,22,0.04261649861363637,-0.9375629695000001,2.2
Jonjo Shelvey,Swansea City,2.113002412,1,35,0.06037149748571429,-1.1130024120000002,3.5
Jonjoe Kenny,Everton,0.116181895,0,1,0.116181895,-0.116181895,0.1
Jonna Ann-Charlotte Andersson,Chelsea FCW,2.801824889,0,33,0.08490378451515151,-2.801824889,3.3
Jonna Ann-Charlotte Andersson,Sweden Women's,0.6510228659999999,1,4,0.16275571649999998,0.3489771340000001,0.4
Jonna Brengel,Eintracht Frankfurt W,0.20546734,0,1,0.20546734,-0.20546734,0.1
Jonás Manuel Gutiérrez,Mallorca,0.790008826,0,2,0.395004413,-0.790008826,0.2
Jonás Manuel Gutiérrez,RC Deportivo La Coruña,0.19375498,0,3,0.06458499333333333,-0.19375498,0.3
Joo-Ho Park,Borussia Dortmund,0.34952887,0,3,0.11650962333333333,-0.34952887,0.3
Joona Toivio,Finland,0.021947917,0,1,0.021947917,-0.021947917,0.1
Jordan Adéoti,Caen,0.125684593,0,3,0.04189486433333334,-0.125684593,0.3
Jordan Adéoti,Stade Malherbe Caen,0.551636225,0,5,0.11032724499999999,-0.551636225,0.5
Jordan Amavi,Aston Villa,0.3214469355,0,4,0.080361733875,-0.3214469355,0.4
Jordan Ayew,Aston Villa,5.2355660695,7,61,0.0858289519590164,1.7644339305,6.1
Jordan Ayew,Ghana,1.621158591,2,4,0.40528964775,0.3788414090000001,0.4
Jordan Brian Henderson,England,1.375657873,2,8,0.171957234125,0.624342127,0.8
Jordan Brian Henderson,Liverpool,2.119602908,2,28,0.07570010385714286,-0.11960290800000006,2.8
Jordan Elisabeth Baggett,Racing Louisville FC,0.5447541739999999,1,3,0.18158472466666664,0.4552458260000001,0.3
Jordan Ferri,Lyon,1.8695773765,2,32,0.058424293015625,0.1304226234999999,3.2
Jordan Leborgne,Caen,0.328843385,0,4,0.08221084625,-0.328843385,0.4
Jordan Leborgne,Stade Malherbe Caen,0.207715055,0,4,0.05192876375,-0.207715055,0.4
Jordan Lyden,Aston Villa,0.040450793,0,1,0.040450793,-0.040450793,0.1
Jordan Murray,Jamshedpur,3.98151028,4,33,0.12065182666666667,0.01848971999999982,3.3
Jordan Nobbs,Arsenal WFC,13.879300428,18,96,0.144576046125,4.1206995719999995,9.6
Jordan Nobbs,Aston Villa W,2.667658,2,23,0.1159851304347826,-0.6676579999999999,2.3
Jordan Veretout,Aston Villa,0.710407582,0,20,0.0355203791,-0.710407582,2.0
Jordan Veretout,Marseille,0.025268713,0,1,0.025268713,-0.025268713,0.1
Jordan Veretout,Olympique de Marseille,0.061303742,0,1,0.061303742,-0.061303742,0.1
Jordi Alba Ramos,Barcelona,11.8413012485,12,97,0.12207527060309278,0.15869875149999935,9.7
Jordi Alba Ramos,Inter Miami,0.18160696,1,1,0.18160696,0.81839304,0.1
Jordi Alba Ramos,Spain,0.283309749,0,6,0.0472182915,-0.283309749,0.6
Jordi Alba Ramos,Valencia,0.091961313,0,2,0.0459806565,-0.091961313,0.2
Jordi Amat Maas,Rayo Vallecano,0.09209508500000001,0,2,0.046047542500000004,-0.09209508500000001,0.2
Jordi Amat Maas,Swansea City,0.17735337,0,1,0.17735337,-0.17735337,0.1
Jordi Figueras Montel,Real Betis,0.049341515,0,1,0.049341515,-0.049341515,0.1
Jordi Gómez García-Penche,Sunderland,0.07595604,0,2,0.03797802,-0.07595604,0.2
Jordi López Felpeto,Sevilla,0.008891906,0,1,0.008891906,-0.008891906,0.1
Jordi Xumetra Feliu,Levante UD,1.101018089,0,8,0.137627261125,-1.101018089,0.8
Jordon Ibe,Liverpool,1.736566324,1,30,0.057885544133333335,-0.736566324,3.0
Jordon Mutch,Crystal Palace,1.484525257,0,16,0.0927828285625,-1.484525257,1.6
Jordy Clasie,Southampton,0.6169196275,0,14,0.04406568767857143,-0.6169196275,1.4
Jordy Josué Caicedo Medina,Ecuador,1.0458106600000001,1,3,0.34860355333333337,-0.045810660000000114,0.3
Jordyn Listro,Orlando Pride,0.05699562,0,1,0.05699562,-0.05699562,0.1
Jordyn Pamela Huitema,Canada Women's,0.809727629,0,13,0.06228674069230769,-0.809727629,1.3
Jordyn Pamela Huitema,Seattle Reign,6.278491574,5,39,0.16098696343589744,-1.2784915740000002,3.9
Jorelyn Andrea Daniela Carabalí Martínez,Brighton & Hove Albion WFC,0.558058721,0,7,0.07972267442857142,-0.558058721,0.7
Jorelyn Andrea Daniela Carabalí Martínez,Colombia Women's,0.34400876999999996,0,2,0.17200438499999998,-0.34400876999999996,0.2
Jorge Alberto Francisco Valdano Castellano,Argentina,0.929765759,1,7,0.13282367985714286,0.07023424099999998,0.7
Jorge Andrés Carrascal Guardo,Colombia,0.06977261,0,1,0.06977261,-0.06977261,0.1
Jorge Andújar Moreno,Levante UD,0.147528804,0,4,0.036882201,-0.147528804,0.4
Jorge Andújar Moreno,Sevilla,3.200844981,2,36,0.08891236058333334,-1.200844981,3.6
Jorge Benítez,Boca Juniors,0.01929476,0,1,0.01929476,-0.01929476,0.1
Jorge De Frutos Sebastián,Levante UD,0.233507937,0,2,0.1167539685,-0.233507937,0.2
Jorge Eduardo Sánchez Ramos,Mexico,0.317508648,0,4,0.079377162,-0.317508648,0.4
Jorge Fernández Armas,Las Palmas,0.050229684999999996,0,2,0.025114842499999998,-0.050229684999999996,0.2
Jorge Franco Alviz,Deportivo Alavés,0.18598095,0,1,0.18598095,-0.18598095,0.1
Jorge Franco Alviz,Espanyol,3.615005519,1,30,0.12050018396666666,-2.615005519,3.0
Jorge Franco Alviz,Sporting Gijón,0.08534932,0,1,0.08534932,-0.08534932,0.1
Jorge Gonzalez Diaz,Getafe,0.22394149,0,1,0.22394149,-0.22394149,0.1
Jorge José de Amorim Campos,Brazil,0.12813532,0,1,0.12813532,-0.12813532,0.1
Jorge Luis Burruchaga,Argentina,0.5185343554999999,1,8,0.06481679443749999,0.48146564450000007,0.8
Jorge Luiz Frello Filho,Italy,1.49259535,1,2,0.746297675,-0.49259535,0.2
Jorge Luiz Frello Filho,Napoli,0.186460448,0,6,0.031076741333333335,-0.186460448,0.6
Jorge López Montaña,Racing Santander,0.048361948,0,2,0.024180974,-0.048361948,0.2
Jorge López Montaña,Real Zaragoza,0.040240154,1,1,0.040240154,0.959759846,0.1
Jorge Manuel Almeida Gomes de Andrade,RC Deportivo La Coruña,0.16727263,0,1,0.16727263,-0.16727263,0.1
Jorge Meré Pérez,Sporting Gijón,0.860714996,0,8,0.1075893745,-0.860714996,0.8
Jorge Molina Vidal,Getafe,1.4653699519999999,0,7,0.20933856457142855,-1.4653699519999999,0.7
Jorge Molina Vidal,Granada,0.08093802,1,1,0.08093802,0.91906198,0.1
Jorge Molina Vidal,Real Betis,4.170098785,2,26,0.16038841480769234,-2.1700987850000004,2.6
Jorge Ortiz Mendoza,Goa,5.701534669,8,60,0.09502557781666666,2.298465331,6.0
Jorge Pulido Mayoral,Rayo Vallecano,0.03945045,0,1,0.03945045,-0.03945045,0.1
Jorge Resurrección Merodio,Atlético Madrid,3.8706610955,5,54,0.07167890917592593,1.1293389045,5.4
Jorge Resurrección Merodio,Spain,1.449194533,0,9,0.16102161477777777,-1.449194533,0.9
Jorge Rolando Pereyra Díaz,Kerala Blasters,7.414787473,8,37,0.20039966143243243,0.5852125270000004,3.7
Jorge Sammir Cruz Campos,Getafe,0.021123644,0,1,0.021123644,-0.021123644,0.1
Joris Chotard,Montpellier,0.31546783,0,1,0.31546783,-0.31546783,0.1
Joris Gnagnon,Rennes,0.058750929,0,3,0.019583643,-0.058750929,0.3
Joris Kayembe Ditu,Congo DR,0.7391287,1,1,0.7391287,0.26087130000000003,0.1
Joris Marveaux,Montpellier,0.86212645,1,4,0.2155316125,0.13787355,0.4
Josanne Potter,Reading WFC,1.370990698,1,11,0.124635518,-0.37099069799999995,1.1
Jose Luis Martí Soler,Mallorca,0.124724629,0,3,0.04157487633333334,-0.124724629,0.3
Jose María Movilla Cubero,Real Zaragoza,0.014255288,0,1,0.014255288,-0.014255288,0.1
Joseba Andoni Etxeberria Lizardi,Athletic Club,0.18500997,0,2,0.092504985,-0.18500997,0.2
Joseba Garmendia Elorriaga,Athletic Club,0.329578298,0,3,0.10985943266666666,-0.329578298,0.3
Joseba Llorente Etxarri,Osasuna,0.96006761,1,4,0.2400169025,0.03993239000000004,0.4
Joseba Llorente Etxarri,Real Valladolid,0.5627809730000001,1,4,0.14069524325000002,0.4372190269999999,0.4
Joseba Llorente Etxarri,Villarreal,1.1474380599999998,3,3,0.38247935333333327,1.8525619400000002,0.3
Joseba Zaldúa Bengoetxea,Leganés,0.019815676,0,1,0.019815676,-0.019815676,0.1
Joseba Zaldúa Bengoetxea,Real Sociedad,0.068846957,0,2,0.0344234785,-0.068846957,0.2
Josef Alexander Martínez Mencia,Inter Miami,0.694703783,0,5,0.1389407566,-0.694703783,0.5
Josef Alexander Martínez Mencia,Torino,3.666031733,3,35,0.1047437638,-0.6660317330000001,3.5
Joseff Morrell,Wales,0.021469621,0,1,0.021469621,-0.021469621,0.1
Josefine Hasbo,Denmark Women's,0.282800555,0,3,0.09426685166666667,-0.282800555,0.3
Josefine Schaller,RB Leipzig W,0.374044194,0,6,0.062340699,-0.374044194,0.6
Josep Señé Escudero,Celta Vigo,0.15403181,0,2,0.077015905,-0.15403181,0.2
Joseph Alfred Duncan,Sassuolo,1.839319001,1,39,0.04716202566666667,-0.839319001,3.9
Joseph Paintsil,Ghana,0.40235928,0,1,0.40235928,-0.40235928,0.1
Joseph Phillip Yobo,Everton,0.06429982,0,1,0.06429982,-0.06429982,0.1
Joseph Scally,Borussia Mönchengladbach,0.013547415,0,1,0.013547415,-0.013547415,0.1
Joseph Scally,United States,0.01062992,0,1,0.01062992,-0.01062992,0.1
Josh Onomah,Tottenham Hotspur,0.21202490599999999,0,3,0.07067496866666666,-0.21202490599999999,0.3
Josh Risdon,Australia,0.051820904,0,1,0.051820904,-0.051820904,0.1
Josha Mamadou Karaboue Vagnoman,VfB Stuttgart,0.3896594,0,1,0.3896594,-0.3896594,0.1
Joshua Kimmich,Bayern Munich,0.335756403,0,8,0.041969550375,-0.335756403,0.8
Joshua Kimmich,Germany,1.243902955,0,18,0.06910571972222222,-1.243902955,1.8
Joshua King,AFC Bournemouth,7.013875049,6,56,0.12524776873214286,-1.0138750490000001,5.6
Joshua Sargent,United States,0.488495286,0,5,0.0976990572,-0.488495286,0.5
Josie Green,Leicester City WFC,0.072454359,0,2,0.0362271795,-0.072454359,0.2
Josie Green,Tottenham Hotspur Women,1.27390165,0,21,0.060661983333333336,-1.27390165,2.1
Josie Green,Wales W,0.554599194,0,3,0.18486639800000002,-0.554599194,0.3
Josimar Alcócer,Costa Rica,0.015388032,1,1,0.015388032,0.984611968,0.1
Josip Drmic,Borussia Mönchengladbach,0.997808765,1,8,0.124726095625,0.002191234999999958,0.8
Josip Drmic,Hamburger SV,1.569179714,1,7,0.22416853057142855,-0.5691797139999999,0.7
Josip Drmic,Switzerland,0.443110881,1,4,0.11077772025,0.556889119,0.4
Josip Iličić,Fiorentina,8.762529369,13,74,0.11841255904054053,4.237470631000001,7.4
Josip Iličić,Slovenia,0.81915374,0,2,0.40957687,-0.81915374,0.2
Josip Juranović,Croatia,0.068601338,0,2,0.034300669,-0.068601338,0.2
Josip Pivarić,Croatia,0.786114188,0,3,0.2620380626666667,-0.786114188,0.3
Josip Radošević,Eibar,0.018773487,0,1,0.018773487,-0.018773487,0.1
Josip Stanišić,Bayer Leverkusen,0.6813324239999999,3,10,0.06813324239999999,2.318667576,1.0
Josip Stanišić,Croatia,0.464756043,0,2,0.2323780215,-0.464756043,0.2
Josip Šutalo,Croatia,0.28079134,0,1,0.28079134,-0.28079134,0.1
Josu Sarriegi Zumárraga,Deportivo Alavés,0.041895885,0,1,0.041895885,-0.041895885,0.1
Josuha Guilavogui,Wolfsburg,1.6605906875,2,24,0.06919127864583334,0.33940931249999995,2.4
José Adoni Cifuentes Charcopa,Ecuador,0.018031033,0,1,0.018031033,-0.018031033,0.1
José Alberto Cañas Ruiz Herrera,Real Betis,0.015691325,0,1,0.015691325,-0.015691325,0.1
José Alejandro Suárez Martín,Levante UD,0.037126828,0,1,0.037126828,-0.037126828,0.1
José Andrés Guardado Hernández,Mexico,0.646324946,0,8,0.08079061825,-0.646324946,0.8
José Andrés Guardado Hernández,RC Deportivo La Coruña,0.122263386,0,3,0.040754462,-0.122263386,0.3
José Andrés Guardado Hernández,Real Betis,0.05358793,0,2,0.026793965,-0.05358793,0.2
José Andrés Guardado Hernández,Valencia,0.175835394,0,5,0.0351670788,-0.175835394,0.5
José Andrés Martínez Torres,Venezuela,0.275788462,0,4,0.0689471155,-0.275788462,0.4
José Antonio Caro Martínez,Real Betis,0.200980817,0,2,0.1004904085,-0.200980817,0.2
José Antonio Delgado Villar,Real Betis,0.066381146,0,3,0.022127048666666666,-0.066381146,0.3
José Antonio Dorado Ramírez,Rayo Vallecano,0.06862697,0,1,0.06862697,-0.06862697,0.1
José Antonio Dorado Ramírez,Real Betis,0.03704831,0,1,0.03704831,-0.03704831,0.1
José Antonio García Calvo,Real Valladolid,0.020134473,0,1,0.020134473,-0.020134473,0.1
José Antonio García Rabasco,Almería,0.031794645,0,1,0.031794645,-0.031794645,0.1
José Antonio García Rabasco,Levante UD,2.442159238,2,25,0.09768636952,-0.4421592379999999,2.5
José Antonio Miranda Boacho,Equatorial Guinea,0.090233339,1,3,0.030077779666666665,0.909766661,0.3
José Antonio Miranda Boacho,Getafe,0.105689704,0,1,0.105689704,-0.105689704,0.1
José Antonio Reyes Calderón,Arsenal,1.933407209,2,22,0.08788214586363637,0.06659279099999993,2.2
José Antonio Reyes Calderón,Atlético Madrid,0.161813427,0,6,0.0269689045,-0.161813427,0.6
José Antonio Reyes Calderón,Real Madrid,0.03005911,0,1,0.03005911,-0.03005911,0.1
José Antonio Reyes Calderón,Sevilla,2.409389896,1,24,0.10039124566666667,-1.409389896,2.4
José Antonio Rodríguez Díaz,Granada,0.293435304,0,5,0.0586870608,-0.293435304,0.5
José Antonio Salguero García,Real Madrid,0.083824564,0,2,0.041912282,-0.083824564,0.2
José Carlos Fernández Vázquez,Rayo Vallecano,0.068890116,0,3,0.022963372,-0.068890116,0.3
José Carlos de Araújo Nunes,Mallorca,0.311084412,1,3,0.10369480399999999,0.688915588,0.3
José Correia,Guinea-Bissau,0.340123369,1,4,0.08503084225,0.6598766309999999,0.4
José Diogo Dalot Teixeira,Portugal,0.100881035,0,4,0.02522025875,-0.100881035,0.4
José Edmílson Gomes de Moraes,Barcelona,1.1770796425,0,20,0.058853982125,-1.1770796425,2.0
José Edmílson Gomes de Moraes,Real Zaragoza,0.011894919,0,1,0.011894919,-0.011894919,0.1
José Eduardo Albácar Gallego,Elche,0.06628777,0,1,0.06628777,-0.06628777,0.1
José Eduardo Rosa Vale de Castro,RC Deportivo La Coruña,0.168477887,0,3,0.056159295666666664,-0.168477887,0.3
José Eduardo Rosa Vale de Castro,Rayo Vallecano,0.617338675,2,10,0.0617338675,1.382661325,1.0
José Ely de Miranda,Brazil,0.39457005700000003,0,7,0.056367151000000004,-0.39457005700000003,0.7
José Ernesto Sosa,Atlético Madrid,0.09508682,0,1,0.09508682,-0.09508682,0.1
José Fajardo Nelson,Panama,0.924955091,2,8,0.115619386375,1.075044909,0.8
José Guimarães Dirceu,Brazil,0.059326144,0,2,0.029663072,-0.059326144,0.2
José Holebas,Watford,0.858011925,0,13,0.06600091730769231,-0.858011925,1.3
José Ignacio Fernández Iglesias,Real Madrid,0.356978119,0,6,0.05949635316666666,-0.356978119,0.6
José Ignacio Fernández Iglesias,Spain,0.03411312,1,1,0.03411312,0.96588688,0.1
José Ignacio Martínez García,Rayo Vallecano,0.765382942,0,15,0.05102552946666667,-0.765382942,1.5
José Ignacio Martínez García,Real Valladolid,0.08739941650000001,0,4,0.021849854125000002,-0.08739941650000001,0.4
José Ignacio Peleteiro Ramallo,Eibar,0.920811107,0,14,0.06577222192857143,-0.920811107,1.4
José Isidoro Gómez Torres,Real Betis,0.19112274,0,1,0.19112274,-0.19112274,0.1
José Javier Barkero Saludes,CD Numancia de Soria,0.07875443,1,1,0.07875443,0.92124557,0.1
José Javier Barkero Saludes,Levante UD,1.9916511959999998,1,6,0.331941866,-0.9916511959999998,0.6
José Joaquín Moreno Verdú,Villarreal,0.31245767,0,3,0.10415255666666667,-0.31245767,0.3
José João Altafini,Juventus,0.21398191,0,3,0.07132730333333333,-0.21398191,0.3
José Leonardo Ulloa,Leicester City,5.699124992,6,33,0.17270075733333332,0.3008750080000002,3.3
José Luis Brown,Argentina,0.095762816,1,2,0.047881408,0.904237184,0.2
José Luis Cuciuffo,Argentina,0.013477263,0,1,0.013477263,-0.013477263,0.1
José Luis Espinosa Arroyo,ATK Mohun Bagan,0.05008278,0,1,0.05008278,-0.05008278,0.1
José Luis Espinosa Arroyo,Mohun Bagan Super Giant,0.035413247,0,1,0.035413247,-0.035413247,0.1
José Luis García del Pozo,Granada,0.027537223,0,1,0.027537223,-0.027537223,0.1
José Luis García del Pozo,Leganés,0.17329461999999998,0,2,0.08664730999999999,-0.17329461999999998,0.2
José Luis García del Pozo,Málaga,2.0919962795,0,38,0.05505253367105263,-2.0919962795,3.8
José Luis Gayà Peña,Spain,0.15037884299999998,0,3,0.050126280999999995,-0.15037884299999998,0.3
José Luis Gayà Peña,Valencia,0.7333742209999999,0,7,0.10476774585714285,-0.7333742209999999,0.7
José Luis Morales Nogales,Levante UD,6.4040682345,8,82,0.07809839310365854,1.5959317654999996,8.2
José Luis Moreno Barroso,Villarreal,0.0599659,0,1,0.0599659,-0.0599659,0.1
José Luis Pavoni,River Plate,0.03444152,0,1,0.03444152,-0.03444152,0.1
José Luis Rodríguez Francis,Panama,0.24253869600000003,0,5,0.048507739200000004,-0.24253869600000003,0.5
José Luis Sanmartín Mato,Deportivo Alavés,0.1365661,0,4,0.034141525,-0.1365661,0.4
José Luis Sanmartín Mato,RC Deportivo La Coruña,0.567231867,1,4,0.14180796675,0.43276813300000005,0.4
José Luis Sanmartín Mato,Spain,0.262635126,0,3,0.087545042,-0.262635126,0.3
José Luis Sanmartín Mato,Stoke City,2.38282188,4,29,0.08216627172413793,1.6171781200000002,2.9
José Manuel Arnáiz Díaz,Osasuna,0.116072026,1,2,0.058036013,0.883927974,0.2
José Manuel Casado Bizcocho,Rayo Vallecano,0.028566524,0,1,0.028566524,-0.028566524,0.1
José Manuel Fontán Mondragón,Celta Vigo,0.028459888,0,1,0.028459888,-0.028459888,0.1
José Manuel González Ortiz,Recreativo Huelva,0.044774417,0,1,0.044774417,-0.044774417,0.1
José Manuel Jiménez Ortiz,Almería,0.029055016,0,2,0.014527508,-0.029055016,0.2
José Manuel Jiménez Ortiz,Getafe,0.016001428,0,1,0.016001428,-0.016001428,0.1
José Manuel Jurado Marín,Atlético Madrid,0.35444003300000004,0,6,0.05907333883333334,-0.35444003300000004,0.6
José Manuel Jurado Marín,Espanyol,0.25580395,0,3,0.08526798333333334,-0.25580395,0.3
José Manuel Jurado Marín,Watford,1.674510801,0,36,0.04651418891666667,-1.674510801,3.6
José Manuel Rueda Sampedro,Barcelona,0.093357794,0,1,0.093357794,-0.093357794,0.1
José Marcelo Salas Melinao,River Plate,0.425974506,0,4,0.1064936265,-0.425974506,0.4
José Maria Gutiérrez Hernández,Real Madrid,0.187730641,0,4,0.04693266025,-0.187730641,0.4
José Martín Cáceres Silva,Barcelona,0.048132103,0,1,0.048132103,-0.048132103,0.1
José Martín Cáceres Silva,Juventus,0.085000957,0,2,0.0425004785,-0.085000957,0.2
José Martín Cáceres Silva,Sevilla,0.26617504000000003,0,3,0.08872501333333334,-0.26617504000000003,0.3
José Martín Cáceres Silva,Uruguay,0.947139784,0,7,0.13530568342857144,-0.947139784,0.7
José Martínez Sánchez,Real Madrid,0.255903864,0,4,0.063975966,-0.255903864,0.4
José María Callejón Bueno,Espanyol,0.242023865,0,3,0.08067462166666667,-0.242023865,0.3
José María Callejón Bueno,Napoli,8.307086841,7,64,0.129798231890625,-1.3070868410000003,6.4
José María Calvo,Gimnàstic Tarragona,0.07352145,0,1,0.07352145,-0.07352145,0.1
José María Giménez de Vargas,Atlético Madrid,2.036094682,1,17,0.1197702754117647,-1.0360946819999999,1.7
José María Giménez de Vargas,Uruguay,1.58427017,1,12,0.13202251416666666,-0.5842701699999999,1.2
José María Martín-Bejarano Serrano,Levante UD,0.555346123,0,13,0.04271893253846153,-0.555346123,1.3
José María Romero Poyón,Real Betis,0.44852317,1,2,0.224261585,0.5514768299999999,0.2
José María Romero Poyón,Villarreal,0.09959211,0,1,0.09959211,-0.09959211,0.1
José Mauri,AC Milan,0.282465266,0,7,0.04035218085714286,-0.282465266,0.7
José Miguel da Rocha Fonte,Portugal,0.296171689,0,4,0.07404292225,-0.296171689,0.4
José Miguel da Rocha Fonte,Southampton,2.878885028,2,24,0.11995354283333333,-0.878885028,2.4
José Nabil Onva Adjugu,Equatorial Guinea,0.121651776,0,1,0.121651776,-0.121651776,0.1
José Ndong Machín Dicombo,Equatorial Guinea,0.07039311300000001,0,2,0.035196556500000004,-0.07039311300000001,0.2
José Ortiz Bernal,Almería,0.35140989,0,2,0.175704945,-0.35140989,0.2
José Paolo Guerrero Gonzáles,Peru,1.579409102,1,11,0.14358264563636364,-0.5794091020000001,1.1
José Paulo Bezzera Maciel Júnior,Barcelona,8.514855065999999,9,43,0.19801988525581393,0.4851449340000009,4.3
José Paulo Bezzera Maciel Júnior,Brazil,1.81450166,1,6,0.3024169433333333,-0.8145016599999999,0.6
José Ramiro Funes Mori,Everton,2.679419827,4,24,0.11164249279166666,1.3205801730000002,2.4
José Ramiro Funes Mori,Villarreal,0.013115073,0,1,0.013115073,-0.013115073,0.1
José Ramón Alexanko Ventosa,Barcelona,0.771054638,0,4,0.1927636595,-0.771054638,0.4
José Raúl Baena Urdiales,Espanyol,0.126857276,0,3,0.042285758666666666,-0.126857276,0.3
José Raúl Baena Urdiales,Rayo Vallecano,0.940906966,1,10,0.0940906966,0.05909303399999999,1.0
José Raúl Gutiérrez Parejo,Elche,0.008633067,0,1,0.008633067,-0.008633067,0.1
José Rodolfo Pires Ribeiro,Sampdoria,0.629673592,0,11,0.057243053818181816,-0.629673592,1.1
José Rodríguez Martínez,RC Deportivo La Coruña,0.26409367,0,1,0.26409367,-0.26409367,0.1
José Romero Urtasun,Osasuna,0.09812622,0,1,0.09812622,-0.09812622,0.1
José Salomón Rondón Giménez,Málaga,0.462801951,2,5,0.0925603902,1.5371980490000001,0.5
José Salomón Rondón Giménez,Venezuela,3.025736803,4,19,0.15924930542105264,0.974263197,1.9
José Salomón Rondón Giménez,West Bromwich Albion,9.278961016,9,72,0.12887445855555557,-0.27896101600000023,7.2
José Verdú Nicolás,RC Deportivo La Coruña,0.07797471,0,1,0.07797471,-0.07797471,0.1
José Vicente Gómez Umpiérrez,Las Palmas,0.3046217075,1,8,0.0380777134375,0.6953782925,0.8
José Ángel Crespo Rincón,Rayo Vallecano,0.028610636,0,1,0.028610636,-0.028610636,0.1
José Ángel Córdoba Chambers,Panama,0.030843824,0,1,0.030843824,-0.030843824,0.1
José Ángel Gómez Campaña,Levante UD,0.77169626,1,7,0.11024232285714286,0.22830373999999998,0.7
José Ángel Pozo la Rosa,Rayo Vallecano,0.15281379,0,1,0.15281379,-0.15281379,0.1
José Ángel Rivero Gutiérrez,Las Palmas,0.011493534,0,1,0.011493534,-0.011493534,0.1
José Ángel Valdés Díaz,Eibar,0.192025755,0,5,0.038405151,-0.192025755,0.5
José Ángel Valdés Díaz,Sporting Gijón,0.018491326,0,1,0.018491326,-0.018491326,0.1
Jovana Damnjanović,Bayern München W,5.228576466,8,23,0.22732941156521738,2.771423534,2.3
Jovane Eduardo Borges Cabral,Cape Verde Islands,0.768162938,0,9,0.08535143755555556,-0.768162938,0.9
Jovani Francisco Welch Lopez,Panama,0.060867037,0,3,0.020289012333333332,-0.060867037,0.3
Joy Ebinemiere Bokiri,CD Sporting de Huelva,0.03242099,0,1,0.03242099,-0.03242099,0.1
Joyner Lourenco,East Bengal,0.010214978,0,1,0.010214978,-0.010214978,0.1
Jozabed Sánchez Ruiz,Celta Vigo,0.14622802,0,1,0.14622802,-0.14622802,0.1
Jozabed Sánchez Ruiz,Rayo Vallecano,4.578551768,9,45,0.10174559484444444,4.421448232,4.5
Jozef Adamec,Czechoslovakia,0.043967914,0,2,0.021983957,-0.043967914,0.2
João Fernando Nelo,Celta Vigo,0.826878848,1,5,0.1653757696,0.173121152,0.5
João Filipe Iria Santos Moutinho,AS Monaco,1.121038601,1,22,0.050956300045454546,-0.12103860099999997,2.2
João Filipe Iria Santos Moutinho,Portugal,0.104178663,0,3,0.034726221,-0.104178663,0.3
João Félix Sequeira,Atlético Madrid,0.21002963200000002,0,4,0.052507408000000005,-0.21002963200000002,0.4
João Félix Sequeira,Portugal,1.7922839640000001,1,19,0.09433073494736843,-0.7922839640000001,1.9
João Maria Lobo Alves Palhinha Gonçalves,Portugal,0.380472944,0,11,0.03458844945454545,-0.380472944,1.1
João Miranda de Souza Filho,Atlético Madrid,0.423918515,0,4,0.10597962875,-0.423918515,0.4
João Miranda de Souza Filho,Brazil,0.08447387,0,1,0.08447387,-0.08447387,0.1
João Miranda de Souza Filho,Inter Milan,1.324327064,1,10,0.1324327064,-0.324327064,1.0
João Mário Naval da Costa Eduardo,Portugal,0.04724082,0,1,0.04724082,-0.04724082,0.1
João Neves,Portugal,0.033964157,0,1,0.033964157,-0.033964157,0.1
João Paulo Moreira Fernandes,Cape Verde Islands,0.22879715,0,4,0.0571992875,-0.22879715,0.4
João Pedro Cavaco Cancelo,Portugal,0.33695272499999995,0,4,0.08423818124999999,-0.33695272499999995,0.4
João Pedro Cavaco Cancelo,Valencia,1.161552206,1,11,0.1055956550909091,-0.1615522060000001,1.1
João Pedro Neves Filipe,Real Valladolid,0.02913738,0,1,0.02913738,-0.02913738,0.1
João Victor Gomes da Silva,Brazil,0.043790746,0,1,0.043790746,-0.043790746,0.1
João Victor de Albuquerque Bruno,Hyderabad,3.61143423,6,25,0.1444573692,2.38856577,2.5
João Victor de Albuquerque Bruno,Mallorca,0.3705556,0,1,0.3705556,-0.3705556,0.1
João Victor de Albuquerque Bruno,SC Delhi,0.050681774,0,1,0.050681774,-0.050681774,0.1
Joël Andre Job Matip,Schalke 04,3.486555857,3,31,0.11246954377419355,-0.4865558569999999,3.1
Joško Gvardiol,Croatia,0.807668368,1,7,0.11538119542857142,0.19233163200000003,0.7
Juan Alberto Andreu Alvarado,Real Betis,0.06427958,1,1,0.06427958,0.93572042,0.1
Juan Alberto Barbas Martínez,Argentina U20,0.0793371,0,1,0.0793371,-0.0793371,0.1
Juan Antonio González Fernández,Hyderabad,1.094100789,0,10,0.10941007890000001,-1.094100789,1.0
Juan Antonio González Fernández,SC Delhi,0.0850159,0,1,0.0850159,-0.0850159,0.1
Juan Antonio Rodríguez Villamuela,Getafe,1.3333544503,0,20,0.066667722515,-1.3333544503,2.0
Juan Antonio Rodríguez Villamuela,RC Deportivo La Coruña,0.38436132799999995,1,4,0.09609033199999999,0.615638672,0.4
Juan Bernat Velasco,Bayern Munich,0.779647553,0,9,0.08662750588888889,-0.779647553,0.9
Juan Bernat Velasco,Paris Saint-Germain,1.1545376699999998,1,7,0.16493395285714282,-0.15453766999999985,0.7
Juan Camilo Hernández Suárez,Getafe,0.26817345000000004,0,2,0.13408672500000002,-0.26817345000000004,0.2
Juan Camilo Hernández Suárez,Huesca,0.484846966,1,2,0.242423483,0.515153034,0.2
Juan Camilo Hernández Suárez,Mallorca,0.10349760599999999,0,2,0.051748802999999996,-0.10349760599999999,0.2
Juan Camilo Zúñiga Mosquera,Bologna,0.206401863,0,8,0.025800232875,-0.206401863,0.8
Juan Carlos,CD Numancia de Soria,0.033395622,0,1,0.033395622,-0.033395622,0.1
Juan Carlos Paredes Reasco,Watford,0.170218521,0,5,0.034043704200000004,-0.170218521,0.5
Juan Carlos Pérez López,Barcelona,0.248412981,1,2,0.1242064905,0.751587019,0.2
Juan Carlos Pérez López,Málaga,2.486744362,1,16,0.155421522625,-1.486744362,1.6
Juan Carlos Pérez López,Real Betis,0.216458141,0,2,0.1082290705,-0.216458141,0.2
Juan Carlos Pérez Rojo,Barcelona,0.08501409,0,1,0.08501409,-0.08501409,0.1
Juan Carlos Real Ruiz,Huesca,0.08922868,0,1,0.08922868,-0.08922868,0.1
Juan Carlos Valerón Santana,Las Palmas,0.036597844,0,1,0.036597844,-0.036597844,0.1
Juan Cruz Ochoa López,Real Murcia CF,0.277817497,1,2,0.1389087485,0.722182503,0.2
Juan Daniel Forlín,Espanyol,0.09625700999999999,0,2,0.048128504999999995,-0.09625700999999999,0.2
Juan Domínguez Lamas,RC Deportivo La Coruña,0.30089786599999996,0,5,0.06017957319999999,-0.30089786599999996,0.5
Juan Emmanuel Culio,Las Palmas,0.11427469300000001,0,5,0.022854938600000003,-0.11427469300000001,0.5
Juan Fernando Arango Sáenz,Mallorca,0.129436861,0,3,0.04314562033333333,-0.129436861,0.3
Juan Fernando Quintero Paniagua,Colombia,0.29067884899999996,1,9,0.032297649888888884,0.709321151,0.9
Juan Fernando Quintero Paniagua,Rennes,0.939055662,1,16,0.058690978875,0.06094433799999999,1.6
Juan Francisco García García,Levante UD,0.370301945,0,7,0.05290027785714286,-0.370301945,0.7
Juan Francisco Martínez Modesto,Osasuna,0.49186591599999996,0,4,0.12296647899999999,-0.49186591599999996,0.4
Juan Francisco Martínez Modesto,Tenerife,0.192211462,0,4,0.0480528655,-0.192211462,0.4
Juan Francisco Moreno Fuertes,Leganés,0.029371809999999998,0,2,0.014685904999999999,-0.029371809999999998,0.2
Juan Francisco Moreno Fuertes,RC Deportivo La Coruña,0.634391273,1,22,0.028835966954545454,0.365608727,2.2
Juan Francisco Torres Belén,Atlético Madrid,1.512294059,1,11,0.1374812780909091,-0.512294059,1.1
Juan Francisco Torres Belén,Espanyol,0.05079516,0,1,0.05079516,-0.05079516,0.1
Juan Francisco Torres Belén,Osasuna,0.095562056,0,1,0.095562056,-0.095562056,0.1
Juan Guilherme Nunes Jesus,Inter Milan,0.195339814,0,4,0.0488349535,-0.195339814,0.4
Juan Guillermo Cuadrado Bello,Chelsea,0.023504542,0,1,0.023504542,-0.023504542,0.1
Juan Guillermo Cuadrado Bello,Colombia,1.1223095815000002,2,7,0.16032994021428573,0.8776904184999998,0.7
Juan Guillermo Cuadrado Bello,Juventus,2.997603125,4,36,0.08326675347222222,1.002396875,3.6
Juan Gómez González,Real Madrid,0.21834743,0,2,0.109173715,-0.21834743,0.2
Juan Ignacio Gómez Taleb,Hellas Verona,3.365148107,1,36,0.09347633630555556,-2.365148107,3.6
Juan Isaac Cuenca López,Barcelona,1.430940434,2,13,0.11007234107692308,0.569059566,1.3
Juan Isaac Cuenca López,Granada,1.028574986,2,10,0.1028574986,0.971425014,1.0
Juan Isaac Cuenca López,RC Deportivo La Coruña,0.29347005,0,1,0.29347005,-0.29347005,0.1
Juan Jesús Gutiérrez Robles,Almería,0.248921197,0,2,0.1244605985,-0.248921197,0.2
Juan José Expósito Ruíz,Racing Santander,0.018344544,0,1,0.018344544,-0.018344544,0.1
Juan José López,River Plate,0.410659258,0,4,0.1026648145,-0.410659258,0.4
Juan José Meza,Argentina U20,0.060955923,0,1,0.060955923,-0.060955923,0.1
Juan José Óscar Siafá Etoha,Equatorial Guinea,0.018292699,0,1,0.018292699,-0.018292699,0.1
Juan Luis Gómez López,Levante UD,0.033488844,0,1,0.033488844,-0.033488844,0.1
Juan Luis Hens Lorite,Tenerife,0.019989887,0,1,0.019989887,-0.019989887,0.1
Juan Manuel Asensi Ripoll,Barcelona,0.927695744,3,6,0.15461595733333333,2.072304256,0.6
Juan Manuel Gómez Sánchez,Levante UD,0.14729457,0,1,0.14729457,-0.14729457,0.1
Juan Manuel Gómez Sánchez,Recreativo Huelva,0.131564144,0,2,0.065782072,-0.131564144,0.2
Juan Manuel Iturbe Arévalo,AFC Bournemouth,0.04029881,0,1,0.04029881,-0.04029881,0.1
Juan Manuel Iturbe Arévalo,AS Roma,0.716998677,1,9,0.07966651966666666,0.283001323,0.9
Juan Manuel Mata García,Chelsea,0.8288639369999999,0,3,0.27628797899999996,-0.8288639369999999,0.3
Juan Manuel Mata García,Manchester United,7.00234105,6,58,0.12073001810344827,-1.00234105,5.8
Juan Manuel Mata García,Valencia,0.576162105,0,5,0.115232421,-0.576162105,0.5
Juan Manuel Ortiz Palazón,Almería,0.216464435,0,2,0.1082322175,-0.216464435,0.2
Juan Manuel Vargas Risco,Real Betis,0.725848841,2,18,0.04032493561111111,1.274151159,1.8
Juan Martin Mujica,Uruguay,0.13835,0,4,0.0345875,-0.13835,0.4
Juan Miguel Jiménez López,Málaga,0.4620452,1,1,0.4620452,0.5379548000000001,0.1
Juan Miguel Jiménez López,Real Betis,0.4050549,0,2,0.20252745,-0.4050549,0.2
Juan Miguel Jiménez López,Real Sociedad,1.373806186,2,8,0.17172577325,0.6261938140000001,0.8
Juan Miguel Jiménez López,Southampton,0.810757742,0,6,0.13512629033333332,-0.810757742,0.6
Juan Muñoz Muñoz,Sevilla,1.145776503,1,6,0.1909627505,-0.145776503,0.6
Juan Pablo Añor Acosta,Málaga,3.407222401,4,38,0.08966374739473684,0.5927775990000002,3.8
Juan Pablo Vargas Campos,Costa Rica,0.30084497,0,1,0.30084497,-0.30084497,0.1
Juan Pablo Ángel Arango,Aston Villa,0.822269548,0,9,0.09136328311111111,-0.822269548,0.9
Juan Pedro Ramírez López,Girona,0.207926776,0,3,0.06930892533333334,-0.207926776,0.3
Juan Rafael Fuentes Hernández,Espanyol,0.014421267,0,1,0.014421267,-0.014421267,0.1
Juan Román Riquelme,Villarreal,0.088481568,0,2,0.044240784,-0.088481568,0.2
Juan Torres Ruiz,Getafe,1.141561755,1,8,0.142695219375,-0.1415617549999999,0.8
Juan Torres Ruiz,Granada,0.06302212,0,1,0.06302212,-0.06302212,0.1
Juan Torres Ruiz,Sevilla,0.07852898,0,1,0.07852898,-0.07852898,0.1
Juan Valera Espín,Getafe,0.15985908599999998,1,2,0.07992954299999999,0.840140914,0.2
Juan Ángel Albín Leites,Espanyol,0.23944347,0,1,0.23944347,-0.23944347,0.1
Juan Ángel Albín Leites,Getafe,0.751899657,1,8,0.093987457125,0.24810034299999995,0.8
Jubal Rocha Mendes Junior,Auxerre,0.08737232,0,1,0.08737232,-0.08737232,0.1
Jude Bellingham,England,2.068724901,4,12,0.17239374175,1.931275099,1.2
Judith Steinert,SC Freiburg,1.20720607,0,16,0.075450379375,-1.20720607,1.6
Jule Brand,Germany Women's,1.809194675,2,18,0.10051081527777778,0.19080532499999991,1.8
Jule Brand,VfL Wolfsburg WFC,5.603713508,4,44,0.1273571251818182,-1.6037135080000002,4.4
Jules Iloki,Nantes,2.4941421249999998,1,18,0.13856345138888887,-1.4941421249999998,1.8
Jules Koundé,France,1.130428265,1,6,0.18840471083333332,-0.13042826499999993,0.6
Jules Koundé,Sevilla,0.24187608,0,3,0.08062536,-0.24187608,0.3
Jules Olivier Ntcham,Cameroon,0.137431461,0,6,0.022905243500000002,-0.137431461,0.6
Jules Olivier Ntcham,Genoa,0.978665449,0,23,0.04255067169565217,-0.978665449,2.3
Julia Aguado,Real Betis Balompié,4.8550335780000005,4,33,0.14712222963636365,-0.8550335780000005,3.3
Julia Angela Grosso,Canada Women's,0.089928296,0,3,0.02997609866666667,-0.089928296,0.3
Julia Angela Grosso,Juventus W,4.201896932,6,46,0.09134558547826088,1.7981030679999996,4.6
Julia Debitzki,SGS Essen 19/68,0.19686007,0,2,0.098430035,-0.19686007,0.2
Julia Hickelsberger Füller,Austria Women's,0.743591589,0,10,0.0743591589,-0.743591589,1.0
Julia Hickelsberger Füller,Hoffenheim W,1.319971842,1,11,0.11999744018181818,-0.31997184199999995,1.1
Julia Karlenäs,Como W,4.6120537225,6,44,0.10481940278409091,1.3879462775000002,4.4
Julia Landenberger,RB Leipzig W,0.404158237,0,5,0.0808316474,-0.404158237,0.5
Julia Mora Tobías,FC Levante Badalona,0.41544446,1,1,0.41544446,0.58455554,0.1
Julia Nicole Lester,Racing Louisville FC,0.035147693,0,1,0.035147693,-0.035147693,0.1
Julia Simic,West Ham United LFC,1.536201152,2,14,0.10972865371428572,0.46379884799999993,1.4
Julia Stierli,Switzerland Women's,0.07242246699999999,0,2,0.036211233499999995,-0.07242246699999999,0.2
Julia Zigiotti-Olme,Brighton & Hove Albion WFC,0.535218605,0,11,0.04865623681818181,-0.535218605,1.1
Julia Zigiotti-Olme,Sweden Women's,1.167673997,1,6,0.19461233283333335,-0.16767399700000007,0.6
Julian Baumgartlinger,FSV Mainz 05,1.104103557,2,13,0.08493104284615384,0.895896443,1.3
Julian Brandt,Bayer Leverkusen,4.079283208,9,30,0.1359761069333333,4.920716792,3.0
Julian Brandt,Borussia Dortmund,0.111196691,0,2,0.0555983455,-0.111196691,0.2
Julian Brandt,Germany,0.333916346,0,4,0.0834790865,-0.333916346,0.4
Julian Chabot,FC Köln,0.23319172999999999,0,2,0.11659586499999999,-0.23319172999999999,0.2
Julian Draxler,Germany,0.578128371,0,6,0.0963547285,-0.578128371,0.6
Julian Draxler,Paris Saint-Germain,0.16243846,0,2,0.08121923,-0.16243846,0.2
Julian Draxler,Schalke 04,0.641050821,1,10,0.0641050821,0.358949179,1.0
Julian Draxler,Wolfsburg,3.971996736,5,34,0.11682343341176471,1.028003264,3.4
Julian Jeanvier,Auxerre,0.109150305,0,1,0.109150305,-0.109150305,0.1
Julian Jeanvier,Guinea,0.439218428,0,4,0.109804607,-0.439218428,0.4
Julian Korb,Borussia Mönchengladbach,0.603473766,1,5,0.1206947532,0.396526234,0.5
Julian Palmieri,Bastia,1.366174964,2,17,0.0803632331764706,0.633825036,1.7
Julian Ryerson,Borussia Dortmund,0.25773972,1,2,0.12886986,0.74226028,0.2
Julian Schieber,Borussia Dortmund,0.052650813,0,1,0.052650813,-0.052650813,0.1
Julian Schieber,Hertha Berlin,0.073868639,0,2,0.0369343195,-0.073868639,0.2
Julian Weigl,Borussia Dortmund,0.33395432199999997,0,9,0.037106035777777775,-0.33395432199999997,0.9
Juliana Aparecida Paulino Cardozo,SD Eibar,0.641842522,0,9,0.07131583577777778,-0.641842522,0.9
Juliane Wirtz,SV Werder Bremen,3.240386869,1,18,0.18002149272222223,-2.240386869,1.8
Juliano Haus Belletti,Barcelona,0.7427912603,0,13,0.057137789253846154,-0.7427912603,1.3
Julie Aune Jorde,TSV Bayer 04 Leverkusen,0.095144777,1,2,0.0475723885,0.904855223,0.2
Julie Beth Ertz,Angel City,0.904652267,1,8,0.113081533375,0.09534773299999999,0.8
Julie Beth Ertz,Chicago Red Stars,0.797555831,0,3,0.2658519436666667,-0.797555831,0.3
Julie Beth Ertz,United States Women's,2.408908952,1,21,0.1147099500952381,-1.408908952,2.1
Julie Biesmans,Bristol City WFC,0.421223892,0,8,0.0526529865,-0.421223892,0.8
Julie Blakstad,Manchester City WFC,0.089410745,0,1,0.089410745,-0.089410745,0.1
Julie Blakstad,Norway Women's,0.10474848,1,1,0.10474848,0.89525152,0.1
Julie Doyle,Orlando Pride,1.8274257660000002,2,17,0.10749563329411765,0.17257423399999983,1.7
Julie Nelson,Northern Ireland W,0.2409379,1,1,0.2409379,0.7590621,0.1
Julie Piga,AC Milan W,0.8634742009999999,0,13,0.06642109238461538,-0.8634742009999999,1.3
Julie Thibaud,Leicester City WFC,0.602952972,0,5,0.1205905944,-0.602952972,0.5
Julien Bègue,Guingamp,0.344902745,0,2,0.1724513725,-0.344902745,0.2
Julien Cardy,Guingamp,0.636447711,0,5,0.1272895422,-0.636447711,0.5
Julien Escudé,Sevilla,0.073901996,0,1,0.073901996,-0.073901996,0.1
Julien Féret,Caen,0.7018506735,2,9,0.07798340816666666,1.2981493265,0.9
Julien Féret,Stade Malherbe Caen,2.2966830435,2,24,0.09569512681249999,-0.29668304349999985,2.4
Julien Rodriguez,AS Monaco,0.17235142,0,1,0.17235142,-0.17235142,0.1
Julien Romain,Bastia,0.151890242,2,2,0.075945121,1.848109758,0.2
Juliette Kemppi,Bristol City WFC,0.5757451955,1,7,0.08224931364285715,0.42425480449999997,0.7
Juliette Kemppi,WNT Finland,0.060756747,0,1,0.060756747,-0.060756747,0.1
Julio Alberto Moreno Casas,Barcelona,0.027478318,0,2,0.013739159,-0.027478318,0.2
Julio Alberto Temistocles Baylón Aragones,Peru,0.015432963,0,1,0.015432963,-0.015432963,0.1
Julio César Cortés Lagos,Uruguay,0.094672074,0,4,0.0236680185,-0.094672074,0.4
Julio César Enciso Espínola,Paraguay,0.881083673,1,14,0.06293454807142858,0.11891632699999999,1.4
Julio César Morales Araújo,Uruguay,0.47741157,0,1,0.47741157,-0.47741157,0.1
Julio César Toresani,Boca Juniors,0.20392416,1,1,0.20392416,0.79607584,0.1
Julio Jorge Olarticoechea,Argentina,0.059747588,0,1,0.059747588,-0.059747588,0.1
Julio Álvarez Mosquera,Almería,0.117874533,0,2,0.0589372665,-0.117874533,0.2
Julián Andrés Quiñones Quiñones,Mexico,0.789361161,0,8,0.098670145125,-0.789361161,0.8
Julián Malatini,Werder Bremen,0.05154897,0,1,0.05154897,-0.05154897,0.1
Julián de Guzmán,RC Deportivo La Coruña,0.032566308,0,2,0.016283154,-0.032566308,0.2
Julián Álvarez,Argentina,3.952283267,7,21,0.1882039650952381,3.047716733,2.1
Jun Endo,Angel City,2.213620553,3,16,0.1383512845625,0.7863794469999998,1.6
Jun Endo,Japan Women's,0.482021294,1,4,0.1205053235,0.5179787060000001,0.4
Junichi Inamoto,Fulham,0.026289377,0,1,0.026289377,-0.026289377,0.1
Junior Stanislas,AFC Bournemouth,3.845567681,3,46,0.08359929741304348,-0.8455676809999999,4.6
Junya Ito,Japan,0.20924024000000002,0,2,0.10462012000000001,-0.20924024000000002,0.2
Junya Ito,Stade de Reims,0.210585105,0,2,0.1052925525,-0.210585105,0.2
Juraj Kucka,AC Milan,3.74321062,1,51,0.07339628666666667,-2.74321062,5.1
Juraj Kucka,Slovakia,0.734954914,0,13,0.05653499338461539,-0.734954914,1.3
Jure Balkovec,Slovenia,0.74516124,0,1,0.74516124,-0.74516124,0.1
Jurriën David Norman Timber,Netherlands,0.01948011,0,1,0.01948011,-0.01948011,0.1
Jussiê Ferreira Vieira,Bordeaux,0.226709318,0,2,0.113354659,-0.226709318,0.2
Just Louis Fontaine,France,0.768572866,1,6,0.12809547766666665,0.23142713400000003,0.6
Justin Gideon Njinmah,Werder Bremen,0.124486774,0,1,0.124486774,-0.124486774,0.1
Justin Kluivert,OGC Nice,0.105832451,0,2,0.0529162255,-0.105832451,0.2
Justin Meram,Charlotte,0.025049994,0,1,0.025049994,-0.025049994,0.1
Justine Kvaleng Kielland,Norway Women's,0.0461908,0,1,0.0461908,-0.0461908,0.1
Justine Vanhaevermaet,Belgium Women's,1.092117032,2,6,0.18201950533333333,0.907882968,0.6
Justine Vanhaevermaet,Everton LFC,3.589845184,1,13,0.27614193723076924,-2.589845184,1.3
Jutta Rantala,Leicester City WFC,5.33886583,5,54,0.09886788574074074,-0.3388658299999996,5.4
Júlia Bartel Hogado,Barcelona WFC,0.29965112,0,1,0.29965112,-0.29965112,0.1
Jérémie Aliadière,Arsenal,0.828941753,0,7,0.11842025042857142,-0.828941753,0.7
Jérémie Bréchet,Gazélec Ajaccio,0.013305233,0,1,0.013305233,-0.013305233,0.1
Jérémy Bela,Angola,0.073613256,0,1,0.073613256,-0.073613256,0.1
Jérémy Clément,Saint-Étienne,0.025742637,0,1,0.025742637,-0.025742637,0.1
Jérémy Mathieu,Barcelona,2.221596233,3,22,0.10098164695454546,0.7784037669999999,2.2
Jérémy Mathieu,Valencia,0.072776197,0,3,0.024258732333333335,-0.072776197,0.3
Jérémy Morel,Lyon,0.490284165,0,9,0.054476018333333334,-0.490284165,0.9
Jérémy Ménez,AC Milan,1.551209333,2,6,0.25853488883333337,0.4487906669999999,0.6
Jérémy Pied,OGC Nice,1.1941813940000001,0,21,0.05686578066666667,-1.1941813940000001,2.1
Jérémy Sorbon,Guingamp,0.969645359,2,8,0.121205669875,1.030354641,0.8
Jérémy Toulalan,AS Monaco,0.15233561099999998,0,6,0.025389268499999996,-0.15233561099999998,0.6
Jérôme Boateng,Bayern Munich,0.2685180155,0,8,0.0335647519375,-0.2685180155,0.8
Jérôme Boateng,Germany,0.065101802,0,3,0.021700600666666667,-0.065101802,0.3
Jérôme Gondorf,Darmstadt 98,2.0022614340000002,3,22,0.09101188336363637,0.9977385659999998,2.2
Jérôme Le Moigne,Gazélec Ajaccio,0.742191097,0,13,0.05709162284615384,-0.742191097,1.3
Jérôme Roussillon,Montpellier,1.0962185003,3,16,0.06851365626875,1.9037814997,1.6
Jéssica da Silva,Portugal Women's,1.501084174,1,14,0.10722029814285715,-0.501084174,1.4
Jón Daði Böðvarsson,Iceland,0.039093353,0,1,0.039093353,-0.039093353,0.1
Jörg Heinrich,Fiorentina,0.052200012,0,1,0.052200012,-0.052200012,0.1
Júlia Bianchi,Chicago Red Stars,0.625274639,0,15,0.04168497593333333,-0.625274639,1.5
Júlio César Clement Baptista,Real Madrid,0.17123653,0,1,0.17123653,-0.17123653,0.1
Júnior Enrique Díaz Campbell,Darmstadt 98,0.16484986059999998,0,5,0.032969972119999996,-0.16484986059999998,0.5
Júnior Leonardo Moreno Borrero,Cincinnati,0.02103202,0,1,0.02103202,-0.02103202,0.1
Júnior Wakalibille Lago,Mallorca,0.092939034,0,1,0.092939034,-0.092939034,0.1
Jürgen Grabowski,Germany,0.7419327179999999,0,2,0.37096635899999997,-0.7419327179999999,0.2
Jürgen Pommerenke,German DR,0.011810365,0,1,0.011810365,-0.011810365,0.1
Jürgen Sparwasser,German DR,0.388372621,1,4,0.09709315525,0.611627379,0.4
Kaan Ayhan,Turkey,0.42330486300000003,0,6,0.0705508105,-0.42330486300000003,0.6
Kacper Urbanski,Poland,0.122033898,0,2,0.061016949,-0.122033898,0.2
Kadeisha Buchanan,Canada Women's,0.79294104,1,3,0.26431368,0.20705896000000001,0.3
Kadeisha Buchanan,Chelsea FCW,0.33247221000000005,1,2,0.16623610500000002,0.66752779,0.2
Kadidiatou Diani,France Women's,9.495028325,7,51,0.18617702598039215,-2.495028325,5.1
Kaheim Dixon,Jamaica,0.086954326,0,2,0.043477163,-0.086954326,0.2
Kahiser Lenis Navarro,Panama,0.42504330999999995,0,3,0.1416811033333333,-0.42504330999999995,0.3
Kai Havertz,Germany,6.812708061,6,35,0.19464880174285715,-0.8127080610000004,3.5
Kaitlyn Prior Parcell,Duisburg WFC,0.18575271799999998,0,3,0.06191757266666666,-0.18575271799999998,0.3
Kaja Eržen,Fiorentina W,0.225148275,0,9,0.025016475,-0.225148275,0.9
Kaleigh Kurtz,North Carolina Courage,0.719194826,0,10,0.0719194826,-0.719194826,1.0
Kaleigh Riehl,San Diego Wave,0.112771665,0,2,0.0563858325,-0.112771665,0.2
Kalidou Koulibaly,Napoli,0.943081417,0,5,0.1886162834,-0.943081417,0.5
Kalidou Koulibaly,Senegal,1.168545811,2,5,0.2337091622,0.831454189,0.5
Kalifa Coulibaly,Nantes,0.49683384,0,2,0.24841692,-0.49683384,0.2
Kalu Uche,Almería,0.062065599,0,2,0.0310327995,-0.062065599,0.2
Kalu Uche,Levante UD,0.05265438,0,1,0.05265438,-0.05265438,0.1
Kalvin Phillips,England,0.123187836,0,4,0.030796959,-0.123187836,0.4
Kamaldeen Sulemana,Ghana,0.041679703,0,1,0.041679703,-0.041679703,0.1
Kamaldeen Sulemana,Rennes,0.26252308199999996,0,3,0.08750769399999998,-0.26252308199999996,0.3
Kamil Glik,Poland,0.292717436,0,5,0.0585434872,-0.292717436,0.5
Kamil Glik,Torino,1.822618883,0,20,0.09113094415,-1.822618883,2.0
Kamil Grosicki,Poland,0.36864351900000003,0,6,0.061440586500000005,-0.36864351900000003,0.6
Kamil Grosicki,Rennes,4.819841704,9,52,0.09268926353846153,4.180158296,5.2
Kamil Wilczek,Carpi,0.34909962299999997,0,5,0.0698199246,-0.34909962299999997,0.5
Kamila Dubcová,AC Milan W,4.7189943979999995,3,29,0.16272394475862068,-1.7189943979999995,2.9
Kamory Doumbia,Mali,0.584117045,0,9,0.06490189388888888,-0.584117045,0.9
Kang-In Lee,South Korea,0.156986738,0,5,0.0313973476,-0.156986738,0.5
Kanga Gauthier Akalé,Recreativo Huelva,0.24633737,0,1,0.24633737,-0.24633737,0.1
Kanjana Sungngoen,Thailand W,0.203698475,1,4,0.05092461875,0.7963015250000001,0.4
Kaoru Mitoma,Japan,0.8034478300000001,0,2,0.40172391500000004,-0.8034478300000001,0.2
Kara Bathmann,Duisburg WFC,0.72331727,1,8,0.09041465875,0.27668273,0.8
Karabo Dhlamini,South Africa Women's,0.042535909999999996,0,2,0.021267954999999998,-0.042535909999999996,0.2
Karen Araya,Chile Women's,0.134108846,0,6,0.022351474333333333,-0.134108846,0.6
Karen Araya,Madrid CFF,5.728710653,7,73,0.07847548839726028,1.2712893469999997,7.3
Karen Holmgaard,Denmark Women's,0.75731415,0,5,0.15146283,-0.75731415,0.5
Karen Holmgaard,Everton LFC,0.848629174,2,7,0.12123273914285715,1.151370826,0.7
Karen Julia Carney,Chelsea FCW,2.35566934,1,17,0.13856878470588235,-1.35566934,1.7
Karen Julia Carney,England Women's,0.047227443,0,2,0.0236137215,-0.047227443,0.2
Karim Ansarifard,Iran,0.9007652389999999,1,4,0.22519130974999998,0.09923476100000006,0.4
Karim Azamoum,Troyes,1.040276998,2,14,0.07430549985714285,0.959723002,1.4
Karim Bellarabi,Bayer Leverkusen,5.476760279,6,72,0.0760661149861111,0.5232397210000004,7.2
Karim Benzema,France,2.85382239,4,11,0.2594383990909091,1.14617761,1.1
Karim Benzema,Real Madrid,24.734578073,31,157,0.15754508326751593,6.2654219269999984,15.7
Karim El Ahmadi Al Aroos,Morocco,0.014299841,0,1,0.014299841,-0.014299841,0.1
Karim Konaté,Côte d'Ivoire,0.5090025970000001,0,3,0.16966753233333334,-0.5090025970000001,0.3
Karim Laribi,Sassuolo,0.40661590799999997,0,10,0.040661590799999994,-0.40661590799999997,1.0
Karim Onisiwo,Austria,0.08493185,0,1,0.08493185,-0.08493185,0.1
Karim Onisiwo,FSV Mainz 05,1.235778529,1,15,0.08238523526666668,-0.23577852900000007,1.5
Karim Rekik,Olympique de Marseille,0.644161801,1,5,0.1288323602,0.355838199,0.5
Karin Lundin,Fiorentina W,3.226418249,1,25,0.12905672996,-2.226418249,2.5
Karina Sævik,Norway Women's,1.355395749,0,9,0.15059952766666665,-1.355395749,0.9
Karl Allgöwer,VfB Stuttgart,0.173701049,0,5,0.0347402098,-0.173701049,0.5
Karl Brillant Toko Ekambi,Cameroon,1.26013649,1,8,0.15751706125,-0.26013649000000005,0.8
Karl Brillant Toko Ekambi,Lyon,0.266849281,0,5,0.053369856199999996,-0.266849281,0.5
Karl Brillant Toko Ekambi,Rennes,0.401594017,1,4,0.10039850425,0.5984059829999999,0.4
Karl Brillant Toko Ekambi,Villarreal,0.230879217,1,4,0.05771980425,0.769120783,0.4
Karl-Heinz Rummenigge,Germany,0.85684815,1,2,0.428424075,0.14315184999999997,0.2
Karol Dobiaš,Czechoslovakia,0.120493578,0,4,0.0301233945,-0.120493578,0.4
Karol Jokl,Czechoslovakia,0.137660588,0,6,0.022943431333333333,-0.137660588,0.6
Karol Linetty,Poland,0.49697491,1,3,0.16565830333333334,0.50302509,0.3
Karol Świderski,Charlotte,0.28659804,0,2,0.14329902,-0.28659804,0.2
Karol Świderski,Poland,0.760742859,0,7,0.1086775512857143,-0.760742859,0.7
Karólína Lea Vilhjálmsdóttir,Iceland Women's,0.53194995,1,9,0.05910555,0.46805005,0.9
Karólína Lea Vilhjálmsdóttir,TSV Bayer 04 Leverkusen,3.318240506,5,32,0.1036950158125,1.681759494,3.2
Kasey Palmer,Jamaica,0.061255488999999996,0,2,0.030627744499999998,-0.061255488999999996,0.2
Kasper Dolberg,Denmark,2.024078943,3,11,0.18400717663636365,0.9759210569999999,1.1
Kasper Dolberg,OGC Nice,0.585040389,0,3,0.195013463,-0.585040389,0.3
Kassandra Ndoutou Eboa Missipo,Sassuolo W,1.147347142,1,17,0.06749100835294118,-0.1473471420000001,1.7
Katarzyna Białoszewska,CD Sporting de Huelva,0.053486988,0,1,0.053486988,-0.053486988,0.1
Katarzyna Konat,CD Sporting de Huelva,0.274601319,1,5,0.0549202638,0.7253986809999999,0.5
Kate Del Fava,KC Current,1.133952692,0,9,0.12599474355555557,-1.133952692,0.9
Kate Longhurst,West Ham United LFC,4.124491132,2,31,0.13304810103225806,-2.124491132,3.1
Kate Natkiel,Brighton & Hove Albion WFC,1.067453023,0,19,0.056181738052631575,-1.067453023,1.9
Katerina Svitková,West Ham United LFC,1.378548009,3,13,0.10604215453846154,1.621451991,1.3
Katharina Baunach,West Ham United LFC,0.704698321,3,8,0.088087290125,2.295301679,0.8
Katharina Naschenweng,Austria Women's,0.342819267,1,4,0.08570481675,0.657180733,0.4
Katharina Naschenweng,Bayern München W,0.992721769,3,10,0.0992721769,2.007278231,1.0
Katharina Piljić,SGS Essen 19/68,0.5574622340000001,0,12,0.04645518616666667,-0.5574622340000001,1.2
Katharina Schiechtl,Austria Women's,0.367556517,1,2,0.1837782585,0.632443483,0.2
Kathellen Sousa Feitoza,Brazil Women's,0.21380227,0,2,0.106901135,-0.21380227,0.2
Kathellen Sousa Feitoza,Real Madrid CF W,1.195232109,1,7,0.17074744414285714,-0.195232109,0.7
Katherine Lineth Castillo Macías,Panama Women's,0.022263428,0,1,0.022263428,-0.022263428,0.1
Katherine Nicole Stengel,NJ/NY Gotham FC,1.170093768,3,7,0.16715625257142858,1.829906232,0.7
Katherine Reynolds,Portland Thorns,0.263355298,1,2,0.131677649,0.736644702,0.2
Kathleen Naughton,Houston Dash,0.12886164,0,2,0.06443082,-0.12886164,0.2
Kathrin Julia Hendrich,Germany Women's,0.4996521,0,2,0.24982605,-0.4996521,0.2
Kathrin Julia Hendrich,VfL Wolfsburg WFC,0.081316429,0,4,0.02032910725,-0.081316429,0.4
Kathrine Møller Kühl,Denmark Women's,0.544067,0,6,0.09067783333333333,-0.544067,0.6
Kathrine Møller Kühl,Everton LFC,0.442223483,0,6,0.07370391383333333,-0.442223483,0.6
Katie Bowen,FC Internazionale Milano W,0.797200386,0,7,0.11388576942857143,-0.797200386,0.7
Katie Bowen,New Zealand Women's,0.2267257,0,3,0.07557523333333334,-0.2267257,0.3
Katie Bowen,Utah Royals,0.140223775,0,5,0.028044754999999998,-0.140223775,0.5
Katie McCabe,Arsenal WFC,8.901259364,12,104,0.08558903234615384,3.0987406360000005,10.4
Katie McCabe,Republic of Ireland Women's,0.822908702,1,6,0.13715145033333334,0.177091298,0.6
Katie Robinson,Brighton & Hove Albion WFC,1.447644664,3,13,0.11135728184615384,1.552355336,1.3
Katie Robinson,Bristol City WFC,0.5342316549999999,0,4,0.13355791374999998,-0.5342316549999999,0.4
Katie Rood,Bristol City WFC,0.10950595,1,1,0.10950595,0.89049405,0.1
Katie Stengel,Utah Royals,1.878553277,4,14,0.13418237692857143,2.121446723,1.4
Katie Zelem,Manchester United,4.396867896,5,34,0.12931964399999998,0.6031321040000002,3.4
Katie Zelem,Manchester United W,3.859490431,3,38,0.10156553765789474,-0.8594904310000002,3.8
Katja Snoeijs,Everton LFC,3.474458324,3,25,0.13897833296,-0.474458324,2.5
Katja Snoeijs,Netherlands Women's,0.23616864999999998,1,2,0.11808432499999999,0.76383135,0.2
Katla Tryggvadóttir,Iceland Women's,0.239476375,0,3,0.07982545833333334,-0.239476375,0.3
Katlyn Alicia Johnson Carreón,Angel City,3.216432018,3,17,0.1892018834117647,-0.2164320179999999,1.7
Katlyn Alicia Johnson Carreón,NJ/NY Gotham FC,0.347825793,0,2,0.1739128965,-0.347825793,0.2
Katrina Gorry,Australia Women's,1.26841129,1,13,0.09757009923076923,-0.26841128999999997,1.3
Katrina Gorry,Utah Royals,0.477107597,0,8,0.059638449625,-0.477107597,0.8
Katrina Gorry,West Ham United LFC,0.5502552589999999,0,9,0.06113947322222221,-0.5502552589999999,0.9
Katrina Jacqueline Rivera Guillou,Philippines Women's,0.143340288,0,3,0.047780096,-0.143340288,0.3
Katrine Veje,Arsenal WFC,0.277648712,0,5,0.055529742400000005,-0.277648712,0.5
Katrine Veje,Denmark Women's,0.149387463,0,4,0.03734686575,-0.149387463,0.4
Katrine Veje,Everton LFC,0.076335078,0,3,0.025445026,-0.076335078,0.3
Kayla Fischer,Racing Louisville FC,1.064519298,0,16,0.066532456125,-1.064519298,1.6
Kayla Joan Zophia Adamek,Poland Women's,0.030234342,0,1,0.030234342,-0.030234342,0.1
Kayla McCoy,Jamaica Women's,0.09566819,0,1,0.09566819,-0.09566819,0.1
Kayla McCoy,Villarreal,6.056696038,11,39,0.1552998984102564,4.943303962,3.9
Kayla Sharples,Chicago Red Stars,0.6097650729999999,1,5,0.12195301459999999,0.39023492700000006,0.5
Kayleigh Anne Marie Barton,Wales W,0.09506438,0,1,0.09506438,-0.09506438,0.1
Kayleigh Green,Brighton & Hove Albion WFC,7.5366152115,4,66,0.11419113956818182,-3.5366152115,6.6
Kazuki Nagasawa,FC Köln,0.20389047,0,1,0.20389047,-0.20389047,0.1
Kealia Ohai,Houston Dash,1.6756153870000001,2,8,0.20945192337500002,0.3243846129999999,0.8
Keanu Baccus,Australia,0.048584398,0,1,0.048584398,-0.048584398,0.1
Keira Walsh,Barcelona WFC,0.9865068189999999,1,12,0.08220890158333333,0.013493181000000076,1.2
Keira Walsh,England Women's,0.6576423459999999,1,15,0.04384282306666666,0.34235765400000007,1.5
Keira Walsh,Manchester City WFC,1.165458216,5,30,0.0388486072,3.834541784,3.0
Keisham Reagan Singh,Chennaiyin,0.135658598,0,6,0.022609766333333333,-0.135658598,0.6
Keisuke Honda,AC Milan,3.968742581,1,48,0.08268213710416666,-2.968742581,4.8
Keisuke Honda,Japan,0.911820093,1,4,0.22795502325,0.088179907,0.4
Keita Baldé Diao,Lazio,5.507061053,4,63,0.08741366750793651,-1.5070610530000002,6.3
Keita Baldé Diao,Senegal,0.0716196,0,1,0.0716196,-0.0716196,0.1
Kelechi Promise Iheanacho,Manchester City,3.8087565239999996,8,29,0.13133643186206895,4.191243476,2.9
Kelechi Promise Iheanacho,Nigeria,1.138265922,1,7,0.16260941742857143,-0.13826592199999999,0.7
Kelley Maureen O'Hara,NJ/NY Gotham FC,0.9294281520000001,0,10,0.0929428152,-0.9294281520000001,1.0
Kelley Maureen O'Hara,United States Women's,0.76046705,0,1,0.76046705,-0.76046705,0.1
Kelley Maureen O'Hara,Utah Royals,0.37203782,1,3,0.12401260666666668,0.6279621799999999,0.3
Kelli Hubly,Portland Thorns,1.237685363,1,10,0.1237685363,-0.23768536299999998,1.0
Kelsey Turnbow,San Diego Wave,0.40444446,0,2,0.20222223,-0.40444446,0.2
Kenan Karaman,Hannover 96,4.285661863,3,44,0.09740140597727272,-1.2856618629999996,4.4
Kenan Karaman,Turkey,0.40199373,0,2,0.200996865,-0.40199373,0.2
Kenan Kodro,Real Valladolid,0.03199863,0,1,0.03199863,-0.03199863,0.1
Kenan Yildiz,Turkey,1.026209477,0,11,0.09329177063636364,-1.026209477,1.1
Kendall Jamaal Waston Manley,Costa Rica,0.30847161,1,2,0.154235805,0.69152839,0.2
Kennedy Amutenya,Namibia,0.442424939,0,6,0.07373748983333334,-0.442424939,0.6
Kennedy Bakircioglu,Racing Santander,0.084840365,0,3,0.028280121666666668,-0.084840365,0.3
Kennedy Musonda,Zambia,0.116451284,0,2,0.058225642,-0.116451284,0.2
Kenneth Josiah Omeruo,Nigeria,0.7795895829999999,1,2,0.38979479149999996,0.22041041700000008,0.2
Kenneth McLean,Scotland,0.015536731,0,1,0.015536731,-0.015536731,0.1
Kenny Miller,Wolverhampton Wanderers,0.09440127599999999,0,3,0.031467091999999995,-0.09440127599999999,0.3
Kenny Rocha Santos,Cape Verde Islands,0.284690137,0,4,0.07117253425,-0.284690137,0.4
Kenny Sansom,England,0.035078548,0,1,0.035078548,-0.035078548,0.1
Kenti Robles Salas,Real Madrid CF W,0.110301842,0,5,0.0220603684,-0.110301842,0.5
Kenza Dali,Aston Villa W,1.835640865,1,27,0.0679866987037037,-0.835640865,2.7
Kenza Dali,France Women's,1.439642702,1,13,0.1107417463076923,-0.439642702,1.3
Kenza Dali,West Ham United LFC,5.822287412,5,53,0.1098544794716981,-0.8222874119999997,5.3
Kerlly Lizeth Real Carranza,Valencia CF,0.30192107900000004,0,8,0.037740134875000005,-0.30192107900000004,0.8
Kerolin Nicoli Israel Ferraz,Brazil Women's,0.548928745,0,7,0.07841839214285715,-0.548928745,0.7
Kerolin Nicoli Israel Ferraz,North Carolina Courage,8.231627706,10,61,0.13494471649180326,1.7683722940000006,6.1
Kerry Abello,Orlando Pride,2.427128665,1,28,0.08668316660714286,-1.4271286650000001,2.8
Kerstin Bogenschütz,Nürnberg W,0.013104629,0,1,0.013104629,-0.013104629,0.1
Kerstin Yasmijn Casparij,Manchester City WFC,0.26706448,0,3,0.08902149333333333,-0.26706448,0.3
Kerstin Yasmijn Casparij,Netherlands Women's,0.052683275,0,1,0.052683275,-0.052683275,0.1
Kerwin Calderón Vargas,Charlotte,0.355673257,1,3,0.11855775233333334,0.6443267429999999,0.3
Kerys Harrop,Birmingham City WFC,3.0725207,3,17,0.1807365117647059,-0.0725207000000001,1.7
Kerys Harrop,Tottenham Hotspur Women,0.39186473299999997,1,5,0.07837294659999999,0.608135267,0.5
Kethna Louis,Haiti Women's,0.06625126,0,1,0.06625126,-0.06625126,0.1
Kevin Csoboth,Hungary,0.40414282,1,2,0.20207141,0.59585718,0.2
Kevin Cyril Davies,Bolton Wanderers,0.886311804,0,7,0.126615972,-0.886311804,0.7
Kevin Danso,Austria,0.064242885,0,1,0.064242885,-0.064242885,0.1
Kevin Danso,Lens,0.09616816,0,2,0.04808408,-0.09616816,0.2
Kevin De Bruyne,Belgium,2.21577916,3,35,0.063307976,0.7842208400000001,3.5
Kevin De Bruyne,Manchester City,4.075734622,7,48,0.08491113795833333,2.9242653780000003,4.8
Kevin De Bruyne,Wolfsburg,0.411304216,0,4,0.102826054,-0.411304216,0.4
Kevin Duvan Castaño Gil,Colombia,0.21329583000000002,0,2,0.10664791500000001,-0.21329583000000002,0.2
Kevin Gameiro,Atlético Madrid,0.025295358,0,1,0.025295358,-0.025295358,0.1
Kevin Gameiro,Sevilla,17.670090009,17,76,0.23250118432894737,-0.670090008999999,7.6
Kevin Gameiro,Strasbourg,1.339696287,2,6,0.2232827145,0.660303713,0.6
Kevin Gameiro,Valencia,0.628722337,1,4,0.15718058425,0.371277663,0.4
Kevin Großkreutz,Borussia Dortmund,0.017346948,0,1,0.017346948,-0.017346948,0.1
Kevin Großkreutz,VfB Stuttgart,0.662281083,0,6,0.1103801805,-0.662281083,0.6
Kevin José Rodríguez Cortez,Ecuador,0.48732785700000003,1,6,0.0812213095,0.512672143,0.6
Kevin Kampl,Bayer Leverkusen,1.966879872,3,27,0.07284740266666667,1.033120128,2.7
Kevin Kuranyi,Hoffenheim,1.9887487035,0,10,0.19887487035,-1.9887487035,1.0
Kevin Lasagna,Carpi,3.8151226979999997,5,42,0.0908362547142857,1.1848773020000003,4.2
Kevin Lenini Gonçalves Pereira de Pina,Cape Verde Islands,0.195624675,1,5,0.039124935,0.804375325,0.5
Kevin Linford Stewart,Liverpool,0.22355884,0,5,0.044711768,-0.22355884,0.5
Kevin Martín García Martínez,Mallorca,0.034301218,0,1,0.034301218,-0.034301218,0.1
Kevin Mbabu,Newcastle United,0.017870493,0,1,0.017870493,-0.017870493,0.1
Kevin Mbabu,Switzerland,0.186002826,0,2,0.093001413,-0.186002826,0.2
Kevin Mirallas,Everton,3.715411018,4,41,0.09061978092682928,0.2845889819999998,4.1
Kevin Nisbet,Scotland,0.11267849499999999,0,2,0.056339247499999995,-0.11267849499999999,0.2
Kevin Nolan,Bolton Wanderers,0.29846914,0,4,0.074617285,-0.29846914,0.4
Kevin Paredes,Wolfsburg,0.126394111,0,2,0.0631970555,-0.126394111,0.2
Kevin Phillips,Southampton,0.207155075,0,3,0.06905169166666666,-0.207155075,0.3
Kevin Strootman,AS Roma,0.22115461,0,2,0.110577305,-0.22115461,0.2
Kevin Stöger,Bochum,0.033180054,0,1,0.033180054,-0.033180054,0.1
Kevin Toner,Aston Villa,0.077300381,0,2,0.0386501905,-0.077300381,0.2
Kevin Vogt,FC Köln,0.495071394,0,8,0.06188392425,-0.495071394,0.8
Kevin Volland,AS Monaco,0.10590744,1,1,0.10590744,0.89409256,0.1
Kevin Volland,Hoffenheim,7.868162488,8,63,0.12489146806349206,0.1318375119999997,6.3
Kevin Wimmer,Tottenham Hotspur,0.26521683,0,1,0.26521683,-0.26521683,0.1
Kevin-Prince Boateng,AC Milan,0.437295861,1,6,0.0728826435,0.562704139,0.6
Kevin-Prince Boateng,Barcelona,0.052155784999999996,0,2,0.026077892499999998,-0.052155784999999996,0.2
Kevin-Prince Boateng,Las Palmas,0.516357108,0,6,0.086059518,-0.516357108,0.6
Keysher Fuller Spence,Costa Rica,0.25621959,1,3,0.08540653,0.7437804100000001,0.3
Khadija Monifa Shaw,Jamaica Women's,0.949470259,0,19,0.04997211889473684,-0.949470259,1.9
Khadija Monifa Shaw,Manchester City WFC,12.476491497,21,80,0.1559561437125,8.523508503,8.0
Khadim Diaw,Mauritania,0.017843056,0,1,0.017843056,-0.017843056,0.1
Khalid Boutaïb,Gazélec Ajaccio,5.1808348330000005,5,52,0.09963143909615385,-0.18083483300000047,5.2
Khalid Boutaïb,Morocco,0.5330303049999999,1,4,0.13325757624999998,0.4669696950000001,0.4
Khangembam Bidyashagar Singh,Bengaluru,0.10056185000000001,0,2,0.050280925000000004,-0.10056185000000001,0.2
Khassa Camara,Hyderabad,0.817808987,1,2,0.4089044935,0.18219101299999996,0.2
Khassa Camara,NorthEast United,0.500066582,1,12,0.041672215166666665,0.499933418,1.2
Kholosa Biyana,South Africa Women's,0.210238578,0,7,0.03003408257142857,-0.210238578,0.7
Khouma El Hadji Babacar,Fiorentina,5.069085271,5,30,0.16896950903333333,-0.06908527099999962,3.0
Khuliso Johnson Mudau,South Africa,0.36275208000000003,0,2,0.18137604000000002,-0.36275208000000003,0.2
Khumanthem Ninthoinganba Meetei,Chennaiyin,0.444542533,1,8,0.055567816625,0.555457467,0.8
Khvicha Kvaratskhelia,Georgia,0.66800031,1,6,0.111333385,0.33199968999999996,0.6
Khéphren Thuram-Ulien,OGC Nice,0.246280705,0,3,0.08209356833333332,-0.246280705,0.3
Kialonda Gaspar,Angola,0.120078522,0,2,0.060039261,-0.120078522,0.2
Kiara Shaelene Pickett,North Carolina Courage,0.029185323,0,1,0.029185323,-0.029185323,0.1
Kieffer Roberto Francisco Moore,Wales,1.41641954,1,12,0.11803496166666666,-0.4164195399999999,1.2
Kiera Skeels,Bristol City WFC,0.231560468,0,3,0.07718682266666667,-0.231560468,0.3
Kieran Gibbs,Arsenal,0.77160359,1,5,0.154320718,0.22839641,0.5
Kieran Richardson,Aston Villa,0.241019447,0,7,0.03443134957142857,-0.241019447,0.7
Kieran Tierney,Scotland,0.011043501,0,1,0.011043501,-0.011043501,0.1
Kieran Trippier,Atlético Madrid,0.0274109,0,1,0.0274109,-0.0274109,0.1
Kieran Trippier,England,1.176267635,2,7,0.16803823357142858,0.8237323649999999,0.7
Kieran Trippier,Tottenham Hotspur,0.636211634,1,2,0.318105817,0.363788366,0.2
Kiersten Dallstream,OL Reign,0.37587617500000003,0,2,0.18793808750000002,-0.37587617500000003,0.2
Kika van Es,Everton LFC,0.023240762,0,1,0.023240762,-0.023240762,0.1
Kiko Seike,Japan Women's,0.277766266,0,3,0.09258875533333333,-0.277766266,0.3
Kiliann Sildillia,Freiburg,0.11130098299999999,0,2,0.055650491499999996,-0.11130098299999999,0.2
Kim Little,Arsenal WFC,16.973231915,19,75,0.22630975886666665,2.0267680850000005,7.5
Kim Little,Scotland W,0.48988155,1,1,0.48988155,0.51011845,0.1
Kings Kangwa,Zambia,0.27495737200000003,1,3,0.09165245733333334,0.725042628,0.3
Kingsley Coman,Bayern Munich,3.583121465,4,36,0.09953115180555555,0.41687853499999994,3.6
Kingsley Coman,France,1.243015746,0,6,0.207169291,-1.243015746,0.6
Kingsley Coman,Juventus,0.33191233,0,3,0.11063744333333332,-0.33191233,0.3
Kirsten Davis,Racing Louisville FC,5.3698193739999995,4,38,0.14131103615789473,-1.3698193739999995,3.8
Kirsty Barton,Brighton & Hove Albion WFC,0.1987449735,0,7,0.02839213907142857,-0.1987449735,0.7
Kirsty Hanson,Aston Villa W,2.224120639,0,22,0.10109639268181819,-2.224120639,2.2
Kirsty Hanson,Manchester United,3.791393275,4,21,0.1805425369047619,0.2086067250000001,2.1
Kirsty Hanson,Manchester United W,3.0599956550000003,4,24,0.12749981895833334,0.9400043449999997,2.4
Kirsty Linnett,Liverpool WFC,2.493360046,1,27,0.09234666837037037,-1.4933600459999998,2.7
Kirsty McGuinness,Northern Ireland W,0.035432457,0,2,0.0177162285,-0.035432457,0.2
Kirsty Smith,Manchester United,0.023137618,0,1,0.023137618,-0.023137618,0.1
Kirsty Smith,Manchester United W,0.085900254,0,2,0.042950127,-0.085900254,0.2
Kirsty Smith,West Ham United LFC,1.692923978,1,11,0.15390217981818183,-0.692923978,1.1
Kirstyn Pearce,Reading WFC,0.928618939,1,7,0.13265984842857143,0.07138106099999997,0.7
Kit Graham,Tottenham Hotspur Women,5.4449465815,4,80,0.06806183226875,-1.4449465815,8.0
Kiyan Nassiri Giri,ATK Mohun Bagan,0.49274336,0,3,0.16424778666666667,-0.49274336,0.3
Kiyan Nassiri Giri,Mohun Bagan Super Giant,0.488711752,3,5,0.0977423504,2.511288248,0.5
Klaas-Jan Huntelaar,Schalke 04,12.508218005,12,73,0.17134545212328767,-0.5082180049999998,7.3
Klara Bühl,Bayern München W,4.713287738,4,38,0.12403388784210527,-0.713287738,3.8
Klara Bühl,Germany Women's,4.725258312,3,49,0.09643384310204083,-1.7252583120000002,4.9
Klara Melissa Kössler,Hoffenheim W,2.977880778,5,22,0.13535821718181817,2.022119222,2.2
Klaudia Jedlińska,Poland Women's,0.01674449,0,1,0.01674449,-0.01674449,0.1
Klaudia Słowińska,Poland Women's,0.046971373,0,1,0.046971373,-0.046971373,0.1
Klaus Augenthaler,Bayern Munich,0.054842302,0,2,0.027421151,-0.054842302,0.2
Klaus Gjasula,Albania,0.32179009399999997,1,2,0.16089504699999999,0.678209906,0.2
Klára Cahynová,Sevilla FC,1.390343656,2,16,0.0868964785,0.609656344,1.6
Kléper Laveran Lima Ferreira,Portugal,0.73875437,2,8,0.09234429625,1.26124563,0.8
Kléper Laveran Lima Ferreira,Real Madrid,2.1004127425,2,19,0.11054803907894738,-0.1004127425000001,1.9
Ko Itakura,Borussia Mönchengladbach,0.076794125,0,1,0.076794125,-0.076794125,0.1
Ko Itakura,Japan,0.20114147,0,3,0.06704715666666666,-0.20114147,0.3
Kobbie Mainoo,England,0.287847165,0,5,0.057569433,-0.287847165,0.5
Kolbeinn Sigþórsson,Nantes,3.37467482,3,34,0.09925514176470589,-0.3746748200000001,3.4
Kolo Habib Touré,Arsenal,2.7201442179999997,1,16,0.17000901362499998,-1.7201442179999997,1.6
Kolo Habib Touré,Liverpool,0.246111849,1,4,0.06152796225,0.753888151,0.4
Komal Thatal,Jamshedpur,0.888168152,1,10,0.0888168152,0.11183184800000001,1.0
Komnen Andrić,Clermont Foot,0.096866329,0,2,0.0484331645,-0.096866329,0.2
Konrad De La Fuente,Olympique de Marseille,0.29389378,0,1,0.29389378,-0.29389378,0.1
Konrad Laimer,Austria,0.47742329299999997,0,4,0.11935582324999999,-0.47742329299999997,0.4
Konrad Laimer,Bayern Munich,0.135068565,0,2,0.0675342825,-0.135068565,0.2
Konsham Chinglensana Singh,Hyderabad,1.1385447,1,4,0.284636175,-0.13854469999999997,0.4
Konstantin Engel,Ingolstadt,0.020904686,0,2,0.010452343,-0.020904686,0.2
Konstantin Rausch,Darmstadt 98,3.504336505,2,39,0.08985478217948718,-1.504336505,3.9
Konstantinos Eleftherakis,Panathinaikos,0.040238312,0,2,0.020119156,-0.040238312,0.2
Konstantinos Manolas,AS Roma,1.1557775399999999,2,17,0.06798691411764705,0.8442224600000001,1.7
Konstantinos Stafylidis,Augsburg,0.365201935,1,10,0.0365201935,0.634798065,1.0
Korina Lara Janež,RB Leipzig W,0.093561589,0,4,0.02339039725,-0.093561589,0.4
Kosovare Asllani,AC Milan W,5.2589255475,6,34,0.1546742808088235,0.7410744525000004,3.4
Kosovare Asllani,Sweden Women's,5.399998804,7,38,0.14210523168421052,1.600001196,3.8
Kouadio Emmanuel Koné,Borussia Mönchengladbach,0.019301645,0,1,0.019301645,-0.019301645,0.1
Kristen Edmonds,NJ/NY Gotham FC,0.198627542,0,3,0.06620918066666666,-0.198627542,0.3
Kristen Edmonds,Orlando Pride,0.32183648,1,2,0.16091824,0.67816352,0.2
Kristen Hamilton,KC Current,2.864611074,2,18,0.15914505966666667,-0.8646110739999999,1.8
Kristen Hamilton,North Carolina Courage,2.766914838,1,18,0.15371749099999998,-1.766914838,1.8
Kristen McNabb,San Diego Wave,0.573581345,1,7,0.08194019214285715,0.426418655,0.7
Kristie Mewis,NJ/NY Gotham FC,1.600049949,0,24,0.066668747875,-1.600049949,2.4
Kristie Mewis,United States Women's,0.74516124,1,1,0.74516124,0.25483876000000005,0.1
Kristie Mewis,West Ham United LFC,0.134292793,0,3,0.04476426433333333,-0.134292793,0.3
Kristin Demann,VfL Wolfsburg WFC,0.062994451,0,2,0.0314972255,-0.062994451,0.2
Kristin Kögel,TSV Bayer 04 Leverkusen,2.373338508,5,38,0.06245627652631578,2.626661492,3.8
Kristine Leine,Reading WFC,2.018341914,1,7,0.28833455914285716,-1.018341914,0.7
Kristine Minde,Norway Women's,0.058911372,0,1,0.058911372,-0.058911372,0.1
Kristjan Asllani,Albania,0.446670492,0,8,0.0558338115,-0.446670492,0.8
Kristoffer Olsson,Sweden,0.05695515,0,1,0.05695515,-0.05695515,0.1
Krisztián Vadócz,Osasuna,0.28635787,0,2,0.143178935,-0.28635787,0.2
Krystian Bielik,Poland,0.14775328199999999,0,2,0.07387664099999999,-0.14775328199999999,0.2
Krzysztof Piątek,Poland,0.539613346,1,3,0.17987111533333333,0.460386654,0.3
Krépin Diatta,Senegal,0.350304359,0,5,0.07006087180000001,-0.350304359,0.5
Kumi Yokoyama,Japan Women's,0.158603658,0,5,0.0317207316,-0.158603658,0.5
Kurt Happy Zouma,Chelsea,1.516652805,1,16,0.0947908003125,-0.5166528050000001,1.6
Kwadwo Asamoah,Juventus,1.087039203,0,10,0.1087039203,-1.087039203,1.0
Kwadwo Duah,Switzerland,0.5242684830000001,1,4,0.13106712075000002,0.47573151699999994,0.4
Kyah Pam Simon,Houston Dash,0.8302370609999999,0,9,0.09224856233333333,-0.8302370609999999,0.9
Kyle Bartley,Swansea City,0.097680763,0,2,0.0488403815,-0.097680763,0.2
Kyle Naughton,Swansea City,0.342489112,0,9,0.038054345777777776,-0.342489112,0.9
Kyle Walker,Tottenham Hotspur,0.964171772,1,20,0.048208588600000005,0.03582822799999996,2.0
Kylian Mbappé Lottin,AS Monaco,0.348146931,1,5,0.0696293862,0.651853069,0.5
Kylian Mbappé Lottin,France,13.081629425000001,14,79,0.16559024588607596,0.9183705749999991,7.9
Kylian Mbappé Lottin,Paris Saint-Germain,33.7637516245,49,222,0.15208897128153154,15.236248375499997,22.2
Kylie Strom,Orlando Pride,1.56254425,1,8,0.19531803125,-0.56254425,0.8
Kyra Carusa,Republic of Ireland Women's,1.535455948,0,7,0.21935084971428573,-1.535455948,0.7
Kyra Carusa,San Diego Wave,1.3266794130000001,2,10,0.1326679413,0.6733205869999999,1.0
Kyra Lillee Cooney-Cross,Arsenal WFC,0.14157039300000002,0,4,0.035392598250000004,-0.14157039300000002,0.4
Kyra Lillee Cooney-Cross,Australia Women's,0.17443888400000002,0,5,0.034887776800000006,-0.17443888400000002,0.5
Kyra Spitzner,RB Leipzig W,0.16931441,0,1,0.16931441,-0.16931441,0.1
Kyriakos Papadopoulos,Bayer Leverkusen,1.6778096370000002,0,12,0.13981746975,-1.6778096370000002,1.2
Kyung-Won Kwon,South Korea,0.015519492,0,1,0.015519492,-0.015519492,0.1
Kévin Bérigaud,Montpellier,2.993056258,3,22,0.13604801172727274,0.0069437419999998085,2.2
Kévin Daniel Van Den Kerkhof,Algeria,0.210586556,0,2,0.105293278,-0.210586556,0.2
Kévin Malcuit,Saint-Étienne,0.056889809,0,2,0.0284449045,-0.056889809,0.2
Kévin Mayi,Gazélec Ajaccio,2.085165215,3,30,0.06950550716666666,0.914834785,3.0
Kévin Monnet-Paquet,Saint-Étienne,4.230723682,2,44,0.09615281095454545,-2.230723682,4.4
Kévin Soni,Bordeaux,0.014478167,0,1,0.014478167,-0.014478167,0.1
Kévin Théophile-Catherine,Saint-Étienne,0.580423346,1,7,0.08291762085714285,0.419576654,0.7
Lacina Traoré,AS Monaco,3.70621329,3,18,0.20590073833333333,-0.70621329,1.8
Ladislav Krejčí,Czech Republic,0.25268849699999996,0,5,0.05053769939999999,-0.25268849699999996,0.5
Ladislav Kuna,Czechoslovakia,0.56178597,0,4,0.1404464925,-0.56178597,0.4
Ladislav Petráš,Czechoslovakia,0.55213964,1,3,0.18404654666666667,0.44786035999999996,0.3
Laia Aleixandri López,Manchester City WFC,1.376385475,1,14,0.0983132482142857,-0.37638547499999997,1.4
Laia Aleixandri López,Spain Women's,0.18044895,0,3,0.06014965,-0.18044895,0.3
Laia Balleste,CD Sporting de Huelva,1.9372655735,3,21,0.09225074159523809,1.0627344265,2.1
Laia Codina Panedas,Arsenal WFC,0.330992974,0,3,0.11033099133333334,-0.330992974,0.3
Laia Codina Panedas,Spain Women's,0.64576857,1,3,0.21525619,0.35423143,0.3
Lajos Satmareanu,Romania,0.011708437,0,1,0.011708437,-0.011708437,0.1
Laldanmawia Ralte,NorthEast United,3.543098623,4,10,0.3543098623,0.4569013769999999,1.0
Laldinliana Renthlei,Jamshedpur,0.2818961185,0,7,0.040270874071428577,-0.2818961185,0.7
Lalengmawia Ralte,Mumbai City,0.520880606,0,14,0.03720575757142857,-0.520880606,1.4
Lalhmangaihsanga Ralte,Goa,0.070183233,0,2,0.0350916165,-0.070183233,0.2
Lalhrezuala Sailung,Odisha,0.011469185,0,1,0.011469185,-0.011469185,0.1
Lalkhawpuimawia Lalkhawpuimawia,NorthEast United,1.985820572,0,16,0.12411378575,-1.985820572,1.6
Lallianzuala Chhangte,Chennaiyin,1.437994172,1,16,0.08987463575,-0.437994172,1.6
Lallianzuala Chhangte,Mumbai City,0.588615019,0,10,0.0588615019,-0.588615019,1.0
Lalrinliana Hnamte,East Bengal,1.227997509,1,14,0.08771410778571428,-0.22799750899999993,1.4
Lalruatthara Lalruatthara,Odisha,0.044677299000000004,0,2,0.022338649500000002,-0.044677299000000004,0.2
Lalthathanga Khawlhring,Kerala Blasters,0.651536019,0,16,0.0407210011875,-0.651536019,1.6
Lameck Banda,Zambia,0.140168689,0,5,0.028033737800000003,-0.140168689,0.5
Lamine Camara,Senegal,0.132118356,2,3,0.044039452,1.8678816440000001,0.3
Lamine Koné,Lorient,0.972372554,0,11,0.08839750490909092,-0.972372554,1.1
Lamine Koné,Sunderland,1.6224955699999999,2,10,0.162249557,0.3775044300000001,1.0
Lamine Sakho,Leeds United,0.150477704,0,2,0.075238852,-0.150477704,0.2
Lamine Yamal Nasraoui Ebana,Spain,1.518998098,1,18,0.08438878322222222,-0.518998098,1.8
Lana Clelland,Sassuolo W,7.2641516515,9,62,0.11716373631451613,1.7358483485000002,6.2
Lana Clelland,Scotland W,0.040431153,1,1,0.040431153,0.959568847,0.1
Langella Gabriella,Napoli W,0.035489243,0,1,0.035489243,-0.035489243,0.1
Lara Marti,RB Leipzig W,0.029938008000000002,0,2,0.014969004000000001,-0.029938008000000002,0.2
Lara Marti,TSV Bayer 04 Leverkusen,0.019128343,0,1,0.019128343,-0.019128343,0.1
Lara Prašnikar,Eintracht Frankfurt W,5.596523177,4,45,0.12436718171111111,-1.596523177,4.5
Lara Sophie Schmidt,Nürnberg W,1.225797671,2,9,0.13619974122222223,0.774202329,0.9
Laros Duarte,Cape Verde Islands,0.7539362,0,1,0.7539362,-0.7539362,0.1
Lars Bender,Bayer Leverkusen,0.993386915,1,11,0.09030790136363637,0.0066130850000000185,1.1
Lars Christian Jacobsen,Guingamp,0.285843944,0,3,0.09528131466666667,-0.285843944,0.3
Lars Edi Stindl,Borussia Mönchengladbach,8.818595722,7,67,0.1316208316716418,-1.8185957219999995,6.7
Lassana Coulibaly,Bastia,0.39065439500000004,1,11,0.03551403590909091,0.6093456049999999,1.1
Lassana Coulibaly,Mali,0.023632461,0,1,0.023632461,-0.023632461,0.1
Lassana Diarra,Marseille,0.027618423,0,1,0.027618423,-0.027618423,0.1
Lassana Diarra,Olympique de Marseille,0.38947622,1,9,0.04327513555555555,0.6105237800000001,0.9
Lassana Diarra,Real Madrid,0.0147184115,0,1,0.0147184115,-0.0147184115,0.1
Lasse Schöne,Denmark,0.891987456,0,5,0.17839749119999998,-0.891987456,0.5
Lassine Sinayoko,Auxerre,0.26672771500000003,1,4,0.06668192875000001,0.733272285,0.4
Lassine Sinayoko,Mali,1.482530438,3,9,0.1647256042222222,1.517469562,0.9
Laura Agard,Fiorentina W,0.646340801,1,5,0.1292681602,0.353659199,0.5
Laura Bourgouin,Pomigliano,0.6143757519999999,0,6,0.10239595866666666,-0.6143757519999999,0.6
Laura Camino Fernández,SD Eibar,2.217115566,3,25,0.08868462264,0.7828844340000001,2.5
Laura Coombs,England Women's,0.207047288,0,3,0.06901576266666666,-0.207047288,0.3
Laura Coombs,Liverpool WFC,1.417907202,0,26,0.05453489238461539,-1.417907202,2.6
Laura Coombs,Manchester City WFC,5.824072304,5,41,0.142050544,-0.8240723040000004,4.1
Laura Domínguez Rojo,Madrid CFF,1.87821113,1,18,0.10434506277777778,-0.87821113,1.8
Laura Donhauser,Köln,0.043584723,0,1,0.043584723,-0.043584723,0.1
Laura Feiersinger,AS Roma W,2.412826614,4,19,0.12699087442105264,1.587173386,1.9
Laura Feiersinger,Austria Women's,0.217333065,0,4,0.05433326625,-0.217333065,0.4
Laura Freigang,Eintracht Frankfurt W,8.947345295,9,55,0.16267900536363636,0.052654705000000135,5.5
Laura Freigang,Germany Women's,0.440691893,0,3,0.14689729766666668,-0.440691893,0.3
Laura Fusetti,AC Milan W,0.031343833,0,1,0.031343833,-0.031343833,0.1
Laura Madison Blindkilde Brown,Aston Villa W,0.729053045,0,4,0.18226326125,-0.729053045,0.4
Laura Madison Blindkilde Brown,Manchester City WFC,1.380198633,1,8,0.172524829125,-0.380198633,0.8
Laura Martínez González,FC Levante Badalona,0.794452841,1,13,0.061111757,0.20554715899999998,1.3
Laura Pucks,SGS Essen 19/68,1.008860634,0,11,0.09171460309090908,-1.008860634,1.1
Laura Pérez Martín,Granada W,3.6250532570000003,5,23,0.15761101117391305,1.3749467429999997,2.3
Laura Rafferty,Brighton & Hove Albion WFC,1.499367302,1,4,0.3748418255,-0.499367302,0.4
Laura Rafferty,Bristol City WFC,0.193067144,0,2,0.096533572,-0.193067144,0.2
Laura Requena Sánchez,Granada W,5.7683323390000005,6,40,0.14420830847500002,0.23166766099999947,4.0
Laura Vetterlein,West Ham United LFC,0.76166976,1,10,0.076166976,0.23833024000000003,1.0
Laura Vogt,Köln,0.952148493,0,12,0.07934570775000001,-0.952148493,1.2
Laura Wienroither,Arsenal WFC,0.077443596,0,2,0.038721798,-0.077443596,0.2
Laureano Bisan-Etame Mayer,Arsenal,0.569602138,0,7,0.081371734,-0.569602138,0.7
Laureano Sanabria Ruiz,RC Deportivo La Coruña,0.126621576,0,2,0.063310788,-0.126621576,0.2
Lauren Barnes,OL Reign,0.028662866000000002,0,2,0.014331433000000001,-0.028662866000000002,0.2
Lauren Barnes,Seattle Reign,0.122852598,0,2,0.061426299,-0.122852598,0.2
Lauren Bruton,Reading WFC,5.615023249,6,35,0.1604292356857143,0.38497675099999995,3.5
Lauren Eduarda Leal Costa,Brazil Women's,0.033941384,0,1,0.033941384,-0.033941384,0.1
Lauren Hemp,England Women's,5.723676486,5,36,0.1589910135,-0.7236764859999996,3.6
Lauren Hemp,Manchester City WFC,20.652584064,24,137,0.15074878878832115,3.347415936000001,13.7
Lauren James,Chelsea FCW,6.1843186,13,61,0.10138227213114755,6.8156814,6.1
Lauren James,England Women's,3.133444158,5,24,0.13056017325,1.866555842,2.4
Lauren James,Manchester United,3.572804493,6,35,0.10208012837142857,2.427195507,3.5
Lauren James,Manchester United W,2.909334622,2,15,0.19395564146666666,-0.9093346219999998,1.5
Lauren Kaskie,Chicago Red Stars,0.129061984,0,2,0.064530992,-0.129061984,0.2
Lauren Milliet,Racing Louisville FC,0.223331192,0,6,0.03722186533333333,-0.223331192,0.6
Lauren Wade,Northern Ireland W,0.367628986,0,8,0.04595362325,-0.367628986,0.8
Laurent Abergel,Lorient,0.019058572,0,1,0.019058572,-0.019058572,0.1
Laurent Courtois,Levante UD,0.017841151,0,1,0.017841151,-0.017841151,0.1
Laurent Dos Santos,Guingamp,0.017512755,0,1,0.017512755,-0.017512755,0.1
Laurent Koscielny,Arsenal,3.319095172,4,20,0.1659547586,0.6809048280000001,2.0
Laurent Robert,Newcastle United,0.877130602,1,6,0.14618843366666667,0.12286939799999996,0.6
Laureta Elmazi,SGS Essen 19/68,3.104392836,5,30,0.1034797612,1.8956071639999998,3.0
Lautaro Javier Martínez,Argentina,4.821691793,6,26,0.18544968434615386,1.1783082069999997,2.6
Layvin Kurzawa,AS Monaco,1.290229829,1,4,0.32255745725,-0.29022982900000005,0.4
Layvin Kurzawa,Paris Saint-Germain,1.346043427,3,16,0.0841277141875,1.653956573,1.6
Lazar Samardžić,Serbia,0.044258516,0,1,0.044258516,-0.044258516,0.1
Lazaros Christodoulopoulos,Sampdoria,0.372229227,1,6,0.0620382045,0.627770773,0.6
Lea Schüller,Bayern München W,12.593365813,11,67,0.1879606837761194,-1.5933658130000001,6.7
Lea Schüller,Germany Women's,3.477776369,5,19,0.1830408615263158,1.5222236310000001,1.9
Leah Galton,Manchester United,4.482745167,4,32,0.14008578646875,-0.48274516700000003,3.2
Leah Galton,Manchester United W,7.91274355,8,45,0.17583874555555556,0.08725644999999993,4.5
Leah Williamson,Arsenal WFC,4.1235378415,3,40,0.1030884460375,-1.1235378415000001,4.0
Leah Williamson,England Women's,0.96100762,0,3,0.3203358733333333,-0.96100762,0.3
Leander D''Cunha,Goa,0.019254275,0,1,0.019254275,-0.019254275,0.1
Leander Dendoncker,Belgium,0.175253891,0,2,0.0876269455,-0.175253891,0.2
Leandra Little,Liverpool WFC,0.38148783799999997,0,5,0.07629756759999999,-0.38148783799999997,0.5
Leandro Andrés Gioda,Xerez,0.17885531,0,3,0.05961843666666666,-0.17885531,0.3
Leandro Bacuna,Aston Villa,2.017680894,1,32,0.0630525279375,-1.0176808940000002,3.2
Leandro Barreiro Martins,FSV Mainz 05,0.158204081,0,2,0.0791020405,-0.158204081,0.2
Leandro Damião da Silva dos Santos,Real Betis,0.68768434,0,6,0.11461405666666667,-0.68768434,0.6
Leandro Daniel Cabrera Sasía,Getafe,0.049240034,0,1,0.049240034,-0.049240034,0.1
Leandro Daniel Paredes,Argentina,2.389879382,2,7,0.3414113402857143,-0.38987938200000016,0.7
Leandro Daniel Paredes,Empoli,1.4345351352,2,53,0.02706670066415094,0.5654648648,5.3
Leandro Daniel Paredes,Paris Saint-Germain,0.285020622,1,6,0.047503437,0.714979378,0.6
Leandro Greco,Hellas Verona,0.6319619949999999,1,11,0.057451090454545446,0.36803800500000006,1.1
Leandro Putaro,Wolfsburg,0.22055908,0,1,0.22055908,-0.22055908,0.1
Leandro Trossard,Belgium,0.199760808,0,5,0.0399521616,-0.199760808,0.5
Leanne Crichton,Scotland W,0.06466315,0,1,0.06466315,-0.06466315,0.1
Leanne Kiernan,Liverpool WFC,2.137670719,5,15,0.14251138126666665,2.862329281,1.5
Leanne Kiernan,West Ham United LFC,3.223487597,3,28,0.1151245570357143,-0.2234875970000001,2.8
Ledley King,Tottenham Hotspur,0.08796351,0,1,0.08796351,-0.08796351,0.1
Lee Carsley,Everton,0.013135573,0,1,0.013135573,-0.013135573,0.1
Lee Cattermole,Sunderland,0.8042978,0,10,0.08042977999999999,-0.8042978,1.0
Lee Hendrie,Aston Villa,0.012518238,0,1,0.012518238,-0.012518238,0.1
Lee Naylor,Wolverhampton Wanderers,0.07612466000000001,0,2,0.038062330000000005,-0.07612466000000001,0.2
Lee Tomlin,AFC Bournemouth,0.299222571,0,4,0.07480564275,-0.299222571,0.4
Leela Egli,SC Freiburg,1.068844796,2,5,0.2137689592,0.931155204,0.5
Lei Wu,Espanyol,0.193400344,1,3,0.06446678133333333,0.8065996559999999,0.3
Leicy Maria Santos Herrera,Atletico Madrid W,3.910573073,6,34,0.1150168550882353,2.089426927,3.4
Leicy Maria Santos Herrera,Colombia Women's,0.538015459,1,9,0.05977949544444445,0.46198454099999997,0.9
Leigh-Anne Robe,Liverpool WFC,0.107167486,0,5,0.021433497200000002,-0.107167486,0.5
Leighton Baines,Everton,1.261955065,2,8,0.157744383125,0.738044935,0.8
Leila Ouahabi El Ouahabi,Manchester City WFC,1.331767347,1,11,0.12106975881818181,-0.331767347,1.1
Leila Ouahabi El Ouahabi,Spain Women's,0.065896878,0,3,0.021965626000000002,-0.065896878,0.3
Leila Wandeler,Switzerland Women's,0.064849534,0,3,0.021616511333333335,-0.064849534,0.3
Leire Baños Indakoetxea,Levante UD Femenino,1.623813889,1,17,0.09551846405882353,-0.623813889,1.7
Lena Lattwein,Germany Women's,0.380159094,1,3,0.126719698,0.6198409060000001,0.3
Lena Lattwein,VfL Wolfsburg WFC,1.225051538,3,15,0.08167010253333333,1.774948462,1.5
Lena Oberdorf,Germany Women's,0.5381472190000001,0,7,0.07687817414285715,-0.5381472190000001,0.7
Lena Oberdorf,VfL Wolfsburg WFC,2.844120335,5,26,0.10938924365384615,2.155879665,2.6
Lena Ostermeier,SGS Essen 19/68,0.317545838,1,7,0.04536369114285715,0.682454162,0.7
Lena Petermann,Leicester City WFC,4.143913028,5,32,0.129497282125,0.856086972,3.2
Lena Silano,Washington Spirit,0.616036251,0,8,0.077004531375,-0.616036251,0.8
Lena-Sophie Uebach,Köln,0.024700057,0,1,0.024700057,-0.024700057,0.1
Lenny Nangis,Lille,0.336685206,0,10,0.0336685206,-0.336685206,1.0
Lenny Rodrigues,ATK Mohun Bagan,0.16820121999999998,0,5,0.033640244,-0.16820121999999998,0.5
Lenny Rodrigues,Mohun Bagan Super Giant,0.030723322,0,2,0.015361661,-0.030723322,0.2
Leo Leroy,Montpellier,0.041482102,0,1,0.041482102,-0.041482102,0.1
Leon Aderemi Balogun,FSV Mainz 05,1.104202731,1,13,0.08493867161538461,-0.10420273099999999,1.3
Leon Aderemi Balogun,Nigeria,0.200179125,0,3,0.066726375,-0.200179125,0.3
Leon Andreasen,Hannover 96,2.3034055895,2,19,0.12123187313157895,-0.3034055895000001,1.9
Leon Augustine Asokan,Bengaluru,0.024863038,0,1,0.024863038,-0.024863038,0.1
Leon Britton,Swansea City,0.152145332,0,5,0.0304290664,-0.152145332,0.5
Leon Goretzka,Bayern Munich,0.426682568,1,4,0.106670642,0.5733174320000001,0.4
Leon Goretzka,Germany,1.215851807,1,11,0.11053198245454544,-0.21585180699999995,1.1
Leon Goretzka,Schalke 04,2.644497714,1,37,0.07147291118918919,-1.6444977139999999,3.7
Leon Osman,Everton,0.30534786999999997,0,3,0.10178262333333332,-0.30534786999999997,0.3
Leonardo Bittencourt,FC Köln,4.332643066,3,38,0.11401692278947369,-1.3326430660000002,3.8
Leonardo Bittencourt,Werder Bremen,0.101408953,0,2,0.0507044765,-0.101408953,0.2
Leonardo Blanchard,Frosinone,2.26341125,3,21,0.10778148809523809,0.7365887500000001,2.1
Leonardo Bonucci,Italy,2.2172262899999997,3,7,0.31674661285714284,0.7827737100000003,0.7
Leonardo Bonucci,Juventus,1.9832037015,3,26,0.0762770654423077,1.0167962985,2.6
Leonardo Campana Romero,Inter Miami,0.913472321,1,7,0.13049604585714286,0.08652767900000002,0.7
Leonardo Carrilho Baptistão,Espanyol,0.861824175,0,9,0.09575824166666666,-0.861824175,0.9
Leonardo Carrilho Baptistão,Rayo Vallecano,0.260554594,0,4,0.0651386485,-0.260554594,0.4
Leonardo Carrilho Baptistão,Villarreal,2.936393897,3,32,0.09176230928125,0.06360610300000014,3.2
Leonardo Daniel Ponzio,Real Zaragoza,0.100888012,0,4,0.025222003,-0.100888012,0.4
Leonardo Julián Balerdi Rossa,Marseille,0.06528533,0,1,0.06528533,-0.06528533,0.1
Leonardo Julián Balerdi Rossa,Olympique de Marseille,0.07160006,0,1,0.07160006,-0.07160006,0.1
Leonardo Pavoletti,Genoa,9.281329436,14,67,0.13852730501492538,4.718670564,6.7
Leonardo Rubén Astrada,River Plate,0.029787142,0,1,0.029787142,-0.029787142,0.1
Leonardo Spinazzola,Italy,0.713853723,0,7,0.10197910328571429,-0.713853723,0.7
Leonidas Stergiou,VfB Stuttgart,0.013667348,0,1,0.013667348,-0.013667348,0.1
Leonie Maier,Arsenal WFC,0.696992948,0,10,0.0696992948,-0.696992948,1.0
Leonie Maier,Hoffenheim W,0.130213523,0,2,0.0651067615,-0.130213523,0.2
Leroy Fer,Swansea City,0.28752904,0,5,0.057505808000000005,-0.28752904,0.5
Leroy Sané,Bayern Munich,0.20084674600000002,0,3,0.06694891533333334,-0.20084674600000002,0.3
Leroy Sané,Germany,0.51722418,0,11,0.04702038,-0.51722418,1.1
Leroy Sané,Schalke 04,5.577078192,8,68,0.08201585576470588,2.422921808,6.8
Leslie Ferdinand,Leicester City,0.03201344,0,1,0.03201344,-0.03201344,0.1
Letícia Santos de Oliveira,Brazil Women's,0.015433788,0,1,0.015433788,-0.015433788,0.1
Letícia Santos de Oliveira,Eintracht Frankfurt W,0.1555825,0,1,0.1555825,-0.1555825,0.1
Levan Mchedlidze,Empoli,0.9325075310000001,0,11,0.08477341190909092,-0.9325075310000001,1.1
Levin Mete Öztunali,Werder Bremen,1.587041831,1,24,0.06612674295833333,-0.5870418310000001,2.4
Lewis Grabban,AFC Bournemouth,1.39580482,0,15,0.09305365466666667,-1.39580482,1.5
Lewis Grabban,Norwich City,1.120822895,1,4,0.28020572375,-0.1208228950000001,0.4
Lewis Harry Holtby,Hamburger SV,2.376154534,3,32,0.0742548291875,0.6238454660000001,3.2
Lewis Morgan,Scotland,0.11201552,0,1,0.11201552,-0.11201552,0.1
Leyre Secades Catalá,Levante UD Femenino,0.13554701,0,1,0.13554701,-0.13554701,0.1
Li Yang,China PR Women's,0.767088361,0,6,0.12784806016666667,-0.767088361,0.6
Lia Wälti,Arsenal WFC,1.448617115,0,16,0.0905385696875,-1.448617115,1.6
Lia Wälti,Switzerland Women's,0.054978266,0,3,0.018326088666666667,-0.054978266,0.3
Liam Millar,Canada,1.203417064,0,6,0.20056951066666664,-1.203417064,0.6
Libby Bance,Brighton & Hove Albion WFC,0.05050426,0,1,0.05050426,-0.05050426,0.1
Libor Kozák,Aston Villa,0.7684333,0,6,0.12807221666666666,-0.7684333,0.6
Liced Carolina Serna Flórez,Valencia CF,0.228877377,0,9,0.025430819666666667,-0.228877377,0.9
Lieke Martens,Netherlands Women's,4.445038939,3,36,0.1234733038611111,-1.4450389389999998,3.6
Lilian Brassier,Stade Brestois,0.053322535000000004,0,2,0.026661267500000002,-0.053322535000000004,0.2
Lilla Turányi,TSV Bayer 04 Leverkusen,1.748331671,1,15,0.11655544473333333,-0.7483316710000001,1.5
Lilli Purtscheller,SGS Essen 19/68,2.102050708,4,23,0.09139350904347827,1.8979492919999998,2.3
Lily Agg,Republic of Ireland Women's,0.021097241,0,1,0.021097241,-0.021097241,0.1
Lily Nabet,Angel City,0.292071742,0,3,0.09735724733333334,-0.292071742,0.3
Lily Woodham,Reading WFC,0.142670741,0,3,0.047556913666666666,-0.142670741,0.3
Lily Woodham,Wales W,0.049168263,0,1,0.049168263,-0.049168263,0.1
Lina Hausicke,SV Werder Bremen,2.798428001,4,18,0.1554682222777778,1.201571999,1.8
Lina Magull,Bayern München W,1.531335269,0,12,0.12761127241666667,-1.531335269,1.2
Lina Magull,FC Internazionale Milano W,8.240058748,9,37,0.22270429048648646,0.7599412520000008,3.7
Lina Magull,Germany Women's,4.232384908,5,25,0.16929539632,0.7676150919999998,2.5
Lina Mona Andréa Hurtig,Arsenal WFC,0.91933662,1,5,0.183867324,0.08066337999999995,0.5
Lina Mona Andréa Hurtig,Sweden Women's,4.007384982,4,16,0.250461561375,-0.007384981999999596,1.6
Lina Yang,China PR Women's,0.111208672,0,4,0.027802168,-0.111208672,0.4
Linda Brigitta Sembrant,Bayern München W,0.958062505,1,6,0.15967708416666668,0.04193749499999999,0.6
Linda Brigitta Sembrant,Juventus W,0.09587792,0,1,0.09587792,-0.09587792,0.1
Linda Brigitta Sembrant,Sweden Women's,1.364691469,2,9,0.15163238544444446,0.635308531,0.9
Linda Dallmann,Bayern München W,7.414108014,7,31,0.23916477464516128,-0.41410801399999997,3.1
Linda Dallmann,Germany Women's,1.7602668399999999,1,12,0.14668890333333331,-0.7602668399999999,1.2
Linda Lizeth Caicedo Alegría,Colombia Women's,0.628745109,2,8,0.078593138625,1.371254891,0.8
Linda Lizeth Caicedo Alegría,Real Madrid CF W,6.299329463,5,49,0.12855774414285714,-1.2993294630000003,4.9
Linda Maserame Motlhalo,Houston Dash,0.024385577,0,2,0.0121927885,-0.024385577,0.2
Linda Maserame Motlhalo,South Africa Women's,0.6078761490000001,1,4,0.15196903725000002,0.3921238509999999,0.4
Linda Sällström,WNT Finland,0.517336087,1,7,0.07390515528571429,0.482663913,0.7
Lindsay Rose,Lorient,0.314749893,0,5,0.0629499786,-0.314749893,0.5
Lindsay Rose,Lyon,0.08772939,0,1,0.08772939,-0.08772939,0.1
Lindsey Kimberley Thomas,Juventus W,3.643185063,8,18,0.20239917016666664,4.356814937,1.8
Lindsey Michelle Heaps,United States Women's,3.9715260765,5,23,0.17267504680434784,1.0284739235,2.3
Lindsey Michelle Horan,Portland Thorns,3.042349664,5,19,0.1601236665263158,1.957650336,1.9
Lineth Beerensteyn,Juventus W,10.302250486,7,63,0.16352778549206348,-3.302250486,6.3
Lineth Beerensteyn,Netherlands Women's,3.755528409,2,28,0.13412601460714285,-1.755528409,2.8
Lineth Cedeno,Panama Women's,0.467488537,1,2,0.2337442685,0.5325114630000001,0.2
Linyan Zhang,China PR Women's,0.223046066,0,3,0.07434868866666666,-0.223046066,0.3
Linyan Zhang,Tottenham Hotspur Women,0.11634886,0,1,0.11634886,-0.11634886,0.1
Lionel Andrés Messi Cuccittini,Argentina,13.000481114,11,66,0.19697698657575757,-2.0004811139999994,6.6
Lionel Andrés Messi Cuccittini,Barcelona,345.7911009585,476,2366,0.14615008493596787,130.2088990415,236.6
Lionel Andrés Messi Cuccittini,Inter Miami,2.310421866,1,20,0.1155210933,-1.310421866,2.0
Lionel Andrés Messi Cuccittini,Paris Saint-Germain,24.2965753105,22,218,0.11145218032339449,-2.2965753104999997,21.8
Lionel Mathis,Guingamp,0.437565899,0,11,0.03977871809090909,-0.437565899,1.1
Lionel Mpasi-Nzau,Congo DR,0.7539362,1,1,0.7539362,0.24606380000000005,0.1
Lionello Manfredonia,Juventus,0.690897095,0,5,0.138179419,-0.690897095,0.5
Liridon Krasniqi,Odisha,0.78994807,0,5,0.157989614,-0.78994807,0.5
Lisa Alborghetti,FC Internazionale Milano W,0.44842673499999997,0,8,0.056053341874999996,-0.44842673499999997,0.8
Lisa Boattin,Italy Women's,0.488107658,0,9,0.054234184222222225,-0.488107658,0.9
Lisa Boattin,Juventus W,1.601950133,2,23,0.0696500057826087,0.3980498669999999,2.3
Lisa De Vanna,Australia Women's,0.12798412,0,1,0.12798412,-0.12798412,0.1
Lisa Doorn,Hoffenheim W,0.931509028,0,7,0.1330727182857143,-0.931509028,0.7
Lisa Evans,Arsenal WFC,4.419587076,5,25,0.17678348304,0.580412924,2.5
Lisa Evans,Bristol City WFC,0.30554867,0,1,0.30554867,-0.30554867,0.1
Lisa Evans,Scotland W,0.085628675,0,2,0.0428143375,-0.085628675,0.2
Lisa Evans,West Ham United LFC,0.274463752,1,6,0.04574395866666667,0.725536248,0.6
Lisa Fjeldstad Naalsund,Manchester United W,0.9236002130000001,2,12,0.07696668441666667,1.076399787,1.2
Lisa Josten,Duisburg WFC,0.44916743000000003,0,10,0.044916743,-0.44916743000000003,1.0
Lisa Josten,SV Werder Bremen,0.39210936799999996,0,6,0.06535156133333332,-0.39210936799999996,0.6
Lisa Karl,SC Freiburg,0.920169455,1,5,0.184033891,0.07983054499999997,0.5
Lisa Kolb,SC Freiburg,1.2155479949999999,2,12,0.10129566624999999,0.7844520050000001,1.2
Lisa Makas,Austria Women's,0.33703038399999996,0,2,0.16851519199999998,-0.33703038399999996,0.2
Lisa-Marie Utland,Norway Women's,1.374270408,1,7,0.196324344,-0.3742704080000001,0.7
Lisa-Marie Utland,Reading WFC,0.7651475600000001,1,5,0.153029512,0.23485243999999994,0.5
Lisandro Martínez,Argentina,1.066455457,1,6,0.17774257616666667,-0.066455457,0.6
Lisann Kaut,Hoffenheim W,0.119085128,0,6,0.019847521333333333,-0.119085128,0.6
Lisanne Gräwe,Eintracht Frankfurt W,1.3275447418,1,24,0.055314364241666664,-0.32754474179999993,2.4
Liston Colaco,ATK Mohun Bagan,4.2621854005,3,43,0.09912059070930232,-1.2621854005,4.3
Liston Colaco,Mohun Bagan Super Giant,3.0166008415,5,41,0.0735756302804878,1.9833991585000001,4.1
Liucija Vaitukaitytė,Como W,1.329656047,0,16,0.0831035029375,-1.329656047,1.6
Livia Brunmair,Nürnberg W,0.0154738,0,1,0.0154738,-0.0154738,0.1
Loide António Augusto,Angola,0.04740061,0,1,0.04740061,-0.04740061,0.1
Lois Joel,West Ham United LFC,0.035055782,0,2,0.017527891,-0.035055782,0.2
Loreen Bender,TSV Bayer 04 Leverkusen,1.046300891,2,12,0.08719174091666666,0.953699109,1.2
Loren Dykes,Bristol City WFC,0.220021543,0,2,0.1100107715,-0.220021543,0.2
Lorena Bedoya Durango,Colombia Women's,0.23246268949999999,0,7,0.03320895564285714,-0.23246268949999999,0.7
Lorena Navarro Domínguez,Real Sociedad de Fútbol,1.344956562,0,20,0.06724782809999999,-1.344956562,2.0
Lorenz Assignon,Rennes,0.10028082,0,1,0.10028082,-0.10028082,0.1
Lorenzo Ariaudo,Empoli,0.17696883,0,2,0.088484415,-0.17696883,0.2
Lorenzo Crisetig,Bologna,0.047797449,0,2,0.0238987245,-0.047797449,0.2
Lorenzo De Silvestri,Sampdoria,2.2276558730000002,1,12,0.18563798941666668,-1.2276558730000002,1.2
Lorenzo Insigne,Italy,1.607339394,2,19,0.08459681021052631,0.39266060599999997,1.9
Lorenzo Insigne,Napoli,9.78704767,12,135,0.07249664940740741,2.2129523300000002,13.5
Lorenzo Insigne,Toronto FC,0.376357142,0,4,0.0940892855,-0.376357142,0.4
Lorenzo Jesús Morón García,Real Betis,1.034569289,2,10,0.1034569289,0.965430711,1.0
Lorenzo Lollo,Carpi,3.1381742607,3,36,0.08717150724166667,-0.13817426070000005,3.6
Lorenzo Pasciuti,Carpi,0.645864717,2,6,0.10764411950000001,1.354135283,0.6
Lorenzo Pellegrini,Italy,0.735924217,0,7,0.105132031,-0.735924217,0.7
Lorenzo Pellegrini,Sassuolo,1.890153735,3,24,0.078756405625,1.109846265,2.4
Lorenzo Tonelli,Empoli,0.7842798150000001,2,7,0.11203997357142859,1.215720185,0.7
Loreta Kullashi,Sassuolo W,6.950507313,7,50,0.13901014626,0.04949268699999987,5.0
Lorik Agim Cana,Nantes,0.530976855,0,9,0.05899742833333334,-0.530976855,0.9
Lossémy Karaboué,Troyes,1.194128557,0,24,0.049755356541666663,-1.194128557,2.4
Lothar Kurbjuweit,German DR,0.148966907,0,5,0.029793381400000003,-0.148966907,0.5
Lothar Matthäus,Germany,0.065699778,0,2,0.032849889,-0.065699778,0.2
Lotta Cordes,Köln,0.258507166,0,5,0.0517014332,-0.258507166,0.5
Louis Poggi,Gazélec Ajaccio,0.55268663,0,10,0.055268662999999996,-0.55268663,1.0
Louis Saha,Fulham,0.055962626,0,1,0.055962626,-0.055962626,0.1
Louis Saha,Manchester United,0.363815761,1,2,0.1819078805,0.636184239,0.2
Louis Schaub,Austria,0.124179,0,2,0.0620895,-0.124179,0.2
Louise Quinn,Arsenal WFC,2.027484255,1,15,0.13516561700000002,-1.027484255,1.5
Louise Quinn,Republic of Ireland Women's,0.2693369,0,2,0.13466845,-0.2693369,0.2
Loukas Vyntra,Levante UD,0.07934192,1,1,0.07934192,0.92065808,0.1
Lovro Majer,Croatia,1.379996192,2,7,0.19714231314285713,0.6200038080000001,0.7
Lovro Majer,Rennes,0.19633907750000001,0,4,0.049084769375000004,-0.19633907750000001,0.4
Lovro Majer,Wolfsburg,0.036325753,0,1,0.036325753,-0.036325753,0.1
Loïc Négo,Hungary,0.024853658,0,1,0.024853658,-0.024853658,0.1
Loïc Perrin,Saint-Étienne,2.4997025010000002,3,17,0.1470413235882353,0.5002974989999998,1.7
Loïc Rémy,Chelsea,2.033806235,1,13,0.15644663346153848,-1.0338062350000001,1.3
Lo’eau LaBonta,KC Current,1.316479011,2,18,0.07313772283333334,0.683520989,1.8
Lo’eau LaBonta,Utah Royals,0.061480823000000004,0,2,0.030740411500000002,-0.061480823000000004,0.2
Luana Bertolucci Paixão,Brazil Women's,0.427480372,0,8,0.0534350465,-0.427480372,0.8
Luana Bühler,Switzerland Women's,0.039150447,0,1,0.039150447,-0.039150447,0.1
Luana Bühler,Tottenham Hotspur Women,0.639605634,0,4,0.1599014085,-0.639605634,0.4
Luany Vitória da Silva Rosa,Madrid CFF,7.19634121,6,46,0.1564422002173913,-1.19634121,4.6
Lubambo Musonda,Zambia,0.017512755,0,1,0.017512755,-0.017512755,0.1
Luc Castaignos,Eintracht Frankfurt,2.041278563,4,17,0.1200752095882353,1.958721437,1.7
Luc Rollet De Fougerolles,Canada,0.14172511,0,1,0.14172511,-0.14172511,0.1
Luca Antonelli,AC Milan,1.7418656220000002,3,19,0.091677138,1.2581343779999998,1.9
Luca Bittante,Empoli,0.03628122,0,2,0.01814061,-0.03628122,0.2
Luca Caldirola,Darmstadt 98,2.948058648,0,16,0.1842536655,-2.948058648,1.6
Luca Cigarini,Atalanta,3.68857868,2,43,0.08578089953488371,-1.68857868,4.3
Luca Fusi,Napoli,0.13686845,0,1,0.13686845,-0.13686845,0.1
Luca Maria Graf,RB Leipzig W,0.320712897,0,7,0.04581612814285714,-0.320712897,0.7
Luca Marrone,Carpi,0.25144015200000003,1,5,0.0502880304,0.748559848,0.5
Luca Marrone,Hellas Verona,0.447980803,0,8,0.055997600375,-0.447980803,0.8
Luca Martinelli,Empoli,0.13135347,0,1,0.13135347,-0.13135347,0.1
Luca Netz,Borussia Mönchengladbach,0.15298042,0,1,0.15298042,-0.15298042,0.1
Luca Paganini,Frosinone,2.213619803,2,26,0.08513922319230768,-0.21361980299999983,2.6
Luca Pfeiffer,Darmstadt 98,0.26891406,0,3,0.08963802,-0.26891406,0.3
Luca Rigoni,Genoa,3.035091047,3,24,0.12646212695833334,-0.035091046999999875,2.4
Luca Rigoni,Palermo,1.390219782,1,11,0.12638361654545455,-0.39021978199999996,1.1
Luca Rizzo,Bologna,1.500725597,0,18,0.08337364427777777,-1.500725597,1.8
Luca Rossettini,Bologna,1.395379666,3,14,0.09966997614285714,1.604620334,1.4
Luca Sangalli Fuentes,Real Sociedad,0.04844907,0,2,0.024224535,-0.04844907,0.2
Luca Siligardi,Hellas Verona,2.7958160145,2,46,0.060778609010869566,-0.7958160145000002,4.6
Luca Toni,Hellas Verona,10.2185207254,6,62,0.16481485040967742,-4.2185207253999994,6.2
Lucas Ariel Boyé,Celta Vigo,0.41681597,0,1,0.41681597,-0.41681597,0.1
Lucas Ariel Boyé,Elche,0.41987763,0,2,0.209938815,-0.41987763,0.2
Lucas Ariel Ocampos,Marseille,0.19017400899999998,0,6,0.03169566816666666,-0.19017400899999998,0.6
Lucas Ariel Ocampos,Olympique de Marseille,2.502287901,1,16,0.1563929938125,-1.5022879009999999,1.6
Lucas Ariel Ocampos,Sevilla,0.476441263,0,8,0.059555157875,-0.476441263,0.8
Lucas Deaux,Nantes,0.40431331400000003,0,4,0.10107832850000001,-0.40431331400000003,0.4
Lucas Digne,AS Roma,1.010698401,3,16,0.0631686500625,1.989301599,1.6
Lucas Digne,Barcelona,0.707600935,0,7,0.10108584785714285,-0.707600935,0.7
Lucas Digne,France,0.024165655,0,1,0.024165655,-0.024165655,0.1
Lucas Hernández Pi,France,0.395989239,0,5,0.0791978478,-0.395989239,0.5
Lucas Höler,Freiburg,0.31464769200000003,0,3,0.10488256400000001,-0.31464769200000003,0.3
Lucas Lima Linhares,New York Red Bulls,0.064779066,0,2,0.032389533,-0.064779066,0.2
Lucas Matías Licht,Getafe,0.010169556,0,1,0.010169556,-0.010169556,0.1
Lucas Nahuel Castro,Chievo,3.29412883,3,44,0.07486656431818182,-0.29412883,4.4
Lucas Neill,Blackburn Rovers,0.032072317,0,1,0.032072317,-0.032072317,0.1
Lucas Perrin,Strasbourg,0.072856486,0,1,0.072856486,-0.072856486,0.1
Lucas Pezzini Leiva,Liverpool,0.541338591,0,10,0.0541338591,-0.541338591,1.0
Lucas Pérez Martínez,Deportivo Alavés,0.37789816,0,4,0.09447454,-0.37789816,0.4
Lucas Pérez Martínez,RC Deportivo La Coruña,13.174435813,19,104,0.1266772674326923,5.8255641869999994,10.4
Lucas René Olaza Catrofe,Celta Vigo,0.23626202000000002,1,3,0.07875400666666667,0.7637379799999999,0.3
Lucas René Olaza Catrofe,Real Valladolid,0.08318464,0,1,0.08318464,-0.08318464,0.1
Lucas Rodrigo Biglia,Argentina,0.122807424,0,2,0.061403712,-0.122807424,0.2
Lucas Rodrigo Biglia,Lazio,2.606019747,4,18,0.14477887483333332,1.393980253,1.8
Lucas Rodrigues Moura da Silva,Paris Saint-Germain,7.664502902,9,62,0.12362101454838709,1.3354970980000003,6.2
Lucas Rodrigues Moura da Silva,Tottenham Hotspur,0.30846351,0,2,0.154231755,-0.30846351,0.2
Lucas Silva Borges,Marseille,0.121779301,0,3,0.04059310033333333,-0.121779301,0.3
Lucas Silva Borges,Olympique de Marseille,0.452803004,0,9,0.05031144488888889,-0.452803004,0.9
Lucas Silva Melo,Eintracht Frankfurt,0.041608516,0,1,0.041608516,-0.041608516,0.1
Lucas Tolentino Coelho de Lima,Brazil,2.7682816519999998,2,15,0.1845521101333333,-0.7682816519999998,1.5
Lucas Tolentino Coelho de Lima,Lyon,0.320568104,1,3,0.10685603466666667,0.679431896,0.3
Lucas Torreira Di Pascua,Uruguay,0.044231985,0,2,0.0221159925,-0.044231985,0.2
Lucas Vázquez Iglesias,Espanyol,0.034766376,0,1,0.034766376,-0.034766376,0.1
Lucas Vázquez Iglesias,Real Madrid,3.834802102,5,28,0.13695721792857143,1.1651978980000002,2.8
Lucia Di Guglielmo,AS Roma W,1.318116053,4,14,0.09415114664285715,2.681883947,1.4
Lucia Di Guglielmo,Italy Women's,0.353375657,0,7,0.050482236714285714,-0.353375657,0.7
Lucia Leon,Tottenham Hotspur Women,0.515999911,1,4,0.12899997775,0.484000089,0.4
Lucia Pastrenge,Como W,0.763536142,0,9,0.08483734911111111,-0.763536142,0.9
Luciano Fabián Monzón,Real Betis,0.070450105,1,1,0.070450105,0.929549895,0.1
Luciano Federico Acosta,Cincinnati,0.03195598,0,1,0.03195598,-0.03195598,0.1
Luciano Martín Galletti,Atlético Madrid,0.180965278,0,6,0.030160879666666668,-0.180965278,0.6
Luciano Sola,Napoli,0.028804878,0,1,0.028804878,-0.028804878,0.1
Luciano Vietto,Atlético Madrid,3.110387637,1,25,0.12441550548000001,-2.110387637,2.5
Luciano Vietto,Sevilla,0.24399289600000001,0,3,0.08133096533333334,-0.24399289600000001,0.3
Luciano Vietto,Villarreal,0.669094488,1,5,0.13381889760000001,0.33090551199999996,0.5
Lucienne Reichardt,West Ham United LFC,0.451883832,0,8,0.056485479,-0.451883832,0.8
Lucimar da Silva Ferreira,Inter Milan,0.03031395,0,1,0.03031395,-0.03031395,0.1
Lucy Bronze,Barcelona WFC,2.148996307,1,16,0.1343122691875,-1.148996307,1.6
Lucy Bronze,England Women's,2.63592365,4,26,0.10138167884615384,1.36407635,2.6
Lucy Bronze,Manchester City WFC,2.269908812,2,30,0.07566362706666667,-0.26990881200000016,3.0
Lucy Hope,Bristol City WFC,4.7193191599999995,7,39,0.12100818358974358,2.2806808400000005,3.9
Lucy Hope,Everton LFC,7.656398737,9,60,0.12760664561666665,1.343601263,6.0
Lucy Parker,Aston Villa W,0.71549835,1,5,0.14309966999999998,0.28450165000000005,0.5
Lucy Parry,Liverpool WFC,0.027233217,0,1,0.027233217,-0.027233217,0.1
Lucy Quinn,Birmingham City WFC,1.829432119,1,16,0.1143395074375,-0.829432119,1.6
Lucy Quinn,Tottenham Hotspur Women,1.27525437,3,12,0.10627119750000001,1.72474563,1.2
Lucy Staniforth,Aston Villa W,0.151531285,0,7,0.021647326428571426,-0.151531285,0.7
Lucy Staniforth,Birmingham City WFC,4.435163235,3,69,0.06427772804347827,-1.435163235,6.9
Lucy Staniforth,Manchester United,0.333635046,0,8,0.04170438075,-0.333635046,0.8
Lucy Staniforth,Manchester United W,0.643839871,0,8,0.080479983875,-0.643839871,0.8
Lucy Whipp,Birmingham City WFC,1.030726293,1,10,0.10307262930000001,-0.03072629300000007,1.0
Lucía Corrales Álvarez,Barcelona WFC,0.10972147,0,1,0.10972147,-0.10972147,0.1
Lucía García Córdoba,Manchester United W,4.768786491,3,40,0.119219662275,-1.7687864910000002,4.0
Lucía García Córdoba,Spain Women's,1.7763891440000001,2,11,0.1614899221818182,0.22361085599999986,1.1
Lucía Gómez García,Villarreal,0.7351650310000001,1,9,0.08168500344444446,0.2648349689999999,0.9
Lucía Martínez González,Granada W,0.082973481,0,5,0.0165946962,-0.082973481,0.5
Lucía María Rodríguez Herrero,Sevilla FC,0.08861550900000001,0,5,0.017723101800000002,-0.08861550900000001,0.5
Lucía Moral Ruiz,Atletico Madrid W,1.360174238,2,13,0.10462878753846153,0.6398257620000001,1.3
Lucía Pardo Méndez,Madrid CFF,3.994074059,2,48,0.08320987622916666,-1.994074059,4.8
Lucía Romero Marco,Villarreal,0.17055383,0,5,0.034110766,-0.17055383,0.5
Ludmila da Silva,Atletico Madrid W,6.21315743,3,29,0.21424680793103448,-3.21315743,2.9
Ludmila da Silva,Brazil Women's,0.60441975,0,3,0.20147325000000002,-0.60441975,0.3
Ludovic Baal,Rennes,0.11581281,0,1,0.11581281,-0.11581281,0.1
Ludovic Blas,Guingamp,0.835109607,1,11,0.07591905518181818,0.16489039299999997,1.1
Ludovic Blas,Nantes,1.441947597,2,11,0.1310861451818182,0.558052403,1.1
Ludovic Delporte,Osasuna,0.088975234,0,3,0.029658411333333332,-0.088975234,0.3
Ludovic Giuly,Barcelona,5.331351567,6,37,0.1440905828918919,0.6686484330000004,3.7
Ludovic Lamine Sané,Bordeaux,0.15764083699999998,0,3,0.05254694566666666,-0.15764083699999998,0.3
Ludwig Augustinsson,Sweden,0.6610111009999999,1,4,0.16525277524999998,0.33898889900000007,0.4
Ludwig Kögl,Bayern Munich,0.550203139,0,3,0.18340104633333332,-0.550203139,0.3
Luigi De Agostini,Juventus W,0.02019964,0,1,0.02019964,-0.02019964,0.1
Luigi Riva,Italy,0.364349719,0,6,0.06072495316666667,-0.364349719,0.6
Luis Alberto Cubilla Almeida,Uruguay,0.409345415,1,3,0.13644847166666665,0.590654585,0.3
Luis Alberto Romero Alconchel,Málaga,0.09666744,0,1,0.09666744,-0.09666744,0.1
Luis Alberto Romero Alconchel,RC Deportivo La Coruña,7.552547195,6,79,0.0956018632278481,-1.5525471949999998,7.9
Luis Alberto Suárez Díaz,Atlético Madrid,0.314464558,0,3,0.10482151933333334,-0.314464558,0.3
Luis Alberto Suárez Díaz,Barcelona,105.4984506555,136,613,0.172101877088907,30.501549344500006,61.3
Luis Alberto Suárez Díaz,Uruguay,3.413663219,4,22,0.15516650995454545,0.586336781,2.2
Luis Antonio Valencia Mosquera,Manchester United,0.269488171,0,5,0.0538976342,-0.269488171,0.5
Luis Carlos Correia Pinto,Huesca,0.016900029,0,1,0.016900029,-0.016900029,0.1
Luis Carlos Correia Pinto,RC Deportivo La Coruña,0.347683432,0,8,0.043460429,-0.347683432,0.8
Luis Carlos Ovalle Victoria,Panama,0.009617406,0,1,0.009617406,-0.009617406,0.1
Luis Eduardo Delgado Pacheco,Córdoba CF,0.09084095,0,2,0.045420475,-0.09084095,0.2
Luis Ezequiel Ávila,Huesca,0.018218076,0,1,0.018218076,-0.018218076,0.1
Luis Fernando Díaz Marulanda,Colombia,1.74043156,2,9,0.19338128444444444,0.25956844,0.9
Luis Fernando Haquín Lopez,Bolivia,0.022326544,0,1,0.022326544,-0.022326544,0.1
Luis Fernando Muriel Fruto,Colombia,0.881968805,1,2,0.4409844025,0.11803119500000003,0.2
Luis Fernando Muriel Fruto,Sampdoria,6.0109940644,6,56,0.10733917972142858,-0.01099406440000017,5.6
Luis Fernando Muriel Fruto,Sevilla,1.382230185,2,13,0.10632539884615386,0.6177698149999999,1.3
Luis Fernández Gutiérrez,Real Betis,0.009133565,0,1,0.009133565,-0.009133565,0.1
Luis Francisco Romo Barrón,Mexico,0.390231035,0,6,0.06503850583333333,-0.390231035,0.6
Luis García Fernández,Espanyol,0.117860395,0,4,0.02946509875,-0.117860395,0.4
Luis Gerardo Chávez Magallón,Mexico,0.707019542,1,17,0.04158938482352941,0.29298045800000005,1.7
Luis Hernández Rodríguez,Málaga,0.031923722,0,1,0.031923722,-0.031923722,0.1
Luis Hernández Rodríguez,Sporting Gijón,0.8109841170000001,0,9,0.09010934633333334,-0.8109841170000001,0.9
Luis Jan Piers Advíncula Castrillón,Peru,0.0567372145,0,3,0.018912404833333334,-0.0567372145,0.3
Luis Javier García Sanz,Liverpool,0.056107904,0,2,0.028053952,-0.056107904,0.2
Luis Javier Suárez Charris,Granada,0.060595752,0,2,0.030297876,-0.060595752,0.2
Luis Jesús Rioja González,Deportivo Alavés,1.123736465,2,3,0.3745788216666666,0.8762635350000001,0.3
Luis Manuel Rubiales Béjar,Levante UD,0.12021846,0,1,0.12021846,-0.12021846,0.1
Luis Miguel Nlavo Asue,Equatorial Guinea,0.44238017,0,3,0.14746005666666667,-0.44238017,0.3
Luis Morán Sánchez,Sporting Gijón,0.026495215,0,1,0.026495215,-0.026495215,0.1
Luis Prieto Zalbidegoitia,Real Valladolid,0.17378280200000001,0,3,0.05792760066666667,-0.17378280200000001,0.3
Luisa Guttenberger,Nürnberg W,0.307272355,0,6,0.051212059166666664,-0.307272355,0.6
Luiz Adriano de Souza da Silva,AC Milan,3.8656037839999997,4,26,0.1486770686153846,0.1343962160000003,2.6
Luiz Gustavo Dias,Wolfsburg,2.624097843,1,23,0.11409121056521739,-1.624097843,2.3
Luka Ivanušec,Croatia,0.029541776,0,1,0.029541776,-0.029541776,0.1
Luka Jović,Serbia,0.29455157099999996,1,3,0.09818385699999999,0.705448429,0.3
Luka Lochoshvili,Georgia,0.06881554,0,1,0.06881554,-0.06881554,0.1
Luka Modrić,Croatia,5.877601868,7,27,0.21768895807407407,1.1223981319999998,2.7
Luka Modrić,Real Madrid,2.782514001,3,50,0.05565028002,0.21748599899999999,5.0
Luka Sučić,Croatia,0.362208667,0,3,0.12073622233333332,-0.362208667,0.3
Lukas Fröde,Werder Bremen,0.04514549,0,1,0.04514549,-0.04514549,0.1
Lukas Hinterseer,Ingolstadt,4.623465444,6,30,0.1541155148,1.3765345560000002,3.0
Lukas Klünter,FC Köln,0.14120135,0,1,0.14120135,-0.14120135,0.1
Lukas Kübler,Freiburg,0.019052552,0,1,0.019052552,-0.019052552,0.1
Lukas Rupp,VfB Stuttgart,4.2464314325,5,39,0.10888285724358973,0.7535685675000003,3.9
Luke Shaw,England,0.408442765,1,6,0.06807379416666666,0.591557235,0.6
Luke Shaw,Manchester United,0.053035222,0,1,0.053035222,-0.053035222,0.1
Lukáš Haraslín,Slovakia,0.868900387,0,11,0.07899094427272728,-0.868900387,1.1
Lukáš Masopust,Czech Republic,0.037890088,0,1,0.037890088,-0.037890088,0.1
Lukáš Provod,Czech Republic,0.10963197499999999,1,3,0.036543991666666664,0.890368025,0.3
Lushomo Mweemba,Zambia W,0.11627504,1,1,0.11627504,0.88372496,0.1
Luuk de Jong,Netherlands,0.8396032600000001,1,2,0.41980163000000004,0.16039673999999993,0.2
Luuk de Jong,Sevilla,0.874076214,1,5,0.1748152428,0.12592378599999998,0.5
Luís Antônio Corrêa da Costa,Brazil,0.33326668000000004,0,3,0.11108889333333334,-0.33326668000000004,0.3
Luís Boa Morte Pereira,Fulham,0.286235976,0,2,0.143117988,-0.286235976,0.2
Luís Carlos Almeida da Cunha,Manchester United,0.04786592,0,1,0.04786592,-0.04786592,0.1
Luís Carlos Almeida da Cunha,Valencia,0.180600082,0,2,0.090300041,-0.180600082,0.2
Luís Eduardo Schmidt,Real Betis,0.291006157,0,4,0.07275153925,-0.291006157,0.4
Luís Fabiano Clemente,Sevilla,1.395202155,1,15,0.093013477,-0.395202155,1.5
Luís Miguel Afonso Fernandes,Espanyol,0.53616394,0,2,0.26808197,-0.53616394,0.2
Luís Miguel Afonso Fernandes,RC Deportivo La Coruña,0.881488666,2,4,0.2203721665,1.118511334,0.4
Luís Miguel Brito Garcia Monteiro,Valencia,0.016688412,0,1,0.016688412,-0.016688412,0.1
Lydia Andrade,RB Leipzig W,3.104401943,4,22,0.14110917922727273,0.895598057,2.2
Lyndon Dykes,Scotland,0.867444696,0,6,0.144574116,-0.867444696,0.6
Lynn Raenie Williams,North Carolina Courage,10.269412647,7,51,0.20136103229411764,-3.2694126469999993,5.1
Lynn Williams Biyendolo,NJ/NY Gotham FC,9.854770287000001,8,87,0.11327322168965519,-1.854770287000001,8.7
Lynn Williams Biyendolo,United States Women's,1.161008201,0,9,0.12900091122222224,-1.161008201,0.9
Lynn Wilms,Netherlands Women's,0.102328249,0,3,0.03410941633333333,-0.102328249,0.3
Lynn Wilms,VfL Wolfsburg WFC,0.612148449,0,14,0.04372488921428571,-0.612148449,1.4
László Bénes,Slovakia,0.14899905,0,1,0.14899905,-0.14899905,0.1
László Kleinheisler,Hungary,0.014760561,0,1,0.014760561,-0.014760561,0.1
László Kleinheisler,Werder Bremen,0.3207830265,0,4,0.080195756625,-0.3207830265,0.4
Léa Le Garrec,Brighton & Hove Albion WFC,1.699742048,1,36,0.04721505688888889,-0.6997420480000001,3.6
Léa Le Garrec,France Women's,0.1095852735,1,5,0.0219170547,0.8904147265,0.5
Léandre Griffit,Southampton,0.009524352,0,1,0.009524352,-0.009524352,0.1
Léo Dubois,Nantes,0.493926678,0,11,0.044902425272727274,-0.493926678,1.1
Lévy Koffi Djidji,Nantes,0.669396703,0,6,0.11156611716666666,-0.669396703,0.6
Lúcia Catarina Sousa Alves,Portugal Women's,0.20625514,0,2,0.10312757,-0.20625514,0.2
M''Baye Babacar Niang,AC Milan,5.015888137,5,38,0.1319970562368421,-0.015888137000000135,3.8
M''Baye Babacar Niang,Auxerre,0.20305672,0,2,0.10152836,-0.20305672,0.2
M''Baye Babacar Niang,Bordeaux,0.041779328000000004,0,2,0.020889664000000002,-0.041779328000000004,0.2
M'Baye Babacar Niang,Senegal,1.434392171,1,8,0.179299021375,-0.43439217100000005,0.8
MacDonald Mariga Wanyama,Real Sociedad,0.03319706,0,1,0.03319706,-0.03319706,0.1
Macarena Portales Nieto,Valencia CF,2.863600973,2,28,0.10227146332142857,-0.863600973,2.8
Maciej Rybus,Poland,0.15610239,0,1,0.15610239,-0.15610239,0.1
Mackenzie Arnold,Australia Women's,0.7539362,0,1,0.7539362,-0.7539362,0.1
Mackenzie Pluck,Angel City,0.019162914,0,1,0.019162914,-0.019162914,0.1
Maddi Torre Larrañaga,Athletic Club Bilbao,2.025743465,1,18,0.11254130361111112,-1.0257434650000001,1.8
Maddie Ann Pokorny,Racing Louisville FC,0.366532827,0,6,0.0610888045,-0.366532827,0.6
Madeleine Steck,Nürnberg W,0.618662763,0,9,0.068740307,-0.618662763,0.9
Madelen Fatimma Maria Janogy,Fiorentina W,3.558968979,7,21,0.16947471328571428,3.441031021,2.1
Madelen Fatimma Maria Janogy,Sweden Women's,1.6015396149999999,1,10,0.1601539615,-0.6015396149999999,1.0
Madelyn Desiano,Houston Dash,0.11143915,0,1,0.11143915,-0.11143915,0.1
Madison Haley,Brighton & Hove Albion WFC,2.656869627,2,15,0.17712464179999998,-0.6568696269999998,1.5
Madison Hammond,Angel City,1.8850301699999998,1,11,0.17136637909090907,-0.8850301699999998,1.1
Madison Pogarch,San Diego Wave,0.317100109,1,4,0.07927502725,0.6828998909999999,0.4
Madison Tiernan,NJ/NY Gotham FC,0.084746536,0,2,0.042373268,-0.084746536,0.2
Magdalena Lilly Eriksson,Bayern München W,0.943591879,4,10,0.0943591879,3.056408121,1.0
Magdalena Lilly Eriksson,Chelsea FCW,9.283122843000001,4,66,0.14065337640909092,-5.283122843000001,6.6
Magdalena Lilly Eriksson,Sweden Women's,3.4592074029999997,1,21,0.16472416204761903,-2.4592074029999997,2.1
Magomed Ozdoev,Russia,0.454147594,0,4,0.1135368985,-0.454147594,0.4
Mahamadou Diarra,Real Madrid,0.286557412,0,5,0.0573114824,-0.286557412,0.5
Mahamane El-Hadj Traoré,OGC Nice,1.84998718,2,8,0.2312483975,0.15001281999999994,0.8
Mahdi Camara,Saint-Étienne,0.085014805,0,2,0.0425074025,-0.085014805,0.2
Mahmoud Dahoud,Borussia Mönchengladbach,2.761968494,5,40,0.06904921235,2.238031506,4.0
Mahmoud Hamada,Egypt,0.7539362,1,1,0.7539362,0.24606380000000005,0.1
Mahmoud Ibrahim Hassan,Egypt,1.010947733,1,14,0.07221055235714287,-0.01094773300000007,1.4
Maicon Douglas Sisenando,AS Roma,0.758247792,1,11,0.06893161745454546,0.24175220799999997,1.1
Maicon Douglas Sisenando,Inter Milan,0.012992993,0,1,0.012992993,-0.012992993,0.1
Maika Hamano,Chelsea FCW,2.363041638,2,14,0.16878868842857142,-0.3630416379999999,1.4
Maika Hamano,Japan Women's,0.013722681,0,1,0.013722681,-0.013722681,0.1
Maike Berentzen,SGS Essen 19/68,0.877579201,0,7,0.12536845728571427,-0.877579201,0.7
Maisie Symonds,Brighton & Hove Albion WFC,0.43939794,0,9,0.048821993333333334,-0.43939794,0.9
Maisy Barker,West Ham United LFC,0.014446847,0,1,0.014446847,-0.014446847,0.1
Maitane López Millán,NJ/NY Gotham FC,0.269498986,1,3,0.08983299533333333,0.730501014,0.3
Maite Oroz Areta,Real Madrid CF W,2.2714465759999998,5,17,0.13361450447058823,2.7285534240000002,1.7
Maite Zubieta Aranbarri,Athletic Club Bilbao,1.01485092,0,21,0.04832623428571429,-1.01485092,2.1
Maja Jelčić,FC Internazionale Milano W,3.494025357,1,16,0.2183765848125,-2.494025357,1.6
Maja Sternad,SV Werder Bremen,2.48498427,2,22,0.11295383045454545,-0.48498427,2.2
Majeed Ashimeru,Ghana,0.025820775,0,1,0.025820775,-0.025820775,0.1
Makan Winkle Chote,Goa,0.811927464,1,12,0.067660622,0.18807253599999996,1.2
Makenzy Doniak,San Diego Wave,3.547936802,3,33,0.10751323642424243,-0.5479368020000002,3.3
Makoto Hasebe,Eintracht Frankfurt,0.19521610299999997,1,7,0.02788801471428571,0.8047838970000001,0.7
Makoto Hasebe,Japan,0.03791805,0,1,0.03791805,-0.03791805,0.1
Malcom Filipe Silva de Oliveira,Barcelona,1.375069283,1,9,0.15278547588888888,-0.375069283,0.9
Malcom Filipe Silva de Oliveira,Bordeaux,0.81859052,1,10,0.081859052,0.18140948,1.0
Malia Berkely,North Carolina Courage,0.155421684,0,4,0.038855421,-0.155421684,0.4
Malia Grace Steinmetz,New Zealand Women's,0.209108156,0,5,0.0418216312,-0.209108156,0.5
Malik Tillman,United States,0.06258918,0,1,0.06258918,-0.06258918,0.1
Malin Gut,Arsenal WFC,0.36907397399999997,0,4,0.09226849349999999,-0.36907397399999997,0.4
Mallory Diane Swanson,Chicago Red Stars,1.700821442,1,9,0.18898016022222222,-0.7008214420000001,0.9
Mallory Diane Swanson,United States Women's,0.87386449,1,4,0.2184661225,0.12613551,0.4
Mallory Eubanks,Washington Spirit,0.049979309,0,2,0.0249896545,-0.049979309,0.2
Mallory Pugh,Washington Spirit,0.966633919,1,7,0.13809055985714286,0.03336608100000005,0.7
Mallory Weber,Portland Thorns,0.48573302700000004,0,3,0.16191100900000002,-0.48573302700000004,0.3
Malo Gusto,Lyon,0.012688727,0,1,0.012688727,-0.012688727,0.1
Mama Samba Baldé,Guinea-Bissau,0.20115685,0,3,0.06705228333333334,-0.20115685,0.3
Mama Samba Baldé,Troyes,0.414103193,2,6,0.06901719883333333,1.5858968070000001,0.6
Mamadou Koné,Leganés,0.09562088,0,2,0.04781044,-0.09562088,0.2
Mamadou Koné,Racing Santander,0.069109295,0,2,0.0345546475,-0.069109295,0.2
Mamadou N''Diaye,Montpellier,0.040675866,0,2,0.020337933,-0.040675866,0.2
Mamadou Sakho,Liverpool,1.369074751,1,6,0.2281791251666667,-0.3690747510000001,0.6
Mamadou Sylla Diallo,Espanyol,1.451614397,0,8,0.181451799625,-1.451614397,0.8
Mame Biram Diouf,Senegal,0.22711695,0,2,0.113558475,-0.22711695,0.2
Mame Biram Diouf,Stoke City,4.205189227,5,32,0.13141216334375,0.794810773,3.2
Mamello Makhabane,South Africa Women's,0.03950583,0,1,0.03950583,-0.03950583,0.1
Mana Dembélé,Guingamp,1.521586542,0,14,0.10868475300000001,-1.521586542,1.4
Mana Iwabuchi,Aston Villa,1.299644545,2,11,0.11814950409090909,0.700355455,1.1
Mana Iwabuchi,Japan Women's,0.585623214,1,8,0.07320290175,0.41437678600000005,0.8
Manaka Matsukubo,North Carolina Courage,0.746693729,1,10,0.0746693729,0.253306271,1.0
Mandar Rao Desai,Mumbai City,0.074364129,0,2,0.0371820645,-0.074364129,0.2
Manjou Wilde,Köln,0.301384787,0,6,0.050230797833333334,-0.301384787,0.6
Manoel Francisco dos Santos,Brazil,1.065426454,0,10,0.1065426454,-1.065426454,1.0
Manolo Gabbiadini,Napoli,3.4163455105,5,30,0.11387818368333333,1.5836544895000002,3.0
Manuel Agudo Durán,Barcelona,0.28315046,0,1,0.28315046,-0.28315046,0.1
Manuel Agudo Durán,Celta Vigo,11.03736636,12,93,0.11868135870967741,0.96263364,9.3
Manuel Agudo Durán,Granada,0.09045163,0,1,0.09045163,-0.09045163,0.1
Manuel Agudo Durán,Sevilla,0.06429982,0,1,0.06429982,-0.06429982,0.1
Manuel Alejandro García Sánchez,Deportivo Alavés,0.597867763,0,3,0.19928925433333333,-0.597867763,0.3
Manuel Castellano Castro,Eibar,0.268881105,0,4,0.06722027625,-0.268881105,0.4
Manuel Gaspar Haro,Málaga,0.019204639,0,1,0.019204639,-0.019204639,0.1
Manuel Gulde,Freiburg,0.42932695,1,2,0.214663475,0.57067305,0.2
Manuel Henrique Tavares Fernandes,Portugal,0.031725065999999996,0,2,0.015862532999999998,-0.031725065999999996,0.2
Manuel Henrique Tavares Fernandes,Valencia,0.017168194,0,1,0.017168194,-0.017168194,0.1
Manuel Jesús Arana Rodríguez,Racing Santander,0.056673552,0,4,0.014168388,-0.056673552,0.4
Manuel Jesús Ortiz Toribio,Osasuna,0.036651226,0,2,0.018325613,-0.036651226,0.2
Manuel Jesús Vázquez Florido,Real Betis,0.165040353,0,2,0.0825201765,-0.165040353,0.2
Manuel Lanzarote Bruno,Espanyol,0.07409562,0,1,0.07409562,-0.07409562,0.1
Manuel Lanzini,West Ham United,3.814146344,5,48,0.07946138216666666,1.185853656,4.8
Manuel Locatelli,Italy,1.712971381,2,6,0.28549523016666667,0.287028619,0.6
Manuel Luís da Silva Cafumana,Angola,0.037369721,0,2,0.0186848605,-0.037369721,0.2
Manuel Marouan da Costa Trinidade,Morocco,0.06496154700000001,0,2,0.032480773500000004,-0.06496154700000001,0.2
Manuel Neuer,Bayern Munich,0.7539362,1,1,0.7539362,0.24606380000000005,0.1
Manuel Obafemi Akanji,Switzerland,4.139322129,2,14,0.29566586635714287,-2.139322129,1.4
Manuel Onwu Villafranca,Osasuna,0.013795818,0,1,0.013795818,-0.013795818,0.1
Manuel Pablo García Díaz,RC Deportivo La Coruña,0.283328556,0,3,0.09444285200000001,-0.283328556,0.3
Manuel Pasqual,Fiorentina,0.477709128,0,5,0.09554182559999999,-0.477709128,0.5
Manuel Pucciarelli,Empoli,6.645187402,6,58,0.1145721965862069,-0.6451874020000004,5.8
Manuel Rolando Iturra Urrutia,Granada,0.012391905,0,1,0.012391905,-0.012391905,0.1
Manuel Rolando Iturra Urrutia,Udinese,0.690640143,0,4,0.17266003575,-0.690640143,0.4
Manuel Schmiedebach,Hannover 96,0.6861573830000001,1,11,0.06237794390909091,0.31384261699999993,1.1
Manuel Trigueros Muñoz,Villarreal,1.4854604825,3,36,0.04126279118055556,1.5145395175,3.6
Manuel Ugarte Ribeiro,Uruguay,1.0182719310000001,1,5,0.20365438620000004,-0.01827193100000013,0.5
Manuel Velázquez Villaverde,Real Madrid,0.43952696,0,2,0.21976348,-0.43952696,0.2
Manuel del Moral Fernández,Eibar,0.00918709,0,1,0.00918709,-0.00918709,0.1
Manuel del Moral Fernández,Getafe,1.4748676405,3,12,0.12290563670833334,1.5251323595,1.2
Manuel del Moral Fernández,Sevilla,0.861575929,0,8,0.107696991125,-0.861575929,0.8
Manuela Giugliano,AS Roma W,10.5560072705,10,91,0.1160000798956044,-0.5560072705000003,9.1
Manuela Giugliano,Italy Women's,0.447007542,0,12,0.0372506285,-0.447007542,1.2
Manuela Sciabica,Sassuolo W,0.962960864,2,7,0.1375658377142857,1.037039136,0.7
Manuela Vanegas Cataño,Colombia Women's,0.256860252,1,5,0.0513720504,0.7431397479999999,0.5
Manuela Vanegas Cataño,Real Sociedad de Fútbol,1.087482525,1,15,0.072498835,-0.08748252499999998,1.5
Manvir Singh,ATK Mohun Bagan,3.027830398,4,26,0.1164550153076923,0.9721696020000001,2.6
Manvir Singh,Mohun Bagan Super Giant,2.1995352155,2,20,0.109976760775,-0.19953521550000008,2.0
Manvir Singh,NorthEast United,0.009251133,0,1,0.009251133,-0.009251133,0.1
Mapou Yanga-Mbiwa,Lyon,1.0371887069999999,2,7,0.14816981528571427,0.9628112930000001,0.7
Mapula Nomvula Kgoale,South Africa Women's,0.016081607,0,1,0.016081607,-0.016081607,0.1
Mar Imbergamo,Villarreal,0.040270492,0,1,0.040270492,-0.040270492,0.1
Mara Alber,Hoffenheim W,3.674284274,6,38,0.09669169142105263,2.325715726,3.8
Marc Albrighton,Leicester City,2.708526351,2,42,0.06448872264285714,-0.7085263510000002,4.2
Marc Bartra Aregall,Barcelona,3.209955491,4,22,0.14590706777272727,0.7900445089999999,2.2
Marc Bartra Aregall,Real Betis,0.053362045000000004,0,2,0.026681022500000002,-0.053362045000000004,0.2
Marc Bertrán Vilanova,Osasuna,0.020852994,0,1,0.020852994,-0.020852994,0.1
Marc Cucurella Saseta,Eibar,0.4922196,1,2,0.2461098,0.5077804,0.2
Marc Cucurella Saseta,Getafe,0.174073419,0,3,0.058024473,-0.174073419,0.3
Marc Cucurella Saseta,Spain,0.02906043,0,1,0.02906043,-0.02906043,0.1
Marc Guehi,England,0.194585178,0,2,0.097292589,-0.194585178,0.2
Marc Muniesa Martínez,Girona,0.018929133,0,1,0.018929133,-0.018929133,0.1
Marc Muniesa Martínez,Stoke City,0.071968264,0,3,0.023989421333333334,-0.071968264,0.3
Marc Pugh,AFC Bournemouth,2.979936885,3,22,0.1354516765909091,0.02006311500000013,2.2
Marc Roca Junqué,Espanyol,0.093548032,0,3,0.031182677333333336,-0.093548032,0.3
Marc Stendera,Eintracht Frankfurt,2.120705112,2,39,0.05437705415384615,-0.120705112,3.9
Marc Torrejón Moya,Espanyol,0.35186369500000003,0,2,0.17593184750000002,-0.35186369500000003,0.2
Marc Torrejón Moya,Racing Santander,0.07479477,0,1,0.07479477,-0.07479477,0.1
Marc-André ter Stegen,Barcelona,0.06737323,0,1,0.06737323,-0.06737323,0.1
Marcel Büchel,Empoli,1.067201698,2,36,0.029644491611111115,0.9327983019999999,3.6
Marcel Halstenberg,Germany,0.061708674,0,1,0.061708674,-0.061708674,0.1
Marcel Hartel,FC Köln,0.34642131600000003,0,4,0.08660532900000001,-0.34642131600000003,0.4
Marcel Heller,Darmstadt 98,3.199106209,6,32,0.09997206903125,2.800893791,3.2
Marcel Risse,FC Köln,2.044663173,3,45,0.0454369594,0.955336827,4.5
Marcel Sabitzer,Austria,1.8055539360000001,1,23,0.07850234504347826,-0.8055539360000001,2.3
Marcel Sabitzer,Borussia Dortmund,0.1387795,0,2,0.06938975,-0.1387795,0.2
Marcel Schmelzer,Borussia Dortmund,0.951056579,0,21,0.04528840852380952,-0.951056579,2.1
Marcel Schäfer,Wolfsburg,0.789651871,1,12,0.06580432258333334,0.210348129,1.2
Marcel Tisserand,Toulouse,1.154487244,1,10,0.11544872440000001,-0.15448724400000002,1.0
Marcelino Ignacio Nuñez Espinoza,Chile,0.08178718900000001,0,3,0.027262396333333338,-0.08178718900000001,0.3
Marcello Gazzola,Sassuolo,0.22446305500000002,0,2,0.11223152750000001,-0.22446305500000002,0.2
Marcello Trotta,Sassuolo,1.794299251,1,12,0.14952493758333332,-0.794299251,1.2
Marcelo Alfonso Díaz Rojas,Celta Vigo,0.503506097,0,12,0.04195884141666667,-0.503506097,1.2
Marcelo Alfonso Díaz Rojas,Hamburger SV,0.342856783,0,9,0.03809519811111111,-0.342856783,0.9
Marcelo Amado Djaló Taritolay,Guinea-Bissau,0.028306356,0,1,0.028306356,-0.028306356,0.1
Marcelo Antônio Guedes Filho,Hannover 96,0.830867504,1,7,0.11869535771428572,0.16913249600000002,0.7
Marcelo Brozović,Croatia,2.489442369,2,14,0.17781731207142856,-0.4894423689999998,1.4
Marcelo Brozović,Inter Milan,3.6513312845,4,56,0.06520234436607143,0.3486687155000001,5.6
Marcelo Daniel Gallardo,River Plate,0.430707446,0,8,0.05383843075,-0.430707446,0.8
Marcelo Leite Pereira,NorthEast United,1.239998972,1,15,0.08266659813333334,-0.23999897199999998,1.5
Marcelo Ribeiro dos Santos,East Bengal,1.62265001,0,18,0.09014722277777779,-1.62265001,1.8
Marcelo Vieira da Silva Júnior,Brazil,0.07140662,0,4,0.017851655,-0.07140662,0.4
Marcelo Vieira da Silva Júnior,Real Madrid,3.7247601565,4,40,0.0931190039125,0.2752398435000001,4.0
Marcial Manuel Pina Morales,Barcelona,0.097750924,0,3,0.03258364133333334,-0.097750924,0.3
Marciano Sanca Tchami,Guinea-Bissau,0.15474724,0,2,0.07737362,-0.15474724,0.2
Marcin Ryszard Wasilewski,Leicester City,0.041340843,0,1,0.041340843,-0.041340843,0.1
Marco Andreolli,Sevilla,0.34930851,0,3,0.11643617,-0.34930851,0.3
Marco Antonio Ortega Cotano,Gimnàstic Tarragona,0.023736194,0,1,0.023736194,-0.023736194,0.1
Marco Antônio De Mattos Filho,Udinese,0.503472834,0,9,0.055941425999999995,-0.503472834,0.9
Marco Asensio Willemsen,Espanyol,6.862239817,4,59,0.11630914944067797,-2.862239817,5.9
Marco Asensio Willemsen,Real Madrid,1.051011498,1,7,0.15014449971428573,-0.051011498000000044,0.7
Marco Asensio Willemsen,Spain,1.32016834,1,13,0.10155141076923077,-0.32016833999999994,1.3
Marco Benassi,Torino,3.194703575,3,47,0.06797241648936171,-0.19470357500000013,4.7
Marco Borriello,Atalanta,3.272772637,4,26,0.12587587065384614,0.7272273629999999,2.6
Marco Borriello,Carpi,2.651804032,4,29,0.09144151834482758,1.3481959680000002,2.9
Marco Crimi,Carpi,0.36855854,0,8,0.0460698175,-0.36855854,0.8
Marco D''Alessandro,Atalanta,1.642073404,3,14,0.11729095742857143,1.357926596,1.4
Marco Gastón Ruben Rodríguez,Recreativo Huelva,0.452352876,2,5,0.0904705752,1.547647124,0.5
Marco Gastón Ruben Rodríguez,Villarreal,0.175625726,0,4,0.0439064315,-0.175625726,0.4
Marco Höger,Schalke 04,0.189724897,0,2,0.0948624485,-0.189724897,0.2
Marco Jhonfai Fabián De La Mora,Eintracht Frankfurt,0.812665148,0,19,0.04277184989473684,-0.812665148,1.9
Marco Jhonfai Fabián De La Mora,Mexico,0.015981596,0,1,0.015981596,-0.015981596,0.1
Marco Parolo,Lazio,5.357020993,3,56,0.09566108916071428,-2.357020993,5.6
Marco Reus,Borussia Dortmund,9.265179653,12,64,0.144768432078125,2.7348203469999994,6.4
Marco Reus,Germany,0.507090275,1,6,0.08451504583333334,0.49290972499999997,0.6
Marco Russ,Eintracht Frankfurt,2.4342589897,3,22,0.11064813589545454,0.5657410103,2.2
Marco Sahanek,NorthEast United,0.7835904380000001,1,15,0.05223936253333334,0.21640956199999994,1.5
Marco Sailer,Darmstadt 98,0.9110927600000001,1,6,0.15184879333333334,0.08890723999999994,0.6
Marco Verratti,Italy,0.252100227,0,4,0.06302505675,-0.252100227,0.4
Marco Verratti,Paris Saint-Germain,0.954241081,1,11,0.08674918918181819,0.045758918999999953,1.1
Marco Zambelli,Empoli,0.027590385,0,1,0.027590385,-0.027590385,0.1
Marco van Ginkel,Stoke City,0.662537127,0,10,0.0662537127,-0.662537127,1.0
Marcos Alberto Angeleri,Málaga,0.297162096,0,4,0.074290524,-0.297162096,0.4
Marcos Alonso Mendoza,Fiorentina,3.6402775825,3,56,0.06500495683035715,-0.6402775825,5.6
Marcos Alonso Peña,Barcelona,0.600680201,1,7,0.08581145728571428,0.39931979900000003,0.7
Marcos André de Sousa Mendonça,Real Valladolid,0.12911746999999998,0,2,0.06455873499999999,-0.12911746999999998,0.2
Marcos Antonio Senna da Silva,Villarreal,1.7486839609999998,2,7,0.2498119944285714,0.2513160390000002,0.7
Marcos Aoás Corrêa,Brazil,0.9525914539999999,0,3,0.3175304846666666,-0.9525914539999999,0.3
Marcos Aoás Corrêa,Paris Saint-Germain,5.8330769149999995,6,38,0.15350202407894736,0.16692308500000053,3.8
Marcos Danilo Ureña Porras,Costa Rica,0.10658619800000001,0,2,0.053293099000000003,-0.10658619800000001,0.2
Marcos Evangelista de Moraes,AC Milan,0.027924646,0,1,0.027924646,-0.027924646,0.1
Marcos García Barreno,Villarreal,0.11445793,1,1,0.11445793,0.88554207,0.1
Marcos Gullón Ferrera,Racing Santander,0.29770705,0,1,0.29770705,-0.29770705,0.1
Marcos Javier Acuña,Argentina,0.179022114,0,4,0.0447555285,-0.179022114,0.4
Marcos Johan López Lanfranco,Peru,0.018097853,0,1,0.018097853,-0.018097853,0.1
Marcos Llorente Moreno,Atlético Madrid,0.5011619979999999,0,4,0.12529049949999999,-0.5011619979999999,0.4
Marcos Llorente Moreno,Deportivo Alavés,0.196805749,0,2,0.0984028745,-0.196805749,0.2
Marcos Llorente Moreno,Spain,0.527447345,0,5,0.105489469,-0.527447345,0.5
Marcos Paulo Mesquita Lopes,AS Monaco,0.78927139,0,3,0.26309046333333336,-0.78927139,0.3
Marcos Paulo Mesquita Lopes,Lille,0.98435408,2,20,0.049217704,1.0156459199999999,2.0
Marcos Paulo Mesquita Lopes,Troyes,0.678264607,0,5,0.13565292140000001,-0.678264607,0.5
Marcos Sebastián Aguirre,Real Valladolid,0.035333447,0,1,0.035333447,-0.035333447,0.1
Marcus Allbäck,Aston Villa,0.37046263,0,2,0.185231315,-0.37046263,0.2
Marcus Andreas Danielsson,Sweden,0.41124514,0,1,0.41124514,-0.41124514,0.1
Marcus Bent,Leicester City,0.06769184,0,2,0.03384592,-0.06769184,0.2
Marcus Berg,Sweden,3.23702075,0,17,0.19041298529411765,-3.23702075,1.7
Marcus Coco,Guingamp,2.241865069,1,22,0.10190295768181819,-1.2418650690000002,2.2
Marcus Coco,Nantes,0.10558412,0,3,0.035194706666666666,-0.10558412,0.3
Marcus Rashford,England,3.153974423,4,18,0.17522080127777778,0.8460255769999998,1.8
Marcus Rashford,Manchester United,2.350156294,5,16,0.146884768375,2.649843706,1.6
Marcus Thuram,France,1.848298139,1,14,0.13202129564285714,-0.848298139,1.4
Marek Hamšík,Napoli,6.4815110699,6,84,0.0771608460702381,-0.4815110698999998,8.4
Marek Hamšík,Slovakia,0.133056346,0,4,0.0332640865,-0.133056346,0.4
Maren Nævdal Mjelde,Chelsea FCW,4.9919304175,6,27,0.18488631175925926,1.0080695825000001,2.7
Maren Nævdal Mjelde,Norway Women's,1.640308015,1,10,0.1640308015,-0.640308015,1.0
Margaret Belemu,Zambia W,0.025575925,0,1,0.025575925,-0.025575925,0.1
Margaret Purce,NJ/NY Gotham FC,5.740990114,4,35,0.16402828897142857,-1.7409901139999997,3.5
Margaret Purce,Portland Thorns,0.069974957,0,3,0.02332498566666667,-0.069974957,0.3
Margherita Monnecchi,Como W,3.70176217,1,52,0.07118773403846154,-2.70176217,5.2
Mari Ward,Bristol City WFC,0.569988888,0,4,0.142497222,-0.569988888,0.4
Maria Eduarda Ferreira Sampaio,Brazil Women's,0.11644275000000001,0,2,0.058221375000000006,-0.11644275000000001,0.2
Maria Edwards,SGS Essen 19/68,0.22175281600000002,0,4,0.055438204000000005,-0.22175281600000002,0.4
Maria Estella del Valle,Costa Adeje Tenerife,0.49475699,2,4,0.1236892475,1.50524301,0.4
Maria Guadalupe Sanchez Morales,Houston Dash,3.326697702,4,32,0.1039593031875,0.6733022979999999,3.2
Maria Inmaculada Gabarro Romero,Sevilla FC,8.594003837,6,85,0.10110592749411766,-2.5940038370000007,8.5
Maria Luisa Filangeri,Sassuolo W,0.441296544,0,4,0.110324136,-0.441296544,0.4
Maria Morena Gianfico,Napoli W,0.537327317,0,6,0.08955455283333334,-0.537327317,0.6
Maria Thorisdottir,Brighton & Hove Albion WFC,0.15178622,0,2,0.07589311,-0.15178622,0.2
Maria Thorisdottir,Chelsea FCW,0.223099481,1,4,0.05577487025,0.776900519,0.4
Maria Thorisdottir,Manchester United,0.17879097,0,2,0.089395485,-0.17879097,0.2
Maria Thorisdottir,Manchester United W,0.038423102,0,1,0.038423102,-0.038423102,0.1
Maria Thorisdottir,Norway Women's,0.27067035,0,2,0.135335175,-0.27067035,0.2
Mariam Abdulai Toloba,Belgium Women's,0.464311162,0,5,0.0928622324,-0.464311162,0.5
Mariana Cerro,Athletic Club Bilbao,1.437561112,2,21,0.06845529104761905,0.562438888,2.1
Mariana De Los Angeles Benavidez,Costa Rica Women's,0.020881549,0,1,0.020881549,-0.020881549,0.1
Mariana Valeria Larroquette,Argentina Women's,0.648816578,0,9,0.0720907308888889,-0.648816578,0.9
Mariana Valeria Larroquette,Orlando Pride,0.47130467,1,3,0.15710155666666667,0.52869533,0.3
Marianela Szymanowski Alonso,Pomigliano,1.3040424800000001,2,18,0.07244680444444446,0.6959575199999999,1.8
Mariano Andrés Pernía,Atlético Madrid,0.031211843000000003,0,2,0.015605921500000002,-0.031211843000000003,0.2
Mariano Andrés Pernía,Getafe,0.011503143,1,1,0.011503143,0.988496857,0.1
Mariano Díaz Mejía,Real Madrid,0.10625847,1,1,0.10625847,0.89374153,0.1
Mariano Ferreira Filho,Sevilla,0.667801765,0,11,0.06070925136363636,-0.667801765,1.1
Marie Detruyer,Belgium Women's,0.48111612,0,1,0.48111612,-0.48111612,0.1
Marie Minnaert,Belgium Women's,0.150801761,0,2,0.0754008805,-0.150801761,0.2
Marie Müller,SC Freiburg,1.556423755,1,18,0.08646798638888889,-0.556423755,1.8
Marie Therese Höbinger,Austria Women's,0.04247293,0,1,0.04247293,-0.04247293,0.1
Marie Therese Höbinger,Liverpool WFC,1.879454635,5,26,0.07228671673076924,3.120545365,2.6
Marie-Antoinette Katoto,France Women's,2.729105117,3,12,0.22742542641666666,0.270894883,1.2
Mariela Del Carmen Coronel,Argentina Women's,0.022517983,0,1,0.022517983,-0.022517983,0.1
Marija Banušić,Napoli W,5.589627095,3,39,0.14332377166666666,-2.589627095,3.9
Marina Georgieva,Austria Women's,0.18931616,0,2,0.09465808,-0.18931616,0.2
Marina Georgieva,Fiorentina W,1.26782469,0,6,0.21130411500000001,-1.26782469,0.6
Marina Hegering,Germany Women's,1.531346637,0,9,0.17014962633333333,-1.531346637,0.9
Marina Hegering,VfL Wolfsburg WFC,1.596864941,2,18,0.08871471894444444,0.403135059,1.8
Marina Martí Serna,Valencia CF,2.34199473,2,33,0.07096953727272727,-0.34199473000000014,3.3
Marina Rivas,Madrid CFF,0.124901591,0,2,0.0624507955,-0.124901591,0.2
Marina Scholz,Nürnberg W,0.083529099,0,3,0.027843033,-0.083529099,0.3
Mario Alberto Kempes Chiodi,River Plate,0.03845101,0,1,0.03845101,-0.03845101,0.1
Mario Barwuah Balotelli,AC Milan,3.73259128,1,43,0.08680444837209302,-2.73259128,4.3
Mario Bermejo Castanedo,Celta Vigo,0.46821744299999996,1,3,0.15607248099999999,0.5317825570000001,0.3
Mario Bermejo Castanedo,Xerez,0.324058448,1,4,0.081014612,0.6759415520000001,0.4
Mario Bertini,Inter Milan,0.016172176,0,1,0.016172176,-0.016172176,0.1
Mario Frustalupi,Inter Milan,0.054375112,0,1,0.054375112,-0.054375112,0.1
Mario Gaspar Pérez Martínez,Villarreal,2.669949877,2,42,0.06357023516666667,-0.6699498770000001,4.2
Mario Gavranović,Switzerland,2.091774433,3,6,0.34862907216666666,0.9082255670000001,0.6
Mario González Gutiérrez,LAFC,0.15203339,0,1,0.15203339,-0.15203339,0.1
Mario Gutiérrez Cotelo,Getafe,0.095797144,0,3,0.031932381333333336,-0.095797144,0.3
Mario Gómez García,Bayern Munich,1.551930506,1,6,0.25865508433333334,-0.5519305059999999,0.6
Mario Gómez García,Germany,1.8507816099999999,0,6,0.30846360166666664,-1.8507816099999999,0.6
Mario Götze,Bayern Munich,2.81218216,3,17,0.16542247999999998,0.18781784000000012,1.7
Mario Götze,Eintracht Frankfurt,0.139256932,0,2,0.069628466,-0.139256932,0.2
Mario Götze,Germany,0.0779947,0,1,0.0779947,-0.0779947,0.1
Mario Hermoso Canseco,Atlético Madrid,0.29000577,0,1,0.29000577,-0.29000577,0.1
Mario Lemina,Juventus,0.272885693,2,5,0.0545771386,1.727114307,0.5
Mario Lemina,Marseille,0.16567020999999998,0,2,0.08283510499999999,-0.16567020999999998,0.2
Mario Lemina,Olympique de Marseille,0.23881554700000002,0,4,0.059703886750000004,-0.23881554700000002,0.4
Mario Mandžukić,Atlético Madrid,0.76046705,1,1,0.76046705,0.23953294999999997,0.1
Mario Mandžukić,Bayern Munich,1.289697424,1,5,0.2579394848,-0.2896974240000001,0.5
Mario Mandžukić,Croatia,3.374857811,3,12,0.28123815091666665,-0.37485781100000004,1.2
Mario Mandžukić,Juventus,8.534801163000001,11,41,0.20816588202439026,2.465198836999999,4.1
Mario Martínez Rubio,CD Numancia de Soria,0.149709131,1,2,0.0748545655,0.850290869,0.2
Mario Melchiot,Chelsea,0.3512906,0,1,0.3512906,-0.3512906,0.1
Mario Mitaj,Albania,0.034496132,0,1,0.034496132,-0.034496132,0.1
Mario Pašalić,AS Monaco,2.6542983380000003,3,20,0.1327149169,0.34570166199999974,2.0
Mario Pašalić,Croatia,1.6789108000000001,2,9,0.18654564444444446,0.32108919999999985,0.9
Mario Pašalić,Elche,0.153721987,0,2,0.0768609935,-0.153721987,0.2
Mario Suárez Mata,Atlético Madrid,0.039973281,0,2,0.0199866405,-0.039973281,0.2
Mario Suárez Mata,Fiorentina,0.39892188,1,7,0.05698884,0.6010781199999999,0.7
Mario Suárez Mata,Mallorca,0.056307633999999995,0,2,0.028153816999999998,-0.056307633999999995,0.2
Mario Suárez Mata,Watford,0.41997843500000004,0,9,0.04666427055555556,-0.41997843500000004,0.9
Mario Vrančić,Darmstadt 98,1.889043609,2,14,0.13493168635714287,0.11095639099999999,1.4
Marion Torrent,France Women's,0.281100072,0,4,0.070275018,-0.281100072,0.4
Marios Oikonomou,Bologna,0.377829875,0,5,0.075565975,-0.377829875,0.5
Maris Verpakovskis,Getafe,0.26926705,0,1,0.26926705,-0.26926705,0.1
Marisa Ewers,Aston Villa,0.381452183,0,9,0.042383575888888886,-0.381452183,0.9
Marisa Ewers,Birmingham City WFC,0.174712115,0,5,0.034942423,-0.174712115,0.5
Marisa Marie DiGrande,Houston Dash,1.240180818,0,20,0.0620090409,-1.240180818,2.0
Marissa Callaghan,Northern Ireland W,0.030175265,0,1,0.030175265,-0.030175265,0.1
Marissa Maeve Sheva,Washington Spirit,0.265965604,0,2,0.132982802,-0.265965604,0.2
Marius Bülter,Hoffenheim,0.018551625,0,1,0.018551625,-0.018551625,0.1
Marius Stankevičius,Valencia,0.021319892,0,1,0.021319892,-0.021319892,0.1
Marius Wolf,Borussia Dortmund,0.12834431,0,1,0.12834431,-0.12834431,0.1
Marius Wolf,Hannover 96,0.030335274,0,1,0.030335274,-0.030335274,0.1
Mark Anthony Kaye,Canada,0.041322827,0,1,0.041322827,-0.041322827,0.1
Mark Dennis González Hoffmann,Albacete,0.385741726,1,5,0.0771483452,0.614258274,0.5
Mark Dennis González Hoffmann,Real Betis,0.138048535,1,2,0.0690242675,0.861951465,0.2
Mark Kennedy,Wolverhampton Wanderers,0.070283179,0,2,0.0351415895,-0.070283179,0.2
Mark Kinsella,Aston Villa,0.0134297395,0,1,0.0134297395,-0.0134297395,0.1
Mark Noble,West Ham United,4.407514079,7,34,0.12963276702941176,2.5924859209999997,3.4
Mark Pembridge,Everton,0.042312701,0,2,0.0211563505,-0.042312701,0.2
Mark Uth,Hoffenheim,5.3035156699999995,8,33,0.16071259606060603,2.6964843300000005,3.3
Mark Viduka,Leeds United,0.0153399175,0,1,0.0153399175,-0.0153399175,0.1
Mark Zothanpuia,Hyderabad,0.014256541,0,1,0.014256541,-0.014256541,0.1
Mark van Bommel,Barcelona,0.969013621,0,17,0.057000801235294114,-0.969013621,1.7
Mark van Bommel,Bayern Munich,0.087434524,0,4,0.021858631,-0.087434524,0.4
Markel Bergara Larrañaga,Real Sociedad,1.242865858,1,17,0.07310975635294117,-0.24286585800000005,1.7
Markel Susaeta Laskurain,Athletic Club,4.6256524820000005,6,46,0.10055766265217392,1.3743475179999995,4.6
Marko Arnautović,Austria,2.133506907,2,12,0.17779224225,-0.13350690700000012,1.2
Marko Arnautović,Stoke City,10.16843919,11,72,0.14122832208333336,0.8315608099999992,7.2
Marko Baša,Lille,1.274426718,0,15,0.0849617812,-1.274426718,1.5
Marko Grujić,Serbia,0.011256559,0,1,0.011256559,-0.011256559,0.1
Marko Lešković,Kerala Blasters,2.292103746,0,18,0.127339097,-2.292103746,1.8
Marko Livaja,Croatia,1.440272847,1,7,0.20575326385714285,-0.4402728469999999,0.7
Marko Livaja,Empoli,0.805926847,1,16,0.0503704279375,0.19407315300000005,1.6
Marko Marin,Sevilla,0.07730794,0,1,0.07730794,-0.07730794,0.1
Marko Pjaca,Croatia,0.015791118,0,1,0.015791118,-0.015791118,0.1
Marko Rog,Sevilla,0.01865694,0,1,0.01865694,-0.01865694,0.1
Markus Babbel,Blackburn Rovers,0.06779334,0,1,0.06779334,-0.06779334,0.1
Markus Feulner,Augsburg,0.7737385330000001,1,13,0.059518348692307696,0.22626146699999994,1.3
Markus Rosenberg,Racing Santander,0.11082858200000001,0,2,0.055414291000000004,-0.11082858200000001,0.2
Markus Suttner,Ingolstadt,0.5671847265000001,0,20,0.028359236325000002,-0.5671847265000001,2.0
Marleen Schimmer,Köln,3.540884428,4,43,0.0823461494883721,0.45911557199999997,4.3
Marlene Müller,RB Leipzig W,3.113654033,1,21,0.14826923966666666,-2.113654033,2.1
Marlon Frey,Bayer Leverkusen,0.58328572,0,9,0.06480952444444445,-0.58328572,0.9
Marouane Chamakh,Crystal Palace,0.303493752,0,2,0.151746876,-0.303493752,0.2
Marouane Fellaini-Bakkioui,Belgium,0.648530376,1,5,0.1297060752,0.35146962400000004,0.5
Marouane Fellaini-Bakkioui,Manchester United,3.502628908,1,22,0.1592104049090909,-2.502628908,2.2
Marshall Nyasha Munetsi,Stade de Reims,0.6223079899999999,0,5,0.12446159799999998,-0.6223079899999999,0.5
Marta Alexandra Cox Villarreal,Panama Women's,0.329519218,1,8,0.04118990225,0.670480782,0.8
Marta Cardona De Miguel,Atletico Madrid W,2.14304307,1,13,0.16484946692307692,-1.14304307,1.3
Marta Cardona De Miguel,Spain Women's,0.576226685,1,5,0.11524533699999999,0.42377331500000004,0.5
Marta Carrasco García,Granada W,0.764866307,0,6,0.12747771783333334,-0.764866307,0.6
Marta Carro Nolasco,Valencia CF,1.6315137069999999,0,17,0.09597139452941175,-1.6315137069999999,1.7
Marta Cazalla Garcia,Hoffenheim W,2.231513618,4,19,0.11744808515789475,1.7684863819999999,1.9
Marta Corredera Rueda,Spain Women's,0.10741629,0,6,0.017902715,-0.10741629,0.6
Marta Mascarello,AC Milan W,1.7549144779999999,2,19,0.09236391989473684,0.2450855220000001,1.9
Marta Pandini,FC Internazionale Milano W,0.557079193,0,8,0.069634899125,-0.557079193,0.8
Marta San Adrián Rocandio,Athletic Club Bilbao,2.2032269225,2,24,0.09180112177083333,-0.20322692249999985,2.4
Marta Torrejón Moya,Barcelona WFC,5.825337629,8,39,0.1493676315128205,2.174662371,3.9
Marta Torrejón Moya,Spain Women's,0.22010585,0,3,0.07336861666666666,-0.22010585,0.3
Marta Vieira da Silva,Orlando Pride,4.160295423,2,25,0.16641181692,-2.160295423,2.5
Marta Vieira da Silva Veiga,Brazil Women's,1.9513845989999998,2,8,0.24392307487499998,0.04861540100000017,0.8
Marta Vieira da Silva Veiga,Orlando Pride,5.653880083,4,33,0.17132969948484847,-1.6538800829999998,3.3
Marten de Roon,Atalanta,0.796401102,1,20,0.0398200551,0.20359889799999997,2.0
Marten de Roon,Netherlands,0.030625472,0,1,0.030625472,-0.030625472,0.1
Martha Harris,Manchester United,0.195789193,0,5,0.0391578386,-0.195789193,0.5
Martha Harris,Manchester United W,0.291939741,0,5,0.0583879482,-0.291939741,0.5
Martha Tembo,Zambia W,0.023736194,0,1,0.023736194,-0.023736194,0.1
Martha Thomas,Tottenham Hotspur Women,6.369574868,7,46,0.13846901886956522,0.630425132,4.6
Martha Thomas,West Ham United LFC,10.105857449,8,76,0.13297180853947368,-2.105857449,7.6
Martin Andresen,Blackburn Rovers,0.03556634,0,1,0.03556634,-0.03556634,0.1
Martin Baturina,Croatia,0.0899079,0,1,0.0899079,-0.0899079,0.1
Martin Braithwaite Christensen,Barcelona,6.820051379,3,35,0.19485861082857142,-3.8200513789999997,3.5
Martin Braithwaite Christensen,Denmark,2.297171264,1,21,0.10938910780952382,-1.2971712640000002,2.1
Martin Braithwaite Christensen,Leganés,0.690227845,1,3,0.23007594833333334,0.309772155,0.3
Martin Braithwaite Christensen,Toulouse,15.235486056,11,108,0.14106931533333333,-4.235486055999999,10.8
Martin Harnik,VfB Stuttgart,4.949163839,2,32,0.15466136996875,-2.9491638389999997,3.2
Martin Hinteregger,Austria,0.1419936355,0,3,0.04733121183333333,-0.1419936355,0.3
Martin Hinteregger,Borussia Mönchengladbach,0.149602592,0,4,0.037400648,-0.149602592,0.4
Martin Hoffmann,German DR,0.018810933,0,1,0.018810933,-0.018810933,0.1
Martin Hongla Yma II,Cameroon,0.08084158,0,1,0.08084158,-0.08084158,0.1
Martin Kelly,Crystal Palace,0.021968724,0,1,0.021968724,-0.021968724,0.1
Martin Keown,Arsenal,0.1208242,0,1,0.1208242,-0.1208242,0.1
Martin Koscelník,Slovakia,0.088969015,0,1,0.088969015,-0.088969015,0.1
Martin Olsson,Norwich City,0.204098932,1,7,0.029156990285714286,0.795901068,0.7
Martin Petrov,Atlético Madrid,0.126759986,0,4,0.0316899965,-0.126759986,0.4
Martin Stanford Peters,England,0.155507368,0,4,0.038876842,-0.155507368,0.4
Martin Terrier,Rennes,0.380839532,0,4,0.095209883,-0.380839532,0.4
Martin Ødegaard,Real Sociedad,0.284212246,0,6,0.04736870766666667,-0.284212246,0.6
Martin Škrtel,Liverpool,0.619776134,1,10,0.0619776134,0.380223866,1.0
Martina Brustia,Sampdoria W,0.24379042,0,1,0.24379042,-0.24379042,0.1
Martina Di Bari,Napoli W,0.22506388100000002,0,4,0.056265970250000005,-0.22506388100000002,0.4
Martina Fernández,Barcelona WFC,3.2709303839999997,1,19,0.17215423073684208,-2.2709303839999997,1.9
Martina Fusini,Pomigliano,0.28506005700000003,0,8,0.035632507125000004,-0.28506005700000003,0.8
Martina Lenzini,Juventus W,0.333096388,0,6,0.05551606466666667,-0.333096388,0.6
Martina Piemonte,Everton LFC,4.717942777,3,32,0.14743571178125,-1.7179427770000002,3.2
Martina Piemonte,Italy Women's,0.88445996,1,9,0.0982733288888889,0.11554003999999996,0.9
Martina Rosucci,Italy Women's,0.13170238,0,1,0.13170238,-0.13170238,0.1
Martina Tomaselli,AS Roma W,0.88315922,2,4,0.220789805,1.11684078,0.4
Martina Toniolo,Fiorentina W,0.42046924799999996,0,6,0.07007820799999999,-0.42046924799999996,0.6
Martina Zanoli,Como W,0.06939150399999999,0,3,0.02313050133333333,-0.06939150399999999,0.3
Martina Zanoli,Fiorentina W,0.052987825,0,1,0.052987825,-0.052987825,0.1
Martyna Wiankowska,Köln,3.687461619,4,24,0.153644234125,0.312538381,2.4
Martyna Wiankowska,Poland Women's,0.187697208,1,2,0.093848604,0.812302792,0.2
Martí Crespí Pascual,Mallorca,0.03183727,0,1,0.03183727,-0.03183727,0.1
Martín Alejandro Cardetti,River Plate,0.20197102,0,1,0.20197102,-0.20197102,0.1
Martín Gastón Demichelis,Manchester City,0.51746027,0,5,0.10349205400000001,-0.51746027,0.5
Martín Gastón Demichelis,Málaga,0.12920983,0,1,0.12920983,-0.12920983,0.1
Martín Mauricio Astudillo,Osasuna,0.050815798,0,2,0.025407899,-0.050815798,0.2
Martín Maximiliano Mantovani,Leganés,0.32493266,0,1,0.32493266,-0.32493266,0.1
Martín Merquelanz Castellanos,Real Sociedad,0.039243124,0,1,0.039243124,-0.039243124,0.1
Martín Montoya Torralbo,Barcelona,0.385810122,0,7,0.05511573171428571,-0.385810122,0.7
Martín Montoya Torralbo,Real Betis,0.028410131,0,1,0.028410131,-0.028410131,0.1
Martín Palermo,Boca Juniors,0.406076265,1,2,0.2030381325,0.593923735,0.2
Martín Zubimendi Ibáñez,Real Sociedad,0.09857029,0,1,0.09857029,-0.09857029,0.1
Marvin Emnes,Swansea City,0.025039196,0,1,0.025039196,-0.025039196,0.1
Marvin Friedrich,Borussia Mönchengladbach,0.18378694099999998,0,4,0.045946735249999995,-0.18378694099999998,0.4
Marvin Gakpa,Lorient,0.016780289,0,1,0.016780289,-0.016780289,0.1
Marvin Martin,Lille,0.259289243,0,5,0.0518578486,-0.259289243,0.5
Marvin Matip,Ingolstadt,2.575511233,2,25,0.10302044932,-0.5755112329999998,2.5
Marvin Plattenhardt,Germany,0.026543347,0,1,0.026543347,-0.026543347,0.1
Marvin Plattenhardt,Hertha Berlin,0.8105610249999999,2,14,0.057897216071428566,1.189438975,1.4
Marvin Schulz,Borussia Mönchengladbach,0.013549474,0,1,0.013549474,-0.013549474,0.1
Marwan Attia Fahim Ghallab,Egypt,0.029572769,0,2,0.0147863845,-0.029572769,0.2
Marwan Mohsen,Egypt,0.329641834,0,6,0.05494030566666667,-0.329641834,0.6
Mary Alice Vignola,Angel City,2.412920089,3,26,0.09280461880769231,0.587079911,2.6
Mary Boio Fowler,Australia Women's,3.104253957,2,15,0.2069502638,-1.104253957,1.5
Mary Boio Fowler,Manchester City WFC,2.534434282,4,24,0.10560142841666666,1.4655657180000001,2.4
Maryan Wisnieski,France,0.081295185,0,1,0.081295185,-0.081295185,0.1
María  Molina Molero,Valencia CF,1.402056422,1,13,0.107850494,-0.402056422,1.3
María Catalina Usme Pineda,Colombia Women's,1.158691593,2,8,0.144836449125,0.8413084070000001,0.8
María Cienfuegos Baragaño,CD Sporting de Huelva,0.222889329,1,10,0.0222889329,0.777110671,1.0
María Florencia Bonsegundo,Argentina Women's,1.258279215,1,10,0.1258279215,-0.25827921499999995,1.0
María Francesca Caldentey Oliver,Barcelona WFC,9.355383605,10,63,0.14849815246031747,0.6446163949999999,6.3
María Francesca Caldentey Oliver,Spain Women's,6.396738501,4,39,0.16401893592307693,-2.3967385009999997,3.9
María Gabaldón Romero,Levante UD Femenino,0.046503447,0,2,0.0232517235,-0.046503447,0.2
María Jiménez,Real Betis Balompié,0.567082053,1,8,0.070885256625,0.43291794699999997,0.8
María José Pérez,Costa Adeje Tenerife,2.633182374,1,22,0.1196901079090909,-1.633182374,2.2
María José Urrutia Sánchez,Chile Women's,0.566914471,1,8,0.070864308875,0.43308552899999997,0.8
María Llompart Pons,Villarreal,3.163328854,3,31,0.10204286625806451,-0.16332885399999997,3.1
María Luisa García Antolín,Real Madrid CF W,0.373331506,0,4,0.0933328765,-0.373331506,0.4
María Méndez Fernández,Levante UD Femenino,1.699784002,3,8,0.21247300025,1.300215998,0.8
María Méndez Fernández,Spain Women's,0.25833805,0,2,0.129169025,-0.25833805,0.2
María Paula Coto González,Costa Rica Women's,0.32839746000000003,0,3,0.10946582,-0.32839746000000003,0.3
María Paula Salas,Costa Rica Women's,0.028658058,0,1,0.028658058,-0.028658058,0.1
María Pilar León Cebrián,Barcelona WFC,0.224118679,1,8,0.028014834875,0.775881321,0.8
María Pilar León Cebrián,Spain Women's,0.50459,0,4,0.1261475,-0.50459,0.4
María Pérez,Sevilla FC,0.7502186319999999,1,12,0.06251821933333333,0.24978136800000006,1.2
María Ruiz Gámez,CD Sporting de Huelva,1.726434188,0,18,0.09591301044444445,-1.726434188,1.8
María Victoria Losada Gómez,Brighton & Hove Albion WFC,0.925204819,1,8,0.115650602375,0.07479518100000004,0.8
María Victoria Losada Gómez,Spain Women's,0.037837733,0,1,0.037837733,-0.037837733,0.1
María de Alharilla Casado Morente,Levante UD Femenino,0.179210513,0,3,0.05973683766666666,-0.179210513,0.3
María de los Ángeles Carrión Egido,Real Betis Balompié,1.4461212095,2,14,0.10329437210714286,0.5538787905,1.4
Mashoor Shereef Thangalakath,NorthEast United,0.27091631,1,5,0.054183261999999996,0.72908369,0.5
Mason Mount,England,1.002329715,0,11,0.09112088318181817,-1.002329715,1.1
Masoud Shojaei Soleimani,Osasuna,0.15291352400000002,0,3,0.050971174666666674,-0.15291352400000002,0.3
Massadio Haïdara,Lens,0.073011144,0,2,0.036505572,-0.073011144,0.2
Massadio Haïdara,Newcastle United,0.045652537,0,3,0.015217512333333334,-0.045652537,0.3
Massimiliano Carlini,Frosinone,0.223583634,0,4,0.0558959085,-0.223583634,0.4
Massimo Crippa,Napoli,0.14732019200000002,0,5,0.029464038400000003,-0.14732019200000002,0.5
Massimo Gobbi,Chievo,0.6578379925,0,14,0.046988428035714284,-0.6578379925,1.4
Massimo Maccarone,Empoli,10.495643802,13,82,0.1279956561219512,2.504356198,8.2
Massimo Maccarone,Middlesbrough,0.76046705,1,1,0.76046705,0.23953294999999997,0.1
Mate Bilić,Sporting Gijón,0.311434418,0,5,0.062286883599999995,-0.311434418,0.5
Mateo Ezequiel García,Las Palmas,0.100184985,0,1,0.100184985,-0.100184985,0.1
Mateo Kovačić,Croatia,1.82363784,0,18,0.10131321333333333,-1.82363784,1.8
Mateo Kovačić,Real Madrid,1.175601081,0,11,0.10687282554545453,-1.175601081,1.1
Mateo Pablo Musacchio,Villarreal,0.5892993519999999,1,5,0.11785987039999998,0.41070064800000006,0.5
Mateo Retegui,Italy,0.46232356799999996,0,4,0.11558089199999999,-0.46232356799999996,0.4
Mateus Cardoso Lemos Martins,Lyon,0.054622762,0,1,0.054622762,-0.054622762,0.1
Mateusz Andrzej Klich,Poland,0.01710437,0,1,0.01710437,-0.01710437,0.1
Mateusz Bogusz,LAFC,0.057575638,0,2,0.028787819,-0.057575638,0.2
Mateusz Wieteska,Clermont Foot,0.03451581,0,1,0.03451581,-0.03451581,0.1
Matheus Dória Macedo,Granada,0.20950501,0,2,0.104752505,-0.20950501,0.2
Matheus Luiz Nunes,Portugal,0.194624226,0,2,0.097312113,-0.194624226,0.2
Mathew Leckie,Australia,1.113712702,1,10,0.1113712702,-0.11371270199999994,1.0
Mathew Leckie,Ingolstadt,4.5222582645000005,3,40,0.11305645661250001,-1.5222582645000005,4.0
Mathias Autret,Auxerre,0.024978869,0,1,0.024978869,-0.024978869,0.1
Mathias Coureur,NorthEast United,1.4012820346,1,21,0.06672771593333333,-0.4012820345999999,2.1
Mathias Jensen,Denmark,0.151261196,0,4,0.037815299,-0.151261196,0.4
Mathias Jørgensen Jatta,Denmark,0.25545344,1,1,0.25545344,0.7445465600000001,0.1
Mathias Pereira Lage,Stade Brestois,0.041627917,0,1,0.041627917,-0.041627917,0.1
Mathieu Bodmer,OGC Nice,0.374071578,1,4,0.0935178945,0.625928422,0.4
Mathieu Choiniere,Canada,0.7539362,1,1,0.7539362,0.24606380000000005,0.1
Mathieu Debuchy,Arsenal,0.052368596,0,1,0.052368596,-0.052368596,0.1
Mathieu Debuchy,Bordeaux,0.41992454,0,4,0.104981135,-0.41992454,0.4
Mathieu Deplagne,Montpellier,0.272442054,0,6,0.045407009,-0.272442054,0.6
Mathieu Flamini,Arsenal,0.7163001965,0,7,0.10232859949999999,-0.7163001965,0.7
Mathieu Valbuena,Lyon,2.90199158,1,41,0.07078028243902439,-1.9019915799999998,4.1
Mathis Rayan Cherki,Lyon,0.14545922,0,2,0.07272961,-0.14545922,0.2
Mathys Tel,Bayern Munich,0.065566312,0,2,0.032783156,-0.065566312,0.2
Mathías Adalberto Villasanti Rolón,Paraguay,0.202694565,0,3,0.067564855,-0.202694565,0.3
Mathías Olivera Miramontes,Getafe,0.1377704,0,1,0.1377704,-0.1377704,0.1
Mathías Olivera Miramontes,Uruguay,0.7607352890000001,1,6,0.12678921483333336,0.2392647109999999,0.6
Matilda Liv Vinberg,Tottenham Hotspur Women,1.295396311,1,11,0.117763301,-0.29539631099999997,1.1
Matilde Lundorf Skovsen,Brighton & Hove Albion WFC,0.514576754,0,7,0.07351096485714285,-0.514576754,0.7
Matilde Lundorf Skovsen,Como W,0.18200949,0,3,0.06066983,-0.18200949,0.3
Mato Jajalo,Palermo,1.029499713,0,20,0.051474985650000006,-1.029499713,2.0
Mats Hummels,Borussia Dortmund,1.718355867,2,12,0.14319632225,0.2816441329999999,1.2
Mats Hummels,Germany,1.4848219710000001,0,11,0.13498381554545455,-1.4848219710000001,1.1
Matt Grimes,Swansea City,0.045079336,0,1,0.045079336,-0.045079336,0.1
Matt Holland,Charlton Athletic,0.0073035425,0,1,0.0073035425,-0.0073035425,0.1
Matt Jansen,Blackburn Rovers,0.103552374,0,2,0.051776187,-0.103552374,0.2
Matt Jarvis,Norwich City,1.102563565,1,10,0.11025635650000001,-0.10256356500000008,1.0
Matt Miazga,Cincinnati,0.22869483499999999,0,2,0.11434741749999999,-0.22869483499999999,0.2
Matt Ritchie,AFC Bournemouth,4.818328509,4,79,0.06099150011392405,-0.8183285089999996,7.9
Matt Targett,Southampton,0.19546131800000002,0,3,0.06515377266666668,-0.19546131800000002,0.3
Matteo Bianchetti,Hellas Verona,1.3821388149999998,1,7,0.1974484021428571,-0.3821388149999998,0.7
Matteo Brighi,Bologna,2.119899582,0,24,0.08832914925,-2.119899582,2.4
Matteo Ciofani,Frosinone,0.15295203400000001,0,4,0.038238008500000004,-0.15295203400000001,0.4
Matteo Contini,Real Zaragoza,0.056168042,0,1,0.056168042,-0.056168042,0.1
Matteo Darmian,Italy,0.19222309,0,1,0.19222309,-0.19222309,0.1
Matteo Darmian,Manchester United,0.247603234,1,7,0.035371890571428574,0.7523967659999999,0.7
Matteo Fedele,Carpi,0.749205489,0,11,0.0681095899090909,-0.749205489,1.1
Matteo Mancosu,Bologna,0.176286075,1,2,0.0881430375,0.8237139250000001,0.2
Matteo Mancosu,Carpi,2.44272501,1,10,0.24427250100000003,-1.4427250100000002,1.0
Matteo Pessina,Italy,0.62690161,2,4,0.1567254025,1.37309839,0.4
Matteo Politano,Sassuolo,2.682530914,5,43,0.062384439860465116,2.317469086,4.3
Matthew Pennington,Everton,0.17231486999999998,0,2,0.08615743499999999,-0.17231486999999998,0.2
Matthew Upson,Birmingham City,0.43622942,0,2,0.21811471,-0.43622942,0.2
Matthias Ginter,Borussia Dortmund,1.138923253,3,17,0.06699548547058823,1.861076747,1.7
Matthias Ginter,Germany,0.14316265,0,1,0.14316265,-0.14316265,0.1
Matthias Lehmann,FC Köln,0.678545411,0,14,0.04846752935714286,-0.678545411,1.4
Matthias Ostrzolek,Hamburger SV,0.312326944,0,12,0.026027245333333334,-0.312326944,1.2
Matthias Zimmermann,VfB Stuttgart,0.01367958,0,1,0.01367958,-0.01367958,0.1
Matthieu Saunier,Troyes,0.924161294,0,8,0.11552016175,-0.924161294,0.8
Matthijs de Ligt,Netherlands,1.1417631240000001,0,4,0.28544078100000003,-1.1417631240000001,0.4
Mattia Cassani,Sampdoria,0.290749227,0,3,0.096916409,-0.290749227,0.3
Mattia De Sciglio,AC Milan,0.3604023505,0,13,0.02772325773076923,-0.3604023505,1.3
Mattia Destro,Bologna,9.5689584956,8,67,0.14282027605373135,-1.5689584956000004,6.7
Mattia Zaccagni,Hellas Verona,0.06701904,0,2,0.03350952,-0.06701904,0.2
Mattia Zaccagni,Italy,0.14144484,1,2,0.07072242,0.85855516,0.2
Mattias Svanberg,Wolfsburg,0.11800583099999999,0,3,0.039335276999999995,-0.11800583099999999,0.3
Matty Cash,Poland,0.038248673,0,1,0.038248673,-0.038248673,0.1
Mattéo Guendouzi Olié,Marseille,0.130011017,0,3,0.04333700566666667,-0.130011017,0.3
Mattéo Guendouzi Olié,Olympique de Marseille,0.23017099600000002,0,5,0.0460341992,-0.23017099600000002,0.5
Matías Aguirregaray Guruceaga,Las Palmas,0.20898808,0,2,0.10449404,-0.20898808,0.2
Matías Agustín Silvestre,Sampdoria,0.559237795,0,4,0.13980944875,-0.559237795,0.4
Matías Ariel Fernández Fernández,Fiorentina,0.979949444,1,25,0.039197977759999995,0.020050556000000053,2.5
Matías Ariel Fernández Fernández,Villarreal,0.8427317080000001,1,3,0.28091056933333336,0.15726829199999992,0.3
Matías David Espinoza Acosta,Paraguay,0.028878758,0,1,0.028878758,-0.028878758,0.1
Matías Ezequiel Vargas Martín,Espanyol,0.020631762,0,1,0.020631762,-0.020631762,0.1
Matías Nahuel Leiva Esquivel,Real Betis,0.044786707,0,1,0.044786707,-0.044786707,0.1
Matías Nahuel Leiva Esquivel,Villarreal,0.825046241,0,10,0.0825046241,-0.825046241,1.0
Matías Nicolás Pavoni,Cádiz,0.17640615,0,1,0.17640615,-0.17640615,0.1
Matías Nicolás Rojas Romero,Paraguay,0.021095153,0,1,0.021095153,-0.021095153,0.1
Matías Nicolás Viña Susperreguy,Uruguay,0.10362427399999999,1,2,0.051812136999999994,0.896375726,0.2
Matías Vecino Falero,Fiorentina,1.746236292,2,48,0.03637992275,0.2537637079999999,4.8
Matías Vecino Falero,Uruguay,0.25010411,0,5,0.050020822,-0.25010411,0.5
Matúš Bero,Bochum,0.222672834,0,2,0.111336417,-0.222672834,0.2
Matúš Bero,Slovakia,0.011427595,0,1,0.011427595,-0.011427595,0.1
Matěj Jurásek,Czech Republic,0.125237104,0,4,0.031309276,-0.125237104,0.4
Maurice Multhaup,Ingolstadt,0.454538014,0,2,0.227269007,-0.454538014,0.2
Mauricio Andrés Cuero Castillo,Levante UD,0.516779453,0,10,0.05167794530000001,-0.516779453,1.0
Mauricio Aníbal Isla Isla,Marseille,0.29211232,2,2,0.14605616,1.70788768,0.2
Mauricio Aníbal Isla Isla,Olympique de Marseille,0.508772688,0,6,0.084795448,-0.508772688,0.6
Mauricio Lemos Merladet,Las Palmas,0.29859036299999997,0,8,0.037323795374999996,-0.29859036299999997,0.8
Mauricio Ricardo Pinilla Ferreira,Atalanta,4.713640014,5,43,0.10961953520930233,0.2863599859999999,4.3
Mauricio Roberto Pochettino Trossero,Espanyol,0.19049726,0,2,0.09524863,-0.19049726,0.2
Mauricio Taricco,Tottenham Hotspur,0.018886693,0,1,0.018886693,-0.018886693,0.1
Maurizio Domizzi,Udinese,0.073960304,0,1,0.073960304,-0.073960304,0.1
Maurizio Gaudino,VfB Stuttgart,0.0179957,1,1,0.0179957,0.9820043,0.1
Maurizio Lanzaro,Real Zaragoza,0.051542312,0,1,0.051542312,-0.051542312,0.1
Mauro Bellugi,Inter Milan,0.018767014,0,1,0.018767014,-0.018767014,0.1
Mauro Daniel Rodrigues Teixeira,Guinea-Bissau,0.07981742,0,2,0.03990871,-0.07981742,0.2
Mauro Emanuel Icardi Rivero,Inter Milan,11.816043996,16,59,0.20027193213559322,4.183956004000001,5.9
Mauro Emanuel Icardi Rivero,Paris Saint-Germain,3.012505179,2,15,0.2008336786,-1.0125051790000001,1.5
Mauro Javier Dos Santos,Eibar,0.909530422,0,11,0.08268458381818182,-0.909530422,1.1
Mauro Matías Zárate,Fiorentina,3.683402177,3,40,0.092085054425,-0.683402177,4.0
Mauro Matías Zárate,West Ham United,2.255699081,4,30,0.07518996936666666,1.744300919,3.0
Mauro Wilney Arambarri Rosa,Bordeaux,0.247207818,0,2,0.123603909,-0.247207818,0.2
Mauro Wilney Arambarri Rosa,Getafe,0.336342112,0,7,0.04804887314285715,-0.336342112,0.7
Maurício dos Santos Nascimento,Lazio,0.731596777,0,10,0.07315967770000001,-0.731596777,1.0
Max Christiansen,Ingolstadt,0.5663113895,0,17,0.03331243467647059,-0.5663113895,1.7
Max Finkgräfe,FC Köln,0.11004216,0,1,0.11004216,-0.11004216,0.1
Max Kruse,Wolfsburg,7.609104466,6,61,0.12473941747540983,-1.6091044659999998,6.1
Max Meyer,Schalke 04,5.0952365760000005,5,46,0.11076601252173914,-0.09523657600000046,4.6
Max-Alain Gradel,AFC Bournemouth,1.87248203,1,18,0.10402677944444444,-0.87248203,1.8
Max-Alain Gradel,Côte d'Ivoire,0.761372906,0,6,0.12689548433333334,-0.761372906,0.6
Maxence Caqueret,Lyon,0.14018892700000002,0,2,0.07009446350000001,-0.14018892700000002,0.2
Maxence Lacroix,Wolfsburg,0.26263702,1,1,0.26263702,0.73736298,0.1
Maxime Barthelmé,Lorient,1.567539371,0,20,0.07837696855000001,-1.567539371,2.0
Maxime Gonalons,Clermont Foot,0.022536505,0,1,0.022536505,-0.022536505,0.1
Maxime Gonalons,Lyon,1.270850916,0,23,0.05525438765217392,-1.270850916,2.3
Maxime Le Marchand,OGC Nice,0.618405968,1,6,0.10306766133333334,0.38159403199999997,0.6
Maxime Poundjé,Bordeaux,0.0462401155,0,4,0.011560028875,-0.0462401155,0.4
Maximilian Arnold,Wolfsburg,1.887954219,3,28,0.06742693639285714,1.112045781,2.8
Maximilian Beier,Hoffenheim,0.629674917,1,6,0.1049458195,0.370325083,0.6
Maximilian Eggestein,Werder Bremen,0.100590573,0,2,0.0502952865,-0.100590573,0.2
Maximilian Mittelstädt,Germany,0.172629931,0,5,0.0345259862,-0.172629931,0.5
Maximilian Mittelstädt,Hertha Berlin,0.06061471,0,1,0.06061471,-0.06061471,0.1
Maximilian Mittelstädt,VfB Stuttgart,0.036660824,0,1,0.036660824,-0.036660824,0.1
Maximiliane Rall,Bayern München W,0.097918645,0,1,0.097918645,-0.097918645,0.1
Maximiliano Eduardo Meza,Argentina,0.5598324100000001,0,3,0.18661080333333335,-0.5598324100000001,0.3
Maximiliano Gastón López,Barcelona,0.15874323699999998,0,2,0.07937161849999999,-0.15874323699999998,0.2
Maximiliano Gastón López,Torino,5.284088452,4,26,0.20323417123076923,-1.2840884519999998,2.6
Maximiliano Gómez González,Celta Vigo,1.394842,1,6,0.23247366666666666,-0.3948419999999999,0.6
Maximiliano Gómez González,Uruguay,0.09017979,0,2,0.045089895,-0.09017979,0.2
Maximiliano Gómez González,Valencia,1.7040810149999999,3,7,0.24344014499999997,1.2959189850000001,0.7
Maximiliano Javier Araújo Vilches,Uruguay,0.917817519,2,11,0.08343795627272727,1.082182481,1.1
Maximiliano Nicol Moralez,Atalanta,3.610455607,1,26,0.1388636771923077,-2.610455607,2.6
Maximiliano Rubén Rodríguez,Atlético Madrid,1.454060599,3,14,0.10386147135714285,1.545939401,1.4
Maximiliano Rubén Rodríguez,Espanyol,0.058241293,0,1,0.058241293,-0.058241293,0.1
Maxwell Scherrer Cabelino Andrade,Barcelona,0.5788933795,0,12,0.04824111495833333,-0.5788933795,1.2
Maxwell Scherrer Cabelino Andrade,Paris Saint-Germain,1.195859035,3,10,0.11958590350000001,1.804140965,1.0
Maya Le Tissier,Brighton & Hove Albion WFC,1.087763211,1,13,0.08367409315384615,-0.08776321099999995,1.3
Maya Le Tissier,Manchester United W,1.399272448,2,10,0.13992724480000002,0.6007275519999999,1.0
Maya Yoshida,Japan,0.990308145,0,3,0.330102715,-0.990308145,0.3
Maya Yoshida,Southampton,0.57100332,1,2,0.28550166,0.42899668,0.2
Mayra Tatiana Ramírez Ramírez,Chelsea FCW,2.052269478,3,12,0.1710224565,0.9477305220000001,1.2
Mayra Tatiana Ramírez Ramírez,Colombia Women's,0.922780793,0,12,0.07689839941666667,-0.922780793,1.2
Mayra Tatiana Ramírez Ramírez,Levante UD Femenino,2.563861155,6,18,0.14243673083333333,3.436138845,1.8
Mayumi Pacheco,Aston Villa W,1.222605366,1,8,0.15282567075,-0.22260536600000003,0.8
Mayumi Pacheco,Reading WFC,0.27645405,0,6,0.046075675,-0.27645405,0.6
Mayumi Pacheco,West Ham United LFC,0.82270679,0,6,0.13711779833333335,-0.82270679,0.6
Maéva Clemaron,Everton LFC,0.912786209,0,12,0.07606551741666666,-0.912786209,1.2
Maëlle Antonia Garbino,Juventus W,3.787587531,3,36,0.10521076474999999,-0.7875875309999998,3.6
Maëlle Lakrar,France Women's,2.593582577,2,11,0.23578023427272726,-0.5935825769999998,1.1
Małgorzata Mesjasz,AC Milan W,0.52025135,2,4,0.1300628375,1.4797486499999999,0.4
Mbark Boussoufa,Morocco,0.150531196,0,2,0.075265598,-0.150531196,0.2
Mbwana Ally Samatta,Tanzania,0.08829032,0,2,0.04414516,-0.08829032,0.2
McCall Zerboni,NJ/NY Gotham FC,0.18841196999999998,0,4,0.047102992499999996,-0.18841196999999998,0.4
McCall Zerboni,North Carolina Courage,1.782756555,3,12,0.14856304625,1.217243445,1.2
McKenzie Weinert,Seattle Reign,0.09731359,0,1,0.09731359,-0.09731359,0.1
Meaghan Nally,Portland Thorns,0.07900702,0,2,0.03950351,-0.07900702,0.2
Meaghan Sargeant,Birmingham City WFC,1.938516951,3,13,0.14911668853846155,1.061483049,1.3
Meaghan Sargeant,Bristol City WFC,0.53811925,0,5,0.10762385000000001,-0.53811925,0.5
Medhi Amine El Mouttaqi Benatia,Bayern Munich,0.958534583,1,9,0.10650384255555556,0.04146541699999995,0.9
Medhi Amine El Mouttaqi Benatia,Morocco,1.02189387,0,5,0.20437877399999999,-1.02189387,0.5
Medina Desic,Nürnberg W,3.5838733095,4,30,0.11946244365,0.41612669050000006,3.0
Medon Berisha,Albania,0.039908938,0,1,0.039908938,-0.039908938,0.1
Megan Alexander,Yeovil Town LFC,0.093161063,1,4,0.02329026575,0.906838937,0.4
Megan Anna Rapinoe,OL Reign,2.826987497,2,21,0.13461845223809524,-0.8269874970000002,2.1
Megan Anna Rapinoe,Seattle Reign,4.645191306,5,44,0.10557252968181818,0.3548086939999999,4.4
Megan Anna Rapinoe,United States Women's,5.167689114,6,18,0.2870938396666667,0.8323108860000001,1.8
Megan Campbell,Everton LFC,0.04483073,0,1,0.04483073,-0.04483073,0.1
Megan Campbell,Manchester City WFC,0.07389692,0,1,0.07389692,-0.07389692,0.1
Megan Connolly,Brighton & Hove Albion WFC,3.381193546,4,27,0.12522939059259258,0.618806454,2.7
Megan Connolly,Bristol City WFC,0.23327238,1,3,0.07775746,0.7667276199999999,0.3
Megan Connolly,Republic of Ireland Women's,0.096152656,0,1,0.096152656,-0.096152656,0.1
Megan Finnigan,Everton LFC,3.615681887,5,37,0.09772113208108109,1.384318113,3.7
Megan Montefusco,Orlando Pride,0.21637016999999997,0,2,0.10818508499999999,-0.21637016999999997,0.2
Megan Reid,Angel City,0.140638626,0,3,0.046879541999999996,-0.140638626,0.3
Megan Wynne,Bristol City WFC,0.26838583,0,1,0.26838583,-0.26838583,0.1
Meggie Dougherty Howard,San Diego Wave,0.564180856,0,10,0.0564180856,-0.564180856,1.0
Meggie Dougherty Howard,Washington Spirit,0.607065516,0,5,0.12141310320000001,-0.607065516,0.5
Meghan Klingenberg,Portland Thorns,1.376280876,0,9,0.15292009733333334,-1.376280876,0.9
Mehdi Lacen,Getafe,0.318391335,0,14,0.022742238214285716,-0.318391335,1.4
Mehdi Lacen,Racing Santander,0.026097933,0,1,0.026097933,-0.026097933,0.1
Mehdi Mostefa Sbaa,Bastia,0.2109737875,0,9,0.023441531944444444,-0.2109737875,0.9
Mehdi Taremi,Iran,1.87484878,2,9,0.20831653111111112,0.12515122,0.9
Mehdi Torabi,Iran,0.159912414,0,2,0.079956207,-0.159912414,0.2
Mehdi Zeffane,Clermont Foot,0.7578282,1,1,0.7578282,0.24217180000000005,0.1
Mehdi Zeffane,Rennes,0.5911893345,1,13,0.045476102653846155,0.4088106655,1.3
Mehmet Zeki Çelik,Turkey,0.317998255,0,2,0.1589991275,-0.317998255,0.2
Mehtab Singh,Mumbai City,0.254018836,1,3,0.08467294533333335,0.745981164,0.3
Meike Meßmer,Köln,1.36905083,1,8,0.17113135375,-0.36905082999999994,0.8
Melania Martinovic,Como W,4.393701714,6,25,0.17574806856,1.6062982860000004,2.5
Melanie Barcenas,San Diego Wave,0.76185686,0,8,0.0952321075,-0.76185686,0.8
Melanie Leupolz,Chelsea FCW,5.514286113,6,41,0.13449478324390243,0.4857138870000002,4.1
Melanie Leupolz,Germany Women's,0.34641574599999997,1,3,0.11547191533333333,0.6535842540000001,0.3
Melanie Serrano Perez,FC Levante Badalona,0.9396644630000001,1,12,0.07830537191666667,0.06033553699999994,1.2
Melchie Daëlle Dumornay,Haiti Women's,0.516766514,0,4,0.1291916285,-0.516766514,0.4
Meleana Shim,Houston Dash,0.099449985,0,1,0.099449985,-0.099449985,0.1
Meleana Shim,NJ/NY Gotham FC,0.164031805,0,3,0.054677268333333334,-0.164031805,0.3
Melina Kunkel,SV Werder Bremen,0.13963151,1,1,0.13963151,0.86036849,0.1
Melisa Filis,West Ham United LFC,0.198488041,0,3,0.06616268033333333,-0.198488041,0.3
Melissa Bellucci,Fiorentina W,0.073015793,0,2,0.0365078965,-0.073015793,0.2
Melissa Friedrich,TSV Bayer 04 Leverkusen,0.764775553,1,4,0.19119388825,0.235224447,0.4
Melissa Herrera Monge,Costa Rica Women's,1.0388959819999999,1,5,0.20777919639999998,-0.038895981999999885,0.5
Melissa Lawley,Liverpool WFC,2.92565263,2,31,0.09437589129032259,-0.9256526300000001,3.1
Melissa Lawley,Manchester City WFC,0.274613792,0,5,0.05492275840000001,-0.274613792,0.5
Melvin Bard,OGC Nice,0.13247423,0,1,0.13247423,-0.13247423,0.1
Melvine Malard,France Women's,2.078990423,2,11,0.18899912936363636,-0.07899042300000003,1.1
Melvine Malard,Manchester United W,4.897639184,6,27,0.18139404385185184,1.102360816,2.7
Melvyn Lorenzen,Werder Bremen,0.11774818,0,1,0.11774818,-0.11774818,0.1
Melween Ndongala,France Women's,0.7539362,1,1,0.7539362,0.24606380000000005,0.1
Memphis Depay,Manchester United,4.300811525,2,56,0.07680020580357143,-2.3008115250000003,5.6
Memphis Depay,Netherlands,5.96026609,4,40,0.14900665225,-1.9602660900000002,4.0
Mengwen Li,Brighton & Hove Albion WFC,0.170812342,0,3,0.056937447333333335,-0.170812342,0.3
Mengwen Li,China PR Women's,0.042233467,0,1,0.042233467,-0.042233467,0.1
Mengyu Shen,China PR Women's,0.030837089,0,1,0.030837089,-0.030837089,0.1
Meredith Speck,North Carolina Courage,0.282534847,1,3,0.09417828233333332,0.717465153,0.3
Merel van Dongen,Atletico Madrid W,0.488727359,1,3,0.16290911966666666,0.511272641,0.3
Merel van Dongen,Netherlands Women's,0.011901152,0,1,0.011901152,-0.011901152,0.1
Meret Günster,Duisburg WFC,1.276042369,1,9,0.14178248544444444,-0.276042369,0.9
Meriame Terchoun,Switzerland Women's,0.62461674,0,3,0.20820558,-0.62461674,0.3
Merih Demiral,Turkey,1.0313330889999999,2,6,0.17188884816666664,0.9686669110000001,0.6
Merlin Röhl,Freiburg,0.151150602,0,3,0.050383534,-0.151150602,0.3
Merritt Mathias,North Carolina Courage,0.275633586,1,6,0.045938930999999995,0.724366414,0.6
Mert Kömür,Augsburg,0.098114505,1,1,0.098114505,0.901885495,0.1
Mert Müldür,Turkey,0.705677828,1,7,0.10081111828571429,0.294322172,0.7
Meschak Elia,Congo DR,1.7827308039999998,1,7,0.25467582914285714,-0.7827308039999998,0.7
Messiah Bright,Orlando Pride,5.15425791,6,43,0.11986646302325582,0.8457420899999999,4.3
Mesut Özil,Arsenal,7.411458521,6,49,0.15125425553061225,-1.4114585210000001,4.9
Mesut Özil,Germany,0.051948337,0,2,0.0259741685,-0.051948337,0.2
Mesut Özil,Real Madrid,0.020353256,0,1,0.020353256,-0.020353256,0.1
Mevlüt Erdinç,Guingamp,2.7661259080000002,4,18,0.15367366155555556,1.2338740919999998,1.8
Mevlüt Erdinç,Hannover 96,1.250404882,0,7,0.17862926885714286,-1.250404882,0.7
Mi-Ra Moon,Korea Republic Women's,0.489421493,0,7,0.06991735614285714,-0.489421493,0.7
Mia Enderby,Liverpool WFC,1.255937177,0,13,0.09661055207692308,-1.255937177,1.3
Mia Renee Fishel,Chelsea FCW,1.9797620280000001,1,13,0.1522893867692308,-0.9797620280000001,1.3
Mia Werner,RB Leipzig W,0.044939786,0,1,0.044939786,-0.044939786,0.1
Micah Richards,Aston Villa,1.7537983830000001,1,14,0.12527131307142858,-0.7537983830000001,1.4
Michael Amir Murillo Bermudez,Panama,0.8057938,1,6,0.13429896666666666,0.1942062,0.6
Michael Bridges,Leeds United,0.108796206,0,2,0.054398103,-0.108796206,0.2
Michael Carrick,Manchester United,0.324251398,0,7,0.04632162828571429,-0.324251398,0.7
Michael Gregoritsch,Austria,1.267741266,2,7,0.18110589514285716,0.732258734,0.7
Michael Gregoritsch,Freiburg,0.22561066000000002,0,3,0.07520355333333334,-0.22561066000000002,0.3
Michael Gregoritsch,Hamburger SV,4.779841393,5,53,0.09018568666037735,0.22015860700000012,5.3
Michael Hector,Jamaica,0.030775646,0,1,0.030775646,-0.030775646,0.1
Michael Krmenčík,Czech Republic,0.448319839,0,4,0.11207995975,-0.448319839,0.4
Michael Krohn-Dehli,Celta Vigo,0.017105324,0,1,0.017105324,-0.017105324,0.1
Michael Krohn-Dehli,Denmark,0.7539362,1,1,0.7539362,0.24606380000000005,0.1
Michael Krohn-Dehli,RC Deportivo La Coruña,0.028135836,0,1,0.028135836,-0.028135836,0.1
Michael Krohn-Dehli,Sevilla,2.7455848179999998,1,25,0.10982339272,-1.7455848179999998,2.5
Michael Lang,Switzerland,0.06252179,0,1,0.06252179,-0.06252179,0.1
Michael Laudrup,Juventus,0.313964454,1,2,0.156982227,0.686035546,0.2
Michael Laudrup,Juventus W,0.139316932,0,5,0.027863386400000002,-0.139316932,0.5
Michael Lennart Svensson,Southampton,0.027782504,0,1,0.027782504,-0.027782504,0.1
Michael Olunga Ogada,Girona,0.29796809,0,2,0.148984045,-0.29796809,0.2
Michael Owen,Liverpool,0.9287999339999999,1,7,0.13268570485714284,0.07120006600000006,0.7
Michael Schröder,VfB Stuttgart,0.019470349,0,1,0.019470349,-0.019470349,0.1
Michael Soosairaj,ATK Mohun Bagan,0.0926946035,0,2,0.04634730175,-0.0926946035,0.2
Michael Steveen Estrada Martínez,Ecuador,0.255402509,0,3,0.08513416966666666,-0.255402509,0.3
Michael Tarnat,Manchester City,0.18451919100000003,0,4,0.04612979775000001,-0.18451919100000003,0.4
Michaela Abam,Cameroon W,0.42172895,0,2,0.210864475,-0.42172895,0.2
Michaela Abam,NJ/NY Gotham FC,0.009444031,0,1,0.009444031,-0.009444031,0.1
Michaela Brandenburg,SV Werder Bremen,0.651452288,1,7,0.09306461257142858,0.348547712,0.7
Michaela Specht,Hoffenheim W,1.009423714,1,4,0.2523559285,-0.009423713999999972,0.4
Michail Antonio,Jamaica,0.449480569,1,3,0.14982685633333334,0.550519431,0.3
Michail Antonio,West Ham United,5.982285369,8,56,0.10682652444642858,2.0177146309999996,5.6
Michal Ďuriš,Slovakia,0.047582078,0,2,0.023791039,-0.047582078,0.2
Michaël Jordan Nkololo,Caen,0.26242927,0,3,0.08747642333333333,-0.26242927,0.3
Michaël Jordan Nkololo,Stade Malherbe Caen,0.779750662,0,7,0.11139295171428572,-0.779750662,0.7
Michaël Pereira,Mallorca,0.178574445,1,2,0.0892872225,0.821425555,0.2
Michał Skóraś,Poland,0.02755396,0,1,0.02755396,-0.02755396,0.1
Michel Aebischer,Switzerland,0.10428236799999999,1,2,0.05214118399999999,0.895717632,0.2
Michel Morganella,Palermo,0.251360974,0,5,0.0502721948,-0.251360974,0.5
Michel Platini,Juventus,0.029879699,0,1,0.029879699,-0.029879699,0.1
Michela Cambiaghi,FC Internazionale Milano W,9.813698517,7,63,0.15577299233333333,-2.8136985170000006,6.3
Michela Cambiaghi,Italy Women's,0.401142221,0,5,0.0802284442,-0.401142221,0.5
Michela Catena,Fiorentina W,6.15647365,7,49,0.1256423193877551,0.8435263500000003,4.9
Michela Croatto,RB Leipzig W,0.0120964935,0,1,0.0120964935,-0.0120964935,0.1
Michela Giordano,Sampdoria W,2.4211076575,2,36,0.06725299048611111,-0.4211076574999999,3.6
Michele Camporese,Empoli,0.15502547,0,1,0.15502547,-0.15502547,0.1
Michele Vasconcelos,Chicago Red Stars,0.659989002,0,4,0.1649972505,-0.659989002,0.4
Michele Vasconcelos,Portland Thorns,1.426656535,1,10,0.1426656535,-0.426656535,1.0
Michelle Agyemang,England Women's,1.12445667,2,6,0.187409445,0.87554333,0.6
Michelle Alozie,Houston Dash,3.654601342,4,32,0.1142062919375,0.34539865800000014,3.2
Michelle Alozie,Nigeria Women's,1.471361062,0,7,0.2101944374285714,-1.471361062,0.7
Michelle Ivory Cooper,KC Current,5.273851306,3,37,0.1425365217837838,-2.273851306,3.7
Michelle Ulbrich,SV Werder Bremen,3.714256669,4,20,0.18571283345,0.28574333099999993,2.0
Michelle Weiß,SV Werder Bremen,0.067695272,0,2,0.033847636,-0.067695272,0.2
Michy Batshuayi Tunga,Belgium,3.157041686,2,14,0.22550297757142856,-1.157041686,1.4
Michy Batshuayi Tunga,Marseille,4.299608116,6,38,0.113147582,1.700391884,3.8
Michy Batshuayi Tunga,Olympique de Marseille,13.2882477695,11,85,0.1563323267,-2.2882477695,8.5
Michy Batshuayi Tunga,Valencia,0.206256623,0,3,0.06875220766666666,-0.206256623,0.3
Mickaël Barreto,AC Ajaccio,0.1590029955,0,4,0.039750748875,-0.1590029955,0.4
Mickaël Le Bihan,OGC Nice,0.8777089690000001,1,7,0.12538699557142857,0.12229103099999994,0.7
Mickaël Malsa,Levante UD,0.040408682,0,1,0.040408682,-0.040408682,0.1
Mickaël Tacalfred,Stade de Reims,0.240271025,0,4,0.06006775625,-0.240271025,0.4
Micky Cave,Seattle Sounders,0.127471309,0,4,0.03186782725,-0.127471309,0.4
Miguel Alfonso Herrero Javaloyas,Valencia,0.014031036,0,1,0.014031036,-0.014031036,0.1
Miguel Arturo Layún Prado,Mexico,0.458007139,0,9,0.05088968211111111,-0.458007139,0.9
Miguel Arturo Layún Prado,Sevilla,0.054682801,0,2,0.0273414005,-0.054682801,0.2
Miguel Arturo Layún Prado,Watford,0.267484582,1,4,0.0668711455,0.732515418,0.4
Miguel Baeza Pérez,Celta Vigo,0.329354116,0,2,0.164677058,-0.329354116,0.2
Miguel Changa Chaiwa,Zambia,0.018320605,0,1,0.018320605,-0.018320605,0.1
Miguel Filipe Nunes Cardoso,RC Deportivo La Coruña,0.175802463,0,3,0.058600821,-0.175802463,0.3
Miguel Flaño Bezunartea,Osasuna,0.45689647499999997,1,3,0.152298825,0.543103525,0.3
Miguel Gianpierre Araujo Blanco,Peru,0.072971076,0,1,0.072971076,-0.072971076,0.1
Miguel Marcos Madera,Sporting Gijón,0.011178326,0,1,0.011178326,-0.011178326,0.1
Miguel Palanca Fernández,Real Madrid,0.08376148,0,1,0.08376148,-0.08376148,0.1
Miguel Pallardó González,Getafe,0.015160786,0,1,0.015160786,-0.015160786,0.1
Miguel Pallardó González,Levante UD,0.030642678,0,2,0.015321339,-0.030642678,0.2
Miguel Pérez Cuesta,Rayo Vallecano,0.158209097,0,4,0.03955227425,-0.158209097,0.4
Miguel Torres Gómez,Getafe,0.19737998,0,1,0.19737998,-0.19737998,0.1
Miguel Torres Gómez,Málaga,0.010280254,0,1,0.010280254,-0.010280254,0.1
Miguel de Andrés,Athletic Club,0.007615121,0,1,0.007615121,-0.007615121,0.1
Miguel Ángel Almirón Rejala,Paraguay,0.027066559,0,1,0.027066559,-0.027066559,0.1
Miguel Ángel Angulo Valderrey,Valencia,0.42250955,1,1,0.42250955,0.57749045,0.1
Miguel Ángel Borja Hernández,Colombia,0.8628086899999999,1,2,0.43140434499999997,0.13719131000000007,0.2
Miguel Ángel Brindisi de Marco,Boca Juniors,0.40288594800000005,2,5,0.08057718960000002,1.597114052,0.5
Miguel Ángel Brindisi de Marco,Las Palmas,0.317126547,1,4,0.07928163675,0.682873453,0.4
Miguel Ángel Britos Cabrera,Watford,0.771803874,0,7,0.11025769628571427,-0.771803874,0.7
Miguel Ángel De las Cuevas Barberá,Sporting Gijón,0.116802897,0,2,0.0584014485,-0.116802897,0.2
Miguel Ángel Ferrer Martínez,RC Deportivo La Coruña,0.060023256,0,2,0.030011628,-0.060023256,0.2
Miguel Ángel García Pérez Roldán,Almería,0.32607864,1,4,0.08151966,0.67392136,0.4
Miguel Ángel Guerrero Martín,Leganés,0.702111124,0,5,0.1404222248,-0.702111124,0.5
Miguel Ángel Guerrero Martín,Sporting Gijón,2.487590731,2,22,0.11307230595454545,-0.48759073100000005,2.2
Miguel Ángel Lozano Ayala,Levante UD,0.18252559,0,1,0.18252559,-0.18252559,0.1
Miguel Ángel Lozano Ayala,Málaga,0.033344645,0,1,0.033344645,-0.033344645,0.1
Miguel Ángel Navarro Zárate,Venezuela,0.09963175,0,1,0.09963175,-0.09963175,0.1
Miguel Ángel Salgado Fernández,Real Madrid,0.12704046,0,1,0.12704046,-0.12704046,0.1
Miguel Ángel Sánchez Muñoz,Rayo Vallecano,0.12756968,0,1,0.12756968,-0.12756968,0.1
Miguel Ángel Terceros,Bolivia,0.248910581,0,7,0.03555865442857143,-0.248910581,0.7
Miguel Ângelo da Silva Rocha,Lille,0.04258651,0,1,0.04258651,-0.04258651,0.1
Mihailo Ristić,Montpellier,0.025595296,0,1,0.025595296,-0.025595296,0.1
Miharu Kobayashi,Napoli W,0.46564651300000004,1,11,0.042331501181818186,0.534353487,1.1
Mihlali Samson Mayambela,South Africa,1.616044244,1,8,0.2020055305,-0.616044244,0.8
Miiko Martín Albornoz Inola,Hannover 96,0.322523541,0,8,0.040315442625,-0.322523541,0.8
Mijat Gaćinović,Eintracht Frankfurt,0.33494187,0,3,0.11164729,-0.33494187,0.3
Mijat Gaćinović,Serbia,0.0884693,0,1,0.0884693,-0.0884693,0.1
Mikael Forssell,Birmingham City,0.1591005,0,1,0.1591005,-0.1591005,0.1
Mikael Lustig,Sweden,0.063889731,0,3,0.021296577,-0.063889731,0.3
Mikayla Cluff,Orlando Pride,2.621791126,2,22,0.11917232390909092,-0.6217911260000002,2.2
Mikel Alonso Olano,Tenerife,0.016341584,0,1,0.016341584,-0.016341584,0.1
Mikel Aranburu Eizagirre,Real Sociedad,0.095471635,0,3,0.03182387833333333,-0.095471635,0.3
Mikel Arruabarrena Aranbide,Eibar,0.7356202,1,1,0.7356202,0.26437980000000005,0.1
Mikel Arteta Amatriain,Arsenal,0.41077873,0,1,0.41077873,-0.41077873,0.1
Mikel Balenziaga Oruesagasti,Athletic Club,0.3128057375,0,11,0.028436885227272727,-0.3128057375,1.1
Mikel González de Martín Martínez,Real Sociedad,0.736067091,0,7,0.10515244157142857,-0.736067091,0.7
Mikel Merino Zazón,Real Sociedad,0.360773066,0,6,0.06012884433333333,-0.360773066,0.6
Mikel Merino Zazón,Spain,0.398480917,1,3,0.13282697233333332,0.601519083,0.3
Mikel Oyarzabal Ugarte,Real Sociedad,4.820943876,7,50,0.09641887752,2.1790561239999997,5.0
Mikel Oyarzabal Ugarte,Spain,2.472473794,3,16,0.154529612125,0.5275262060000001,1.6
Mikel Rico Moreno,Athletic Club,1.890307907,2,14,0.13502199335714285,0.10969209300000005,1.4
Mikel Rico Moreno,Granada,0.15663786,0,1,0.15663786,-0.15663786,0.1
Mikel San José Domínguez,Athletic Club,2.430548034,2,29,0.0838120011724138,-0.4305480340000001,2.9
Mikkel Damsgaard,Denmark,0.677476572,2,10,0.0677476572,1.322523428,1.0
Mikkel Desler,Toulouse,0.23877487,0,1,0.23877487,-0.23877487,0.1
Miku Kojima,CD Sporting de Huelva,3.333469444,4,23,0.14493345408695651,0.6665305560000001,2.3
Milagros Menéndez,Argentina Women's,0.25521272,1,1,0.25521272,0.7447872799999999,0.1
Milan Badelj,Croatia,0.979189884,1,3,0.32639662799999997,0.020810116000000045,0.3
Milan Badelj,Fiorentina,0.802865825,1,27,0.029735771296296298,0.19713417499999997,2.7
Milan Baroš,Liverpool,0.021792304,0,1,0.021792304,-0.021792304,0.1
Milan Biševac,Lazio,0.47068949,1,2,0.235344745,0.52931051,0.2
Milan Gajić,Bordeaux,0.17587498299999998,1,2,0.08793749149999999,0.8241250170000001,0.2
Milan Škriniar,Slovakia,0.346647475,1,4,0.08666186875,0.6533525250000001,0.4
Mile Jedinak,Australia,1.920017477,2,6,0.3200029128333333,0.07998252299999997,0.6
Mile Jedinak,Crystal Palace,1.283126754,0,14,0.091651911,-1.283126754,1.4
Milena Kokosz,Poland Women's,0.076108992,0,2,0.038054496,-0.076108992,0.2
Milica Mijatovic,Fiorentina W,2.839509188,2,21,0.13521472323809525,-0.8395091880000001,2.1
Milla Punsar,SC Freiburg,1.028810486,0,7,0.14697292657142857,-1.028810486,0.7
Mille Gejl Jensen,Denmark Women's,0.19241542,0,1,0.19241542,-0.19241542,0.1
Mille Gejl Jensen,North Carolina Courage,0.740758264,2,12,0.06172985533333333,1.259241736,1.2
Millie Bright,Chelsea FCW,6.806713113,5,63,0.10804306528571428,-1.8067131129999998,6.3
Millie Bright,England Women's,0.687027928,0,9,0.07633643644444445,-0.687027928,0.9
Millie Laura Farrow,North Carolina Courage,0.323859265,0,2,0.1619296325,-0.323859265,0.2
Millie Laura Farrow,Reading WFC,2.145503576,2,11,0.19504577963636363,-0.14550357599999986,1.1
Millie Turner,Manchester United,2.023052478,1,17,0.11900308694117646,-1.0230524779999999,1.7
Millie Turner,Manchester United W,4.752128799,3,39,0.12184945638461539,-1.7521287990000003,3.9
Miloš Jojić,FC Köln,1.37236699,2,17,0.08072747,0.62763301,1.7
Mimmi Wahlström,KC Current,1.618869484,2,15,0.10792463226666667,0.38113051600000003,1.5
Mimmi Wahlström,RB Leipzig W,2.5810063,3,20,0.129050315,0.41899370000000014,2.0
Min Jae Kim,Bayern Munich,0.14166227,0,1,0.14166227,-0.14166227,0.1
Min Jae Kim,South Korea,0.24003767,0,2,0.120018835,-0.24003767,0.2
Min-A Lee,Korea Republic Women's,0.177358063,0,4,0.04433951575,-0.177358063,0.4
Min-Ji Yeo,Korea Republic Women's,1.447485663,1,9,0.16083174033333333,-0.4474856629999999,0.9
Min-Woo Kim,South Korea,0.029541776,0,1,0.029541776,-0.029541776,0.1
Mina Schaathun Bergersen,Como W,0.38875788,0,5,0.077751576,-0.38875788,0.5
Mina Tanaka,Japan Women's,1.4848182724999999,2,13,0.11421679019230768,0.5151817275000001,1.3
Miralem Pjanić,AS Roma,6.249102638,10,68,0.09189856820588235,3.750897362,6.8
Miralem Pjanić,Barcelona,0.987834809,0,14,0.07055962921428571,-0.987834809,1.4
Miralem Pjanić,Juventus,0.14786955200000002,0,3,0.04928985066666667,-0.14786955200000002,0.3
Mirari Uria Gabilondo,Real Sociedad de Fútbol,1.673395903,3,14,0.11952827878571429,1.326604097,1.4
Miray Cin,Duisburg WFC,0.7260017785,0,10,0.07260017785,-0.7260017785,1.0
Mircea Lucescu,Romania,0.031292528,0,1,0.031292528,-0.031292528,0.1
Mireya Grey,Jamaica Women's,0.198618746,0,3,0.06620624866666668,-0.198618746,0.3
Miriael Taylor,Aston Villa W,0.12736157,0,1,0.12736157,-0.12736157,0.1
Miriael Taylor,Liverpool WFC,0.25610808,1,1,0.25610808,0.74389192,0.1
Miriam Chiara Longo,Fiorentina W,3.563073841,4,32,0.11134605753125,0.436926159,3.2
Miriam Picchi,Como W,1.290219286,2,8,0.16127741075,0.7097807140000001,0.8
Mirko Gori,Frosinone,0.432268917,0,23,0.018794300739130434,-0.432268917,2.3
Mirko Valdifiori,Napoli,0.017697686,0,1,0.017697686,-0.017697686,0.1
Mirlan Murzaev,Chennaiyin,2.241300741,2,32,0.07004064815625,-0.24130074099999987,3.2
Mirlind Daku,Albania,0.18080534,0,1,0.18080534,-0.18080534,0.1
Miroslav Klose,Lazio,5.534240185,7,30,0.18447467283333333,1.4657598150000002,3.0
Mislav Oršić,Croatia,2.046954316,3,12,0.17057952633333331,0.9530456840000001,1.2
Missy Bo Kearns,Liverpool WFC,2.316461746,1,24,0.09651923941666667,-1.3164617459999999,2.4
Missy Goodwin,Leicester City WFC,1.5786612,1,10,0.15786612,-0.5786612,1.0
Mitchell Thomas Duke,Australia,0.29240092500000003,1,7,0.04177156071428572,0.707599075,0.7
Mitchell Weiser,Hertha Berlin,1.495865889,2,16,0.0934916180625,0.5041341109999999,1.6
Mitchell Weiser,Werder Bremen,0.606166,0,1,0.606166,-0.606166,0.1
Mitchell van Bergen,Stade de Reims,0.080779354,0,2,0.040389677,-0.080779354,0.2
Modibo Diakité,Frosinone,1.395264719,1,7,0.19932353128571428,-0.39526471900000004,0.7
Modibo Diakité,Sampdoria,0.037293952,0,1,0.037293952,-0.037293952,0.1
Modibo Maïga,West Ham United,0.137837295,1,2,0.0689186475,0.862162705,0.2
Modou Barrow,Swansea City,0.71993831,1,12,0.059994859166666664,0.28006169000000003,1.2
Moeka Minami,AS Roma W,1.080333496,1,9,0.12003705511111111,-0.08033349599999995,0.9
Mogammat Nasief Morris,Racing Santander,0.15064436,0,1,0.15064436,-0.15064436,0.1
Mogammat Nasief Morris,Recreativo Huelva,0.010830242,0,1,0.010830242,-0.010830242,0.1
Mohamed Abdelmonem,Egypt,0.9705592849999999,1,6,0.1617598808333333,0.029440715000000117,0.6
Mohamed Abougabal,Egypt,0.7539362,0,1,0.7539362,-0.7539362,0.1
Mohamed Ali,Goa,0.021300137,0,1,0.021300137,-0.021300137,0.1
Mohamed Amine Chermiti,Gazélec Ajaccio,0.586587785,0,6,0.09776463083333332,-0.586587785,0.6
Mohamed Bayo,Guinea,1.590814661,3,9,0.17675718455555556,1.409185339,0.9
Mohamed Camara,Mali,0.096158601,0,2,0.0480793005,-0.096158601,0.2
Mohamed Dellahi Yali,Mauritania,0.14922011699999999,1,2,0.07461005849999999,0.850779883,0.2
Mohamed Dräger,Tunisia,0.33542750200000004,0,4,0.08385687550000001,-0.33542750200000004,0.4
Mohamed El Amine Amoura,Algeria,0.374231952,0,2,0.187115976,-0.374231952,0.2
Mohamed Elias Achouri,Tunisia,0.076404,0,1,0.076404,-0.076404,0.1
Mohamed Fofana,Stade de Reims,0.53623117,0,3,0.17874372333333333,-0.53623117,0.3
Mohamed Gasana Tchité,Racing Santander,0.8530231949999999,0,4,0.21325579874999998,-0.8530231949999999,0.4
Mohamed Hany Gamal Eldemerdash,Egypt,0.77502308,1,2,0.38751154,0.22497692000000002,0.2
Mohamed Hussein Mohamed,Tanzania,0.008915693,0,1,0.008915693,-0.008915693,0.1
Mohamed Konaté,Burkina Faso,0.691155397,1,8,0.086394424625,0.30884460300000005,0.8
Mohamed Lamine Yattara,Angers,1.3649117855,2,19,0.07183746239473683,0.6350882145000001,1.9
Mohamed Larbi,Gazélec Ajaccio,4.727813138,8,42,0.11256697947619047,3.272186862,4.2
Mohamed Naser Elsayed Elneny,Arsenal,0.76103692,0,13,0.058541301538461536,-0.76103692,1.3
Mohamed Naser Elsayed Elneny,Egypt,0.23950974400000002,0,4,0.059877436000000006,-0.23950974400000002,0.4
Mohamed Salah,AS Roma,7.231176885,14,73,0.09905721760273972,6.768823115,7.3
Mohamed Salah,Egypt,2.67737091,3,10,0.267737091,0.32262908999999995,1.0
Mohamed Salah,Liverpool,1.087510503,1,8,0.135938812875,-0.08751050300000007,0.8
Mohamed Salim Fares,Hellas Verona,0.127496546,0,4,0.0318741365,-0.127496546,0.4
Mohamed Salisu,Ghana,0.42899173199999996,1,2,0.21449586599999998,0.571008268,0.2
Mohamed Saïd Benrahma,Angers,0.195808388,1,8,0.0244760485,0.804191612,0.8
Mohamed Saïd Benrahma,OGC Nice,0.11583013099999999,2,3,0.03861004366666666,1.884169869,0.3
Mohamed Simakan,RB Leipzig,0.093027319,0,2,0.0465136595,-0.093027319,0.2
Mohamed Youcef Belaïli,AC Ajaccio,0.062598783,0,2,0.0312993915,-0.062598783,0.2
Mohamed Youcef Belaïli,Algeria,0.598599706,0,10,0.0598599706,-0.598599706,1.0
Mohamed Zeki Amdouni,Switzerland,0.93350504,1,3,0.31116834666666665,0.06649495999999999,0.3
Mohammad Ibrahim Al Sahlawi,Saudi Arabia,0.05188349,0,1,0.05188349,-0.05188349,0.1
Mohammad Mobashir Rahman,Jamshedpur,0.6194442815,0,12,0.05162035679166666,-0.6194442815,1.2
Mohammad Sajid Dhot,Chennaiyin,0.83333591,1,4,0.2083339775,0.16666409000000004,0.4
Mohammad Yasir,Hyderabad,0.429784105,1,12,0.03581534208333333,0.570215895,1.2
Mohammad Yasir,SC Delhi,0.016918141,0,1,0.016918141,-0.016918141,0.1
Mohammed Al Burayk,Saudi Arabia,0.458439748,0,5,0.0916879496,-0.458439748,0.5
Mohammed Irshad,NorthEast United,0.470870252,2,12,0.03923918766666667,1.529129748,1.2
Mohammed Kanoo,Saudi Arabia,0.509116926,0,7,0.07273098942857144,-0.509116926,0.7
Mohammed Kudus,Ghana,1.104627406,4,17,0.06497808270588236,2.895372594,1.7
Mohammed Muntari,Qatar,0.184569743,1,3,0.06152324766666667,0.815430257,0.3
Mohammed Rafique,East Bengal,0.6443072565,0,11,0.058573386954545455,-0.6443072565,1.1
Mohanad Aseri Abu Radiah,Saudi Arabia,0.04856503,0,1,0.04856503,-0.04856503,0.1
Moirangthem Givson Singh,Kerala Blasters,0.008866648,0,1,0.008866648,-0.008866648,0.1
Moirangthem Thoiba Singh,Odisha,0.068718758,0,5,0.013743751600000001,-0.068718758,0.5
Moise Bombito,Canada,1.621053889,2,5,0.32421077779999996,0.3789461110000001,0.5
Moisés Gómez Bordonado,Getafe,1.402950071,2,16,0.0876843794375,0.597049929,1.6
Moisés Gómez Bordonado,Villarreal,0.032862097,0,1,0.032862097,-0.032862097,0.1
Moisés Hurtado Pérez,Espanyol,0.136940784,0,3,0.045646928,-0.136940784,0.3
Moisés Isaac Caicedo Corozo,Ecuador,0.775280537,1,6,0.12921342283333334,0.224719463,0.6
Mojmír Chytil,Czech Republic,0.095732335,0,2,0.0478661675,-0.095732335,0.2
Molla Wagué,Udinese,1.026026013,0,11,0.0932750920909091,-1.026026013,1.1
Mollie Green,Birmingham City WFC,0.9670113410000001,1,11,0.08791012190909092,0.03298865899999992,1.1
Molly Bartrip,Reading WFC,0.6904486320000001,0,8,0.08630607900000001,-0.6904486320000001,0.8
Molly Pike,Bristol City WFC,0.45754539,0,9,0.050838376666666664,-0.45754539,0.9
Molly Pike,Everton LFC,1.63641014,1,11,0.1487645581818182,-0.63641014,1.1
Monica Hickmann Alves,Brazil Women's,0.120850093,0,3,0.040283364333333335,-0.120850093,0.3
Monica Hickmann Alves,Madrid CFF,4.629975578,5,22,0.21045343536363637,0.3700244220000002,2.2
Monica Hickmann Alves,Orlando Pride,0.20484917,0,1,0.20484917,-0.20484917,0.1
Montassar Omar Talbi,Tunisia,0.037950351,0,2,0.0189751755,-0.037950351,0.2
Moreno Ferrario,Napoli,0.12621726,1,1,0.12621726,0.87378274,0.1
Moreno Torricelli,Fiorentina,0.028430935,0,1,0.028430935,-0.028430935,0.1
Moreto Moro Cassamã,Stade de Reims,0.0343014,0,1,0.0343014,-0.0343014,0.1
Morgan Amalfitano,Lille,1.8798317549999999,2,14,0.13427369678571427,0.12016824500000012,1.4
Morgan Guilavogui,Guinea,1.219175487,0,6,0.2031959145,-1.219175487,0.6
Morgan Paige Gautrat,Chicago Red Stars,0.719243751,0,8,0.089905468875,-0.719243751,0.8
Morgan Paige Gautrat,KC Current,0.240230884,0,4,0.060057721,-0.240230884,0.4
Morgan Paige Gautrat,United States Women's,0.19276468,0,1,0.19276468,-0.19276468,0.1
Morgan Sanson,Montpellier,0.964944413,3,8,0.120618051625,2.035055587,0.8
Morgan Sanson,Strasbourg,0.28006248300000003,0,3,0.093354161,-0.28006248300000003,0.3
Morgan Schneiderlin,Manchester United,1.056124476,1,11,0.096011316,-0.05612447599999992,1.1
Morgan Weaver,Portland Thorns,7.7798278299999994,7,75,0.10373103773333332,-0.7798278299999994,7.5
Morgane Nicoli,FC Levante Badalona,1.620686085,3,8,0.202585760625,1.379313915,0.8
Moriba Kourouma Kourouma,Barcelona,1.665761938,1,13,0.12813553369230768,-0.6657619379999999,1.3
Moriba Kourouma Kourouma,Guinea,0.203427772,0,3,0.06780925733333333,-0.203427772,0.3
Morice Michael Abraham,Tanzania,0.0398369,0,1,0.0398369,-0.0398369,0.1
Moritz Hartmann,Ingolstadt,10.834445952,12,53,0.20442350852830188,1.1655540480000006,5.3
Moritz Leitner,Borussia Dortmund,0.434525797,0,6,0.07242096616666667,-0.434525797,0.6
Moritz Volz,Fulham,0.070412921,0,2,0.0352064605,-0.070412921,0.2
Morten Hjulmand,Denmark,0.126929981,1,5,0.0253859962,0.873070019,0.5
Morteza Pouraliganji,Iran,0.180369212,0,2,0.090184606,-0.180369212,0.2
Moses Daddy-Ajala Simon,Nantes,0.22724925,0,1,0.22724925,-0.22724925,0.1
Moses Daddy-Ajala Simon,Nigeria,0.594123815,0,5,0.118824763,-0.594123815,0.5
Mostafa Fathi,Egypt,0.769630457,1,2,0.3848152285,0.230369543,0.2
Mostafa Mohamed Ahmed Abdallah,Egypt,3.572061219,4,15,0.2381374146,0.42793878099999993,1.5
Mostafa Mohamed Ahmed Abdallah,Nantes,0.035935212,0,1,0.035935212,-0.035935212,0.1
Mothobi Mvala,South Africa,1.5078724,2,2,0.7539362,0.4921276000000001,0.2
Mouctar Diakhaby,Guinea,0.22439354,0,2,0.11219677,-0.22439354,0.2
Mouctar Diakhaby,Valencia,0.28799215,1,1,0.28799215,0.71200785,0.1
Mouhamadou Dabo,Troyes,0.11964106299999999,0,6,0.019940177166666666,-0.11964106299999999,0.6
Mouhamadou Diarra,Strasbourg,0.017843189,0,1,0.017843189,-0.017843189,0.1
Mounaim El Idrissy,AC Ajaccio,0.098579012,0,2,0.049289506,-0.098579012,0.2
Mounir Obbadi,Lille,2.020146162,1,31,0.06516600522580646,-1.020146162,3.1
Mousa Sidi Yaya Dembélé,Tottenham Hotspur,1.440340095,3,22,0.06547000431818183,1.559659905,2.2
Moussa Dembélé,Lyon,0.7544891699999999,0,5,0.15089783399999998,-0.7544891699999999,0.5
Moussa Niakhate,Senegal,0.7391287,0,1,0.7391287,-0.7391287,0.1
Moussa Sissoko,France,0.03519281,0,1,0.03519281,-0.03519281,0.1
Moussa Sissoko,Nantes,0.037500046,0,1,0.037500046,-0.037500046,0.1
Moussa Sissoko,Newcastle United,3.505299283,1,39,0.08987946879487178,-2.505299283,3.9
Moussa Sissoko,Tottenham Hotspur,0.02214979,0,1,0.02214979,-0.02214979,0.1
Moussa Soumano,AC Ajaccio,0.083133824,0,1,0.083133824,-0.083133824,0.1
Moussa Wagué,Senegal,0.21840037,1,1,0.21840037,0.78159963,0.1
Moustapha Bayal Sall,Saint-Étienne,1.993035683,3,14,0.14235969164285714,1.006964317,1.4
Moustapha Elhadji Diallo,Guingamp,2.031538876,1,16,0.12697117975,-1.031538876,1.6
Mubarak Wakaso,Deportivo Alavés,0.198877221,0,3,0.066292407,-0.198877221,0.3
Mubarak Wakaso,Las Palmas,0.5437836725,1,19,0.028620193289473687,0.45621632749999996,1.9
Muhamed Bešić,Everton,0.14713094599999998,0,4,0.036782736499999996,-0.14713094599999998,0.4
Muhammad Ashique Kuruniyan,Bengaluru,0.5027141820000001,1,12,0.0418928485,0.49728581799999994,1.2
Muhammed Badamosi,Gambia,0.14491425800000002,0,3,0.04830475266666667,-0.14491425800000002,0.3
Muhammed Cham Saracevic,Clermont Foot,0.5186184309999999,0,5,0.10372368619999998,-0.5186184309999999,0.5
Muhammed Kerem Aktürkoğlu,Turkey,1.202992939,1,6,0.20049882316666667,-0.20299293900000004,0.6
Muhammed Nemil Valiyattil,Goa,0.6078756089999999,0,10,0.060787560899999996,-0.6078756089999999,1.0
Munir El Haddadi Mohamed,Barcelona,6.996325253,5,38,0.18411382244736843,-1.9963252530000002,3.8
Munir El Haddadi Mohamed,Deportivo Alavés,0.10174192,0,1,0.10174192,-0.10174192,0.1
Munir El Haddadi Mohamed,Sevilla,0.07477953300000001,0,2,0.037389766500000005,-0.07477953300000001,0.2
Munir El Haddadi Mohamed,Valencia,0.708312856,2,4,0.177078214,1.291687144,0.4
Musa Barrow,Gambia,0.468864743,0,8,0.058608092875,-0.468864743,0.8
Mustafa Batuhan Altıntaş,Hamburger SV,0.19842483,0,1,0.19842483,-0.19842483,0.1
Mustapha Yatabaré,Montpellier,5.1492019125,4,33,0.15603642159090908,-1.1492019124999997,3.3
Muzeu Bethuel,Namibia,0.278481673,0,3,0.09282722433333333,-0.278481673,0.3
Mykhailo Mudryk,Ukraine,0.5101727365,0,6,0.08502878941666665,-0.5101727365,0.6
Mykhaylo Olefirenko,Soviet Union U20,0.13872643,0,1,0.13872643,-0.13872643,0.1
Mykola Shaparenko,Ukraine,0.439436312,1,4,0.109859078,0.560563688,0.4
Márcio Rafael Ferreira de Souza,Bayern Munich,0.409692743,0,10,0.040969274300000004,-0.409692743,1.0
Mário Figueira Fernandes,Russia,1.089641938,1,4,0.2724104845,-0.08964193799999998,0.4
Mário Jorge Lobo Zagallo,Brazil,1.591322062,2,12,0.13261017183333332,0.4086779380000001,1.2
Mário Rui Silva Duarte,Empoli,0.9114938425,0,29,0.031430822155172414,-0.9114938425,2.9
Márton Dárdai,Hungary,0.050926216,0,1,0.050926216,-0.050926216,0.1
Mërgim Mavraj,FC Köln,0.420537367,0,4,0.10513434175,-0.420537367,0.4
N''Golo Kanté,Leicester City,0.718593208,1,18,0.03992184488888889,0.28140679199999996,1.8
N'Golo Kanté,France,0.303265294,0,7,0.04332361342857143,-0.303265294,0.7
N'Golo Kanté,Leicester City,0.095517764,0,3,0.03183925466666667,-0.095517764,0.3
Nabil Baha,Málaga,0.11080501400000001,0,2,0.055402507000000004,-0.11080501400000001,0.2
Nabil Bahoui,Hamburger SV,0.244374528,0,3,0.08145817600000001,-0.244374528,0.3
Nabil Bentaleb,Algeria,0.14561768,0,1,0.14561768,-0.14561768,0.1
Nabil Bentaleb,Tottenham Hotspur,0.097970259,0,3,0.032656753000000004,-0.097970259,0.3
Nabil Dirar,AS Monaco,2.350255231,2,21,0.11191691576190475,-0.3502552309999998,2.1
Nabil Dirar,Morocco,0.06590792200000001,0,2,0.032953961000000004,-0.06590792200000001,0.2
Nabil El Zhar,Las Palmas,1.9426235195000001,2,28,0.06937941141071428,0.05737648049999988,2.8
Nabil El Zhar,Leganés,1.02086516,2,11,0.09280592363636364,0.97913484,1.1
Nabil Fekir,France,0.12763350499999998,0,4,0.031908376249999995,-0.12763350499999998,0.4
Nabil Fekir,Lyon,1.976402939,4,20,0.09882014694999999,2.0235970610000003,2.0
Nabil Fekir,Real Betis,0.32794389,1,4,0.0819859725,0.67205611,0.4
Nabil Ghilas,Córdoba CF,0.043751057,0,1,0.043751057,-0.043751057,0.1
Nabil Ghilas,Levante UD,2.0785674195,0,21,0.09897940092857144,-2.0785674195,2.1
Naby Deco Keïta,Guinea,0.24186406,0,1,0.24186406,-0.24186406,0.1
Nacer Chadli,Belgium,0.763371797,1,5,0.15267435940000001,0.23662820299999998,0.5
Nacer Chadli,Tottenham Hotspur,2.805925932,3,26,0.10792022815384615,0.19407406799999993,2.6
Nadia Krezyman,Poland Women's,0.05334227,0,1,0.05334227,-0.05334227,0.1
Nadia Nadim,AC Milan W,2.369065113,0,17,0.13935677135294117,-2.369065113,1.7
Nadia Nadim,Denmark Women's,1.205187839,0,9,0.13390975988888887,-1.205187839,0.9
Nadia Nadim,Manchester City WFC,1.526714558,0,7,0.21810207971428572,-1.526714558,0.7
Nadia Nadim,Racing Louisville FC,1.829600227,1,16,0.1143500141875,-0.829600227,1.6
Nadiem Amiri,Bayer Leverkusen,0.209275416,0,3,0.069758472,-0.209275416,0.3
Nadiem Amiri,FSV Mainz 05,0.041945256,0,1,0.041945256,-0.041945256,0.1
Nadiem Amiri,Hoffenheim,2.583329636,4,37,0.0698197198918919,1.4166703639999998,3.7
Nadine Hanssen,Aston Villa,0.7383929570000001,1,10,0.0738392957,0.26160704299999993,1.0
Nadine Riesen,Eintracht Frankfurt W,0.528153357,0,3,0.176051119,-0.528153357,0.3
Nadine Riesen,Switzerland Women's,0.334747688,1,4,0.083686922,0.665252312,0.4
Nadja Burkard,Nürnberg W,0.241878033,1,6,0.0403130055,0.758121967,0.6
Nahia Aparicio,Real Sociedad de Fútbol,0.7503935150000001,1,13,0.05772257807692308,0.24960648499999993,1.3
Nahikari García Pérez,Athletic Club Bilbao,6.671944814,5,40,0.16679862034999998,-1.6719448139999997,4.0
Nahikari García Pérez,Spain Women's,0.797110752,0,6,0.132851792,-0.797110752,0.6
Nahitan Michel Nández Acosta,Uruguay,0.266505534,0,2,0.133252767,-0.266505534,0.2
Nahomi Kawasumi,OL Reign,0.298284831,0,4,0.07457120775,-0.298284831,0.4
Nahuel Molina Lucero,Argentina,0.45401175,1,3,0.15133725,0.54598825,0.3
Naia Landaluce,Athletic Club Bilbao,0.966557585,2,10,0.0966557585,1.0334424150000001,1.0
Naima García Aguilar,Granada W,6.761354463,3,54,0.12521026783333333,-3.761354463,5.4
Naja Poje Mihelič,Sassuolo W,0.395455929,0,6,0.06590932149999999,-0.395455929,0.6
Namgyal Bhutia,Bengaluru,0.084908836,0,2,0.042454418,-0.084908836,0.2
Nampalys Mendy,OGC Nice,0.155269106,1,6,0.02587818433333333,0.844730894,0.6
Nampalys Mendy,Senegal,0.208886097,0,5,0.041777219399999996,-0.208886097,0.5
Nana Ichise,Japan Women's,0.017508147,0,1,0.017508147,-0.017508147,0.1
Nandhakumar Sekar,Odisha,1.581380612,1,13,0.12164466246153846,-0.581380612,1.3
Nanitamo Jonathan Ikoné,Lille,0.23080872,0,2,0.11540436,-0.23080872,0.2
Naocha Huidrom Singh,East Bengal,0.014545774,0,1,0.014545774,-0.014545774,0.1
Naomi Layzell,Bristol City WFC,0.710783324,0,8,0.0888479155,-0.710783324,0.8
Naomie Feller,Real Madrid CF W,7.2468398355,10,42,0.17254380560714286,2.7531601644999997,4.2
Naorem Mahesh Singh,East Bengal,1.880172244,2,24,0.07834051016666667,0.11982775600000006,2.4
Naorem Roshan Singh,Bengaluru,0.312958692,1,13,0.024073745538461536,0.687041308,1.3
Narayan Das,Chennaiyin,0.386720585,0,5,0.077344117,-0.386720585,0.5
Narcisse-Olivier Kapo Obou,Levante UD,0.063493389,0,2,0.0317466945,-0.063493389,0.2
Narender Gahlot,Jamshedpur,0.132500165,0,3,0.044166721666666665,-0.132500165,0.3
Narumi Miura,Japan Women's,0.156471314,0,2,0.078235657,-0.156471314,0.2
Narumi Miura,North Carolina Courage,1.953310056,1,17,0.11490059152941177,-0.9533100560000001,1.7
Nastassja Lein,Nürnberg W,0.504193933,0,6,0.08403232216666667,-0.504193933,0.6
Natalia Escot,FC Levante Badalona,0.10556579,0,1,0.10556579,-0.10556579,0.1
Natalia Kuikka,Portland Thorns,1.148499872,1,14,0.08203570514285714,-0.14849987199999992,1.4
Natalia Kuikka,WNT Finland,0.910688727,1,5,0.1821377454,0.08931127299999997,0.5
Natalia Montilla Martínez,Real Betis Balompié,0.914890156,1,15,0.06099267706666667,0.08510984399999999,1.5
Natalia Padilla-Bidas,Köln,2.2693342345,2,19,0.11943864392105263,-0.26933423450000005,1.9
Natalia Padilla-Bidas,Poland Women's,1.034167238,1,6,0.17236120633333332,-0.03416723799999999,0.6
Natalia Ramos Álvarez,Costa Adeje Tenerife,0.956523679,0,26,0.03678937226923077,-0.956523679,2.6
Natalie Haigh,Aston Villa,0.15238305000000002,1,2,0.07619152500000001,0.8476169499999999,0.2
Natalie Jacobs,Houston Dash,0.392840202,0,6,0.065473367,-0.392840202,0.6
Natalie Rose Muth,Duisburg WFC,0.862121378,3,9,0.09579126422222223,2.137878622,0.9
Natasa Andonova,Levante UD Femenino,4.629185821,5,33,0.1402783582121212,0.3708141789999999,3.3
Natasha Harding,Reading WFC,5.379832454,4,43,0.12511238265116278,-1.3798324539999998,4.3
Natasha Jane Flint,Liverpool WFC,0.585140203,1,5,0.11702804060000001,0.414859797,0.5
Natasha Kowalski,SGS Essen 19/68,5.519222329,7,38,0.14524269286842104,1.4807776710000002,3.8
Nathan Aké,Netherlands,0.12530455299999999,0,3,0.041768184333333326,-0.12530455299999999,0.3
Nathan Aké,Watford,1.8333023835,1,17,0.10784131667647058,-0.8333023835,1.7
Nathan Dyer,Leicester City,0.568959185,1,5,0.11379183699999999,0.431040815,0.5
Nathan Redmond,Norwich City,3.300920966,6,53,0.06228152766037736,2.699079034,5.3
Nathan Tella,Bayer Leverkusen,3.433872977,5,21,0.16351776080952382,1.566127023,2.1
Nathanaël Mbuku,Stade de Reims,0.10064669700000001,0,2,0.050323348500000004,-0.10064669700000001,0.2
Nathaniel Edwin Clyne,Liverpool,1.860612309,1,31,0.0600197519032258,-0.860612309,3.1
Natividad Cano Cabello,SD Eibar,0.457042644,1,5,0.0914085288,0.5429573560000001,0.5
Nauzet Alemán Viera,Las Palmas,0.300103395,0,3,0.100034465,-0.300103395,0.3
Nawaf Shaker Al Abid,Saudi Arabia,0.15120023500000002,0,2,0.07560011750000001,-0.15120023500000002,0.2
Nayef Aguerd,Morocco,0.29259121,0,2,0.146295605,-0.29259121,0.2
Nazareth Martín Vázquez,Sevilla FC,0.09779333000000001,0,2,0.048896665000000006,-0.09779333000000001,0.2
Naïm Sliti,Tunisia,0.45949727500000004,0,8,0.057437159375000005,-0.45949727500000004,0.8
Neal Maupay,Saint-Étienne,1.57392687,1,14,0.11242334785714285,-0.57392687,1.4
Nealy Martin,NJ/NY Gotham FC,0.22707138400000001,0,4,0.056767846000000004,-0.22707138400000001,0.4
Neco Williams,Wales,0.106560647,0,3,0.03552021566666667,-0.106560647,0.3
Nedim Bajrami,Albania,0.25870048199999995,1,3,0.08623349399999998,0.741299518,0.3
Neil Taylor,Swansea City,0.2194241395,0,9,0.024380459944444446,-0.2194241395,0.9
Nele Bauereisen,Nürnberg W,1.35191074,0,14,0.09656505285714287,-1.35191074,1.4
Nelsi Morais,NY Cosmos,0.029541776,0,1,0.029541776,-0.029541776,0.1
Nelson Antonio Haedo Valdez,Hércules,0.456387801,2,4,0.11409695025,1.543612199,0.4
Nemanja Maksimović,Getafe,0.126919234,0,2,0.063459617,-0.126919234,0.2
Nemanja Matić,Chelsea,2.143072125,2,34,0.0630315330882353,-0.14307212500000022,3.4
Nemanja Matić,Serbia,0.5465953100000001,0,3,0.18219843666666669,-0.5465953100000001,0.3
Nemanja Radoja,Celta Vigo,0.31130874599999997,0,7,0.044472677999999995,-0.31130874599999997,0.7
Nemanja Radoja,Levante UD,0.05931594,1,1,0.05931594,0.94068406,0.1
Nemanja Radonjić,Serbia,0.091285189,0,2,0.0456425945,-0.091285189,0.2
Nenad Krstičić,Sampdoria,0.14052185,0,4,0.0351304625,-0.14052185,0.4
Nenad Mirosavljević,Cádiz,0.342356626,1,2,0.171178313,0.6576433740000001,0.2
Nenad Tomović,Fiorentina,0.658815971,0,7,0.09411656728571428,-0.658815971,0.7
Nene Dorgeles,Mali,0.06941641,1,3,0.023138803333333333,0.93058359,0.3
Nerea Eizaguirre Lasa,Real Sociedad de Fútbol,6.4840209605,6,58,0.11179346483620689,-0.48402096049999965,5.8
Nerea Nevado Gómez,Athletic Club Bilbao,0.46473785300000003,1,14,0.033195560928571434,0.535262147,1.4
Nerea Pérez Machado,Villarreal,0.27223317,0,8,0.03402914625,-0.27223317,0.8
Nerea Vicente Fernández,Granada W,0.11448389499999999,0,2,0.057241947499999994,-0.11448389499999999,0.2
Nerijus Valskis,Chennaiyin,1.854934707,2,15,0.12366231379999999,0.14506529300000004,1.5
Nerijus Valskis,Jamshedpur,2.120651348,2,17,0.12474419694117647,-0.12065134799999999,1.7
Nesryne El Chad,Morocco Women's,0.12262632,0,2,0.06131316,-0.12262632,0.2
Neven Subotić,Borussia Dortmund,0.18727827700000002,0,2,0.09363913850000001,-0.18727827700000002,0.2
Neymar da Silva Santos Junior,Barcelona,61.633893166600004,62,351,0.17559513722678063,0.3661068333999964,35.1
Neymar da Silva Santos Junior,Brazil,7.832582029,4,39,0.20083543664102566,-3.832582029,3.9
Neymar da Silva Santos Junior,Paris Saint-Germain,15.315540651000001,23,76,0.20152027172368422,7.684459348999999,7.6
Ngero Kaanjuka Katua,Namibia,0.07629830900000001,0,3,0.02543276966666667,-0.07629830900000001,0.3
Ngoran Suiru Fai Collins,Cameroon,0.012553157,0,1,0.012553157,-0.012553157,0.1
Ngozi Sonia Okobi,Nigeria Women's,0.318516578,0,2,0.159258289,-0.318516578,0.2
Niamh Charles,Chelsea FCW,3.869109816,3,32,0.12090968175,-0.8691098159999999,3.2
Niamh Charles,England Women's,0.76046705,1,1,0.76046705,0.23953294999999997,0.1
Niamh Charles,Liverpool WFC,4.3791605085,2,28,0.1563985895892857,-2.3791605085,2.8
Niamh Fahey,Liverpool WFC,1.814292669,0,14,0.12959233350000002,-1.814292669,1.4
Niamh Fahey,Republic of Ireland Women's,0.012576756,0,1,0.012576756,-0.012576756,0.1
Nichelle Patrice Prince,Canada Women's,1.604563576,1,7,0.229223368,-0.6045635760000001,0.7
Nichelle Patrice Prince,Houston Dash,1.4471291689999999,0,15,0.09647527793333333,-1.4471291689999999,1.5
Nicholas Gioacchini,Montpellier,0.04078691,0,1,0.04078691,-0.04078691,0.1
Nicholas Williams Arthuer,Spain,1.466275467,2,12,0.12218962225,0.533724533,1.2
Nick Chadwick,Everton,0.47717094,0,1,0.47717094,-0.47717094,0.1
Nick Woltemade,Werder Bremen,0.15128048,0,1,0.15128048,-0.15128048,0.1
Nicklas Bendtner,Wolfsburg,1.817981024,2,9,0.20199789155555556,0.18201897599999994,0.9
Nicky Hunt,Bolton Wanderers,0.041361988,0,1,0.041361988,-0.041361988,0.1
Niclas Füllkrug,Borussia Dortmund,0.5037981650000001,1,3,0.1679327216666667,0.4962018349999999,0.3
Niclas Füllkrug,Germany,2.909528046,4,17,0.1711487085882353,1.0904719539999999,1.7
Nico Elvedi,Borussia Mönchengladbach,0.285369416,0,3,0.09512313866666666,-0.285369416,0.3
Nico Elvedi,Switzerland,0.60692269,0,4,0.1517306725,-0.60692269,0.4
Nico Schlotterbeck,Germany,0.078190925,0,2,0.0390954625,-0.078190925,0.2
Nico Schulz,Hertha Berlin,0.10390975,0,1,0.10390975,-0.10390975,0.1
Nicola Caricola,Juventus,0.037515625,0,1,0.037515625,-0.037515625,0.1
Nicola Cousins,Yeovil Town LFC,0.4703437855,0,8,0.0587929731875,-0.4703437855,0.8
Nicola Rigoni,Chievo,1.5411066355,3,30,0.051370221183333335,1.4588933645,3.0
Nicola Sansone,Sassuolo,6.291061365,7,63,0.0998581169047619,0.708938635,6.3
Nicola Sansone,Villarreal,0.37277440300000003,2,6,0.06212906716666667,1.627225597,0.6
Nicola Zalewski,Poland,0.138305617,0,2,0.0691528085,-0.138305617,0.2
Nicolae Claudiu Stanciu,Romania,0.583808166,1,5,0.11676163319999999,0.41619183400000004,0.5
Nicolai Jørgensen,Denmark,1.314445324,0,5,0.2628890648,-1.314445324,0.5
Nicolai Müller,Hamburger SV,4.463473322,9,37,0.1206344141081081,4.536526678,3.7
Nicolas Alexis Julio N'Koulou Ndoubena,Cameroon,0.368145395,0,3,0.12271513166666666,-0.368145395,0.3
Nicolas Alexis Julio N'Koulou Ndoubena,Marseille,0.23040854,0,2,0.11520427,-0.23040854,0.2
Nicolas Alexis Julio N'Koulou Ndoubena,Olympique de Marseille,0.770134144,0,10,0.07701341440000001,-0.770134144,1.0
Nicolas Anelka,Manchester City,0.891248885,1,9,0.09902765388888889,0.10875111500000001,0.9
Nicolas Benezet,Guingamp,2.282363602,4,23,0.09923320008695653,1.7176363979999998,2.3
Nicolas Höfler,Freiburg,0.02423852,0,1,0.02423852,-0.02423852,0.1
Nicolas Jackson,Senegal,0.12658465,0,1,0.12658465,-0.12658465,0.1
Nicolas Janvier,Rennes,0.061172083,0,1,0.061172083,-0.061172083,0.1
Nicolas Maurice-Belay,Bordeaux,0.5358098175,1,11,0.04870998340909091,0.4641901825,1.1
Nicolas Moumi Ngamaleu,Cameroon,0.059360497,0,2,0.0296802485,-0.059360497,0.2
Nicolas Pallois,Bordeaux,0.66712054,1,9,0.07412450444444445,0.33287946,0.9
Nicolas Pépé,Côte d'Ivoire,1.0856990309999999,1,5,0.21713980619999998,-0.08569903099999987,0.5
Nicolas Pépé,OGC Nice,0.44591811400000003,0,4,0.11147952850000001,-0.44591811400000003,0.4
Nicolas Sebastian Frey,Chievo,0.05205207,0,1,0.05205207,-0.05205207,0.1
Nicolas Seiwald,Austria,0.023439344,0,1,0.023439344,-0.023439344,0.1
Nicolas Seube,Caen,0.077791954,0,2,0.038895977,-0.077791954,0.2
Nicolas Seube,Stade Malherbe Caen,0.561560417,0,13,0.04319695515384615,-0.561560417,1.3
Nicolas de Roussel de Préville,Stade de Reims,9.555193299,6,91,0.10500212416483518,-3.555193299000001,9.1
Nicole Anyomi,Eintracht Frankfurt W,8.942473832,11,42,0.2129160436190476,2.0575261680000008,4.2
Nicole Anyomi,Germany Women's,0.16924384,1,1,0.16924384,0.83075616,0.1
Nicole Arcangeli,Como W,0.185515838,0,4,0.0463789595,-0.185515838,0.4
Nicole Arcangeli,Pomigliano,3.437946363,3,33,0.10418019281818182,-0.437946363,3.3
Nicole Billa,Austria Women's,0.891045084,1,9,0.09900500933333334,0.10895491599999996,0.9
Nicole Billa,Hoffenheim W,2.637847605,4,16,0.1648654753125,1.3621523949999998,1.6
Nicole Douglas,Washington Spirit,0.461516392,0,4,0.115379098,-0.461516392,0.4
Nicoline Sørensen,Everton LFC,3.416683061,2,31,0.11021558261290323,-1.416683061,3.1
Nicolás Alejandro Tagliafico,Argentina,1.3682324890000002,0,10,0.13682324890000003,-1.3682324890000002,1.0
Nicolás Alejandro Tagliafico,Lyon,0.273626295,0,2,0.1368131475,-0.273626295,0.2
Nicolás Andrés Burdisso,Genoa,0.7704956482,0,10,0.07704956482,-0.7704956482,1.0
Nicolás Federico López Alonso,Granada,0.5781471499999999,0,7,0.08259245,-0.5781471499999999,0.7
Nicolás Federico Spolli,Carpi,0.040406186,0,1,0.040406186,-0.040406186,0.1
Nicolás Federico Spolli,Chievo,0.16778584000000002,0,2,0.08389292000000001,-0.16778584000000002,0.2
Nicolás Hernán Otamendi,Argentina,2.295171886,1,10,0.22951718859999998,-1.2951718859999999,1.0
Nicolás Hernán Otamendi,Manchester City,1.631898597,1,28,0.05828209275,-0.631898597,2.8
Nicolás Hernán Otamendi,Valencia,0.06790423,0,1,0.06790423,-0.06790423,0.1
Nicolás Ignacio Castillo Mora,Frosinone,0.690028706,0,10,0.0690028706,-0.690028706,1.0
Nicolás Iván González,Argentina,0.677380081,0,5,0.1354760162,-0.677380081,0.5
Nicolás Ladislao Fedor Flores,Getafe,0.43122589600000005,0,7,0.06160369942857143,-0.43122589600000005,0.7
Nicolás Ladislao Fedor Flores,Rayo Vallecano,9.454578206,9,42,0.22510900490476193,-0.45457820600000076,4.2
Nicolás Martín Pareja,Espanyol,0.03395539,0,1,0.03395539,-0.03395539,0.1
Nicolás Martín Pareja,Sevilla,0.051584218,0,1,0.051584218,-0.051584218,0.1
Nicolás Santiago Bertolo,Real Zaragoza,0.15479986,0,1,0.15479986,-0.15479986,0.1
Nicolò Barella,Italy,0.329044185,2,6,0.0548406975,1.6709558150000001,0.6
Nicolò Cherubin,Atalanta,0.219467425,1,4,0.05486685625,0.7805325750000001,0.4
Nicolò Fagioli,Italy,0.014091212,0,1,0.014091212,-0.014091212,0.1
Nigel Quashie,Portsmouth,0.064296756,0,2,0.032148378,-0.064296756,0.2
Nigel de Jong,AC Milan,0.116743742,0,4,0.0291859355,-0.116743742,0.4
Nihat Kahveci,Villarreal,0.16800823,0,2,0.084004115,-0.16800823,0.2
Nikhil Poojary,Hyderabad,0.575584274,1,12,0.04796535616666667,0.424415726,1.2
Nikhil Poojary,SC Delhi,0.06782363,0,2,0.033911815,-0.06782363,0.2
Nikhil Raj Murugesh Kumar,Odisha,0.608538447,1,4,0.15213461175,0.39146155299999996,0.4
Nikica Jelavić,West Ham United,1.79954748,1,11,0.16359522545454544,-0.79954748,1.1
Nikita Parris,England Women's,2.789601189,1,10,0.2789601189,-1.7896011889999999,1.0
Nikita Parris,Manchester City WFC,18.933505669,20,77,0.245889684012987,1.0664943310000012,7.7
Nikita Parris,Manchester United W,4.559474353,8,37,0.12322903656756756,3.4405256470000003,3.7
Nikki Stanton,Chicago Red Stars,0.100694634,0,1,0.100694634,-0.100694634,0.1
Nikki Stanton,Seattle Reign,0.29953826499999997,0,4,0.07488456624999999,-0.29953826499999997,0.4
Niklas Dorsch,Augsburg,0.038712315,0,1,0.038712315,-0.038712315,0.1
Niklas Hult,OGC Nice,0.7452680220000001,1,5,0.1490536044,0.2547319779999999,0.5
Niklas Moisander,Sampdoria,0.096664172,0,2,0.048332086,-0.096664172,0.2
Niklas Stark,Hertha Berlin,1.12018193,2,14,0.080012995,0.87981807,1.4
Niklas Süle,Germany,0.26260474,0,1,0.26260474,-0.26260474,0.1
Niklas Süle,Hoffenheim,0.716472453,0,8,0.089559056625,-0.716472453,0.8
Niko Bungert,FSV Mainz 05,0.517447209,0,6,0.08624120149999999,-0.517447209,0.6
Nikola Dovedan,FC Heidenheim,0.039825518,0,1,0.039825518,-0.039825518,0.1
Nikola Kalinić,Fiorentina,14.940726438,12,74,0.20190170862162163,-2.9407264380000004,7.4
Nikola Karczewska,TSV Bayer 04 Leverkusen,6.097058914,10,25,0.24388235655999999,3.9029410860000002,2.5
Nikola Maksimović,Torino,0.16115254,0,2,0.08057627,-0.16115254,0.2
Nikola Milenković,Serbia,0.19116074600000002,0,3,0.06372024866666667,-0.19116074600000002,0.3
Nikola Vlašić,Croatia,2.623505053,3,10,0.26235050530000004,0.37649494699999986,1.0
Nikola Žigić,Racing Santander,0.805906413,1,3,0.268635471,0.194093587,0.3
Nikola Žigić,Valencia,0.06086582,0,1,0.06086582,-0.06086582,0.1
Nikolai Alho,Finland,0.014548782,0,1,0.014548782,-0.014548782,0.1
Nill De Pauw,Guingamp,0.76769606,0,10,0.076769606,-0.76769606,1.0
Nilla Fischer,Sweden Women's,0.382296494,0,2,0.191148247,-0.382296494,0.2
Nilmar Honorato da Silva,Villarreal,0.516287537,1,4,0.12907188425,0.48371246300000004,0.4
Nils Liedholm,Sweden,0.189036116,1,2,0.094518058,0.810963884,0.2
Nilton dos Reis Santos,Brazil,0.058099569000000004,0,3,0.019366523,-0.058099569000000004,0.3
Nim Dorjee Tamang,Hyderabad,0.08686491099999999,0,2,0.043432455499999995,-0.08686491099999999,0.2
Nina Kajzba,Napoli W,0.18388321700000002,0,7,0.026269031,-0.18388321700000002,0.7
Nina Lührßen,SV Werder Bremen,1.700476168,2,18,0.09447089822222222,0.299523832,1.8
Nishu Kumar Tashni,Kerala Blasters,1.268817891,1,11,0.115347081,-0.2688178910000001,1.1
Nkosinathi Sibisi,South Africa,0.7539362,1,1,0.7539362,0.24606380000000005,0.1
Noah Allen,Inter Miami,0.066104999,0,2,0.0330524995,-0.066104999,0.2
Noah Mbamba,Bayer Leverkusen,0.038644202,0,1,0.038644202,-0.038644202,0.1
Noah Okafor,Switzerland,0.05496085,0,1,0.05496085,-0.05496085,0.1
Noah-Joel Sarenren-Bazee,Hannover 96,1.773112238,0,18,0.09850623544444444,-1.773112238,1.8
Noelia Salas Mullens,Granada W,0.031249005,0,1,0.031249005,-0.031249005,0.1
Noelia Salazar Franquis,Real Betis Balompié,0.06754812,0,1,0.06754812,-0.06754812,0.1
Noelle Maritz,Arsenal WFC,0.86103017,0,5,0.172206034,-0.86103017,0.5
Noelle Maritz,Aston Villa W,0.144450503,0,4,0.03611262575,-0.144450503,0.4
Noelle Maritz,Switzerland Women's,0.17254151199999998,0,2,0.08627075599999999,-0.17254151199999998,0.2
Noemi Ivelj,Switzerland Women's,0.034967553,0,1,0.034967553,-0.034967553,0.1
Noko Matlou,SD Eibar,0.102886326,0,2,0.051443163,-0.102886326,0.2
Noko Matlou,South Africa Women's,0.04320624,0,1,0.04320624,-0.04320624,0.1
Nolan Roux,Saint-Étienne,8.759913619,9,59,0.1484731121864407,0.24008638099999935,5.9
Nolberto Albino Solano Todco,Boca Juniors,0.058556369999999996,0,2,0.029278184999999998,-0.058556369999999996,0.2
Nongdamba Singh Naorem,Goa,0.448141882,0,5,0.0896283764,-0.448141882,0.5
Nor Mustafa,West Ham United LFC,0.2061459,0,2,0.10307295,-0.2061459,0.2
Nora Heroum,Brighton & Hove Albion WFC,1.017093321,0,7,0.14529904585714284,-1.017093321,0.7
Nora Heroum,Sampdoria W,1.918948697,0,24,0.07995619570833333,-1.918948697,2.4
Norbert Nachtweih,Bayern Munich,0.020440819,0,1,0.020440819,-0.020440819,0.1
Norbert Sándor Balogh,Palermo,0.23001296300000001,0,2,0.11500648150000001,-0.23001296300000001,0.2
Nordi Mukiele Mulere,Paris Saint-Germain,0.734189375,0,7,0.10488419642857143,-0.734189375,0.7
Nordin Amrabat,Leganés,0.558844188,0,6,0.09314069800000001,-0.558844188,0.6
Nordin Amrabat,Morocco,0.012556527,0,1,0.012556527,-0.012556527,0.1
Nordin Amrabat,Málaga,2.623201397,0,30,0.08744004656666667,-2.623201397,3.0
Nordin Amrabat,Watford,0.62604521,0,7,0.08943503,-0.62604521,0.7
Norma Cinotti,Fiorentina W,0.438209405,1,8,0.054776175625,0.561790595,0.8
Nothando Vilakazi,South Africa Women's,0.085855946,0,2,0.042927973,-0.085855946,0.2
Nouh Mohamed El Abd,Mauritania,0.19177999,0,2,0.095889995,-0.19177999,0.2
Nouhaila Benzina,Morocco Women's,0.12641579,0,1,0.12641579,-0.12641579,0.1
Nouhou Tolo,Cameroon,0.11374578249999999,0,3,0.03791526083333333,-0.11374578249999999,0.3
Noussair Mazraoui,Bayern Munich,0.03443112,0,1,0.03443112,-0.03443112,0.1
Noussair Mazraoui,Morocco,0.15193299799999999,0,4,0.037983249499999996,-0.15193299799999999,0.4
Novatus Dismas Miroshi,Tanzania,0.01745537,0,1,0.01745537,-0.01745537,0.1
Nuno Albertino Varela Tavares,Marseille,0.163108589,0,3,0.054369529666666666,-0.163108589,0.3
Nuno Albertino Varela Tavares,Olympique de Marseille,0.15153604,0,5,0.030307208000000002,-0.15153604,0.5
Nuno Mendes,Paris Saint-Germain,1.606156258,1,16,0.100384766125,-0.606156258,1.6
Nuno Mendes,Portugal,0.9406078849999999,1,4,0.23515197124999998,0.05939211500000008,0.4
Nuno Miguel da Costa Jóia,Auxerre,0.123298064,0,2,0.061649032,-0.123298064,0.2
Nuno Ricardo de Oliveira Ribeiro,Atlético Madrid,0.0553015045,0,3,0.018433834833333333,-0.0553015045,0.3
Nuri Şahin,Borussia Dortmund,0.198938854,0,4,0.0497347135,-0.198938854,0.4
Nuria Garrote Camúñez,FC Levante Badalona,0.083949548,0,3,0.027983182666666665,-0.083949548,0.3
Nuria Ligero Fernández,Real Betis Balompié,0.01354732,0,1,0.01354732,-0.01354732,0.1
Nuria Rábano Blanco,VfL Wolfsburg WFC,0.17541709049999998,0,7,0.025059584357142856,-0.17541709049999998,0.7
Nwankwo Christian Kanu,Arsenal,0.849762484,1,10,0.0849762484,0.15023751600000002,1.0
Nyiko Mobbie,South Africa,0.033553029,0,2,0.0167765145,-0.033553029,0.2
Nélson Cabral Semedo,Barcelona,1.221171914,2,14,0.08722656528571428,0.7788280860000001,1.4
Nélson Cabral Semedo,Portugal,0.255305582,0,2,0.127652791,-0.255305582,0.2
Nélson Miguel Castro Oliveira,RC Deportivo La Coruña,0.074019821,0,2,0.0370099105,-0.074019821,0.2
Nérilia Mondesir,Haiti Women's,0.484189755,0,7,0.069169965,-0.484189755,0.7
Néstor Alejandro Araújo Razo,Celta Vigo,0.25904094,0,2,0.12952047,-0.25904094,0.2
Néstor Fabián Canobbio Bentaberry,Celta Vigo,0.028083377,0,1,0.028083377,-0.028083377,0.1
Núria Mendoza Miralles,Levante UD Femenino,0.300406478,0,5,0.060081295599999994,-0.300406478,0.5
Núrio Domingos Matias Fortuna,Angola,0.015317649,0,1,0.015317649,-0.015317649,0.1
Obafemi Akinwunmi Martins,Levante UD,0.34091556,0,2,0.17045778,-0.34091556,0.2
Obite Evan Ndicka,Côte d'Ivoire,0.568570095,0,7,0.08122429928571429,-0.568570095,0.7
Odaïr Junior Lopes Fortes,Stade de Reims,0.485980739,0,7,0.06942581985714286,-0.485980739,0.7
Odilon Kossonou,Bayer Leverkusen,0.319657472,1,5,0.0639314944,0.680342528,0.5
Odilon Kossonou,Côte d'Ivoire,0.054783022,0,2,0.027391511,-0.054783022,0.2
Odion Jude Ighalo,Granada,0.92235273,1,1,0.92235273,0.07764727000000005,0.1
Odion Jude Ighalo,Nigeria,0.579822662,0,5,0.1159645324,-0.579822662,0.5
Odion Jude Ighalo,Watford,16.471704469,15,111,0.14839373395495495,-1.4717044689999987,11.1
Ogenyi Eddy Onazi,Lazio,0.593884564,1,12,0.049490380333333334,0.406115436,1.2
Oghenekaro Etebo,Las Palmas,0.023971318,0,2,0.011985659,-0.023971318,0.2
Oghenekaro Etebo,Nigeria,0.229867851,0,7,0.03283826442857143,-0.229867851,0.7
Oier Sanjurjo Mate,Osasuna,0.027404612,0,1,0.027404612,-0.027404612,0.1
Oihane Hernández Zurbano,Real Madrid CF W,0.294479942,0,6,0.04907999033333333,-0.294479942,0.6
Oihane Hernández Zurbano,Spain Women's,0.032837592,0,1,0.032837592,-0.032837592,0.1
Oihane Valdezate Cabornero,AS Roma W,0.394562689,1,5,0.0789125378,0.605437311,0.5
Okay Yokuşlu,Turkey,0.037837733,0,1,0.037837733,-0.037837733,0.1
Ola Toivonen,Rennes,0.025093438,0,1,0.025093438,-0.025093438,0.1
Ola Toivonen,Sunderland,0.616602302,0,7,0.08808604314285715,-0.616602302,0.7
Ola Toivonen,Sweden,0.98226133,1,5,0.19645226600000001,0.017738669999999956,0.5
Olaf Thon,Bayern Munich,0.237313494,0,2,0.118656747,-0.237313494,0.2
Olarenwaju Ayoba Kayode,Girona,0.401883106,0,2,0.200941553,-0.401883106,0.2
Olaya Enrique Rodríguez,Real Madrid CF W,0.26088316,0,4,0.06522079,-0.26088316,0.4
Ole Gunnar Solskjær,Manchester United,0.122504916,0,2,0.061252458,-0.122504916,0.2
Ole Kristian Selnæs,Saint-Étienne,0.034708993,0,2,0.0173544965,-0.034708993,0.2
Oleguer Presas Renom,Barcelona,0.8269371809999999,0,7,0.11813388299999998,-0.8269371809999999,0.7
Oleksandr Karavaev,Ukraine,0.265500808,0,5,0.053100161599999994,-0.265500808,0.5
Oleksandr Zinchenko,Ukraine,0.316139864,1,3,0.10537995466666666,0.6838601360000001,0.3
Olga  Carmona García,Real Madrid CF W,4.513922099,6,39,0.11574159228205129,1.4860779009999998,3.9
Olga  Carmona García,Spain Women's,0.615937745,2,21,0.029330368809523808,1.384062255,2.1
Olga Ahtinen,Tottenham Hotspur Women,0.520360307,1,8,0.065045038375,0.479639693,0.8
Olga Ahtinen,WNT Finland,0.054315759,0,2,0.0271578795,-0.054315759,0.2
Oliver Kragl,Frosinone,1.2673761038,1,31,0.040883100122580646,-0.2673761038,3.1
Oliver Sorg,Hannover 96,0.186334423,0,6,0.031055737166666667,-0.186334423,0.6
Oliverio Jesús Alvarez González,Cádiz,0.056643873,0,1,0.056643873,-0.056643873,0.1
Olivia Alma Charlotta Schough,Sweden Women's,0.655674754,0,6,0.10927912566666666,-0.655674754,0.6
Olivia Chance,Bristol City WFC,0.644530363,0,12,0.05371086358333333,-0.644530363,1.2
Olivia Chance,New Zealand Women's,0.32370830899999997,0,4,0.08092707724999999,-0.32370830899999997,0.4
Olivia Fergusson,Yeovil Town LFC,2.743052796,1,26,0.10550203061538463,-1.7430527960000002,2.6
Olivia McLoughlin,Aston Villa,0.02542487,0,1,0.02542487,-0.02542487,0.1
Olivia Moultrie,Portland Thorns,3.212817219,2,40,0.08032043047500001,-1.2128172190000002,4.0
Olivia Smith,Canada Women's,0.013552329,0,1,0.013552329,-0.013552329,0.1
Olivia Van der Jagt,Seattle Reign,1.024121547,1,10,0.10241215470000001,-0.02412154700000002,1.0
Olivia Wingate,North Carolina Courage,2.057835094,0,13,0.15829500723076922,-2.057835094,1.3
Olivier Auriac,Angers,0.140320908,0,2,0.070160454,-0.140320908,0.2
Olivier Bernard,Newcastle United,0.30096861,1,3,0.10032287000000001,0.69903139,0.3
Olivier Boscagli,OGC Nice,0.217996287,1,2,0.1089981435,0.7820037129999999,0.2
Olivier Deman,Werder Bremen,0.06754101,0,1,0.06754101,-0.06754101,0.1
Olivier Giroud,Arsenal,14.54403046,16,103,0.14120417922330097,1.45596954,10.3
Olivier Giroud,France,5.148204006,5,37,0.1391406488108108,-0.14820400600000028,3.7
Olivier Michel Kemen,Cameroon,0.115839954,0,3,0.038613318,-0.115839954,0.3
Ollie Watkins,England,0.315242576,1,3,0.10508085866666667,0.6847574240000001,0.3
Olof Mellberg,Aston Villa,0.056193768000000005,0,2,0.028096884000000003,-0.056193768000000005,0.2
Olufolasade Adamolekun,Jamaica Women's,0.015173243,0,1,0.015173243,-0.015173243,0.1
Oluwasemilogo Adesewo Ibidapo Ajayi,Nigeria,0.36969757,0,1,0.36969757,-0.36969757,0.1
Oluwaseyi Babajide Ojo,Liverpool,0.530798849,0,5,0.1061597698,-0.530798849,0.5
Omar Colley,Gambia,0.19079202,0,2,0.09539601,-0.19079202,0.2
Omar El Kaddouri,Napoli,1.601937176,1,11,0.14563065236363637,-0.6019371760000001,1.1
Omar Federico Alderete Fernández,Paraguay,0.092392274,1,3,0.030797424666666667,0.907607726,0.3
Omar Haktab Traorè,FC Heidenheim,0.019118061,0,1,0.019118061,-0.019118061,0.1
Omar Kamal Abdel Wahed,Egypt,0.7539362,1,1,0.7539362,0.24606380000000005,0.1
Omar Marmoush,Egypt,1.215191899,2,9,0.1350213221111111,0.7848081010000001,0.9
Omar Marmoush,Eintracht Frankfurt,0.3749036,0,4,0.0937259,-0.3749036,0.4
Omar Mascarell González,Sporting Gijón,0.295113662,0,11,0.026828514727272726,-0.295113662,1.1
Omaré Gassama,Mauritania,0.032776469,0,2,0.0163882345,-0.032776469,0.2
Omenuke Mfulu,Congo DR,0.7539362,1,1,0.7539362,0.24606380000000005,0.1
Omenuke Mfulu,Stade de Reims,0.12483793500000001,0,4,0.031209483750000003,-0.12483793500000001,0.4
Omid Ebrahimi,Iran,0.040358808,0,1,0.040358808,-0.040358808,0.1
Omir Guadalupe Fernandez Mosso,New York Red Bulls,0.659091813,0,3,0.219697271,-0.659091813,0.3
Omobolaji Habeeb Adekanye,Cádiz,0.084939465,0,1,0.084939465,-0.084939465,0.1
Ona Batlle Pascual,Barcelona WFC,1.791257293,3,21,0.08529796633333334,1.208742707,2.1
Ona Batlle Pascual,Manchester United,0.19163032200000002,0,8,0.023953790250000002,-0.19163032200000002,0.8
Ona Batlle Pascual,Manchester United W,0.248873341,0,4,0.06221833525,-0.248873341,0.4
Ona Batlle Pascual,Spain Women's,0.540981583,0,8,0.067622697875,-0.540981583,0.8
Ondrej Duda,Slovakia,0.250912736,1,4,0.062728184,0.7490872639999999,0.4
Ondřej Lingr,Czech Republic,0.613751586,0,5,0.1227503172,-0.613751586,0.5
Onema Grace Geyoro,France Women's,5.206664507,6,20,0.26033322535000003,0.7933354929999998,2.0
Onyinye Wilfred Ndidi,Nigeria,0.068533186,0,3,0.022844395333333333,-0.068533186,0.3
Oona Sevenius,Como W,2.834824332,4,35,0.08099498091428572,1.1651756679999998,3.5
Oona Sevenius,WNT Finland,0.32958561100000006,1,4,0.08239640275000001,0.6704143889999999,0.4
Oona Siren,WNT Finland,0.042722531,0,2,0.0213612655,-0.042722531,0.2
Opa Sangante,Guinea-Bissau,0.04060079,0,1,0.04060079,-0.04060079,0.1
Orbelín Pineda Alvarado,Mexico,1.516341135,0,7,0.21662016214285715,-1.516341135,0.7
Oriane Jean-François,France Women's,0.923928946,1,4,0.2309822365,0.07607105400000003,0.4
Oriol Lozano Farrán,Racing Santander,0.093188312,0,2,0.046594156,-0.093188312,0.2
Oriol Riera Magem,Osasuna,0.33758584,0,1,0.33758584,-0.33758584,0.1
Oriol Riera Magem,RC Deportivo La Coruña,2.8563734370000002,2,25,0.11425493748000001,-0.8563734370000002,2.5
Oriol Romeu Vidal,Southampton,2.651761494,1,29,0.09144005151724138,-1.651761494,2.9
Orkun Kökçü,Turkey,0.852456875,0,6,0.14207614583333333,-0.852456875,0.6
Orlando Moisés Galo Calderón,Costa Rica,0.05664968099999999,0,2,0.028324840499999997,-0.05664968099999999,0.2
Ornella María Vignola Cabot,Granada W,2.5623112805,3,26,0.09855043386538462,0.4376887195000001,2.6
Osazemwinde Peter Odemwingie,Stoke City,0.168200293,0,2,0.0841001465,-0.168200293,0.2
Oscar Fabián Murillo Murillo,Colombia,0.186086613,0,2,0.0930433065,-0.186086613,0.2
Oscar Hiljemark,Palermo,2.677010889,4,26,0.10296195726923077,1.322989111,2.6
Oscar Vilhelmsson,Darmstadt 98,0.852568344,1,4,0.213142086,0.14743165599999997,0.4
Oscar Wendt,Borussia Mönchengladbach,1.980157685,3,21,0.09429322309523809,1.019842315,2.1
Oscar dos Santos Emboaba Júnior,Chelsea,5.786604569,3,51,0.11346283468627451,-2.7866045689999996,5.1
Osinachi Marvis Ohale,Nigeria Women's,0.8226806470000001,1,5,0.1645361294,0.1773193529999999,0.5
Osman Bukari,Ghana,0.35113211599999994,1,3,0.11704403866666664,0.6488678840000001,0.3
Osman Bukari,Nantes,0.035551704,0,1,0.035551704,-0.035551704,0.1
Oswaldo Augusto Vizcarrondo Araújo,Nantes,0.9668616879999999,0,12,0.08057180733333333,-0.9668616879999999,1.2
Oswaldo Giroldo Júnior,Middlesbrough,0.084515908,0,3,0.028171969333333335,-0.084515908,0.3
Oswin Reagan Appollis,South Africa,0.7539362,1,1,0.7539362,0.24606380000000005,0.1
Otar Kakabadze,Georgia,0.036970247,0,1,0.036970247,-0.036970247,0.1
Otávio Edmilson da Silva Monteiro,Portugal,0.12732986899999998,0,3,0.04244328966666666,-0.12732986899999998,0.3
Ouleymata Sarr,France Women's,0.837904171,0,7,0.11970059585714286,-0.837904171,0.7
Ouleymata Sarr,Washington Spirit,0.486408463,1,11,0.044218951181818185,0.5135915369999999,1.1
Oumar Diakité,Côte d'Ivoire,0.5050085099999999,1,3,0.16833616999999998,0.4949914900000001,0.3
Ousmane Dembélé,Barcelona,11.127013952,16,101,0.11016845497029704,4.872986048,10.1
Ousmane Dembélé,France,1.8776667630000001,1,21,0.08941270300000001,-0.8776667630000001,2.1
Ousmane Dembélé,Rennes,6.951601598,12,56,0.12413574282142857,5.048398402,5.6
Ousmane Diomande,Côte d'Ivoire,0.033760577,0,1,0.033760577,-0.033760577,0.1
Oussama Tannane,Las Palmas,0.192926151,0,3,0.064308717,-0.192926151,0.3
Oussama Tannane,Saint-Étienne,1.7230465695,2,21,0.08204983664285714,0.2769534305000001,2.1
Ove Grahn,Sweden,0.11922817599999999,0,2,0.059614087999999996,-0.11922817599999999,0.2
Ozan Tufan,Turkey,0.049826703,0,2,0.0249133515,-0.049826703,0.2
Pablo César Aimar Giordano,Real Zaragoza,0.028956633,0,1,0.028956633,-0.028956633,0.1
Pablo Daniel Osvaldo,Espanyol,1.09306575,1,11,0.09936961363636364,-0.09306575000000006,1.1
Pablo Daniel Piatti,Almería,0.188539431,0,4,0.04713485775,-0.188539431,0.4
Pablo Daniel Piatti,Espanyol,0.38232624000000004,0,3,0.12744208,-0.38232624000000004,0.3
Pablo Daniel Piatti,Valencia,1.606051768,2,13,0.12354244369230769,0.39394823200000006,1.3
Pablo Estífer Armero,Udinese,0.8515680800000001,1,2,0.42578404000000003,0.14843191999999994,0.2
Pablo Ezequiel De Blasis,Eibar,0.2454347225,1,3,0.08181157416666666,0.7545652775,0.3
Pablo Ezequiel De Blasis,FSV Mainz 05,2.813471992,4,30,0.09378239973333334,1.1865280079999998,3.0
Pablo Fornals Malla,Málaga,1.578123786,1,22,0.07173289936363636,-0.5781237859999999,2.2
Pablo Fornals Malla,Villarreal,0.38610371,0,5,0.077220742,-0.38610371,0.5
Pablo Ganet Cómitre,Equatorial Guinea,0.134574171,1,4,0.03364354275,0.865425829,0.4
Pablo Hernández Domínguez,Getafe,0.220997458,0,3,0.07366581933333334,-0.220997458,0.3
Pablo Hernández Domínguez,Rayo Vallecano,2.743757235,3,35,0.07839306385714286,0.2562427650000001,3.5
Pablo Hernández Domínguez,Valencia,1.485534181,3,10,0.1485534181,1.514465819,1.0
Pablo Hervías Ruiz,Real Valladolid,0.093874784,0,3,0.031291594666666665,-0.093874784,0.3
Pablo Ibáñez Tébar,Atlético Madrid,0.0754947,0,1,0.0754947,-0.0754947,0.1
Pablo Javier Zabaleta Girod,Espanyol,0.03834878,0,2,0.01917439,-0.03834878,0.2
Pablo Javier Zabaleta Girod,Manchester City,0.157211423,0,3,0.05240380766666666,-0.157211423,0.3
Pablo Jean Antoine Martínez,Gazélec Ajaccio,0.353399541,0,9,0.039266615666666664,-0.353399541,0.9
Pablo Maffeo Becerra,Huesca,0.1456298,0,1,0.1456298,-0.1456298,0.1
Pablo Martín Páez Gavira,Spain,0.0722034,1,1,0.0722034,0.9277966,0.1
Pablo Nascimento Castro,Bordeaux,1.209778471,1,9,0.1344198301111111,-0.2097784709999999,0.9
Pablo Orbaiz Lesaka,Athletic Club,0.068717361,0,3,0.022905787,-0.068717361,0.3
Pablo Paulino Rosario,OGC Nice,0.085576795,0,1,0.085576795,-0.085576795,0.1
Pablo Pérez Rodríguez,Sporting Gijón,2.1682404406,0,18,0.12045780225555555,-2.1682404406,1.8
Pablo Sarabia García,Getafe,5.8726803955,7,72,0.08156500549305555,1.1273196045000002,7.2
Pablo Sarabia García,Paris Saint-Germain,0.6427955,0,3,0.21426516666666665,-0.6427955,0.3
Pablo Sarabia García,Sevilla,1.228835895,0,11,0.11171235409090909,-1.228835895,1.1
Pablo Sarabia García,Spain,2.084900184,2,10,0.20849001839999998,-0.08490018399999988,1.0
Pablo Sicilia Roig,Tenerife,0.16520871,0,1,0.16520871,-0.16520871,0.1
Pablo Ínsua Blanco,Huesca,0.049878888,0,1,0.049878888,-0.049878888,0.1
Pachoio Lau Há King,Mozambique,0.09312683000000001,0,2,0.046563415000000004,-0.09312683000000001,0.2
Paco Clos,Barcelona,0.018498177,0,1,0.018498177,-0.018498177,0.1
Paddy McNair,Manchester United,0.17636121100000002,0,3,0.05878707033333334,-0.17636121100000002,0.3
Paige Bailey Gayle,Arsenal WFC,0.08368952400000002,0,2,0.04184476200000001,-0.08368952400000002,0.2
Paige Metayer,Washington Spirit,2.639323285,3,20,0.13196616425000002,0.36067671499999987,2.0
Paige Monaghan,Racing Louisville FC,2.298774039,3,19,0.12098810731578948,0.701225961,1.9
Paige Nielsen,Angel City,1.355794263,1,16,0.0847371414375,-0.35579426299999994,1.6
Paige Therese Satchell,New Zealand Women's,0.05365868,0,1,0.05365868,-0.05365868,0.1
Paige Williams,Birmingham City WFC,0.323847209,0,4,0.08096180225,-0.323847209,0.4
Paloma Lázaro Torres del Molino,Napoli W,3.60195241,2,37,0.09735006513513514,-1.60195241,3.7
Pamela Cinthia González Medina,Sevilla FC,2.7348974299999997,6,22,0.12431351954545454,3.2651025700000003,2.2
Panagiotis Giorgios Kone,Fiorentina,0.09774632,0,1,0.09774632,-0.09774632,0.1
Panagiotis Giorgios Kone,Udinese,0.557285609,0,10,0.0557285609,-0.557285609,1.0
Panagiotis Tachtsidis,Genoa,1.369563251,2,20,0.06847816255,0.630436749,2.0
Paola Di Marino,Napoli W,0.879914088,1,8,0.109989261,0.12008591199999996,0.8
Paola Hernández Díaz,Costa Adeje Tenerife,0.481969207,0,8,0.060246150875,-0.481969207,0.8
Paola Soldevila de la Pisa,Villarreal,0.58711898,0,4,0.146779745,-0.58711898,0.4
Paolo Cannavaro,Sassuolo,0.177386986,0,5,0.035477397199999997,-0.177386986,0.5
Paolo De Ceglie,Olympique de Marseille,0.180780726,0,3,0.060260242,-0.180780726,0.3
Paolo Di Canio,Charlton Athletic,0.831357609,1,3,0.277119203,0.168642391,0.3
Paolo Maldini,AC Milan,0.14720891,1,3,0.049069636666666666,0.85279109,0.3
Paolo Sammarco,Frosinone,2.046908629,4,22,0.09304130131818181,1.9530913710000002,2.2
Papa Alioune N'Diaye,Senegal,0.058103964,0,1,0.058103964,-0.058103964,0.1
Papa Babacar Diawara,Getafe,0.26534086,0,1,0.26534086,-0.26534086,0.1
Papa Kouly Diop,Eibar,0.1353588195,0,5,0.0270717639,-0.1353588195,0.5
Papa Kouly Diop,Espanyol,1.6019348290000002,3,22,0.07281521950000001,1.3980651709999998,2.2
Papa Kouly Diop,Levante UD,0.134087893,0,3,0.04469596433333334,-0.134087893,0.3
Papa Kouly Diop,Racing Santander,0.11003845200000001,0,2,0.055019226000000004,-0.11003845200000001,0.2
Pape Abdou Paye,Lorient,0.129360478,0,2,0.064680239,-0.129360478,0.2
Pape Gueye,Marseille,0.08593251,0,1,0.08593251,-0.08593251,0.1
Pape Gueye,Olympique de Marseille,0.062314629999999996,0,2,0.031157314999999998,-0.062314629999999996,0.2
Pape Gueye,Senegal,0.342394782,1,6,0.057065797,0.657605218,0.6
Pape Ibnou Bâ,Mauritania,0.73204859,0,3,0.24401619666666666,-0.73204859,0.3
Pape Maly Diamanka,Rayo Vallecano,0.1593045,0,1,0.1593045,-0.1593045,0.1
Pape Matar Sarr,Metz,0.34301051,0,1,0.34301051,-0.34301051,0.1
Pape Matar Sarr,Senegal,0.874958539,1,6,0.14582642316666666,0.12504146100000002,0.6
Pape N''Diaye Souaré,Crystal Palace,0.416156855,0,11,0.037832441363636365,-0.416156855,1.1
Papiss Demba Cissé,Newcastle United,3.4292464485,3,24,0.14288526868749998,-0.4292464484999998,2.4
Papiss Mison Djilobodji,Werder Bremen,2.236915551,2,22,0.10167797959090909,-0.23691555100000006,2.2
Parag Satish Shrivas,Bengaluru,0.5265004445,0,6,0.08775007408333334,-0.5265004445,0.6
Parker Goins,Racing Louisville FC,0.534548628,1,5,0.1069097256,0.465451372,0.5
Pascal Groß,Germany,0.031111816,0,1,0.031111816,-0.031111816,0.1
Pascal Groß,Ingolstadt,3.3688035595,1,68,0.049541228816176466,-2.3688035595,6.8
Pathé Ismaël Ciss,Senegal,0.039549906,0,1,0.039549906,-0.039549906,0.1
Patrice Evra,AS Monaco,0.19527271,0,1,0.19527271,-0.19527271,0.1
Patrice Evra,Juventus,1.9572495859999999,2,18,0.1087360881111111,0.042750414000000125,1.8
Patricia Gavira Collado,Costa Adeje Tenerife,1.742365882,1,14,0.12445470585714287,-0.7423658820000001,1.4
Patricia Guijarro Gutiérrez,Barcelona WFC,4.270038825,5,51,0.08372625147058824,0.7299611749999997,5.1
Patricia Guijarro Gutiérrez,Spain Women's,2.169504941,2,26,0.08344249773076923,-0.16950494100000002,2.6
Patricia Ojeda,CD Sporting de Huelva,1.9596549410000002,1,24,0.08165228920833334,-0.9596549410000002,2.4
Patricia Zugasti Osés,Athletic Club Bilbao,2.115538409,6,14,0.15110988635714287,3.884461591,1.4
Patricio Gabarrón Gil,Lazio,0.06408676099999999,0,3,0.021362253666666664,-0.06408676099999999,0.3
Patrick Bamford,Crystal Palace,0.26487359600000004,0,3,0.08829119866666668,-0.26487359600000004,0.3
Patrick Bamford,Norwich City,1.030432966,0,7,0.14720470942857142,-1.030432966,0.7
Patrick Claude Ekeng Ekeng,Córdoba CF,0.038175438,0,1,0.038175438,-0.038175438,0.1
Patrick Ebert,Rayo Vallecano,1.028613839,0,10,0.10286138389999999,-1.028613839,1.0
Patrick Flottmann,NorthEast United,1.476276709,1,8,0.184534588625,-0.47627670899999996,0.8
Patrick Herrmann,Borussia Mönchengladbach,1.7734521060000001,3,13,0.1364193927692308,1.2265478939999999,1.3
Patrick Osterhage,Bochum,0.05774792,0,1,0.05774792,-0.05774792,0.1
Patrick Vervoort,Belgium,0.040346151,0,2,0.0201730755,-0.040346151,0.2
Patrick Vieira,Arsenal,2.639974444,3,20,0.1319987222,0.3600255560000001,2.0
Patrick Wimmer,Austria,0.171392943,0,3,0.057130981,-0.171392943,0.3
Patrick van Aanholt,Netherlands,0.21093024999999999,0,4,0.052732562499999996,-0.21093024999999999,0.4
Patrick van Aanholt,Sunderland,2.458988895,4,46,0.05345628032608696,1.541011105,4.6
Patrik Berger,Portsmouth,0.0348903,0,1,0.0348903,-0.0348903,0.1
Patrik Schick,Bayer Leverkusen,5.913669109,7,40,0.14784172772499998,1.0863308910000002,4.0
Patrik Schick,Czech Republic,3.591090627,6,23,0.15613437508695652,2.408909373,2.3
Patrícia Hmírová,CD Sporting de Huelva,2.399669531,1,22,0.10907588777272727,-1.3996695309999998,2.2
Patson Daka,Zambia,0.544284306,1,5,0.1088568612,0.455715694,0.5
Pau Francisco Torres,Spain,0.5220473130000001,0,3,0.174015771,-0.5220473130000001,0.3
Paul Baysse,Málaga,0.05666012,0,1,0.05666012,-0.05666012,0.1
Paul Baysse,OGC Nice,1.610007487,0,14,0.11500053478571429,-1.610007487,1.4
Paul Bosvelt,Manchester City,0.040604368,0,1,0.040604368,-0.040604368,0.1
Paul Breitner,Germany,1.114353098,1,8,0.13929413725,-0.11435309800000004,0.8
Paul Brian Rodríguez Bravo,Uruguay,0.15841421,0,1,0.15841421,-0.15841421,0.1
Paul Butler,Wolverhampton Wanderers,0.054270416,0,1,0.054270416,-0.054270416,0.1
Paul Dickov,Leicester City,0.1824738,1,1,0.1824738,0.8175262,0.1
Paul Dummett,Newcastle United,0.458894735,1,5,0.091778947,0.541105265,0.5
Paul Ince,Wolverhampton Wanderers,0.035972994,0,1,0.035972994,-0.035972994,0.1
Paul Lasne,Montpellier,0.124516111,0,3,0.04150537033333333,-0.124516111,0.3
Paul Onuachu,Nigeria,0.3628176,0,1,0.3628176,-0.3628176,0.1
Paul Pogba,France,1.7446297579999999,3,16,0.10903935987499999,1.2553702420000001,1.6
Paul Pogba,Juventus,9.4306717575,8,126,0.07484660125,-1.4306717575000008,12.6
Paul Ramfangzauva,Odisha,0.233841168,1,7,0.03340588114285714,0.766158832,0.7
Paul Scholes,Manchester United,0.611230452,0,7,0.087318636,-0.611230452,0.7
Paul Seguin,Wolfsburg,0.138563706,0,2,0.069281853,-0.138563706,0.2
Paul Verhaegh,Augsburg,4.871972631999999,6,10,0.48719726319999995,1.1280273680000006,1.0
Paul-Georges Ntep de Madiba,Rennes,2.5423792539999996,2,21,0.12106567876190474,-0.5423792539999996,2.1
Paul-José M''Poku Ebunge,Chievo,1.026639046,0,18,0.05703550255555556,-1.026639046,1.8
Paula Arana Montes,Athletic Club Bilbao,0.981255171,0,11,0.08920501554545456,-0.981255171,1.1
Paula Comendador Prado,Real Madrid CF W,0.445930017,1,3,0.148643339,0.554069983,0.3
Paula Fernández Jiménez,Levante UD Femenino,1.3873452175,3,14,0.09909608696428572,1.6126547825,1.4
Paula Flach,Duisburg WFC,0.185159522,0,5,0.037031904399999996,-0.185159522,0.5
Paula León Breña,Madrid CFF,1.34406282,2,4,0.336015705,0.65593718,0.4
Paula Perea Ramírez,Real Betis Balompié,0.431760335,0,7,0.06168004785714286,-0.431760335,0.7
Paula Romero,CD Sporting de Huelva,0.051077224,0,1,0.051077224,-0.051077224,0.1
Paula Sancho González,Valencia CF,1.662574313,3,24,0.06927392970833333,1.337425687,2.4
Paula Tomás Serer,Levante UD Femenino,2.284818591,1,17,0.1344010935882353,-1.284818591,1.7
Paulin Puel,OGC Nice,0.056017610999999995,0,2,0.028008805499999997,-0.056017610999999995,0.2
Paulina Bartz,TSV Bayer 04 Leverkusen,0.427718056,0,3,0.14257268533333334,-0.427718056,0.3
Paulina Käte Krumbiegel,Hoffenheim W,1.8471241250000001,3,22,0.0839601875,1.1528758749999999,2.2
Paulina Tanya Nyström,Juventus W,1.339442019,1,12,0.11162016825,-0.33944201900000004,1.2
Paulina Tomasiak,Poland Women's,0.062570603,0,2,0.0312853015,-0.062570603,0.2
Pauline Bremer,Brighton & Hove Albion WFC,2.621764362,2,15,0.1747842908,-0.621764362,1.5
Pauline Bremer,Manchester City WFC,8.110438065,10,53,0.1530271333018868,1.8895619349999997,5.3
Pauline Louise Hammarlund,Fiorentina W,2.940211736,2,20,0.1470105868,-0.9402117360000002,2.0
Paulo Assunção da Silva,Atlético Madrid,0.034322155,0,2,0.0171610775,-0.034322155,0.2
Paulo Bruno Exequiel Dybala,Argentina,0.7673719849999999,1,2,0.38368599249999996,0.23262801500000008,0.2
Paulo Bruno Exequiel Dybala,Juventus,13.135921376,19,107,0.12276562033644861,5.864078623999999,10.7
Paulo César Carpegiani,Brazil,0.04673733,0,2,0.023368665,-0.04673733,0.2
Paulo César Da Silva Barrios,Real Zaragoza,0.08753205,0,1,0.08753205,-0.08753205,0.1
Paulo Cézar Lima,Brazil,0.918321416,0,14,0.06559438685714285,-0.918321416,1.4
Paulus Arajuuri,Finland,0.18714294,0,1,0.18714294,-0.18714294,0.1
Pavel Kadeřábek,Czech Republic,0.23079063,0,1,0.23079063,-0.23079063,0.1
Pavel Kadeřábek,Hoffenheim,0.350087445,0,6,0.0583479075,-0.350087445,0.6
Pavel Šulc,Czech Republic,0.09426823,0,1,0.09426823,-0.09426823,0.1
Pavle Ninkov,Toulouse,0.05250853,0,1,0.05250853,-0.05250853,0.1
Paweł Dawidowicz,Poland,0.06427639,0,1,0.06427639,-0.06427639,0.1
Paweł Olkowski,FC Köln,0.237588823,0,7,0.03394126042857143,-0.237588823,0.7
Paweł Wszołek,Hellas Verona,1.32122512,0,12,0.11010209333333333,-1.32122512,1.2
Pedro Alcalá Guirado,Girona,0.13620399,0,1,0.13620399,-0.13620399,0.1
Pedro Antonio Troglio,Argentina,0.055594433,0,2,0.0277972165,-0.055594433,0.2
Pedro Bigas Rigo,Eibar,0.13474676,0,1,0.13474676,-0.13474676,0.1
Pedro Bigas Rigo,Las Palmas,1.715373644,4,17,0.100904332,2.284626356,1.7
Pedro Chirivella Burgos,Nantes,0.071235515,0,1,0.071235515,-0.071235515,0.1
Pedro Eliezer Rodríguez Ledesma,Barcelona,39.165716518,49,258,0.15180510278294576,9.834283481999996,25.8
Pedro Eliezer Rodríguez Ledesma,Chelsea,5.05003329,7,59,0.08559378457627119,1.94996671,5.9
Pedro Filipe Teodósio Mendes,Rennes,0.617756172,0,9,0.06863957466666666,-0.617756172,0.9
Pedro González López,Barcelona,3.591638955,3,22,0.16325631613636363,-0.5916389550000001,2.2
Pedro González López,Spain,0.855880568,0,6,0.14264676133333334,-0.855880568,0.6
Pedro Guilherme Abreu dos Santos,Brazil,1.114166501,1,5,0.22283330019999997,-0.11416650099999992,0.5
Pedro Henrique Konzen Medina da Silva,Rennes,3.52479261,3,37,0.09526466513513514,-0.52479261,3.7
Pedro Jesús Aquino Sánchez,Peru,0.026616607,0,1,0.026616607,-0.026616607,0.1
Pedro León Sánchez Gil,Eibar,0.215361432,0,3,0.071787144,-0.215361432,0.3
Pedro León Sánchez Gil,Getafe,4.381600418,2,50,0.08763200836,-2.3816004179999997,5.0
Pedro López Muñoz,Levante UD,0.479973282,1,10,0.0479973282,0.520026718,1.0
Pedro Manuel Munitis Álvarez,Racing Santander,0.360150619,0,6,0.06002510316666667,-0.360150619,0.6
Pedro Mba Obiang Avomo,West Ham United,0.35512167699999997,0,9,0.039457964111111105,-0.35512167699999997,0.9
Pedro Miguel Almeida Lopes Pereira,Sampdoria,0.036012264,0,2,0.018006132,-0.036012264,0.2
Pedro Miguel Correia,Qatar,0.044391109,0,2,0.0221955545,-0.044391109,0.2
Pedro Mosquera Parada,RC Deportivo La Coruña,1.626382152,0,31,0.05246394038709677,-1.626382152,3.1
Pedro Nájera Pacheco,Mexico,0.016207837,0,1,0.016207837,-0.016207837,0.1
Pedro Pablo Hernández,Celta Vigo,2.118364417,2,29,0.07304704886206896,-0.118364417,2.9
Pedro Taunausú Domínguez Placeres,Las Palmas,2.879360405,5,31,0.09288259370967741,2.120639595,3.1
Penelope Hocking,Chicago Red Stars,3.536618487,3,34,0.10401819079411766,-0.5366184870000001,3.4
Peng Han,China PR Women's,0.161950333,0,3,0.05398344433333333,-0.161950333,0.3
Pep Biel Mas Jaume,Augsburg,0.289702645,0,2,0.1448513225,-0.289702645,0.2
Per Ciljan Skjelbred,Hertha Berlin,0.214971352,0,4,0.053742838,-0.214971352,0.4
Per Frandsen,Bolton Wanderers,0.047335604,0,2,0.023667802,-0.047335604,0.2
Per Mertesacker,Arsenal,1.08878976,0,8,0.13609872,-1.08878976,0.8
Percy Tau,South Africa,2.321010797,1,12,0.19341756641666666,-1.321010797,1.2
Pere Milla Peña,Elche,0.053743076,0,1,0.053743076,-0.053743076,0.1
Pere Pons Riera,Deportivo Alavés,0.061734308,1,1,0.061734308,0.938265692,0.1
Pere Pons Riera,Girona,0.570112771,0,4,0.14252819275,-0.570112771,0.4
Pernille Mosegaard Harder,Bayern München W,7.618454116,9,44,0.17314668445454545,1.3815458840000003,4.4
Pernille Mosegaard Harder,Chelsea FCW,8.554210233,9,63,0.1357811148095238,0.44578976700000084,6.3
Pernille Mosegaard Harder,Denmark Women's,2.7801154660000003,2,23,0.12087458547826088,-0.7801154660000003,2.3
Perparim Hetemaj,Chievo,1.353938677,1,26,0.0520745645,-0.3539386769999999,2.6
Pervis Josué Estupiñán Tenorio,Ecuador,0.25795703000000003,0,2,0.12897851500000002,-0.25795703000000003,0.2
Pervis Josué Estupiñán Tenorio,Osasuna,0.033180512,0,1,0.033180512,-0.033180512,0.1
Pervis Josué Estupiñán Tenorio,Villarreal,0.046229597,0,1,0.046229597,-0.046229597,0.1
Petar Stojanović,Slovenia,0.02356161,0,1,0.02356161,-0.02356161,0.1
Peter Beardsley,England,0.19460666,0,3,0.06486888666666667,-0.19460666,0.3
Peter Crouch,Liverpool,0.024693549,0,1,0.024693549,-0.024693549,0.1
Peter Crouch,Stoke City,0.570700463,0,9,0.06341116255555555,-0.570700463,0.9
Peter Hartley,Jamshedpur,1.695946368,3,13,0.13045741292307692,1.304053632,1.3
Peter Niemeyer,Darmstadt 98,3.3029480855,2,29,0.11389476156896552,-1.3029480855000002,2.9
Peter Pekarík,Hertha Berlin,0.115323987,0,3,0.038441329,-0.115323987,0.3
Peter Pekarík,Slovakia,0.579108627,0,4,0.14477715675,-0.579108627,0.4
Peter Shalulile,Namibia,1.3374173345,0,10,0.13374173345,-1.3374173345,1.0
Peter Whittingham,Aston Villa,0.011464381,0,1,0.011464381,-0.011464381,0.1
Petr Ševčík,Czech Republic,0.25668172,0,2,0.12834086,-0.25668172,0.2
Petros Matheus dos Santos Araújo,Real Betis,0.872453024,1,9,0.0969392248888889,0.12754697599999998,0.9
Petrus Shitembi,Namibia,0.08917278,0,1,0.08917278,-0.08917278,0.1
Peyton McNamara,Jamaica Women's,0.0460873,0,1,0.0460873,-0.0460873,0.1
Phil Bardsley,Stoke City,0.149858312,0,7,0.021408330285714285,-0.149858312,0.7
Phil Foden,England,2.181300552,1,18,0.12118336400000002,-1.1813005520000002,1.8
Phil Jagielka,Everton,0.846628636,0,11,0.07696623963636363,-0.846628636,1.1
Phil Jones,Manchester United,0.05254502,0,1,0.05254502,-0.05254502,0.1
Philip Foden,England,0.171039188,0,3,0.05701306266666667,-0.171039188,0.3
Philip Heise,VfB Stuttgart,0.249660174,0,3,0.083220058,-0.249660174,0.3
Philipp Bargfrede,Werder Bremen,0.386402683,0,12,0.03220022358333333,-0.386402683,1.2
Philipp Hofmann,Bochum,0.104790546,0,1,0.104790546,-0.104790546,0.1
Philipp Hosiner,FC Köln,2.182185696,1,12,0.181848808,-1.182185696,1.2
Philipp Lahm,Bayern Munich,1.6713537189999998,2,11,0.15194124718181817,0.32864628100000015,1.1
Philipp Lienhart,Austria,0.160597764,0,2,0.080298882,-0.160597764,0.2
Philipp Max,Augsburg,0.314146874,0,8,0.03926835925,-0.314146874,0.8
Philipp Mwene,FSV Mainz 05,0.14365834,0,1,0.14365834,-0.14365834,0.1
Philipp Ochs,Hoffenheim,0.226167287,0,5,0.045233457399999996,-0.226167287,0.5
Philipp Wollscheid,Stoke City,0.20341499400000002,0,3,0.067804998,-0.20341499400000002,0.3
Philippe Coutinho Correia,Barcelona,11.772768973,10,119,0.09893083170588235,-1.7727689729999998,11.9
Philippe Coutinho Correia,Brazil,2.045861769,2,23,0.08895051169565217,-0.04586176900000005,2.3
Philippe Coutinho Correia,Espanyol,0.019120691,0,1,0.019120691,-0.019120691,0.1
Philippe Coutinho Correia,Liverpool,7.5715095375,8,111,0.06821179763513513,0.4284904625000001,11.1
Philippe Desmet,Belgium,0.09648825899999999,0,3,0.032162752999999995,-0.09648825899999999,0.3
Philippe Mexès,AC Milan,0.303174419,1,5,0.0606348838,0.696825581,0.5
Phillip Tietz,Augsburg,0.15104215,0,1,0.15104215,-0.15104215,0.1
Phillipp Klement,FSV Mainz 05,0.097260535,0,1,0.097260535,-0.097260535,0.1
Phoebe McClernon,Seattle Reign,0.0445844,0,2,0.0222922,-0.0445844,0.2
Pia-Sophie Wolter,Eintracht Frankfurt W,0.754257503,1,9,0.08380638922222222,0.24574249699999995,0.9
Piero Aldair Quispe Córdova,Peru,0.17688452,0,1,0.17688452,-0.17688452,0.1
Piero Martín Hincapié Reyna,Bayer Leverkusen,2.307132421,1,18,0.1281740233888889,-1.307132421,1.8
Piero Martín Hincapié Reyna,Ecuador,0.07525026,0,1,0.07525026,-0.07525026,0.1
Pierre Achille Webó Kouamo,Mallorca,0.5752012463,1,10,0.05752012463,0.4247987537,1.0
Pierre Bengtsson,FSV Mainz 05,0.297710227,0,5,0.0595420454,-0.297710227,0.5
Pierre Kunde Malong,Cameroon,0.236387292,0,5,0.0472774584,-0.236387292,0.5
Pierre Lees Melou,Stade Brestois,0.041023932,0,1,0.041023932,-0.041023932,0.1
Pierre-Emerick Aubameyang,Borussia Dortmund,23.943270769,25,117,0.2046433399059829,1.0567292309999985,11.7
Pierre-Emile Højbjerg,Denmark,1.386060039,0,17,0.08153294347058823,-1.386060039,1.7
Pierre-Emile Højbjerg,Schalke 04,1.099755723,0,22,0.0499888965,-1.099755723,2.2
Pierre-Michel Lasogga,Hamburger SV,7.366241777,8,52,0.14165849571153846,0.6337582230000001,5.2
Pierre-Yves Polomat,Saint-Étienne,0.365983126,0,5,0.0731966252,-0.365983126,0.5
Pierrick Capelle,Angers,2.0032540335,4,27,0.07419459383333334,1.9967459664999998,2.7
Piet Keizer,Ajax,0.32368302,0,5,0.064736604,-0.32368302,0.5
Piet Keizer,Netherlands,0.339282403,0,5,0.0678564806,-0.339282403,0.5
Pietro Anastasi,Juventus,0.02371867,0,1,0.02371867,-0.02371867,0.1
Pikul Khueanpet,Thailand W,0.10068525,0,1,0.10068525,-0.10068525,0.1
Pilar Garrote Camuñez,FC Levante Badalona,0.137073256,0,3,0.04569108533333333,-0.137073256,0.3
Pione Sisto Ifolo Emirmija,Celta Vigo,0.514705246,0,8,0.06433815575,-0.514705246,0.8
Pione Sisto Ifolo Emirmija,Denmark,0.4037538265,0,5,0.0807507653,-0.4037538265,0.5
Piotr Trochowski,Augsburg,0.387064618,0,6,0.06451076966666668,-0.387064618,0.6
Piotr Trochowski,Sevilla,0.186700636,1,3,0.062233545333333334,0.813299364,0.3
Piotr Zieliński,Empoli,3.4004244055,5,64,0.0531316313359375,1.5995755945,6.4
Piotr Zieliński,Poland,1.478870528,1,22,0.06722138763636364,-0.4788705280000001,2.2
Pirmin Schwegler,Hoffenheim,0.496831921,0,7,0.07097598871428572,-0.496831921,0.7
Poliana Barbosa Medeiros,Orlando Pride,0.52927991,0,8,0.06615998875,-0.52927991,0.8
Pontus Jansson,Sweden,0.07007291,0,1,0.07007291,-0.07007291,0.1
Pontus Jansson,Torino,0.39706933499999997,1,6,0.0661782225,0.602930665,0.6
Poppy Pattinson,Brighton & Hove Albion WFC,0.597942379,0,8,0.074742797375,-0.597942379,0.8
Poppy Pattinson,Bristol City WFC,0.47388020459999997,0,7,0.06769717208571428,-0.47388020459999997,0.7
Poppy Pattinson,Everton LFC,0.10967924700000001,0,2,0.054839623500000004,-0.10967924700000001,0.2
Prabir Das,ATK Mohun Bagan,0.099233487,0,4,0.02480837175,-0.099233487,0.4
Prabir Das,Mohun Bagan Super Giant,0.380272372,0,9,0.04225248577777778,-0.380272372,0.9
Pragyan Sundar Gogoi,NorthEast United,0.262559062,0,7,0.03750843742857143,-0.262559062,0.7
Pranjal Prakash Bhumij,Mumbai City,0.10335158,0,1,0.10335158,-0.10335158,0.1
Prasanth Karuthadathkuni,Kerala Blasters,0.389926787,1,7,0.05570382671428571,0.610073213,0.7
Pratik Prabhakar Chaudhari,Bengaluru,0.6644188360000001,1,4,0.16610470900000002,0.33558116399999993,0.4
Presnel Kimpembe,France,0.7391287,1,1,0.7391287,0.26087130000000003,0.1
Presnel Kimpembe,Paris Saint-Germain,1.689575239,1,10,0.16895752390000002,-0.6895752390000001,1.0
Prince Oniangué,Stade de Reims,3.4487481085000002,4,32,0.10777337839062501,0.5512518914999998,3.2
Prince Vinny Ibara Doniama,Bengaluru,3.979575676,4,35,0.11370216217142858,0.020424323999999938,3.5
Princess Ademiluyi,West Ham United LFC,0.05308472,0,1,0.05308472,-0.05308472,0.1
Princeton Rebello,Goa,0.4210242015,0,13,0.032386477038461536,-0.4210242015,1.3
Prins Menelik Tjiueza,Namibia,0.27562212,0,2,0.13781106,-0.27562212,0.2
Pritam Kotal,ATK Mohun Bagan,1.009901591,1,5,0.2019803182,-0.009901590999999987,0.5
Pritam Kotal,Mohun Bagan Super Giant,0.44442326,0,4,0.111105815,-0.44442326,0.4
Pronay Halder,Jamshedpur,0.947703037,1,7,0.13538614814285715,0.052296962999999974,0.7
Provat Lakra,NorthEast United,0.388278366,0,8,0.04853479575,-0.388278366,0.8
Przemysław Frankowski,Lens,1.24484459,1,6,0.20747409833333333,-0.24484459000000003,0.6
Przemysław Frankowski,Poland,0.08712864,0,1,0.08712864,-0.08712864,0.1
Przemysław Płacheta,Poland,0.049267936,0,1,0.049267936,-0.049267936,0.1
Qazim Laçi,Albania,0.19689006,1,1,0.19689006,0.80310994,0.1
Qiaozhu Chen,China PR Women's,0.081486603,0,2,0.0407433015,-0.081486603,0.2
Quentin Boisgard,Lorient,0.009499904,0,1,0.009499904,-0.009499904,0.1
Quentin Cornette,Montpellier,0.200072282,0,4,0.0500180705,-0.200072282,0.4
Quentin Merlin,Nantes,0.05837386,1,1,0.05837386,0.94162614,0.1
Quentin Othon,Troyes,0.096680358,1,3,0.032226786,0.903319642,0.3
Quincy Anton Promes,Netherlands,0.02601652,0,1,0.02601652,-0.02601652,0.1
Quincy Anton Promes,Sevilla,0.06017298,0,1,0.06017298,-0.06017298,0.1
Quinn Quinn,Canada Women's,0.058219943,0,1,0.058219943,-0.058219943,0.1
Quinn Quinn,Seattle Reign,0.24131471200000001,1,4,0.060328678000000004,0.758685288,0.4
Quinton Fortune Kolobea,Manchester United,0.026043601,0,1,0.026043601,-0.026043601,0.1
Racheal Kundananji,Madrid CFF,6.224961041,8,47,0.1324459795957447,1.7750389589999997,4.7
Racheal Kundananji,Zambia W,0.948236197,1,8,0.118529524625,0.05176380300000005,0.8
Rachel Corsie,Aston Villa W,1.546090999,0,11,0.1405537271818182,-1.546090999,1.1
Rachel Corsie,Birmingham City WFC,0.165880122,1,3,0.055293374,0.834119878,0.3
Rachel Corsie,Scotland W,0.11337353,0,2,0.056686765,-0.11337353,0.2
Rachel Corsie,Utah Royals,0.306032955,0,3,0.102010985,-0.306032955,0.3
Rachel Cuschieri,Sampdoria W,0.8156422130000001,0,15,0.054376147533333336,-0.8156422130000001,1.5
Rachel Daly,Aston Villa W,8.377553613,8,67,0.12503811362686568,-0.3775536129999999,6.7
Rachel Daly,England Women's,2.924307502,2,16,0.182769218875,-0.924307502,1.6
Rachel Daly,Houston Dash,1.839192016,2,15,0.12261280106666667,0.16080798400000007,1.5
Rachel Daly,West Ham United LFC,1.475318286,3,7,0.21075975514285714,1.524681714,0.7
Rachel Furness,Bristol City WFC,0.230177392,1,7,0.032882484571428575,0.769822608,0.7
Rachel Furness,Liverpool WFC,1.137586436,4,11,0.10341694872727274,2.8624135639999997,1.1
Rachel Furness,Northern Ireland W,0.177749371,0,3,0.05924979033333333,-0.177749371,0.3
Rachel Furness,Reading WFC,2.4009352964,1,33,0.07275561504242424,-1.4009352964000001,3.3
Rachel Furness,Tottenham Hotspur Women,2.384319214,1,23,0.1036660527826087,-1.384319214,2.3
Rachel Hill,Orlando Pride,0.47061329999999996,1,3,0.15687109999999999,0.5293867000000001,0.3
Rachel Hill,San Diego Wave,1.071431849,0,9,0.11904798322222224,-1.071431849,0.9
Rachel Mclauchlan,Yeovil Town LFC,0.215297263,0,4,0.05382431575,-0.215297263,0.4
Rachel Rowe,Reading WFC,3.410174576,5,36,0.09472707155555556,1.5898254239999998,3.6
Rachel Rowe,Wales W,0.097151457,0,2,0.0485757285,-0.097151457,0.2
Rachel Williams,Birmingham City WFC,1.066275629,0,14,0.07616254492857143,-1.066275629,1.4
Rachel Williams,Manchester United W,4.182314206,5,28,0.1493683645,0.817685794,2.8
Rachel Williams,Tottenham Hotspur Women,0.844458238,0,12,0.07037151983333333,-0.844458238,1.2
Rachid Aït-Atmane,Sporting Gijón,0.416405946,0,6,0.06940099100000001,-0.416405946,0.6
Rachid Ghezzal,Lyon,5.1623159415,8,55,0.09386028984545455,2.8376840585,5.5
Radamel Falcao García Zárate,Atlético Madrid,1.749674322,3,11,0.159061302,1.250325678,1.1
Radamel Falcao García Zárate,Chelsea,1.738937098,1,12,0.14491142483333333,-0.7389370980000001,1.2
Radamel Falcao García Zárate,Colombia,1.7987058249999999,2,9,0.19985620277777777,0.20129417500000013,0.9
Rade Krunić,Empoli,1.18461968,1,7,0.16923138285714284,-0.18461967999999995,0.7
Radja Nainggolan,AS Roma,4.5177172645,6,66,0.06845026158333334,1.4822827355000001,6.6
Radostin Kishishev,Charlton Athletic,0.018359035,0,1,0.018359035,-0.018359035,0.1
Radu Drăgușin,Romania,0.21967542,0,3,0.07322514000000001,-0.21967542,0.3
Radu Nunweiller,Romania,0.0624027725,0,4,0.015600693125,-0.0624027725,0.4
Rafael Alcântara do Nascimento,Barcelona,4.121789332,7,35,0.11776540948571428,2.8782106680000004,3.5
Rafael Alcântara do Nascimento,Celta Vigo,0.229697448,0,4,0.057424362,-0.229697448,0.4
Rafael Alexandre Conceição Leão,Portugal,0.602879635,2,8,0.075359954375,1.3971203650000001,0.8
Rafael Augusto Sóbis do Nascimento,Real Betis,0.043835253,1,1,0.043835253,0.956164747,0.1
Rafael Barber Rodríguez,Recreativo Huelva,0.5590088599999999,0,2,0.27950442999999997,-0.5590088599999999,0.2
Rafael Dalmacio Zuviría Rodríguez,Barcelona,0.014601179,0,1,0.014601179,-0.014601179,0.1
Rafael García García,Rayo Vallecano,0.017534569,0,1,0.017534569,-0.017534569,0.1
Rafael López Gómez,Real Valladolid,0.026503358,0,1,0.026503358,-0.026503358,0.1
Rafael Mir Vicente,Huesca,2.188634617,1,6,0.36477243616666666,-1.188634617,0.6
Rafael Márquez Álvarez,Barcelona,4.692629498,3,69,0.06800912315942029,-1.6926294979999996,6.9
Rafael Márquez Álvarez,Hellas Verona,0.408698411,0,5,0.0817396822,-0.408698411,0.5
Rafael Pereira da Silva,Lyon,1.066813452,1,12,0.08890112100000001,-0.0668134520000001,1.2
Rafael Rogério da Silva,Toulouse,0.019001493,0,1,0.019001493,-0.019001493,0.1
Rafael Santos Borré Amaury,Colombia,0.42642453,0,1,0.42642453,-0.42642453,0.1
Rafael Santos Borré Amaury,Werder Bremen,0.08905095,0,1,0.08905095,-0.08905095,0.1
Rafael Tolói,Atalanta,0.689259077,1,10,0.0689259077,0.310740923,1.0
Rafael Tolói,Italy,0.072428037,0,2,0.0362140185,-0.072428037,0.2
Rafael van der Vaart,Real Betis,0.487223385,0,6,0.0812038975,-0.487223385,0.6
Rafael van der Vaart,Real Madrid,0.135445216,0,3,0.045148405333333336,-0.135445216,0.3
Rafaelle Leone Carvalho Souza,Brazil Women's,0.034044884,0,1,0.034044884,-0.034044884,0.1
Rafaelle Leone Carvalho Souza,Orlando Pride,0.683001702,1,8,0.08537521275,0.316998298,0.8
Rafał Kurzawa,Poland,0.077165367,0,2,0.0385826835,-0.077165367,0.2
Raffael Caetano de Araújo,Borussia Mönchengladbach,8.585264336,13,71,0.120919216,4.414735664,7.1
Raffaele Bianco,Carpi,1.118666877,1,19,0.058877204052631575,-0.11866687699999989,1.9
Raffaele Maiello,Empoli,0.184051968,0,5,0.036810393600000005,-0.184051968,0.5
Rafidine Abdullah,Lorient,0.242296586,1,6,0.040382764333333335,0.757703414,0.6
Ragnar Klavan,Augsburg,1.0514363549999999,0,9,0.11682626166666665,-1.0514363549999999,0.9
Rahamat Riga Mustapha,Levante UD,0.912487652,1,7,0.13035537885714285,0.08751234799999996,0.7
Raheem Sterling,England,4.393476302,4,26,0.16897985776923077,-0.39347630199999983,2.6
Raheem Sterling,Manchester City,7.541715808,6,51,0.14787678054901962,-1.5417158080000002,5.1
Rahel Kiwic,Switzerland Women's,0.3229016,1,2,0.1614508,0.6770984,0.2
Rahim Ali,Chennaiyin,2.249438282,2,20,0.11247191409999999,-0.24943828199999984,2.0
Rahul Bheke,Mumbai City,1.784222615,2,12,0.14868521791666667,0.215777385,1.2
Rahul Kannoly Praveen,Kerala Blasters,0.177673258,1,4,0.0444183145,0.822326742,0.4
Raiderlin Nazareth Carrasco Vargas,CD Sporting de Huelva,1.650571343,3,20,0.08252856715,1.349428657,2.0
Rainer Bonhof,Germany,0.16043502199999998,0,2,0.08021751099999999,-0.16043502199999998,0.2
Raissa Feudjio Tchuanyo,Cameroon W,0.079067874,0,4,0.0197669685,-0.079067874,0.4
Raju Eknath Gaikwad,East Bengal,0.7755997299999999,0,2,0.38779986499999997,-0.7755997299999999,0.2
Rakel Hönnudóttir,Reading WFC,0.19288425199999998,0,3,0.06429475066666666,-0.19288425199999998,0.3
Ramin Rezaeian,Iran,0.471414873,1,3,0.157138291,0.5285851269999999,0.3
Ramires Santos do Nascimento,Chelsea,0.725643554,2,10,0.0725643554,1.274356446,1.0
Ramiro Vaca Ponce,Bolivia,0.025036536,0,1,0.025036536,-0.025036536,0.1
Ramon Olamilekan Azeez,Almería,0.0250480385,0,2,0.01252401925,-0.0250480385,0.2
Ramon Olamilekan Azeez,Granada,0.70102304,1,1,0.70102304,0.29897695999999996,0.1
Ramona Bachmann,Chelsea FCW,8.249993877,4,58,0.1422412737413793,-4.249993877,5.8
Ramona Bachmann,Switzerland Women's,1.834905177,2,13,0.1411465520769231,0.165094823,1.3
Ramona Maier,SGS Essen 19/68,6.586114209,6,51,0.12913949429411764,-0.5861142089999998,5.1
Ramona Petzelberger,Aston Villa,1.6490045599999998,3,9,0.18322272888888888,1.3509954400000002,0.9
Ramona Petzelberger,Tottenham Hotspur Women,0.17303785100000002,0,3,0.05767928366666667,-0.17303785100000002,0.3
Ramy Bensebaini,Montpellier,0.612025234,2,11,0.055638657636363636,1.3879747660000001,1.1
Ramón Antonio Mifflin Páez,Peru,0.053135719,0,3,0.017711906333333333,-0.053135719,0.3
Ramón Sosa Acosta,Paraguay,0.1700796,1,3,0.0566932,0.8299204,0.3
Ramón Ángel Díaz,Argentina U20,0.425778764,1,5,0.0851557528,0.5742212360000001,0.5
Ramón Ángel Díaz,River Plate,0.18356901,0,1,0.18356901,-0.18356901,0.1
Randal Kolo Muani,France,2.041262184,3,8,0.255157773,0.9587378160000002,0.8
Randal Kolo Muani,Nantes,1.68033739,2,6,0.28005623166666666,0.31966260999999996,0.6
Rani Khedira,Union Berlin,0.027500197,0,1,0.027500197,-0.027500197,0.1
Ransford Königsdörffer,Ghana,0.83283087,0,3,0.27761029,-0.83283087,0.3
Raoul Cédric Loé,Osasuna,0.0962163955,1,3,0.03207213183333333,0.9037836045000001,0.3
Raphael Dias Belloli,Brazil,1.235168359,1,16,0.0771980224375,-0.235168359,1.6
Raphael Martinho Alves de Lima,Carpi,0.6428944605,0,10,0.06428944605,-0.6428944605,1.0
Raphaël Adelino José Guerreiro,Lorient,3.236698459,3,42,0.07706424902380953,-0.23669845899999986,4.2
Raphaël Adelino José Guerreiro,Portugal,0.529592423,2,10,0.0529592423,1.470407577,1.0
Raphaël Varane,France,0.915925909,1,9,0.10176954544444444,0.08407409099999996,0.9
Raphaël Varane,Real Madrid,2.013991454,0,21,0.09590435495238096,-2.013991454,2.1
Raquel Morcillo Aparicio,Villarreal,0.827717968,1,17,0.04868929223529411,0.17228203200000003,1.7
Raquel Peña Rodríguez,Costa Adeje Tenerife,0.548129473,1,12,0.04567745608333334,0.45187052699999997,1.2
Raquel Rodriguez,Costa Rica Women's,0.06404801,0,1,0.06404801,-0.06404801,0.1
Raquel Rodriguez,NJ/NY Gotham FC,0.659617728,0,6,0.109936288,-0.659617728,0.6
Raquel Rodriguez,Portland Thorns,1.246718226,1,9,0.13852424733333335,-0.24671822600000004,0.9
Rasheedat Busayo Ajibade,Atletico Madrid W,7.7852887795,10,65,0.11977367353076923,2.2147112205,6.5
Rasheedat Busayo Ajibade,Nigeria Women's,1.239369618,1,7,0.17705280257142858,-0.239369618,0.7
Rasmus Winther Højlund,Denmark,1.3098976009999999,0,6,0.2183162668333333,-1.3098976009999999,0.6
Rattikan Thongsombut,Thailand W,0.053963897000000004,0,2,0.026981948500000002,-0.053963897000000004,0.2
Ray Kendry Páez Andrade,Ecuador,1.546082601,1,11,0.14055296372727272,-0.546082601,1.1
Ray Parlour,Arsenal,0.816312742,0,20,0.0408156371,-0.816312742,2.0
Rayan Aït Nouri,Algeria,0.081999588,0,3,0.027333196,-0.081999588,0.3
Rayan Ny Aina Arnaldo Raveloson,Auxerre,0.268531384,0,3,0.08951046133333333,-0.268531384,0.3
Raymond Kopaszewski Wlodarczyck,France,0.07901359,0,1,0.07901359,-0.07901359,0.1
Raynier Fernandes,Mumbai City,0.952811348,0,9,0.10586792755555556,-0.952811348,0.9
Raúl Albentosa Redal,Eibar,0.1547676,0,1,0.1547676,-0.1547676,0.1
Raúl Albentosa Redal,Málaga,1.810056536,2,17,0.10647391388235294,0.18994346399999995,1.7
Raúl Albentosa Redal,RC Deportivo La Coruña,0.28222172,0,2,0.14111086,-0.28222172,0.2
Raúl Albiol i Tortajada,Napoli,1.008065682,1,9,0.112007298,-0.008065682000000018,0.9
Raúl Albiol i Tortajada,Villarreal,0.0539609,0,1,0.0539609,-0.0539609,0.1
Raúl Alonso Jiménez Rodríguez,Mexico,0.086871654,0,1,0.086871654,-0.086871654,0.1
Raúl García Escudero,Athletic Club,7.618067802,7,93,0.08191470754838709,-0.6180678019999997,9.3
Raúl García Escudero,Atlético Madrid,0.568100059,1,16,0.0355062536875,0.43189994099999995,1.6
Raúl García Escudero,Osasuna,0.8326603109999999,1,10,0.0832660311,0.16733968900000007,1.0
Raúl González Blanco,Real Madrid,0.599621223,2,8,0.074952652875,1.400378777,0.8
Raúl Marcelo Bobadilla,Augsburg,6.150826907,4,61,0.10083322798360655,-2.150826907,6.1
Raúl Rodríguez Navarro,Espanyol,0.26615307,0,1,0.26615307,-0.26615307,0.1
Raúl Rodríguez Navas,Eibar,0.017512755,0,1,0.017512755,-0.017512755,0.1
Raúl Rodríguez Navas,Real Sociedad,0.084701965,0,2,0.0423509825,-0.084701965,0.2
Raúl Tamudo Montero,Espanyol,1.406266935,3,13,0.10817437961538462,1.593733065,1.3
Raúl Tamudo Montero,Rayo Vallecano,0.9529795249999999,1,3,0.31765984166666666,0.04702047500000006,0.3
Raúl Tamudo Montero,Real Sociedad,0.339834584,0,3,0.11327819466666667,-0.339834584,0.3
Raúl de Tomás Gómez,Espanyol,0.066095731,0,2,0.0330478655,-0.066095731,0.2
Raúl de Tomás Gómez,Rayo Vallecano,0.17407436799999998,1,4,0.043518591999999995,0.825925632,0.4
Rebecca Elizabeth Sauerbrunn,Portland Thorns,0.151640017,0,2,0.0758200085,-0.151640017,0.2
Rebecca Elizabeth Sauerbrunn,United States Women's,0.033908606,0,1,0.033908606,-0.033908606,0.1
Rebecca Elizabeth Sauerbrunn,Utah Royals,0.10629504,0,1,0.10629504,-0.10629504,0.1
Rebecca Holloway,Birmingham City WFC,0.149949728,0,5,0.0299899456,-0.149949728,0.5
Rebecca Jane,Liverpool WFC,0.1622087455,0,4,0.040552186375,-0.1622087455,0.4
Rebecca Jane,Reading WFC,0.164894748,0,2,0.082447374,-0.164894748,0.2
Rebecca Knaak,Germany Women's,0.80266947,1,2,0.401334735,0.19733053,0.2
Rebecca Moros,Utah Royals,0.01695102,0,1,0.01695102,-0.01695102,0.1
Rebecca Quinn,Canada Women's,0.08356841,0,1,0.08356841,-0.08356841,0.1
Rebecca Quinn,Washington Spirit,0.14014868,0,1,0.14014868,-0.14014868,0.1
Rebecka Blomqvist,Sweden Women's,1.723553194,3,6,0.28725886566666664,1.276446806,0.6
Rebekah Ashley Stott,Brighton & Hove Albion WFC,0.32997983,0,2,0.164989915,-0.32997983,0.2
Rebekah Ashley Stott,New Zealand Women's,0.028126406,0,1,0.028126406,-0.028126406,0.1
Rebekka Salfelder,Nürnberg W,0.066814702,0,2,0.033407351,-0.066814702,0.2
Redeem Tlang,Goa,0.07935979,0,1,0.07935979,-0.07935979,0.1
Redeem Tlang,Odisha,0.695283539,1,7,0.09932621985714285,0.30471646100000005,0.7
Reece James,England,0.08543174,0,1,0.08543174,-0.08543174,0.1
Reece Oxford,West Ham United,0.07387454,0,1,0.07387454,-0.07387454,0.1
Reena Wichmann,SV Werder Bremen,1.24987405,2,4,0.3124685125,0.7501259499999999,0.4
Refiloe Jane,Sassuolo W,0.077894081,0,2,0.0389470405,-0.077894081,0.2
Refiloe Jane,South Africa Women's,0.022184202,0,1,0.022184202,-0.022184202,0.1
Reinhard Lauck,German DR,0.2731999995,0,6,0.04553333325,-0.2731999995,0.6
Reinildo Isnard Mandava,Mozambique,0.075872198,1,2,0.037936099,0.924127802,0.2
Remi Allen,Reading WFC,7.704041377,5,45,0.17120091948888888,-2.7040413770000002,4.5
Remina Chiba,Eintracht Frankfurt W,1.419045125,2,9,0.15767168055555555,0.580954875,0.9
Remina Chiba,Japan Women's,0.232803337,0,2,0.1164016685,-0.232803337,0.2
Remo Freuler,Atalanta,0.6238480200000001,1,5,0.124769604,0.37615197999999994,0.5
Remo Freuler,Switzerland,0.9192761700000001,2,6,0.153212695,1.08072383,0.6
Renaldo Showayne Cephas,Jamaica,0.406613158,0,3,0.13553771933333333,-0.406613158,0.3
Renan Augusto Lodi dos Santos,Atlético Madrid,0.018419454,0,1,0.018419454,-0.018419454,0.1
Renato Civelli,Lille,1.9709757030000001,0,17,0.11593974723529413,-1.9709757030000001,1.7
Renato Dirnei Florencio,Sevilla,0.131684895,0,3,0.043894965,-0.131684895,0.3
Renato Fabrizio Tapia Cortijo,Peru,0.014759716,0,1,0.014759716,-0.014759716,0.1
Renato Júnior Luz Sanches,Lille,0.0953758,0,1,0.0953758,-0.0953758,0.1
Renato Júnior Luz Sanches,Paris Saint-Germain,1.706900922,2,14,0.12192149442857143,0.293099078,1.4
Renato Júnior Luz Sanches,Portugal,0.068510371,0,4,0.01712759275,-0.068510371,0.4
Renato Soares de Oliveira Augusto,Brazil,0.39588573,1,3,0.13196191,0.60411427,0.3
Renaud Cohade,Saint-Étienne,0.414409946,0,11,0.03767363145454545,-0.414409946,1.1
Renaud Ripart,Troyes,0.143372603,0,2,0.0716863015,-0.143372603,0.2
Rene Krhin,Granada,0.4824720955,0,8,0.0603090119375,-0.4824720955,0.8
René Salomon Olembé-Olembé,Leeds United,0.027206028,0,1,0.027206028,-0.027206028,0.1
René van de Kerkhof,Netherlands,0.46242647000000003,0,3,0.15414215666666667,-0.46242647000000003,0.3
Rey Manaj,Albania,0.309081335,0,2,0.1545406675,-0.309081335,0.2
Rey Manaj,Inter Milan,0.22142395,0,2,0.110711975,-0.22142395,0.2
Reyna Rene Reyes Stubblefield,Portland Thorns,0.26316212699999997,1,3,0.087720709,0.736837873,0.3
Reynald Lemaître,Guingamp,0.11343479,0,1,0.11343479,-0.11343479,0.1
Rhiannon Roberts,Liverpool WFC,0.988199442,0,18,0.054899969,-0.988199442,1.8
Rhiannon Roberts,Real Betis Balompié,2.019687565,2,16,0.1262304728125,-0.019687564999999907,1.6
Rhoda Mulaudzi,South Africa Women's,0.07897789799999999,0,2,0.039488948999999995,-0.07897789799999999,0.2
Rhu-endly Martina,Southampton,0.13864607499999998,1,3,0.046215358333333324,0.861353925,0.3
Ria Percival,New Zealand Women's,0.957904571,0,8,0.119738071375,-0.957904571,0.8
Ria Percival,Tottenham Hotspur Women,2.335576881,1,28,0.08341346003571429,-1.3355768810000002,2.8
Ria Percival,West Ham United LFC,0.11540039399999999,0,5,0.023080078799999997,-0.11540039399999999,0.5
Ria Öling,WNT Finland,0.461265471,0,6,0.0768775785,-0.461265471,0.6
Riaan Hanamub,Namibia,0.071619187,0,2,0.0358095935,-0.071619187,0.2
Rianna Dean,Tottenham Hotspur Women,8.399322647,4,38,0.2210348065,-4.399322647,3.8
Rianna Jarrett,Brighton & Hove Albion WFC,1.014951036,2,13,0.07807315661538462,0.985048964,1.3
Ricard Puig Martí,Barcelona,0.674604358,0,10,0.0674604358,-0.674604358,1.0
Ricarda Walkling,SV Werder Bremen,0.575819168,0,7,0.08225988114285714,-0.575819168,0.7
Ricardo Alberto Silveira de Carvalho,AS Monaco,0.565906492,2,8,0.0707383115,1.4340935080000001,0.8
Ricardo Andrade Quaresma Bernardo,Portugal,0.29705781600000003,1,5,0.0594115632,0.702942184,0.5
Ricardo Daniel Pepi,United States,2.120423173,0,7,0.3029175961428571,-2.120423173,0.7
Ricardo Domingos Barbosa Pereira,OGC Nice,0.25794918,0,4,0.064487295,-0.25794918,0.4
Ricardo Gabriel Álvarez,Sampdoria,0.9070458020000001,1,15,0.060469720133333335,0.09295419799999993,1.5
Ricardo Guardia Avila,Panama,0.013070213,0,1,0.013070213,-0.013070213,0.1
Ricardo Iván Rodríguez Araya,Switzerland,1.018941469,0,12,0.08491178908333334,-1.018941469,1.2
Ricardo Iván Rodríguez Araya,Wolfsburg,2.0819555555,2,26,0.08007521367307692,-0.0819555555,2.6
Ricardo Izecson dos Santos Leite,AC Milan,1.630423704,1,6,0.271737284,-0.630423704,0.6
Ricardo Izecson dos Santos Leite,Real Madrid,0.099294886,0,3,0.03309829533333333,-0.099294886,0.3
Ricardo Jorge Luz Horta,Málaga,1.672358703,0,22,0.07601630468181818,-1.672358703,2.2
Ricardo Jorge Luz Horta,Portugal,0.47105462,1,3,0.15701820666666666,0.52894538,0.3
Ricardo Kishna,Lazio,1.08446363,2,9,0.12049595888888888,0.9155363700000001,0.9
Ricardo Martins Guimarães,Mozambique,0.031841937,0,1,0.031841937,-0.031841937,0.1
Ricardo Miguel Moreira da Costa,Granada,0.795593001,1,9,0.08839922233333333,0.20440699900000003,0.9
Ricardo Miguel Moreira da Costa,Valencia,0.164422407,0,3,0.054807469,-0.164422407,0.3
Ricardo Omar Giusti,Argentina,0.09030186,0,1,0.09030186,-0.09030186,0.1
Ricardo Pérez de Zabalza Goytre,Real Murcia CF,0.040273156,0,1,0.040273156,-0.040273156,0.1
Ricardo Roberto Barreto da Rocha,Brazil,0.05995652,0,1,0.05995652,-0.05995652,0.1
Ricardo Rogério de Brito,Brazil,0.082284462,0,4,0.0205711155,-0.082284462,0.4
Ricardo Rogério de Brito,Napoli,0.316927468,0,6,0.05282124466666666,-0.316927468,0.6
Ricardo Wayne Gardner,Bolton Wanderers,0.081210908,0,2,0.040605454,-0.081210908,0.2
Ricardo de Oliveira,Real Betis,0.183523688,0,2,0.091761844,-0.183523688,0.2
Ricardo de Oliveira,Real Zaragoza,0.4981903975,1,6,0.08303173291666667,0.5018096025000001,0.6
Riccardo Calafiori,Italy,0.382336328,0,3,0.12744544266666666,-0.382336328,0.3
Riccardo Gagliolo,Carpi,1.1553894094000001,1,15,0.07702596062666668,-0.15538940940000012,1.5
Riccardo Meggiorini,Chievo,2.700969358,5,39,0.06925562456410257,2.299030642,3.9
Riccardo Montolivo,AC Milan,0.864153556,0,30,0.028805118533333333,-0.864153556,3.0
Riccardo Saponara,Empoli,6.467587665,5,73,0.08859709130136986,-1.467587665,7.3
Richard Dunne,Manchester City,0.032086767,0,1,0.032086767,-0.032086767,0.1
Richard Hughes,Portsmouth,0.043023815,0,2,0.0215119075,-0.043023815,0.2
Richard Rios Montoya,Colombia,0.316273634,1,8,0.03953420425,0.6837263659999999,0.8
Richarlison de Andrade,Brazil,1.404637238,3,8,0.17557965475,1.595362762,0.8
Richie Laryea,Canada,0.306914067,0,6,0.0511523445,-0.306914067,0.6
Rickie Lambert,West Bromwich Albion,2.050258163,1,14,0.14644701164285714,-1.050258163,1.4
Ricky Lallawmawma,Jamshedpur,0.07320394050000001,0,5,0.014640788100000001,-0.07320394050000001,0.5
Ricky van Wolfswinkel,Real Betis,2.511885848,1,15,0.16745905653333332,-1.511885848,1.5
Ridle Bote Baku,Wolfsburg,0.13714240700000002,0,2,0.06857120350000001,-0.13714240700000002,0.2
Rieke Dieckmann,SV Werder Bremen,0.724635082,2,8,0.09057938525,1.275364918,0.8
Rifat Zhemaletdinov,Russia,0.24309705999999998,0,2,0.12154852999999999,-0.24309705999999998,0.2
Rikke Dybdahl,CD Sporting de Huelva,0.26991149000000003,0,2,0.13495574500000002,-0.26991149000000003,0.2
Rikke Læntver Sevecke,Denmark Women's,0.17153145,0,1,0.17153145,-0.17153145,0.1
Rikke Læntver Sevecke,Everton LFC,0.834239299,0,8,0.104279912375,-0.834239299,0.8
Rikke Marie Madsen,Denmark Women's,0.706254593,0,6,0.11770909883333334,-0.706254593,0.6
Rikke Marie Madsen,Everton LFC,0.468641507,0,3,0.15621383566666666,-0.468641507,0.3
Rikke Marie Madsen,North Carolina Courage,0.5462594000000001,1,4,0.13656485000000002,0.45374059999999994,0.4
Riko Ueki,Japan Women's,2.477746457,2,11,0.2252496779090909,-0.47774645699999985,1.1
Riko Ueki,West Ham United LFC,7.001531563,6,64,0.109398930671875,-1.0015315630000003,6.4
Riley McGree,Australia,0.0631860005,0,3,0.021062000166666667,-0.0631860005,0.3
Riley Tanner Rintala,Panama Women's,0.28983852,0,3,0.09661283999999999,-0.28983852,0.3
Rimantė Jonušaitė,AC Milan W,0.18768327,0,1,0.18768327,-0.18768327,0.1
Rinsola Babajide,Liverpool WFC,4.226637724,5,46,0.09188342878260869,0.7733622760000003,4.6
Rinsola Omowunmiajike Babajide,Costa Adeje Tenerife,2.947853728,3,46,0.06408377669565217,0.05214627199999988,4.6
Rinsola Omowunmiajike Babajide,Liverpool WFC,0.012650231,0,1,0.012650231,-0.012650231,0.1
Rio Antonio Zoba Mavuba,Lille,0.41583332149999996,0,11,0.03780302922727272,-0.41583332149999996,1.1
Riola Xhemaili,Switzerland Women's,0.6747326,1,4,0.16868315,0.3252674,0.4
Riola Xhemaili,VfL Wolfsburg WFC,0.73483743,1,6,0.122472905,0.26516257,0.6
Risa Shimizu,Japan Women's,0.737540172,1,7,0.10536288171428572,0.262459828,0.7
Risa Shimizu,West Ham United LFC,0.428078644,1,4,0.107019661,0.571921356,0.4
Rita Chikwelu,Nigeria Women's,0.18929851,0,1,0.18929851,-0.18929851,0.1
Ritchie De Laet,Leicester City,0.205562746,1,2,0.102781373,0.794437254,0.2
Ritsu Doan,Freiburg,0.084770545,1,1,0.084770545,0.915229455,0.1
Ritsu Doan,Japan,0.53680968,2,4,0.13420242,1.46319032,0.4
Ritwik Kumar Das,Jamshedpur,2.795596779,4,21,0.13312365614285712,1.2044032210000002,2.1
Riyad Mahrez,Algeria,0.04265795,0,1,0.04265795,-0.04265795,0.1
Riyad Mahrez,Leicester City,11.834651648,17,87,0.13603047871264368,5.1653483520000005,8.7
Riza Durmisi,Real Betis,0.084668404,0,2,0.042334202,-0.084668404,0.2
Rob Rensenbrink,Netherlands,0.603524222,1,7,0.086217746,0.396475778,0.7
Robbie Fowler,Manchester City,0.09982912,0,2,0.04991456,-0.09982912,0.2
Robbie Keane,Tottenham Hotspur,0.76046705,1,1,0.76046705,0.23953294999999997,0.1
Robbie Kruse,Australia,0.28720132,0,1,0.28720132,-0.28720132,0.1
Robbie Kruse,Bayer Leverkusen,0.371081039,0,5,0.0742162078,-0.371081039,0.5
Robbie Kruse,VfB Stuttgart,0.08671979799999999,0,2,0.04335989899999999,-0.08671979799999999,0.2
Robbie Robinson Belmar,Inter Miami,0.53438073,0,1,0.53438073,-0.53438073,0.1
Robbie Savage,Birmingham City,0.05383213,0,1,0.05383213,-0.05383213,0.1
Robert Acquafresca,Bologna,0.181214017,0,3,0.06040467233333333,-0.181214017,0.3
Robert Alfred ''Bobby' Smith,NY Cosmos,0.22286996,0,1,0.22286996,-0.22286996,0.1
Robert Andrich,Bayer Leverkusen,1.962285556,4,23,0.08531676330434783,2.0377144439999997,2.3
Robert Andrich,Germany,0.37348011000000003,0,7,0.053354301428571435,-0.37348011000000003,0.7
Robert Bauer,Ingolstadt,0.08409275699999999,1,5,0.0168185514,0.915907243,0.5
Robert Berič,Saint-Étienne,2.948600704,3,16,0.184287544,0.05139929600000004,1.6
Robert Brady,Norwich City,2.8992246919999998,3,54,0.053689346148148145,0.10077530800000023,5.4
Robert Gucher,Frosinone,0.48479031029999997,0,21,0.02308525287142857,-0.48479031029999997,2.1
Robert Huth,Leicester City,3.580428575,3,30,0.11934761916666667,-0.580428575,3.0
Robert Ibáñez Castro,Granada,0.71478252,0,12,0.05956521,-0.71478252,1.2
Robert Kenedy Nunes do Nascimento,Chelsea,0.407138165,1,13,0.031318320384615385,0.592861835,1.3
Robert Kenedy Nunes do Nascimento,Granada,0.022604987,0,1,0.022604987,-0.022604987,0.1
Robert Lewandowski,Bayern Munich,23.481105479,30,149,0.15759131193959733,6.518894521,14.9
Robert Lewandowski,Borussia Dortmund,0.22799413200000002,0,3,0.075998044,-0.22799413200000002,0.3
Robert Lewandowski,Poland,6.750563283,6,38,0.17764640218421052,-0.750563283,3.8
Robert Pirès,Arsenal,6.62391527,14,56,0.11828420125000001,7.37608473,5.6
Robert Pirès,Villarreal,0.297817674,1,4,0.0744544185,0.702182326,0.4
Robert Skov,Hoffenheim,0.143999677,0,2,0.0719998385,-0.143999677,0.2
Robert Taylor,Inter Miami,0.37332525299999997,2,5,0.07466505059999999,1.626674747,0.5
Roberto Bettega,Juventus,0.49619872400000004,0,5,0.0992397448,-0.49619872400000004,0.5
Roberto Boninsegna,Inter Milan,0.03546857,0,1,0.03546857,-0.03546857,0.1
Roberto Boninsegna,Italy,0.146110552,1,3,0.048703517333333335,0.853889448,0.3
Roberto Carlos Fernández Toro,Bolivia,0.017191438,0,1,0.017191438,-0.017191438,0.1
Roberto Carlos Montserrat,River Plate,0.044941854,0,1,0.044941854,-0.044941854,0.1
Roberto Carlos da Silva,Real Madrid,0.0330545,0,1,0.0330545,-0.0330545,0.1
Roberto Chale Olarte,Peru,0.063351138,0,3,0.021117046,-0.063351138,0.3
Roberto Crivello,Frosinone,0.179491582,0,3,0.059830527333333335,-0.179491582,0.3
Roberto Firmino Barbosa de Oliveira,Brazil,1.8058869480000002,1,6,0.300981158,-0.8058869480000002,0.6
Roberto Firmino Barbosa de Oliveira,Liverpool,6.242088718,10,68,0.09179542232352941,3.7579112820000002,6.8
Roberto Gagliardini,Atalanta,0.119326752,0,2,0.059663376,-0.119326752,0.2
Roberto Galia,Juventus W,0.12327426699999999,0,3,0.04109142233333333,-0.12327426699999999,0.3
Roberto Hilbert,Bayer Leverkusen,0.17005113900000002,0,4,0.042512784750000004,-0.17005113900000002,0.4
Roberto Inglese,Chievo,3.4974005745,3,35,0.09992573069999999,-0.49740057449999986,3.5
Roberto José Rosales Altuve,Málaga,1.00370941,0,21,0.04779568619047619,-1.00370941,2.1
Roberto Lago Soto,Celta Vigo,0.05833396,0,1,0.05833396,-0.05833396,0.1
Roberto Lago Soto,Getafe,0.117089454,0,4,0.0292723635,-0.117089454,0.4
Roberto Lopes,Cape Verde Islands,0.07511379,0,1,0.07511379,-0.07511379,0.1
Roberto Lopes de Miranda,Brazil,0.065660522,0,2,0.032830261,-0.065660522,0.2
Roberto Luis Gaspar de Deus Severo,Recreativo Huelva,0.21653967,0,4,0.0541349175,-0.21653967,0.4
Roberto Martínez Rípodas,Athletic Club,0.017205665,0,1,0.017205665,-0.017205665,0.1
Roberto Maximiliano Pereyra,Juventus,0.711940779,0,10,0.0711940779,-0.711940779,1.0
Roberto Perfumo,Argentina,0.06736811,0,1,0.06736811,-0.06736811,0.1
Roberto Rivelino,Brazil,2.064450876,3,33,0.06255911745454545,0.935549124,3.3
Roberto Román Triguero,Rayo Vallecano,0.5336684549999999,1,13,0.04105141961538461,0.46633154500000007,1.3
Roberto Soldado Rillo,Getafe,1.963474614,1,11,0.17849769218181818,-0.9634746139999999,1.1
Roberto Soldado Rillo,Granada,0.04894014,0,1,0.04894014,-0.04894014,0.1
Roberto Soldado Rillo,Osasuna,0.09829143,0,1,0.09829143,-0.09829143,0.1
Roberto Soldado Rillo,Valencia,1.648434141,0,10,0.1648434141,-1.648434141,1.0
Roberto Soldado Rillo,Villarreal,4.45497474,5,42,0.10607082714285714,0.5450252600000001,4.2
Roberto Soriano,Sampdoria,4.6982547505,8,54,0.08700471760185186,3.3017452494999997,5.4
Roberto Soriano,Villarreal,0.549317587,0,6,0.09155293116666667,-0.549317587,0.6
Roberto Suárez Pier,Levante UD,0.038302034,0,1,0.038302034,-0.038302034,0.1
Roberto Suárez Pier,RC Deportivo La Coruña,0.48746857,0,1,0.48746857,-0.48746857,0.1
Roberto Torres Morales,Osasuna,0.9535379150000001,2,9,0.10594865722222223,1.046462085,0.9
Roberto Trashorras Gayoso,Rayo Vallecano,4.555919724,3,44,0.10354363009090908,-1.5559197239999998,4.4
Roberto Tricella,Juventus W,0.13706198,0,1,0.13706198,-0.13706198,0.1
Roberto Vitiello,Palermo,0.168845234,0,2,0.084422617,-0.168845234,0.2
Robin Aime Robert Le Normand,Spain,0.32523981999999996,0,3,0.10841327333333332,-0.32523981999999996,0.3
Robin Gosens,Germany,1.11253467,1,6,0.18542244500000002,-0.11253467000000006,0.6
Robin Gosens,Union Berlin,0.06398667,0,1,0.06398667,-0.06398667,0.1
Robin Hack,Borussia Mönchengladbach,0.17755048,0,1,0.17755048,-0.17755048,0.1
Robin Hranáč,Czech Republic,0.41727294000000004,0,2,0.20863647000000002,-0.41727294000000004,0.2
Robin Knoche,Wolfsburg,0.653187707,1,3,0.21772923566666666,0.34681229300000005,0.3
Robin Lod,Finland,0.18622138800000002,0,2,0.09311069400000001,-0.18622138800000002,0.2
Robin Maulun,Bordeaux,0.016671292,0,1,0.016671292,-0.016671292,0.1
Robin Quaison,Palermo,1.754612822,1,20,0.08773064109999999,-0.7546128219999999,2.0
Robin Quaison,Sweden,0.10185667,0,1,0.10185667,-0.10185667,0.1
Robyn Kimberly Moodaly,South Africa Women's,0.028367925,0,1,0.028367925,-0.028367925,0.1
Rochharzela Rochharzela,NorthEast United,0.774894318,1,9,0.08609936866666666,0.22510568200000003,0.9
Rocío García Fernández,Villarreal,0.27403886299999997,0,4,0.06850971574999999,-0.27403886299999997,0.4
Rocío Gálvez Luna,Real Madrid CF W,1.220579199,1,15,0.0813719466,-0.2205791989999999,1.5
Roderic Filippi,Gazélec Ajaccio,1.02762973,2,15,0.06850864866666666,0.9723702700000001,1.5
Roderick Alonso Miller Molina,Panama,0.19889891799999998,0,3,0.06629963933333333,-0.19889891799999998,0.3
Rodolfo Bodipo Díaz,Deportivo Alavés,0.5947716,0,1,0.5947716,-0.5947716,0.1
Rodolfo Martín Arruabarrena,Boca Juniors,0.1591005,0,1,0.1591005,-0.1591005,0.1
Rodrigo Andrés Battaglia,Deportivo Alavés,0.047479134,0,1,0.047479134,-0.047479134,0.1
Rodrigo Bentancur Colmán,Uruguay,2.654668849,4,10,0.26546688490000003,1.345331151,1.0
Rodrigo Eduardo Echeverría Sáez,Chile,0.290848339,0,4,0.07271208475,-0.290848339,0.4
Rodrigo Ely,AC Milan,0.13541107000000002,0,2,0.06770553500000001,-0.13541107000000002,0.2
Rodrigo Ely,Deportivo Alavés,0.03234172,0,1,0.03234172,-0.03234172,0.1
Rodrigo Hernández Cascante,Atlético Madrid,0.13847452,0,1,0.13847452,-0.13847452,0.1
Rodrigo Hernández Cascante,Spain,1.2646927639999999,1,10,0.1264692764,-0.26469276399999986,1.0
Rodrigo Hernández Cascante,Villarreal,0.437051927,0,7,0.062435989571428575,-0.437051927,0.7
Rodrigo Javier De Paul,Argentina,0.737391214,0,11,0.0670355649090909,-0.737391214,1.1
Rodrigo Javier De Paul,Valencia,0.823348026,0,10,0.0823348026,-0.823348026,1.0
Rodrigo Moreno Machado,Spain,0.35570391,0,4,0.0889259775,-0.35570391,0.4
Rodrigo Moreno Machado,Valencia,6.683833326999999,4,53,0.12611006277358489,-2.6838333269999994,5.3
Rodrigo Ríos Lozano,Almería,0.058339284,0,2,0.029169642,-0.058339284,0.2
Rodrigo Sebastián Aguirre Soto,Udinese,1.33097045,0,9,0.14788560555555555,-1.33097045,0.9
Rodrigo Sebastián Palacio,Inter Milan,3.199400038,2,17,0.1882000022352941,-1.1994000379999998,1.7
Rodrigue Casimir Ninga,Montpellier,5.102378251,7,43,0.1186599593255814,1.8976217489999998,4.3
Rodrygo Silva de Goes,Brazil,2.431054062,0,17,0.14300318011764704,-2.431054062,1.7
Roel Brouwers,Borussia Mönchengladbach,0.056049388,0,1,0.056049388,-0.056049388,0.1
Rogelio Gabriel Funes Mori,Mexico,0.052168235,0,1,0.052168235,-0.052168235,0.1
Roger Claver Assalé Djapone,Leganés,0.032319866,0,1,0.032319866,-0.032319866,0.1
Roger García Junyent,Villarreal,0.036966037,0,1,0.036966037,-0.036966037,0.1
Roger Martí Salvador,Levante UD,2.310380786,0,23,0.10045133852173914,-2.310380786,2.3
Roger Piantoni,France,0.238191365,1,6,0.039698560833333334,0.761808635,0.6
Roger de Oliveira Bernardo,Ingolstadt,0.686917041,1,16,0.0429323150625,0.31308295900000005,1.6
Rohit Danu,Hyderabad,1.889516976,2,15,0.1259677984,0.1104830240000001,1.5
Rohit Kumar,Bengaluru,0.11959869199999999,0,2,0.059799345999999996,-0.11959869199999999,0.2
Roland Conde Lamah,Osasuna,0.387470832,0,4,0.096867708,-0.387470832,0.4
Roland Sallai,Freiburg,0.081818394,0,1,0.081818394,-0.081818394,0.1
Roland Sallai,Hungary,1.204807049,0,16,0.0753004405625,-1.204807049,1.6
Roland Sandberg,Sweden,0.28288542,0,2,0.14144271,-0.28288542,0.2
Rolando Aarons,Newcastle United,0.24894492000000001,1,2,0.12447246000000001,0.75105508,0.2
Rolando Jorge Pires da Fonseca,Olympique de Marseille,0.7136126,1,7,0.10194465714285715,0.28638739999999996,0.7
Romain Alessandrini,Marseille,1.757813329,1,22,0.07990060586363636,-0.757813329,2.2
Romain Alessandrini,Olympique de Marseille,2.272428907,4,36,0.06312302519444445,1.727571093,3.6
Romain Brégerie,Ingolstadt,1.492063263,0,15,0.0994708842,-1.492063263,1.5
Romain Danzé,Rennes,0.928284024,0,6,0.154714004,-0.928284024,0.6
Romain Del Castillo,Lyon,0.1122514,0,1,0.1122514,-0.1122514,0.1
Romain Del Castillo,Stade Brestois,0.054199412,0,1,0.054199412,-0.054199412,0.1
Romain Faivre,Lorient,0.146076275,0,2,0.0730381375,-0.146076275,0.2
Romain Genevois,OGC Nice,0.7438419,1,1,0.7438419,0.25615810000000006,0.1
Romain Hamouma,Saint-Étienne,3.246808113,3,38,0.0854423187631579,-0.24680811300000016,3.8
Romain Philippoteaux,Lorient,0.714278718,0,14,0.051019908428571424,-0.714278718,1.4
Romain Saïss,Angers,1.862838012,2,26,0.07164761584615385,0.1371619879999999,2.6
Romain Saïss,Morocco,1.0817328700000002,2,3,0.3605776233333334,0.9182671299999998,0.3
Romain Thomas,Angers,1.411917332,2,13,0.10860902553846154,0.588082668,1.3
Roman Neustädter,Schalke 04,0.7474519510000001,0,11,0.06795017736363637,-0.7474519510000001,1.1
Roman Yaremchuk,Ukraine,1.285705669,3,17,0.07562974523529412,1.714294331,1.7
Roman Zobnin,Russia,0.39640001999999996,0,10,0.039640001999999994,-0.39640001999999996,1.0
Romano Schmid,Austria,0.08080569,1,1,0.08080569,0.91919431,0.1
Romano Schmid,Werder Bremen,0.039297655,0,1,0.039297655,-0.039297655,0.1
Romario Andrés Ibarra Mina,Ecuador,0.11349799299999999,0,2,0.056748996499999996,-0.11349799299999999,0.2
Romelu Lukaku Menama,Belgium,8.900346434,8,43,0.20698480079069767,-0.9003464339999994,4.3
Romelu Lukaku Menama,Everton,18.027666315,18,116,0.1554109165086207,-0.027666315000001163,11.6
Romina Stefania Núñez,Argentina Women's,0.286814168,1,2,0.143407084,0.713185832,0.2
Romina Stefania Núñez,Real Betis Balompié,0.343330617,0,9,0.03814784633333333,-0.343330617,0.9
Rominigue Kouamé N''Guessan,Troyes,0.04265795,0,1,0.04265795,-0.04265795,0.1
Román Aureliano Torres Morcillo,Panama,0.83065716,0,4,0.20766429,-0.83065716,0.4
Román Fernando Martínez,Tenerife,0.18305194,1,1,0.18305194,0.81694806,0.1
Romée Leuchter,Netherlands Women's,0.48809327,2,2,0.244046635,1.51190673,0.2
Ronald Federico Araújo da Silva,Barcelona,1.484942645,2,11,0.13499478590909092,0.5150573549999999,1.1
Ronald Federico Araújo da Silva,Uruguay,0.10052466500000001,0,3,0.03350822166666667,-0.10052466500000001,0.3
Ronaldo Aparecido Rodrigues,Wolfsburg,2.5373956195,0,50,0.05074791239,-2.5373956195,5.0
Ronaldo Luíz Nazário de Lima,Real Madrid,0.028468948,0,1,0.028468948,-0.028468948,0.1
Ronaldo Pompeu da Silva,Empoli,0.1304682854,0,6,0.021744714233333334,-0.1304682854,0.6
Ronaldo de Assis Moreira,Barcelona,29.2558691245,33,220,0.13298122329318182,3.7441308755000016,22.0
Ronny Heberson Furtado de Araújo,Hertha Berlin,0.058598088,0,2,0.029299044,-0.058598088,0.2
Ronny Rodelin,Caen,1.0264520209999999,2,13,0.07895784776923076,0.9735479790000001,1.3
Ronny Rodelin,Lille,0.131349187,0,5,0.026269837400000003,-0.131349187,0.5
Ronny Rodelin,Stade Malherbe Caen,4.4711826285,8,58,0.0770893556637931,3.5288173714999997,5.8
Roozbeh Cheshmi,Iran,0.11599108999999999,1,2,0.057995544999999996,0.88400891,0.2
Roque Luis Santa Cruz Cantero,Málaga,0.941964633,2,6,0.1569941055,1.058035367,0.6
Roque Luis Santa Cruz Cantero,Real Betis,0.063899204,1,1,0.063899204,0.936100796,0.1
Roque Mesa Quevedo,Las Palmas,1.607610837,1,34,0.047282671676470586,-0.607610837,3.4
Roque Mesa Quevedo,Leganés,0.052426212,0,2,0.026213106,-0.052426212,0.2
Roque Mesa Quevedo,Real Valladolid,0.351249795,0,4,0.08781244875,-0.351249795,0.4
Roque Mesa Quevedo,Sevilla,0.14667238,0,1,0.14667238,-0.14667238,0.1
Rory Delap,Southampton,0.183752621,0,3,0.06125087366666667,-0.183752621,0.3
Rosa Márquez Baena,Real Betis Balompié,3.962383714,3,36,0.11006621427777778,-0.962383714,3.6
Rosa Otermin Abella,Sevilla FC,1.199638322,1,14,0.08568845157142857,-0.19963832199999998,1.4
Rosario Francisca María Balmaceda Holley,Chile Women's,0.017543493,0,1,0.017543493,-0.017543493,0.1
Roseline Éloissaint,Haiti Women's,0.201888218,0,3,0.06729607266666666,-0.201888218,0.3
Rosella Ayane,Bristol City WFC,0.8290444020000001,1,14,0.059217457285714294,0.17095559799999993,1.4
Rosella Ayane,Morocco Women's,0.12960726,0,1,0.12960726,-0.12960726,0.1
Rosella Ayane,Tottenham Hotspur Women,3.9184043015,1,48,0.08163342294791666,-2.9184043015,4.8
Roselord Borgella,Haiti Women's,0.237135111,0,4,0.05928377775,-0.237135111,0.4
Rosemary Kathleen Lavelle,Manchester City WFC,3.073288685,1,20,0.15366443425,-2.073288685,2.0
Rosemary Kathleen Lavelle,Seattle Reign,0.960198739,1,12,0.08001656158333333,0.03980126100000003,1.2
Rosemary Kathleen Lavelle,United States Women's,1.388415414,3,17,0.08167149494117647,1.611584586,1.7
Rosemary Kathleen Lavelle,Washington Spirit,0.060640218,0,2,0.030320109,-0.060640218,0.2
Rosie Kmita,West Ham United LFC,0.838841991,1,6,0.1398069985,0.161158009,0.6
Rosie White,Chicago Red Stars,0.24083237500000002,0,3,0.08027745833333334,-0.24083237500000002,0.3
Rosie White,New Zealand Women's,0.20275019449999998,0,3,0.06758339816666666,-0.20275019449999998,0.3
Rosinei Adolfo,Real Murcia CF,0.0383587975,0,2,0.01917939875,-0.0383587975,0.2
Ross Barkley,Everton,8.573074212,8,95,0.09024288644210526,-0.5730742119999999,9.5
Ross Barkley,OGC Nice,0.029263597,0,1,0.029263597,-0.029263597,0.1
Rowllin Borges,Mumbai City,0.163810694,0,2,0.081905347,-0.163810694,0.2
Roy Beerens,Hertha Berlin,0.025141733,0,1,0.025141733,-0.025141733,0.1
Roy Keane,Manchester United,0.35914609,0,6,0.05985768166666666,-0.35914609,0.6
Roy Krishna,ATK Mohun Bagan,3.065583845,4,20,0.15327919225,0.9344161550000001,2.0
Roy Krishna,Mohun Bagan Super Giant,3.253287006,3,17,0.19136982388235294,-0.25328700599999987,1.7
Royston Ricky Drenthe,Real Madrid,0.040949177,0,1,0.040949177,-0.040949177,0.1
Ruben Loftus-Cheek,Chelsea,2.028513583,1,14,0.14489382735714287,-1.028513583,1.4
Ruben Loftus-Cheek,England,0.269309527,0,3,0.08976984233333334,-0.269309527,0.3
Ruben Vargas,Augsburg,0.012769871,0,1,0.012769871,-0.012769871,0.1
Ruben Vargas,Switzerland,2.514688554,2,11,0.22860805036363638,-0.5146885540000001,1.1
Rubin Colwill,Wales,0.03420963,0,1,0.03420963,-0.03420963,0.1
Ruby Grant,West Ham United LFC,0.304234579,0,2,0.1521172895,-0.304234579,0.2
Ruby Mace,Birmingham City WFC,1.230767668,2,6,0.20512794466666665,0.7692323320000001,0.6
Ruby Mace,Manchester City WFC,0.20374231,0,2,0.101871155,-0.20374231,0.2
Rubén Alcaraz Jiménez,Real Valladolid,0.181285602,0,6,0.030214267,-0.181285602,0.6
Rubén Castro Martín,Real Betis,19.1423414732,26,122,0.15690443830491801,6.857658526800002,12.2
Rubén Duarte Sánchez,Deportivo Alavés,0.20572265,0,3,0.06857421666666667,-0.20572265,0.3
Rubén Duarte Sánchez,Espanyol,0.720727004,0,10,0.0720727004,-0.720727004,1.0
Rubén García Santos,Levante UD,0.668897264,1,17,0.039346897882352946,0.33110273599999995,1.7
Rubén García Santos,Osasuna,0.2426014535,0,2,0.12130072675,-0.2426014535,0.2
Rubén González Rocha,Racing Santander,0.199568026,0,2,0.099784013,-0.199568026,0.2
Rubén Gracia Calmache,RC Deportivo La Coruña,0.430798331,0,10,0.0430798331,-0.430798331,1.0
Rubén Gracia Calmache,Real Zaragoza,0.019526528,0,1,0.019526528,-0.019526528,0.1
Rubén Gracia Calmache,Villarreal,0.399627968,2,6,0.06660466133333333,1.600372032,0.6
Rubén Hugo Ayala,Argentina,0.030045392,0,1,0.030045392,-0.030045392,0.1
Rubén Pardo Gutiérrez,Real Sociedad,2.347720376,0,40,0.058693009399999996,-2.347720376,4.0
Rubén Peña Jiménez,Eibar,0.545118547,0,3,0.18170618233333333,-0.545118547,0.3
Rubén Rochina Naixes,Granada,3.6324779585,6,79,0.04598073365189873,2.3675220415,7.9
Rubén Rochina Naixes,Levante UD,0.38106567,1,7,0.05443795285714286,0.61893433,0.7
Rubén Rochina Naixes,Rayo Vallecano,0.073326167,0,3,0.024442055666666667,-0.073326167,0.3
Rubén Salvador Pérez Del Mármol,Elche,0.053715347999999996,0,2,0.026857673999999998,-0.053715347999999996,0.2
Rubén Salvador Pérez Del Mármol,Getafe,0.039996292,0,2,0.019998146,-0.039996292,0.2
Rubén Salvador Pérez Del Mármol,Granada,0.7036331515,0,17,0.041390185382352944,-0.7036331515,1.7
Rubén Salvador Pérez Del Mármol,Leganés,0.050975302,0,3,0.016991767333333335,-0.050975302,0.3
Rubén Salvador Pérez Del Mármol,RC Deportivo La Coruña,0.018761465,0,1,0.018761465,-0.018761465,0.1
Rubén Salvador Pérez Del Mármol,Real Betis,0.03088438,1,2,0.01544219,0.96911562,0.2
Rubén Sobrino Pozuelo,Cádiz,0.451684872,0,2,0.225842436,-0.451684872,0.2
Rubén Sobrino Pozuelo,Deportivo Alavés,0.365378148,0,5,0.0730756296,-0.365378148,0.5
Rubén Suárez Estrada,Levante UD,0.05150518,0,1,0.05150518,-0.05150518,0.1
Rudi Völler,Germany,0.7619725749999999,1,4,0.19049314374999998,0.23802742500000007,0.4
Rudy Gestede,Aston Villa,5.597000951,5,63,0.08884128493650793,-0.5970009510000001,6.3
Ruesha Littlejohn,Birmingham City WFC,1.059897468,0,9,0.11776638533333333,-1.059897468,0.9
Rui Manuel César Costa,Fiorentina,0.243933,0,2,0.1219665,-0.243933,0.2
Rui Pedro dos Santos Patrício,Portugal,0.044307828,0,1,0.044307828,-0.044307828,0.1
Rui Zhang,China PR Women's,0.394762017,0,8,0.049345252125,-0.394762017,0.8
Rumi Utsugi,OL Reign,0.163674512,1,6,0.02727908533333333,0.836325488,0.6
Ruslan Malinovskiy,Ukraine,1.785335409,0,12,0.14877795075,-1.785335409,1.2
Russell Martin,Norwich City,2.054110376,3,19,0.10811107242105264,0.9458896239999999,1.9
Ruth Álvarez Bela,Madrid CFF,0.5235022395,0,8,0.0654377799375,-0.5235022395,0.8
Ruud Krol,Ajax,0.057811126000000004,0,2,0.028905563000000002,-0.057811126000000004,0.2
Ruud Krol,Netherlands,0.229983613,1,8,0.028747951625,0.770016387,0.8
Ruud van Nistelrooy,Manchester United,1.257128708,0,5,0.2514257416,-1.257128708,0.5
Ruud van Nistelrooy,Málaga,0.66310431,0,3,0.22103477000000002,-0.66310431,0.3
Ruud van Nistelrooy,Real Madrid,3.345054645,4,14,0.23893247464285713,0.6549453550000002,1.4
Ryad Boudebouz,Montpellier,3.187014147,2,54,0.059018780500000007,-1.1870141470000002,5.4
Ryad Boudebouz,Real Betis,0.022670262,0,1,0.022670262,-0.022670262,0.1
Ryad Boudebouz,Saint-Étienne,0.0739471,0,2,0.03697355,-0.0739471,0.2
Ryan Bennett,Norwich City,0.928823091,0,9,0.10320256566666668,-0.928823091,0.9
Ryan Bertrand,Southampton,1.433594356,1,13,0.11027648892307693,-0.43359435599999996,1.3
Ryan Fraser,Scotland,0.11751447699999999,0,3,0.03917149233333333,-0.11751447699999999,0.3
Ryan Gareis,Houston Dash,0.302417343,0,5,0.0604834686,-0.302417343,0.5
Ryan Giggs,Manchester United,0.5211230695,0,6,0.08685384491666666,-0.5211230695,0.6
Ryan Gravenberch,Netherlands,0.073137064,0,2,0.036568532,-0.073137064,0.2
Ryan Hollingshead,LAFC,0.11676895000000001,1,3,0.038922983333333334,0.88323105,0.3
Ryan Isaac Mendes da Graça,Cape Verde Islands,1.438899783,2,6,0.23981663050000002,0.5611002169999999,0.6
Ryan Isaac Mendes da Graça,Lille,0.026182761,0,1,0.026182761,-0.026182761,0.1
Ryan Mason,Tottenham Hotspur,1.982158061,1,19,0.10432410847368422,-0.982158061,1.9
Ryan Shawcross,Stoke City,0.912323885,0,8,0.114040485625,-0.912323885,0.8
Ryan Williams,North Carolina Courage,0.19082862,0,2,0.09541431,-0.19082862,0.2
Ryder Matos Santos,Carpi,4.0046367015,2,31,0.12918182908064516,-2.0046367015,3.1
Ryder Matos Santos,Udinese,0.434509565,0,3,0.14483652166666666,-0.434509565,0.3
Rémi Gomis,Nantes,0.406348651,0,5,0.0812697302,-0.406348651,0.5
Rémi Mulumba,Lorient,0.320329152,0,4,0.080082288,-0.320329152,0.4
Rémi Oudin,Bordeaux,0.093137957,0,4,0.02328448925,-0.093137957,0.4
Rémi Walter,OGC Nice,0.686056087,0,12,0.057171340583333334,-0.686056087,1.2
Rémy Cabella,Lille,0.430880234,0,2,0.215440117,-0.430880234,0.2
Rémy Cabella,Marseille,1.1896450760000001,1,13,0.0915111596923077,-0.18964507600000013,1.3
Rémy Cabella,Olympique de Marseille,3.3149913939999998,4,36,0.09208309427777778,0.6850086060000002,3.6
Róbert Boženík,Slovakia,0.144735429,0,3,0.048245143,-0.144735429,0.3
Róbert Mak,Slovakia,0.14076689,0,1,0.14076689,-0.14076689,0.1
Róbert Mazáň,Celta Vigo,0.01758409,0,1,0.01758409,-0.01758409,0.1
Róbson de Souza,Real Madrid,0.221837022,0,5,0.0443674044,-0.221837022,0.5
Rômulo Souza Orestes Caldeira,Hellas Verona,0.851558727,0,11,0.07741442972727273,-0.851558727,1.1
Rúben Diogo Da Silva Neves,Portugal,0.10864336299999999,0,4,0.027160840749999998,-0.10864336299999999,0.4
Rúben Micael Freitas da Ressurreição,Real Zaragoza,0.055587362,0,1,0.055587362,-0.055587362,0.1
Rúben Miguel Nunes Vezo,Valencia,0.18432078000000002,0,4,0.046080195000000004,-0.18432078000000002,0.4
Rúben Santos Gato Alves Dias,Portugal,0.24869814899999998,0,4,0.062174537249999995,-0.24869814899999998,0.4
Rúrik Gíslason,Iceland,0.031669427,0,1,0.031669427,-0.031669427,0.1
Rüdiger Schnuphase,German DR,0.017512755,0,1,0.017512755,-0.017512755,0.1
Răzvan Dincă Raț,Rayo Vallecano,0.225778711,0,8,0.028222338875,-0.225778711,0.8
Răzvan Gabriel Marin,Romania,0.8962896000000001,2,6,0.14938160000000003,1.1037103999999998,0.6
Saara Katariina Kosola,WNT Finland,0.470588443,1,9,0.05228760477777778,0.529411557,0.9
Saba Lobzhanidze,Georgia,0.23191668,0,1,0.23191668,-0.23191668,0.1
Sabin Merino Zuloaga,Athletic Club,3.414831913,5,29,0.1177528245862069,1.585168087,2.9
Sacha Boey,Bayern Munich,0.36088833,0,1,0.36088833,-0.36088833,0.1
Sada Thioub,Angers,0.36244076000000003,1,2,0.18122038000000001,0.63755924,0.2
Sadio Mané,Liverpool,0.8892143849999999,1,3,0.296404795,0.11078561500000006,0.3
Sadio Mané,Senegal,2.324894299,3,10,0.2324894299,0.6751057010000001,1.0
Sadio Mané,Southampton,12.190605181,11,86,0.14175122303488372,-1.1906051810000005,8.6
Saeid Ezatolahi Afagh,Iran,0.14600601700000002,0,4,0.036501504250000004,-0.14600601700000002,0.4
Sael Kumbedi Nseke,Lyon,0.018967036,0,1,0.018967036,-0.018967036,0.1
Sahal Abdul Samad,Kerala Blasters,3.643702425,6,24,0.151820934375,2.356297575,2.4
Sahil Panwar,Odisha,0.310074245,0,3,0.10335808166666667,-0.310074245,0.3
Sahil Tavora,Hyderabad,0.24572616,1,7,0.035103737142857146,0.75427384,0.7
Sahil Tavora,SC Delhi,0.055979017,0,1,0.055979017,-0.055979017,0.1
Saido Berahino,West Bromwich Albion,6.131489743,4,36,0.1703191595277778,-2.1314897430000004,3.6
Saki Kumagai,AS Roma W,4.573062103,5,28,0.16332364653571427,0.4269378970000002,2.8
Saki Kumagai,Japan Women's,0.57622368,0,3,0.19207456,-0.57622368,0.3
Sakina Karchaoui,France Women's,2.684698422,3,12,0.22372486849999998,0.31530157800000014,1.2
Sakina Ouzraoui Diki,Morocco Women's,0.062382694,0,1,0.062382694,-0.062382694,0.1
Saleh Khalid Al Shehri,Saudi Arabia,0.246716218,1,3,0.08223873933333332,0.753283782,0.3
Salem Mohammed Al Dawsari,Saudi Arabia,1.8056524,3,14,0.12897517142857143,1.1943476,1.4
Salif Alassane Diao,Liverpool,0.14310518,0,1,0.14310518,-0.14310518,0.1
Salif Sané,Hannover 96,1.842135482,2,36,0.051170430055555556,0.157864518,3.6
Salif Sané,Senegal,0.301116563,0,4,0.07527914075,-0.301116563,0.4
Salih Uçan,AS Roma,0.12318043,0,1,0.12318043,-0.12318043,0.1
Salih Özcan,Turkey,0.038857285,0,1,0.038857285,-0.038857285,0.1
Salis Abdul Samed,Ghana,0.0265783,0,1,0.0265783,-0.0265783,0.1
Salis Abdul Samed,Lens,0.13637827,0,1,0.13637827,-0.13637827,0.1
Salma Amani,Morocco Women's,0.187161152,0,2,0.093580576,-0.187161152,0.2
Salma Paralluelo Ayingono,Barcelona WFC,8.98020169,20,60,0.14967002816666666,11.01979831,6.0
Salma Paralluelo Ayingono,Spain Women's,2.8020102319999998,2,27,0.10377815674074073,-0.8020102319999998,2.7
Salman Mohammed Al Faraj,Saudi Arabia,0.9068419699999999,1,3,0.30228065666666665,0.09315803000000011,0.3
Salomon Armand Magloire Kalou,Chelsea,0.049786408,0,1,0.049786408,-0.049786408,0.1
Salomon Armand Magloire Kalou,Hertha Berlin,8.838968272999999,14,55,0.16070851405454545,5.161031727000001,5.5
Salomon Junior Sambia,Montpellier,0.059672588,0,2,0.029836294,-0.059672588,0.2
Salvador Ballesta Vialcho,Málaga,0.49255022299999995,0,5,0.09851004459999999,-0.49255022299999995,0.5
Salvador Sevilla López,Espanyol,1.446508606,1,8,0.18081357575,-0.4465086060000001,0.8
Salvador Sevilla López,Real Betis,0.35210737299999995,0,4,0.08802684324999999,-0.35210737299999995,0.4
Saman Ghoddos,Iran,0.573766266,0,3,0.191255422,-0.573766266,0.3
Samantha Coffey,Portland Thorns,0.639552145,0,16,0.0399720090625,-0.639552145,1.6
Samantha Hiatt,Seattle Reign,0.43300415000000003,0,4,0.10825103750000001,-0.43300415000000003,0.4
Samantha Jerabek,Duisburg WFC,1.416043287,0,11,0.1287312079090909,-1.416043287,1.1
Samantha Johnson,Utah Royals,0.32709272,0,2,0.16354636,-0.32709272,0.2
Samantha June Mewis,Manchester City WFC,7.396523954,7,56,0.13208078489285716,-0.39652395400000007,5.6
Samantha June Mewis,North Carolina Courage,3.094332478,3,26,0.11901278761538461,-0.09433247800000011,2.6
Samantha June Mewis,United States Women's,1.101690285,2,16,0.0688556428125,0.8983097149999999,1.6
Samantha Kerr,Bayern München W,0.054153576,0,1,0.054153576,-0.054153576,0.1
Samantha May Kerr,Australia Women's,7.447650296,7,31,0.24024678374193548,-0.44765029599999995,3.1
Samantha May Kerr,Chelsea FCW,23.8185502,26,124,0.19208508225806453,2.1814497999999993,12.4
Samantha May Kerr,Chicago Red Stars,5.879474903,7,46,0.12781467180434783,1.1205250969999998,4.6
Samantha Staab,Washington Spirit,1.218900911,1,12,0.10157507591666666,-0.21890091099999998,1.2
Samantha Steuerwald,SC Freiburg,2.214396725,1,22,0.10065439659090908,-1.2143967249999998,2.2
Samantha Tierney,Leicester City WFC,4.422128316,3,26,0.17008185830769232,-1.4221283160000002,2.6
Sambou Yatabaré,Werder Bremen,1.395915818,1,8,0.17448947725,-0.395915818,0.8
Samet Akaydin,Turkey,0.30770031,1,2,0.153850155,0.69229969,0.2
Sami Hyypiä,Liverpool,0.669584667,1,3,0.22319488899999998,0.33041533300000003,0.3
Sami Khedira,Germany,0.18391593299999998,0,3,0.061305310999999994,-0.18391593299999998,0.3
Sami Khedira,Juventus,3.0859658420000002,5,22,0.14027117463636365,1.9140341579999998,2.2
Sami Khedira,Real Madrid,1.6564904409999999,1,7,0.23664149157142855,-0.6564904409999999,0.7
Samir Caetano de Souza Santos,Hellas Verona,0.123102123,1,2,0.0615510615,0.876897877,0.2
Samir Nasri,Manchester City,2.228996992,2,14,0.15921407085714284,-0.2289969919999999,1.4
Samir Nasri,Sevilla,0.12091874,0,1,0.12091874,-0.12091874,0.1
Samuel Castillejo Azuaga,Villarreal,1.659475057,1,29,0.05722327782758621,-0.6594750570000001,2.9
Samuel Chimerenka Chukwueze,Nigeria,0.198596445,0,4,0.04964911125,-0.198596445,0.4
Samuel Chimerenka Chukwueze,Villarreal,1.670010848,2,15,0.11133405653333334,0.329989152,1.5
Samuel Eto''o Fils,Barcelona,50.257991278,66,304,0.16532233973026314,15.742008722000001,30.4
Samuel García Sánchez,Villarreal,0.996313529,2,10,0.0996313529,1.003686471,1.0
Samuel Moutoussamy,Congo DR,2.106154874,2,9,0.23401720822222222,-0.10615487400000001,0.9
Samuel Moutoussamy,Nantes,0.17848999100000001,0,2,0.08924499550000001,-0.17848999100000001,0.2
Samuel Souprayen,Hellas Verona,0.415661879,0,7,0.05938026842857143,-0.415661879,0.7
Samuel Sáiz Alonso,Getafe,0.094284266,0,1,0.094284266,-0.094284266,0.1
Samuel Yves Umtiti,Barcelona,1.808446493,2,17,0.10637920547058823,0.19155350700000007,1.7
Samuel Yves Umtiti,France,0.061282128,1,2,0.030641064,0.938717872,0.2
Samuel Yves Umtiti,Lyon,2.240138241,1,16,0.1400086400625,-1.240138241,1.6
Samuele Longo,Frosinone,1.03002851,0,11,0.09363895545454545,-1.03002851,1.1
Samuele Longo,Huesca,0.27634266,0,1,0.27634266,-0.27634266,0.1
Sandesh Jhingan,ATK Mohun Bagan,0.18200149599999998,0,2,0.09100074799999999,-0.18200149599999998,0.2
Sandie Toletti,France Women's,0.685794562,1,8,0.08572432025,0.314205438,0.8
Sandie Toletti,Real Madrid CF W,2.301969374,2,22,0.10463497154545455,-0.301969374,2.2
Sandra Castelló Oliver,CD Sporting de Huelva,1.2850840865,1,17,0.07559318155882352,-0.28508408649999994,1.7
Sandra Hernández Rodríguez,Costa Adeje Tenerife,0.6517752330000001,1,11,0.05925229390909092,0.34822476699999994,1.1
Sandra María Jessen,Iceland Women's,0.62467863,0,5,0.124935726,-0.62467863,0.5
Sandra Starke,Chicago Red Stars,0.193641754,0,3,0.06454725133333333,-0.193641754,0.3
Sandra Starke,RB Leipzig W,1.799898674,2,25,0.07199594696,0.20010132599999997,2.5
Sandra Villafañe,Madrid CFF,0.615583208,0,6,0.10259720133333333,-0.615583208,0.6
Sandro Cois,Fiorentina,0.081083552,0,2,0.040541776,-0.081083552,0.2
Sandro Mazzola,Inter Milan,0.035139605,0,1,0.035139605,-0.035139605,0.1
Sandro Mazzola,Italy,0.235451721,0,5,0.0470903442,-0.235451721,0.5
Sandro Ramírez Castillo,Barcelona,3.291936633,2,18,0.1828853685,-1.2919366330000002,1.8
Sandro Ramírez Castillo,Málaga,0.23266910000000002,1,2,0.11633455000000001,0.7673308999999999,0.2
Sandro Ramírez Castillo,Real Valladolid,0.286082167,0,2,0.1430410835,-0.286082167,0.2
Sandro Ranieri Guimarães Cordeiro,West Bromwich Albion,0.047715346,0,3,0.015905115333333334,-0.047715346,0.3
Sandro Wagner,Darmstadt 98,12.8659071487,14,87,0.14788399021494253,1.1340928513000001,8.7
Sandy Baltimore,France Women's,2.045343012,2,10,0.2045343012,-0.045343012000000016,1.0
Sandy Mändly,Switzerland Women's,0.01604299,0,1,0.01604299,-0.01604299,0.1
Sang-Ho Na,South Korea,0.03396947,0,1,0.03396947,-0.03396947,0.1
Sanjeev Stalin,Kerala Blasters,0.279994684,0,4,0.069998671,-0.279994684,0.4
Sanjin Prcić,Levante UD,0.12510853,0,4,0.0312771325,-0.12510853,0.4
Sanjin Prcić,Strasbourg,0.017306305,0,1,0.017306305,-0.017306305,0.1
Sanne Troelsgaard-Nielsen,AS Roma W,0.631227312,2,6,0.105204552,1.368772688,0.6
Sanne Troelsgaard-Nielsen,Denmark Women's,0.175239995,1,4,0.04380999875,0.824760005,0.4
Sanni Maija Franssi,Real Sociedad de Fútbol,5.113629638,7,42,0.12175308661904762,1.886370362,4.2
Sanni Maija Franssi,WNT Finland,0.207335621,0,3,0.06911187366666667,-0.207335621,0.3
Sanson Pereira,Goa,0.1850042,0,2,0.0925021,-0.1850042,0.2
Santiago Arias Naranjo,Atlético Madrid,0.115568794,0,1,0.115568794,-0.115568794,0.1
Santiago Arias Naranjo,Cincinnati,0.05210463,0,1,0.05210463,-0.05210463,0.1
Santiago Arias Naranjo,Colombia,0.041316842,0,2,0.020658421,-0.041316842,0.2
Santiago Cazorla González,Arsenal,2.107031388,0,24,0.0877929745,-2.107031388,2.4
Santiago Cazorla González,Málaga,0.017256204,0,1,0.017256204,-0.017256204,0.1
Santiago Cazorla González,Villarreal,0.9966310939999999,2,11,0.09060282672727273,1.003368906,1.1
Santiago Cáseres,Villarreal,0.034452178,0,1,0.034452178,-0.034452178,0.1
Santiago Ezquerro Marín,Barcelona,0.12813532,0,1,0.12813532,-0.12813532,0.1
Santiago García,Werder Bremen,1.116540598,0,14,0.07975289985714286,-1.116540598,1.4
Santiago Juan Gentiletti Selak,Lazio,0.956114963,0,10,0.0956114963,-0.956114963,1.0
Santiago Mina Lorenzo,Celta Vigo,0.666658934,2,4,0.1666647335,1.333341066,0.4
Santiago Mina Lorenzo,Valencia,3.4748091409999997,4,27,0.12869663485185184,0.5251908590000003,2.7
Santiago Tomás Giménez,Mexico,1.007085926,0,8,0.12588574075,-1.007085926,0.8
Santiago Vergini,Getafe,0.7936681480000001,0,8,0.09920851850000001,-0.7936681480000001,0.8
Santiago Wilmer Acasiete Ariadela,Almería,0.084054396,0,1,0.084054396,-0.084054396,0.1
Saori Takarada,Japan Women's,0.19955195,0,1,0.19955195,-0.19955195,0.1
Saori Takarada,Leicester City WFC,1.659505686,1,12,0.1382921405,-0.6595056859999999,1.2
Saphir Sliti Taïder,Bologna,1.558459279,0,33,0.04722603875757576,-1.558459279,3.3
Sara Agrež,Köln,0.233283784,0,2,0.116641892,-0.233283784,0.2
Sara Baldi,Como W,0.7259886095,0,12,0.06049905079166667,-0.7259886095,1.2
Sara Baldi,Sampdoria W,1.359552506,2,27,0.05035379651851852,0.640447494,2.7
Sara Björk Gunnarsdóttir,Iceland Women's,0.561055503,0,4,0.14026387575,-0.561055503,0.4
Sara Björk Gunnarsdóttir,Juventus W,1.658776548,1,15,0.1105851032,-0.6587765480000001,1.5
Sara Caiazzo,Pomigliano,1.068820178,0,12,0.08906834816666666,-1.068820178,1.2
Sara Caroline Seger,Sweden Women's,0.512741807,0,5,0.10254836140000001,-0.512741807,0.5
Sara Doorsoun-Khajeh,Eintracht Frankfurt W,1.2696794690000002,3,10,0.12696794690000002,1.7303205309999998,1.0
Sara Däbritz,Germany Women's,5.231059651,3,35,0.14945884717142857,-2.231059651,3.5
Sara Gama,Italy Women's,0.009285938,0,1,0.009285938,-0.009285938,0.1
Sara Gama,Juventus W,0.472532138,0,9,0.052503570888888886,-0.472532138,0.9
Sara Gedsted Thrige Andersen,Denmark Women's,0.101689585,0,1,0.101689585,-0.101689585,0.1
Sara Holmgaard,Denmark Women's,0.168083572,0,2,0.084041786,-0.168083572,0.2
Sara Holmgaard,Everton LFC,0.861239592,2,7,0.12303422742857142,1.138760408,0.7
Sara Iren Lindbak Hørte,Norway Women's,0.07800752,0,1,0.07800752,-0.07800752,0.1
Sara Kristine Bantan Eggesvik,Philippines Women's,0.04942886,0,1,0.04942886,-0.04942886,0.1
Sara Mella,Sassuolo W,0.087543586,0,4,0.0218858965,-0.087543586,0.4
Sara Ortega Ruiz,Athletic Club Bilbao,0.89075109,2,13,0.06851931461538462,1.10924891,1.3
Sara Pavlović,Costa Adeje Tenerife,0.10682411,0,2,0.053412055,-0.10682411,0.2
Sara Schettino,Pomigliano,0.0208959,0,1,0.0208959,-0.0208959,0.1
Sara Tamarit,Valencia CF,0.278409593,1,8,0.034801199125,0.721590407,0.8
Sarah Anne Stratigakis,Bristol City WFC,0.154619416,0,2,0.077309708,-0.154619416,0.2
Sarah Emma Mayling,Aston Villa W,0.856479996,1,3,0.285493332,0.14352000399999998,0.3
Sarah Emma Mayling,Birmingham City WFC,1.382705725,0,12,0.11522547708333335,-1.382705725,1.2
Sarah Freutel,Duisburg WFC,0.489591033,1,8,0.061198879125,0.510408967,0.8
Sarah Gorden,Angel City,0.33588229999999997,0,4,0.08397057499999999,-0.33588229999999997,0.4
Sarah Gregorius,New Zealand Women's,0.6196388429999999,0,3,0.20654628099999997,-0.6196388429999999,0.3
Sarah Griffith,Chicago Red Stars,0.839987265,0,7,0.11999818071428571,-0.839987265,0.7
Sarah Huchet,Sampdoria W,0.335687439,0,8,0.041960929875,-0.335687439,0.8
Sarah Killion,NJ/NY Gotham FC,0.55411892,0,3,0.18470630666666665,-0.55411892,0.3
Sarah Puntigam,Austria Women's,0.467517158,0,8,0.05843964475,-0.467517158,0.8
Sarah Puntigam,Houston Dash,0.287585464,0,4,0.071896366,-0.287585464,0.4
Sarah Zadrazil,Austria Women's,0.21345485,0,2,0.106727425,-0.21345485,0.2
Sarah Zadrazil,Bayern München W,0.679513847,0,10,0.06795138469999999,-0.679513847,1.0
Sarai Linder,Germany Women's,0.031094408999999996,0,2,0.015547204499999998,-0.031094408999999996,0.2
Sarai Linder,Hoffenheim W,1.177501978,0,16,0.073593873625,-1.177501978,1.6
Sardar Azmoun,Iran,1.141901904,0,10,0.1141901904,-1.141901904,1.0
Sargis Adamyan,FC Köln,0.5121971000000001,0,3,0.1707323666666667,-0.5121971000000001,0.3
Sari Kees,Belgium Women's,0.26958984,0,2,0.13479492,-0.26958984,0.2
Sarina Isabel Calpo Bolden,Philippines Women's,0.21093911,1,1,0.21093911,0.78906089,0.1
Sasa Kalajdzic,Austria,0.470127438,1,6,0.078354573,0.529872562,0.6
Sascha Mölders,Augsburg,0.108957542,0,2,0.054478771,-0.108957542,0.2
Sascha Riether,Schalke 04,0.29933625,0,1,0.29933625,-0.29933625,0.1
Saskia Matheis,SV Werder Bremen,0.3702586505,1,8,0.0462823313125,0.6297413494999999,0.8
Satara Murray,Bristol City WFC,0.122943808,0,2,0.061471904,-0.122943808,0.2
Satara Murray,Liverpool WFC,0.07646794,0,1,0.07646794,-0.07646794,0.1
Saud Abdullah Abdul Hamid,Saudi Arabia,0.017512755,0,1,0.017512755,-0.017512755,0.1
Savannah Marie DeMelo,Racing Louisville FC,6.660985361,5,53,0.12567896907547169,-1.6609853609999998,5.3
Savannah Marie DeMelo,United States Women's,0.6174966,0,3,0.2058322,-0.6174966,0.3
Savannah McCaskill,Angel City,3.854226652,4,41,0.09400552809756098,0.14577334800000008,4.1
Savannah McCaskill,NJ/NY Gotham FC,0.720594681,0,7,0.10294209728571428,-0.720594681,0.7
Saviour Gama,Goa,1.14265124,0,14,0.08161794571428571,-1.14265124,1.4
Savo Milošević,Osasuna,0.121239808,0,2,0.060619904,-0.121239808,0.2
Sayfallah Ltaief,Tunisia,0.14644633,0,1,0.14644633,-0.14644633,0.1
Saîf-Eddine Khaoui,Clermont Foot,0.03028195,0,1,0.03028195,-0.03028195,0.1
Saîf-Eddine Khaoui,Tunisia,0.247185878,0,2,0.123592939,-0.247185878,0.2
Saïdi Ntibazonkiza,Caen,0.252845045,0,3,0.08428168166666666,-0.252845045,0.3
Saïdi Ntibazonkiza,Stade Malherbe Caen,1.626413417,1,18,0.09035630094444444,-0.626413417,1.8
Saúl Basilio Coco-Bassey Oubiña,Equatorial Guinea,0.146210317,0,3,0.04873677233333334,-0.146210317,0.3
Saúl Berjón Pérez,Eibar,6.211164392,4,39,0.15926062543589742,-2.2111643919999997,3.9
Saúl Fernández García,RC Deportivo La Coruña,0.029957041,0,1,0.029957041,-0.029957041,0.1
Saúl Ñíguez Esclapez,Atlético Madrid,5.828256133,8,64,0.091066502078125,2.171743867,6.4
Saúl Ñíguez Esclapez,Rayo Vallecano,0.227658074,0,2,0.113829037,-0.227658074,0.2
Saša Lukić,Serbia,0.12731204499999998,0,2,0.06365602249999999,-0.12731204499999998,0.2
Scarlett Nefer Camberos Becerra,Angel City,4.375257477,1,27,0.1620465732222222,-3.375257477,2.7
Schiandra Yael González Jurado,Panama Women's,0.049399907,0,4,0.01234997675,-0.049399907,0.4
Scott Arfield,Charlotte,0.037890088,0,1,0.037890088,-0.037890088,0.1
Scott Dann,Crystal Palace,2.608629588,5,32,0.081519674625,2.391370412,3.2
Scott McKenna,Scotland,0.449700581,0,3,0.14990019366666665,-0.449700581,0.3
Scott McTominay,Scotland,0.856863386,1,7,0.12240905514285715,0.143136614,0.7
Scott Parker,Charlton Athletic,0.034612697,0,1,0.034612697,-0.034612697,0.1
Scott Parker,Chelsea,0.033965465,0,1,0.033965465,-0.033965465,0.1
Scott Sinclair,Aston Villa,3.100430942,2,17,0.18237829070588235,-1.100430942,1.7
Sead Kolašinac,Olympique de Marseille,0.530998,0,2,0.265499,-0.530998,0.2
Sead Kolašinac,Schalke 04,0.921564281,1,11,0.083778571,0.07843571900000001,1.1
Sean Davis,Fulham,0.019547274,0,1,0.019547274,-0.019547274,0.1
Sean Nealis,New York Red Bulls,0.04069959,0,1,0.04069959,-0.04069959,0.1
Sebastian Boenisch,Bayer Leverkusen,0.401708368,1,8,0.050213546,0.598291632,0.8
Sebastian De Maio,Genoa,1.456805396,1,14,0.10405752828571428,-0.45680539600000003,1.4
Sebastian Jung,Wolfsburg,0.63736695,0,4,0.1593417375,-0.63736695,0.4
Sebastian Langkamp,Hertha Berlin,0.7739341279999999,0,2,0.38696706399999997,-0.7739341279999999,0.2
Sebastian Larsson,Sunderland,0.610820547,0,6,0.1018034245,-0.610820547,0.6
Sebastian Larsson,Sweden,0.183044763,0,5,0.0366089526,-0.183044763,0.5
Sebastian Prödl,Watford,1.453111112,2,12,0.12109259266666667,0.546888888,1.2
Sebastian Rode,Bayern Munich,0.689828847,1,7,0.09854697814285715,0.310171153,0.7
Sebastian Rudy,Germany,0.02782234,0,1,0.02782234,-0.02782234,0.1
Sebastian Rudy,Hoffenheim,0.862890455,2,14,0.0616350325,1.137109545,1.4
Sebastian Szymański,Poland,0.051509187,0,1,0.051509187,-0.051509187,0.1
Sebastián Bruno Fernández Miglierina,Málaga,0.07409562,0,1,0.07409562,-0.07409562,0.1
Sebastián Carlos Cristóforo Pepe,Sevilla,0.15260187,0,3,0.05086729,-0.15260187,0.3
Sebastián Coates Nión,Sunderland,0.693449451,0,7,0.09906420728571429,-0.693449451,0.7
Sebastián Coates Nión,Uruguay,0.2612914,0,1,0.2612914,-0.2612914,0.1
Sebastián Dubarbier,Almería,0.009058178,0,1,0.009058178,-0.009058178,0.1
Sebastián Enzo Cáceres Ramos,Uruguay,0.19207332,0,2,0.09603666,-0.19207332,0.2
Sebastián Pascual Rambert,River Plate,0.08138391,0,1,0.08138391,-0.08138391,0.1
Sebastián Ricardo Nayar,Recreativo Huelva,0.27767857700000004,0,2,0.13883928850000002,-0.27767857700000004,0.2
Sebastián Taborda Ramos,RC Deportivo La Coruña,0.025749927,0,1,0.025749927,-0.025749927,0.1
Sebastião Miranda da Silva Filho,Brazil,0.08981222,0,1,0.08981222,-0.08981222,0.1
Seityasen Singh,Hyderabad,0.0112630995,0,1,0.0112630995,-0.0112630995,0.1
Seityasen Singh,Kerala Blasters,0.038981464,0,1,0.038981464,-0.038981464,0.1
Seityasen Singh,SC Delhi,0.163530804,0,3,0.054510268,-0.163530804,0.3
Seko Fofana,Bastia,2.1270983755,1,33,0.06445752653030304,-1.1270983755000001,3.3
Seko Fofana,Côte d'Ivoire,1.280127986,1,17,0.07530164623529412,-0.2801279860000001,1.7
Seko Fofana,Lens,0.195297579,1,6,0.0325495965,0.804702421,0.6
Sekou Koita,Mali,0.400747339,0,6,0.06679122316666666,-0.400747339,0.6
Sekou Oumar Sylla,Guinea,0.661468835,0,4,0.16536720875,-0.661468835,0.4
Sel-Gi Jang,Korea Republic Women's,0.188114353,0,4,0.04702858825,-0.188114353,0.4
Selim Amallah,Morocco,0.24034685500000003,0,3,0.08011561833333335,-0.24034685500000003,0.3
Selina Cerci,Germany Women's,0.455559006,0,3,0.151853002,-0.455559006,0.3
Selina Cerci,Köln,2.041805321,3,11,0.18561866554545456,0.958194679,1.1
Selina Ostermeier,TSV Bayer 04 Leverkusen,0.128789361,0,4,0.03219734025,-0.128789361,0.4
Selina Vobian,SC Freiburg,1.081827612,0,14,0.07727340085714286,-1.081827612,1.4
Selma Bacha,France Women's,2.3715409265,0,28,0.08469789023214284,-2.3715409265,2.8
Selma Sól Magnúsdóttir,Nürnberg W,1.086067222,2,17,0.06388630717647059,0.913932778,1.7
Semih Kılıçsoy,Turkey,0.19769642,0,1,0.19769642,-0.19769642,0.1
Seminlen Doungel,Jamshedpur,2.467225662,2,24,0.10280106925,-0.46722566200000015,2.4
Senad Lulić,Lazio,1.3446078049999999,3,19,0.07076883184210525,1.6553921950000001,1.9
Sendoa Aguirre Basterretxea,Hércules,0.190245644,0,2,0.095122822,-0.190245644,0.2
Seon-Min Moon,South Korea,0.264549876,0,2,0.132274938,-0.264549876,0.2
Sepe Elye Wahi,Montpellier,0.05553508,0,1,0.05553508,-0.05553508,0.1
Seraina Piubel,Switzerland Women's,0.8456865900000001,1,5,0.16913731800000004,0.15431340999999987,0.5
Serdar Taşçı,Bayern Munich,0.036038462,0,1,0.036038462,-0.036038462,0.1
Sereso Geoffroy Gonzaroua Dié,VfB Stuttgart,0.5097808275,1,15,0.0339853885,0.4902191725,1.5
Serge Aurier,Côte d'Ivoire,0.7743066369999999,1,2,0.38715331849999995,0.2256933630000001,0.2
Serge Aurier,Paris Saint-Germain,2.309246961,2,23,0.1004020417826087,-0.30924696099999993,2.3
Serge Gakpé,Atalanta,0.112167428,0,3,0.037389142666666667,-0.112167428,0.3
Serge Gakpé,Genoa,2.57778351,3,20,0.1288891755,0.42221648999999983,2.0
Serge Gnabry,Bayern Munich,0.633947716,0,4,0.158486929,-0.633947716,0.4
Serge Gnabry,Germany,1.565844414,1,16,0.097865275875,-0.5658444140000001,1.6
Serge Gnabry,West Bromwich Albion,0.090448633,0,2,0.0452243165,-0.090448633,0.2
Sergei Ignashevich,Russia,2.0445152799999997,2,5,0.40890305599999993,-0.04451527999999971,0.5
Sergej Milinković-Savić,Lazio,2.5209984605,1,36,0.07002773501388888,-1.5209984605,3.6
Sergej Milinković-Savić,Serbia,0.76411551,1,11,0.06946504636363636,0.23588449,1.1
Sergi Darder Moll,Espanyol,0.236588915,0,6,0.039431485833333335,-0.236588915,0.6
Sergi Darder Moll,Lyon,2.546977699,2,31,0.08216057093548387,-0.5469776990000002,3.1
Sergi Darder Moll,Málaga,0.233082974,0,7,0.033297567714285714,-0.233082974,0.7
Sergi Gómez Solà,Celta Vigo,0.13574852799999998,0,2,0.06787426399999999,-0.13574852799999998,0.2
Sergi Gómez Solà,Sevilla,0.04268248,0,1,0.04268248,-0.04268248,0.1
Sergi Roberto Carnicer,Barcelona,5.473310934,3,63,0.08687795133333333,-2.4733109339999997,6.3
Sergino Dest,Barcelona,1.959614863,2,14,0.13997249021428573,0.040385136999999904,1.4
Sergino Dest,United States,0.462945754,0,6,0.07715762566666666,-0.462945754,0.6
Sergio Brio,Juventus,0.047187597,0,1,0.047187597,-0.047187597,0.1
Sergio Busquets i Burgos,Barcelona,6.164163486,8,79,0.07802738589873418,1.8358365140000004,7.9
Sergio Busquets i Burgos,Inter Miami,0.051595893,0,1,0.051595893,-0.051595893,0.1
Sergio Busquets i Burgos,Spain,2.399315514,0,12,0.1999429595,-2.399315514,1.2
Sergio Canales Madrazo,Real Betis,1.519339109,2,6,0.25322318483333334,0.4806608910000001,0.6
Sergio Canales Madrazo,Real Sociedad,1.7530282915,0,33,0.05312206943939394,-1.7530282915,3.3
Sergio Canales Madrazo,Valencia,0.04088691,0,1,0.04088691,-0.04088691,0.1
Sergio Daniel Batista,Argentina,0.057686677000000006,0,2,0.028843338500000003,-0.057686677000000006,0.2
Sergio Enrich Ametller,Eibar,9.570313203,10,59,0.16220869835593218,0.42968679700000045,5.9
Sergio Escudero Palomo,Getafe,0.03454244,0,1,0.03454244,-0.03454244,0.1
Sergio Escudero Palomo,Sevilla,1.304723418,1,17,0.07674843635294118,-0.304723418,1.7
Sergio Ezequiel Araújo,Las Palmas,6.9632595395,5,61,0.1141517957295082,-1.9632595395,6.1
Sergio Fernando Peña Flores,Peru,0.010058625,0,1,0.010058625,-0.010058625,0.1
Sergio Floccari,Bologna,2.198211435,2,26,0.08454659365384616,-0.19821143500000016,2.6
Sergio Floccari,Sassuolo,2.467335559,4,20,0.12336677794999999,1.532664441,2.0
Sergio García De La Fuente,Espanyol,1.073391268,1,11,0.09758102436363636,-0.07339126799999995,1.1
Sergio García De La Fuente,Real Betis,0.15139866,0,1,0.15139866,-0.15139866,0.1
Sergio García De La Fuente,Real Zaragoza,0.406919384,0,6,0.06781989733333334,-0.406919384,0.6
Sergio Gontán Gallardo,Eibar,3.097760437,3,36,0.08604890102777778,-0.09776043699999981,3.6
Sergio Gontán Gallardo,Málaga,0.23660472500000002,0,2,0.11830236250000001,-0.23660472500000002,0.2
Sergio Gontán Gallardo,Real Valladolid,0.19774121,0,1,0.19774121,-0.19774121,0.1
Sergio González Soriano,RC Deportivo La Coruña,0.12536245499999998,0,4,0.031340613749999996,-0.12536245499999998,0.4
Sergio Guardiola Navarro,Real Valladolid,0.521360748,0,8,0.0651700935,-0.521360748,0.8
Sergio Henrique Santos Gomes,Cincinnati,0.415845345,0,2,0.2079226725,-0.415845345,0.2
Sergio Leonel Agüero del Castillo,Argentina,0.869116613,2,6,0.14485276883333334,1.130883387,0.6
Sergio Leonel Agüero del Castillo,Atlético Madrid,3.437203116,5,22,0.15623650527272728,1.562796884,2.2
Sergio Leonel Agüero del Castillo,Manchester City,18.13634305,24,118,0.15369782245762711,5.863656949999999,11.8
Sergio León Limones,Levante UD,0.305421027,1,2,0.1527105135,0.694578973,0.2
Sergio León Limones,Osasuna,0.152807638,0,3,0.05093587933333333,-0.152807638,0.3
Sergio León Limones,Real Betis,0.35618751,0,2,0.178093755,-0.35618751,0.2
Sergio Mendigutxia Iglesias,Sporting Gijón,0.034571055,0,1,0.034571055,-0.034571055,0.1
Sergio Pelegrín López,Elche,0.03592964,0,1,0.03592964,-0.03592964,0.1
Sergio Pellissier,Chievo,4.099350914,5,22,0.18633413245454547,0.9006490859999996,2.2
Sergio Ramos García,Paris Saint-Germain,3.35500761,3,26,0.12903875423076921,-0.3550076099999999,2.6
Sergio Ramos García,Real Madrid,6.356164836,10,42,0.151337258,3.6438351640000004,4.2
Sergio Ramos García,Spain,1.106771495,1,5,0.221354299,-0.10677149500000005,0.5
Sergio Reguilón Rodríguez,Real Madrid,0.010932949,0,1,0.010932949,-0.010932949,0.1
Sergio Reguilón Rodríguez,Sevilla,0.300360552,0,2,0.150180276,-0.300360552,0.2
Sergio Rodríguez García,Rayo Vallecano,0.17465241,0,1,0.17465241,-0.17465241,0.1
Sergio Sánchez Ortega,Málaga,0.038145054,0,1,0.038145054,-0.038145054,0.1
Sergio Álvarez Díaz,Eibar,0.17341937,0,1,0.17341937,-0.17341937,0.1
Sergio Álvarez Díaz,Sporting Gijón,0.596371299,2,6,0.0993952165,1.4036287010000001,0.6
Sergio Ángel Berti Pizzani,River Plate,0.136339091,1,2,0.0681695455,0.863660909,0.2
Serhii Sydorchuk,Ukraine,0.13342811599999999,0,2,0.06671405799999999,-0.13342811599999999,0.2
Serhou Guirassy,Guinea,0.388540562,0,4,0.0971351405,-0.388540562,0.4
Serhou Guirassy,Lille,0.42469405099999996,0,5,0.08493881019999999,-0.42469405099999996,0.5
Serhou Guirassy,VfB Stuttgart,1.59315592,0,9,0.17701732444444446,-1.59315592,0.9
Serigne Mourtada Fall,Mumbai City,1.390637598,3,15,0.09270917320000001,1.609362402,1.5
Seriton Fernandes,Goa,0.467905347,0,6,0.0779842245,-0.467905347,0.6
Seth Johnson,Leeds United,0.06150495,0,1,0.06150495,-0.06150495,0.1
Seung-Ho Paik,Girona,0.030052181,0,1,0.030052181,-0.030052181,0.1
Seung-Ho Paik,South Korea,0.018677222,1,1,0.018677222,0.981322778,0.1
Seung-Woo Lee,South Korea,0.026623107,0,1,0.026623107,-0.026623107,0.1
Seydou Doumbia,Newcastle United,0.1398479,0,1,0.1398479,-0.1398479,0.1
Seydou Kéita,AS Roma,0.969003465,1,13,0.07453872807692308,0.03099653499999999,1.3
Seydou Kéita,Barcelona,9.7830752755,12,82,0.11930579604268293,2.2169247245,8.2
Seydou Kéita,Sevilla,0.09602274999999999,0,2,0.048011374999999995,-0.09602274999999999,0.2
Shae Holmes,Seattle Reign,0.021249693,0,1,0.021249693,-0.021249693,0.1
Shamar Nicholson,Jamaica,0.456743145,0,6,0.0761238575,-0.456743145,0.6
Shane Long,Southampton,7.608217297,10,63,0.12076535392063492,2.3917827029999996,6.3
Shania Hayles,Aston Villa,2.6976718429999997,2,19,0.14198272857894736,-0.6976718429999997,1.9
Shania Hayles,Bristol City WFC,0.976120364,0,5,0.1952240728,-0.976120364,0.5
Shanice van de Sanden,Liverpool WFC,1.5811521259999999,1,10,0.1581152126,-0.5811521259999999,1.0
Shanice van de Sanden,Netherlands Women's,0.440241817,0,8,0.055030227125,-0.440241817,0.8
Shannon Albuery,Yeovil Town LFC,0.99682591,0,4,0.2492064775,-0.99682591,0.4
Shannon Cooke,West Ham United LFC,0.584094162,1,8,0.07301177025,0.415905838,0.8
Shannon O’Brien,Leicester City WFC,1.963563707,1,13,0.1510433620769231,-0.963563707,1.3
Shanshan Liu,China PR Women's,0.015736371,0,1,0.015736371,-0.015736371,0.1
Shanshan Wang,China PR Women's,0.743744862,0,7,0.106249266,-0.743744862,0.7
Shaquell Moore,Levante UD,0.32554498,0,1,0.32554498,-0.32554498,0.1
Sharon Beck,Köln,3.886405322,3,31,0.12536791361290323,-0.8864053219999999,3.1
Shaun Wright-Phillips,Manchester City,0.009942927,0,1,0.009942927,-0.009942927,0.1
Shea Groom,NJ/NY Gotham FC,1.133781888,2,10,0.11337818879999999,0.8662181120000001,1.0
Sheika Daleicha Scott Richardson,Costa Rica Women's,0.17144404600000002,0,3,0.05714801533333334,-0.17144404600000002,0.3
Sheila García Gómez,Atletico Madrid W,0.184018878,0,3,0.061339626,-0.184018878,0.3
Sheila García Gómez,Spain Women's,0.218398225,0,2,0.1091991125,-0.218398225,0.2
Sheila Guijarro Gómez,Atletico Madrid W,9.377006933,13,62,0.15124204730645163,3.6229930669999995,6.2
Shekiera Martinez,Eintracht Frankfurt W,3.5675485080000002,1,21,0.1698832622857143,-2.5675485080000002,2.1
Shelina Laura Zadorsky,Canada Women's,0.13541001,0,1,0.13541001,-0.13541001,0.1
Shelina Laura Zadorsky,Orlando Pride,0.03871107,0,1,0.03871107,-0.03871107,0.1
Shelina Laura Zadorsky,Tottenham Hotspur Women,0.491399754,0,4,0.1228499385,-0.491399754,0.4
Shelina Laura Zadorsky,West Ham United LFC,0.09072575,0,1,0.09072575,-0.09072575,0.1
Sherida Spitse,Netherlands Women's,0.726287229,0,21,0.03458510614285714,-0.726287229,2.1
Sherly Jeudy,Haiti Women's,0.06465907,0,1,0.06465907,-0.06465907,0.1
Shinji Kagawa,Borussia Dortmund,5.521732394,9,31,0.1781203998064516,3.478267606,3.1
Shinji Kagawa,Japan,0.869642346,1,3,0.289880782,0.130357654,0.3
Shinji Okazaki,Huesca,0.036993094,0,1,0.036993094,-0.036993094,0.1
Shinji Okazaki,Japan,0.2655859,0,1,0.2655859,-0.2655859,0.1
Shinji Okazaki,Leicester City,7.965663634,5,44,0.18103780986363638,-2.965663634,4.4
Shiori Miyake,Japan Women's,0.047617044,0,1,0.047617044,-0.047617044,0.1
Shkodran Mustafi,Valencia,1.967570905,2,24,0.08198212104166668,0.03242909499999991,2.4
Shogo Taniguchi,Japan,0.13085928,0,2,0.06542964,-0.13085928,0.2
Shuang Wang,China PR Women's,1.8703142529999999,2,11,0.17002856845454545,0.12968574700000013,1.1
Shuang Wang,Racing Louisville FC,2.934470919,2,28,0.10480253282142857,-0.9344709189999998,2.8
Shuang Wang,Tottenham Hotspur Women,0.7199854990000001,0,8,0.08999818737500001,-0.7199854990000001,0.8
Sibiri Alain Traoré,Lorient,0.03232746,0,1,0.03232746,-0.03232746,0.1
Sibulele Cecilia Holweni,South Africa Women's,0.094771974,0,1,0.094771974,-0.094771974,0.1
Sidi Bouna Sidi Amar,Mauritania,0.488891003,1,7,0.06984157185714286,0.511108997,0.7
Sidnei Rechel da Silva Júnior,RC Deportivo La Coruña,0.593888184,0,6,0.098981364,-0.593888184,0.6
Sidnei Rechel da Silva Júnior,Real Betis,0.033548202,0,1,0.033548202,-0.033548202,0.1
Sidney Sam,Schalke 04,0.24738105400000002,0,3,0.08246035133333333,-0.24738105400000002,0.3
Siem Stefan de Jong,Newcastle United,0.973054063,0,8,0.121631757875,-0.973054063,0.8
Sierra Enge,San Diego Wave,0.6865145100000001,2,3,0.22883817000000004,1.31348549,0.3
Signe Gaupset,Norway Women's,0.794141519,2,8,0.099267689875,1.205858481,0.8
Signe Kallesøe Bruun,Denmark Women's,1.005537059,1,14,0.07182407564285713,-0.0055370589999999,1.4
Signe Kallesøe Bruun,Real Madrid CF W,10.909683543,12,55,0.1983578826,1.0903164570000001,5.5
Silas Katompa Mvumpa,Congo DR,1.95476053,2,5,0.39095210599999997,0.04523947000000006,0.5
Silas Katompa Mvumpa,VfB Stuttgart,0.03206485,0,1,0.03206485,-0.03206485,0.1
Silawan Intamee,Thailand W,0.35262488000000003,0,3,0.11754162666666668,-0.35262488000000003,0.3
Silvan Widmer,Switzerland,0.44989671000000003,0,4,0.11247417750000001,-0.44989671000000003,0.4
Silvan Widmer,Udinese,2.254893458,0,23,0.09803884600000001,-2.254893458,2.3
Silvia Lloris,Levante UD Femenino,1.9782074060000001,0,21,0.09420035266666667,-1.9782074060000001,2.1
Silvia Meseguer Bellido,Spain Women's,0.107922766,0,2,0.053961383,-0.107922766,0.2
Silvia Rubio Álvarez,AC Milan W,0.521198844,1,13,0.040092218769230775,0.47880115599999995,1.3
Simon Adingra,Côte d'Ivoire,0.6017095029999999,1,6,0.10028491716666665,0.3982904970000001,0.6
Simon Bokote Banza,Congo DR,0.66590089,0,5,0.13318017799999998,-0.66590089,0.5
Simon Charlton,Bolton Wanderers,0.008299162,0,1,0.008299162,-0.008299162,0.1
Simon Davies,Tottenham Hotspur,0.024813589,0,1,0.024813589,-0.024813589,0.1
Simon Francis,AFC Bournemouth,0.303489772,0,6,0.05058162866666666,-0.303489772,0.6
Simon Happygod Msuva,Tanzania,0.289620254,1,4,0.0724050635,0.710379746,0.4
Simon Thorup Kjær,Denmark,1.23956921,1,3,0.41318973666666664,-0.23956920999999998,0.3
Simon Thorup Kjær,Sevilla,0.189290137,0,2,0.0946450685,-0.189290137,0.2
Simon Zoller,FC Köln,2.855335998,6,28,0.10197628564285714,3.144664002,2.8
Simone Boye-Sørensen,Denmark Women's,0.18252932,0,2,0.09126466,-0.18252932,0.2
Simone Charley,Angel City,0.046381727,0,1,0.046381727,-0.046381727,0.1
Simone Magill,Aston Villa W,0.696630666,0,5,0.1393261332,-0.696630666,0.5
Simone Magill,Everton LFC,7.219165337,8,41,0.1760772033414634,0.7808346630000003,4.1
Simone Magill,Northern Ireland W,0.0398382,0,1,0.0398382,-0.0398382,0.1
Simone Missiroli,Sassuolo,1.564299136,2,13,0.12033070276923077,0.43570086399999997,1.3
Simone Padoin,Juventus,0.413218494,1,4,0.1033046235,0.586781506,0.4
Simone Pepe,Chievo,0.926259878,3,20,0.0463129939,2.0737401220000002,2.0
Simone Romagnoli,Carpi,0.733668782,0,11,0.06669716199999999,-0.733668782,1.1
Simone Verdi,Carpi,2.349376074,3,14,0.1678125767142857,0.6506239260000002,1.4
Simone Verdi,Eibar,0.323016637,0,6,0.05383610616666667,-0.323016637,0.6
Simone Zaza,Juventus,2.626108117,5,31,0.08471316506451612,2.373891883,3.1
Simone Zaza,Valencia,0.501840611,0,5,0.10036812219999999,-0.501840611,0.5
Simão Mate,Levante UD,0.7569655590000001,1,13,0.05822811992307693,0.24303444099999993,1.3
Simão Pedro Fonseca Sabrosa,Atlético Madrid,0.699021417,1,6,0.1165035695,0.300978583,0.6
Simão Pedro Fonseca Sabrosa,Espanyol,0.11034780000000001,0,2,0.055173900000000005,-0.11034780000000001,0.2
Sinead Farrelly,NJ/NY Gotham FC,0.6845463669999999,0,6,0.11409106116666666,-0.6845463669999999,0.6
Sinead Farrelly,Republic of Ireland Women's,0.377173063,0,3,0.12572435433333332,-0.377173063,0.3
Siniša Anđelković,Palermo,0.55964467,0,3,0.18654822333333332,-0.55964467,0.3
Siri Worm,Everton LFC,0.064137034,0,1,0.064137034,-0.064137034,0.1
Siri Worm,Tottenham Hotspur Women,0.56873417,3,10,0.056873417,2.43126583,1.0
Siriki Dembele,Auxerre,0.028741227,0,1,0.028741227,-0.028741227,0.1
Sisinio González Martínez,Osasuna,0.03802719,0,2,0.019013595,-0.03802719,0.2
Sisinio González Martínez,Real Valladolid,0.021187581,0,1,0.021187581,-0.021187581,0.1
Sisinio González Martínez,Recreativo Huelva,0.3372501,0,2,0.16862505,-0.3372501,0.2
Sivasakthi Narayanan,Bengaluru,0.174401634,0,4,0.0436004085,-0.174401634,0.4
Siyanda Xulu,South Africa,0.8300048899999999,1,2,0.41500244499999994,0.16999511000000012,0.2
Sjaak Swart,Ajax,0.232974503,0,7,0.03328207185714286,-0.232974503,0.7
Sjoeke Nüsken,Chelsea FCW,7.634792217,7,37,0.2063457355945946,-0.6347922170000002,3.7
Sjoeke Nüsken,Germany Women's,3.68422992,3,14,0.26315928,-0.6842299199999999,1.4
Slavko Damjanović,Chennaiyin,0.7480913419999999,0,4,0.18702283549999998,-0.7480913419999999,0.4
Slimane Sissoko,Angers,1.129833331,0,14,0.08070238078571428,-1.129833331,1.4
Sloan Privat,Guingamp,6.612094408,7,35,0.18891698308571428,0.3879055920000001,3.5
Slobodan Medojević,Eintracht Frankfurt,0.22758923999999997,1,2,0.11379461999999999,0.7724107600000001,0.2
Slobodan Rajković,Darmstadt 98,0.876204251,1,5,0.1752408502,0.12379574900000001,0.5
Smilla Holmberg,Sweden Women's,0.8817840539999999,1,3,0.29392801799999996,0.11821594600000007,0.3
Smilla Vallotto,Switzerland Women's,0.13226185299999998,0,2,0.06613092649999999,-0.13226185299999998,0.2
So-Hyun Cho,Korea Republic Women's,0.735631253,1,9,0.08173680588888889,0.264368747,0.9
So-Hyun Cho,Tottenham Hotspur Women,0.16596878,0,1,0.16596878,-0.16596878,0.1
So-Hyun Cho,West Ham United LFC,0.724196806,0,11,0.06583607327272728,-0.724196806,1.1
So-Yun Ji,Chelsea FCW,8.820818938,15,113,0.0780603445840708,6.179181062,11.3
So-Yun Ji,Korea Republic Women's,0.502700371,0,9,0.05585559677777777,-0.502700371,0.9
Sofia Bertucci,Napoli W,0.076193606,0,3,0.025397868666666667,-0.076193606,0.3
Sofia Bouftini,Morocco Women's,0.042565577,0,1,0.042565577,-0.042565577,0.1
Sofia Cantore,Italy Women's,0.678025046,0,11,0.061638640545454544,-0.678025046,1.1
Sofia Cantore,Juventus W,3.191852856,4,27,0.11821677244444445,0.8081471439999999,2.7
Sofia Huerta,Chicago Red Stars,0.015540161,0,1,0.015540161,-0.015540161,0.1
Sofia Huerta,Houston Dash,0.9986204750000001,0,10,0.09986204750000001,-0.9986204750000001,1.0
Sofia Huerta,Seattle Reign,1.478109825,1,13,0.11370075576923076,-0.478109825,1.3
Sofia Lovisa Gustafsson,CD Sporting de Huelva,0.5655746,0,6,0.09426243333333334,-0.5655746,0.6
Sofia Nicole Dador Harrison,Philippines Women's,0.09336677,0,1,0.09336677,-0.09336677,0.1
Sofian Chakla,Getafe,0.08356841,0,1,0.08356841,-0.08356841,0.1
Sofiane Boufal,Celta Vigo,0.142242496,0,2,0.071121248,-0.142242496,0.2
Sofiane Boufal,Lille,6.485311042,11,53,0.12236435928301888,4.514688958,5.3
Sofiane Boufal,Morocco,0.831131152,0,11,0.07555737745454545,-0.831131152,1.1
Sofiane Diop,AS Monaco,0.239791782,0,3,0.07993059400000001,-0.239791782,0.3
Sofiane Feghouli,Algeria,0.04824383,0,1,0.04824383,-0.04824383,0.1
Sofiane Feghouli,Valencia,3.580840636,1,33,0.1085103223030303,-2.580840636,3.3
Sofie Bruun Bredgaard,Denmark Women's,0.180423372,0,3,0.060141124,-0.180423372,0.3
Sofie Junge Pedersen,Denmark Women's,0.11289517,0,1,0.11289517,-0.11289517,0.1
Sofie Junge Pedersen,FC Internazionale Milano W,1.116863314,2,9,0.12409592377777777,0.8831366860000001,0.9
Sofie Lundgaard,Liverpool WFC,0.21228412000000002,0,2,0.10614206000000001,-0.21228412000000002,0.2
Sofie Svava,Real Madrid CF W,0.302490997,0,5,0.060498199399999994,-0.302490997,0.5
Sofie Zdebel,TSV Bayer 04 Leverkusen,0.452326369,0,12,0.037693864083333334,-0.452326369,1.2
Sofyan Amrabat,Morocco,0.020113675,0,1,0.020113675,-0.020113675,0.1
Sokratis Papastathopoulos,Borussia Dortmund,1.150575656,1,9,0.12784173955555556,-0.150575656,0.9
Solai Washington,Jamaica Women's,0.18007837,0,1,0.18007837,-0.18007837,0.1
Songpu Singsit,East Bengal,0.071099596,0,3,0.023699865333333334,-0.071099596,0.3
Sonia García Majarín,Atletico Madrid W,0.100449366,0,4,0.0251123415,-0.100449366,0.4
Sonny Kittel,Eintracht Frankfurt,0.5672038899999999,0,7,0.08102912714285714,-0.5672038899999999,0.7
Sophia Kleinherne,Eintracht Frankfurt W,0.021715447,0,1,0.021715447,-0.021715447,0.1
Sophia Kleinherne,Germany Women's,0.542445185,1,2,0.2712225925,0.45755481499999995,0.2
Sophia Olivia Wilson,Portland Thorns,8.803958801,11,76,0.11584156317105264,2.1960411989999997,7.6
Sophia Olivia Wilson,United States Women's,1.873484602,2,14,0.1338203287142857,0.126515398,1.4
Sophie Charlotte Nachtigall,Eintracht Frankfurt W,0.039389666,0,1,0.039389666,-0.039389666,0.1
Sophie Elizabeth Bradley-Auckland,Liverpool WFC,0.86202459,0,11,0.07836587181818182,-0.86202459,1.1
Sophie Haywood,Aston Villa,0.275212236,0,2,0.137606118,-0.275212236,0.2
Sophie Hirst,Houston Dash,0.791544413,1,5,0.1583088826,0.208455587,0.5
Sophie Howard,Leicester City WFC,1.015607383,1,12,0.08463394858333334,-0.015607383000000086,1.2
Sophie Howard,Reading WFC,0.298156525,0,5,0.059631305,-0.298156525,0.5
Sophie Louise Ingle,Chelsea FCW,6.071328723,4,50,0.12142657445999999,-2.0713287229999997,5.0
Sophie Perry-Campbell,Brighton & Hove Albion WFC,0.033802025,0,1,0.033802025,-0.033802025,0.1
Sophie Roman Haug,Liverpool WFC,7.174971085,7,52,0.13798021317307693,-0.17497108500000014,5.2
Sophie Roman Haug,Norway Women's,2.205319811,3,13,0.16963998546153844,0.7946801890000001,1.3
Sophie Schmidt,Canada Women's,0.503248414,0,8,0.06290605175,-0.503248414,0.8
Sophie Schmidt,Houston Dash,1.511542869,0,20,0.07557714345,-1.511542869,2.0
Sophie Wais Braun,Argentina Women's,0.096618274,1,2,0.048309137,0.903381726,0.2
Sophie Weidauer,SV Werder Bremen,8.126330437,8,50,0.16252660874,-0.12633043700000002,5.0
Soraisham Sandeep Singh,Kerala Blasters,0.167547473,0,5,0.0335094946,-0.167547473,0.5
Soualiho Meïté,Lille,0.2310114,0,1,0.2310114,-0.2310114,0.1
Souleymane Anne,Mauritania,0.6081453004,0,4,0.1520363251,-0.6081453004,0.4
Souleymane Camara,Montpellier,5.374668042,7,47,0.11435463919148936,1.6253319580000003,4.7
Sourav Das,East Bengal,0.181626589,0,10,0.0181626589,-0.181626589,1.0
Souvik Chakrabarti,Hyderabad,0.865896453,0,18,0.0481053585,-0.865896453,1.8
Sphephelo S''Miso Sithole,South Africa,0.499369536,0,5,0.0998739072,-0.499369536,0.5
Stan Lazaridis,Birmingham City,0.40119177,0,2,0.200595885,-0.40119177,0.2
Stanislav Lobotka,Slovakia,0.017471889,0,1,0.017471889,-0.017471889,0.1
Steed Malbranque,Fulham,0.846060807,0,8,0.105757600875,-0.846060807,0.8
Steed Malbranque,Lyon,0.30907420599999996,0,5,0.06181484119999999,-0.30907420599999996,0.5
Steeve Yago,Toulouse,0.095696785,0,1,0.095696785,-0.095696785,0.1
Stefan Aigner,Eintracht Frankfurt,3.818693941,3,44,0.0867884986590909,-0.8186939409999998,4.4
Stefan Bell,FSV Mainz 05,2.471044579,1,24,0.10296019079166667,-1.471044579,2.4
Stefan Kießling,Bayer Leverkusen,7.519294018,5,40,0.18798235045,-2.519294018,4.0
Stefan Lainer,Austria,0.381084814,1,3,0.12702827133333333,0.618915186,0.3
Stefan Lex,Ingolstadt,2.109406534,2,21,0.1004479301904762,-0.10940653400000011,2.1
Stefan Posch,Austria,0.40622995399999995,0,7,0.05803285057142856,-0.40622995399999995,0.7
Stefan Reinartz,Eintracht Frankfurt,0.420265176,1,8,0.052533147,0.579734824,0.8
Stefan Ristovski,North Macedonia,0.040316222,0,2,0.020158111,-0.040316222,0.2
Stefan Savić,Atlético Madrid,0.8441360099999999,0,3,0.28137867,-0.8441360099999999,0.3
Stefan de Vrij,Netherlands,0.727294844,1,5,0.1454589688,0.272705156,0.5
Stefan Šćepović,Getafe,5.486900252,6,30,0.18289667506666665,0.5130997480000001,3.0
Stefania Tarenzi,Sampdoria W,0.713465667,1,6,0.1189109445,0.286534333,0.6
Stefano Mauri,Lazio,0.58949637,1,6,0.098249395,0.41050363,0.6
Stefano Sabelli,Carpi,0.350374496,1,4,0.087593624,0.6496255040000001,0.4
Stefano Sturaro,Juventus,1.086599735,1,11,0.09878179409090909,-0.08659973500000007,1.1
Stephan El Shaarawy,AS Monaco,2.185905325,0,28,0.07806804732142857,-2.185905325,2.8
Stephan El Shaarawy,AS Roma,6.199035126,8,46,0.13476163317391304,1.800964874,4.6
Stephan Lichtsteiner,Juventus,1.557781421,0,16,0.0973613388125,-1.557781421,1.6
Stephan Lichtsteiner,Switzerland,0.055283341,0,3,0.018427780333333334,-0.055283341,0.3
Stephane Aziz Ki,Burkina Faso,0.20806941099999998,0,8,0.026008676374999998,-0.20806941099999998,0.8
Stephanie Breitner,Fiorentina W,0.2863224135,0,6,0.047720402249999995,-0.2863224135,0.6
Stephanie Houghton,England Women's,1.65567992,1,5,0.331135984,-0.6556799200000001,0.5
Stephanie Houghton,Manchester City WFC,6.906372894,7,64,0.10791207646875,0.09362710599999957,6.4
Stephanie van der Gragt,Netherlands Women's,0.630580913,4,11,0.057325537545454545,3.369419087,1.1
Stephanie-Elise Catley,Arsenal WFC,1.554930187,1,19,0.08183843089473684,-0.5549301870000001,1.9
Stephanie-Elise Catley,Australia Women's,3.047125698,3,6,0.507854283,-0.04712569799999988,0.6
Stephanie-Elise Catley,OL Reign,0.054948144,0,1,0.054948144,-0.054948144,0.1
Stephen Antunes Eustáquio,Canada,1.442736048,0,7,0.2061051497142857,-1.442736048,0.7
Stephen Clemence,Birmingham City,0.12937544899999998,0,3,0.04312514966666666,-0.12937544899999998,0.3
Stephen Ireland,Stoke City,0.401624,0,3,0.13387466666666667,-0.401624,0.3
Stephen Kenneth Hunt,NY Cosmos,0.596328623,1,10,0.0596328623,0.403671377,1.0
Stephen Kingsley,Swansea City,0.0120622665,0,1,0.0120622665,-0.0120622665,0.1
Stephen O''Donnell,Scotland,0.032056402,0,1,0.032056402,-0.032056402,0.1
Stephy Alvaro Mavididi,Montpellier,0.373232153,0,5,0.07464643060000001,-0.373232153,0.5
Stevan Jovetić,Inter Milan,7.9038927805,6,70,0.11291275400714285,-1.9038927804999997,7.0
Stevan Jovetić,Sevilla,0.09851191,0,1,0.09851191,-0.09851191,0.1
Steve Buttle,Seattle Sounders,0.193390837,0,3,0.06446361233333334,-0.193390837,0.3
Steve Cook,AFC Bournemouth,3.054039295,4,26,0.1174630498076923,0.9459607050000001,2.6
Steve McManaman,Manchester City,0.034531288,0,1,0.034531288,-0.034531288,0.1
Steve Michel Mounié,Stade Brestois,0.10112702,0,1,0.10112702,-0.10112702,0.1
Steve Stone,Portsmouth,0.029205013,0,1,0.029205013,-0.029205013,0.1
Steve Watson,Everton,0.269736541,0,2,0.1348682705,-0.269736541,0.2
Steven Berghuis,Netherlands,1.124774266,0,7,0.160682038,-1.124774266,0.7
Steven Berghuis,Watford,0.47337491600000003,0,7,0.06762498800000001,-0.47337491600000003,0.7
Steven Bergwijn,Netherlands,0.25459832,0,3,0.08486610666666666,-0.25459832,0.3
Steven Caulker,Liverpool,0.09063272,0,1,0.09063272,-0.09063272,0.1
Steven Caulker,Southampton,0.247842849,0,3,0.082614283,-0.247842849,0.3
Steven Davis,Southampton,2.271991333,5,20,0.11359956665,2.728008667,2.0
Steven Fletcher,Marseille,0.120021305,0,2,0.0600106525,-0.120021305,0.2
Steven Fletcher,Olympique de Marseille,2.4087334929999997,2,17,0.14169020547058822,-0.4087334929999997,1.7
Steven Fletcher,Sunderland,2.539365642,4,23,0.11040720182608696,1.460634358,2.3
Steven Gerrard,Liverpool,0.433338956,1,10,0.0433338956,0.566661044,1.0
Steven Moreira,Cape Verde Islands,0.03914103,0,1,0.03914103,-0.03914103,0.1
Steven Moreira,Rennes,0.046889459,0,2,0.0234447295,-0.046889459,0.2
Steven N''Kemboanza Mike Christopher Nzonzi,Sevilla,2.645921286,3,21,0.12599625171428572,0.3540787139999999,2.1
Steven Naismith,Everton,0.976873089,3,10,0.0976873089,2.023126911,1.0
Steven Naismith,Norwich City,2.382149806,1,16,0.148884362875,-1.3821498060000001,1.6
Steven Pienaar,Everton,0.224021428,0,2,0.112010714,-0.224021428,0.2
Steven Taylor,Newcastle United,0.12850934,0,1,0.12850934,-0.12850934,0.1
Steven Whittaker,Norwich City,0.418339107,1,8,0.052292388375,0.581660893,0.8
Steven Zuber,Hoffenheim,1.253925698,2,17,0.07376033517647058,0.746074302,1.7
Steven Zuber,Switzerland,1.6329902390000002,1,12,0.13608251991666667,-0.6329902390000002,1.2
Stijn Spierings,Toulouse,0.016953152,0,1,0.016953152,-0.016953152,0.1
Stine Ballisager Pedersen,KC Current,0.056555893,0,1,0.056555893,-0.056555893,0.1
Stine Larsen,Aston Villa,4.188283871,1,32,0.13088387096875,-3.1882838710000003,3.2
Stine Larsen,Denmark Women's,0.49736372,0,1,0.49736372,-0.49736372,0.1
Stipe Perica,Udinese,1.025039832,2,16,0.0640649895,0.974960168,1.6
Stopilla Sunzu,Lille,0.693609066,1,10,0.06936090660000001,0.30639093399999995,1.0
Strahinja Pavlović,Serbia,0.17362054,1,2,0.08681027,0.8263794600000001,0.2
Stuart Armstrong,Scotland,0.088509303,0,2,0.0442546515,-0.088509303,0.2
Stylianos Giannakopoulos,Bolton Wanderers,0.12843972,0,1,0.12843972,-0.12843972,0.1
Stéphane Darbion,Troyes,2.808863179,1,31,0.09060848964516129,-1.8088631789999998,3.1
Stéphane Demol,Belgium,0.040823632,0,2,0.020411816,-0.040823632,0.2
Stéphane Sessègnon,West Bromwich Albion,1.587388027,2,28,0.05669242953571429,0.41261197299999997,2.8
Stéphane Sparagna,Olympique de Marseille,0.24562676,0,3,0.08187558666666667,-0.24562676,0.3
Suat Serdar,FSV Mainz 05,0.136311454,0,3,0.045437151333333335,-0.136311454,0.3
Subha Ghosh,East Bengal,0.033221617,0,1,0.033221617,-0.033221617,0.1
Subhasish Bose,ATK Mohun Bagan,0.290477232,1,6,0.048412871999999996,0.709522768,0.6
Subhasish Bose,Mohun Bagan Super Giant,0.7525668704999999,0,10,0.07525668704999999,-0.7525668704999999,1.0
Suchawadee Nildhamrong,Thailand W,0.028836174,0,1,0.028836174,-0.028836174,0.1
Suhair Vadakkepeedika,NorthEast United,4.049327435,3,46,0.0880288572826087,-1.0493274350000004,4.6
Sullay Kaikai,Crystal Palace,0.237274737,0,3,0.07909157900000001,-0.237274737,0.3
Sultan Abdullah Salim Al Ghannam,Saudi Arabia,0.267493995,0,2,0.1337469975,-0.267493995,0.2
Sulzeer Jeremiah ''Sol' Campbell,Arsenal,1.151761691,1,11,0.10470560827272726,-0.15176169099999992,1.1
Summer Green,Chicago Red Stars,0.023822034,0,1,0.023822034,-0.023822034,0.1
Summer Yates,Orlando Pride,0.48939951,0,3,0.16313317,-0.48939951,0.3
Sung-Yeung Ki,South Korea,0.078210186,0,3,0.026070062,-0.078210186,0.3
Sung-Yeung Ki,Swansea City,2.522635033,2,24,0.10510979304166666,-0.5226350329999998,2.4
Sunil Chhetri,Bengaluru,6.006899917,4,33,0.18202727021212123,-2.006899917,3.3
Suresh Singh Wangjam,Bengaluru,0.530382742,0,11,0.04821661290909091,-0.530382742,1.1
Susan Banda,Zambia W,0.020994935,0,1,0.020994935,-0.020994935,0.1
Susanna Joy Friedrichs,Napoli W,0.37882703500000003,0,3,0.12627567833333334,-0.37882703500000003,0.3
Sveindís Jane Jónsdóttir,Iceland Women's,1.3128253805,1,14,0.09377324146428571,-0.3128253805000001,1.4
Sveindís Jane Jónsdóttir,VfL Wolfsburg WFC,2.9876332039999998,3,17,0.17574312964705882,0.012366796000000235,1.7
Sven Bender,Borussia Dortmund,0.6651231599999999,0,4,0.16628078999999998,-0.6651231599999999,0.4
Sven Botman,Lille,0.31086866,1,2,0.15543433,0.68913134,0.2
Sven Schipplock,Hamburger SV,1.111374572,0,12,0.09261454766666666,-1.111374572,1.2
Svenja Fölmli,SC Freiburg,0.8349789270000001,3,8,0.10437236587500001,2.165021073,0.8
Svenja Fölmli,Switzerland Women's,0.09438485299999999,0,2,0.047192426499999995,-0.09438485299999999,0.2
Svenja Huth,Germany Women's,1.598617141,0,19,0.0841377442631579,-1.598617141,1.9
Svenja Huth,VfL Wolfsburg WFC,2.640509894,1,30,0.08801699646666666,-1.640509894,3.0
Sverrir Ingi Ingason,Iceland,0.460633282,0,3,0.15354442733333332,-0.460633282,0.3
Syam Ben Youssef,Caen,0.3831122,1,1,0.3831122,0.6168878,0.1
Syam Ben Youssef,Stade Malherbe Caen,1.387453821,2,5,0.2774907642,0.612546179,0.5
Sydney Lohmann,Bayern München W,1.927605528,1,14,0.13768610914285714,-0.927605528,1.4
Sydney Lohmann,Germany Women's,0.090810695,0,2,0.0454053475,-0.090810695,0.2
Sydney Miramontez,Utah Royals,0.03999099,0,1,0.03999099,-0.03999099,0.1
Sydney Rae Leroux,Angel City,3.0103564290000002,2,18,0.16724202383333334,-1.0103564290000002,1.8
Sydney Rae Leroux,Orlando Pride,3.166975826,2,20,0.15834879129999999,-1.1669758259999998,2.0
Sydney Schertenleib,Switzerland Women's,0.267543456,0,7,0.038220493714285715,-0.267543456,0.7
Syed Suhail Pasha,Chennaiyin,0.455890352,0,5,0.0911780704,-0.455890352,0.5
Sylvain Armand,Rennes,2.1883192245,1,14,0.15630851603571427,-1.1883192244999998,1.4
Sylvain Distin,AFC Bournemouth,0.38167956000000003,0,2,0.19083978000000001,-0.38167956000000003,0.2
Sylvain Distin,Manchester City,0.104148246,0,2,0.052074123,-0.104148246,0.2
Sylvain Legwinski,Fulham,0.114350518,0,4,0.0285876295,-0.114350518,0.4
Sylvain Wiltord,Arsenal,3.140230102,3,18,0.17445722788888887,-0.14023010199999986,1.8
Sylvio Mendes Campos Junior,Barcelona,0.962244007,1,21,0.04582114319047619,0.03775599299999999,2.1
Sylwia Matysik,Poland Women's,0.007994636,0,1,0.007994636,-0.007994636,0.1
Sylwia Matysik,TSV Bayer 04 Leverkusen,0.164173601,0,3,0.054724533666666665,-0.164173601,0.3
Synne Jensen,Norway Women's,0.369724433,0,3,0.12324147766666667,-0.369724433,0.3
Synne Jensen,Real Sociedad de Fútbol,7.129555532,14,60,0.11882592553333333,6.870444468,6.0
Synne Skinnes Hansen,Norway Women's,0.056698915,0,1,0.056698915,-0.056698915,0.1
Synne Skinnes Hansen,TSV Bayer 04 Leverkusen,2.641895372,2,24,0.11007897383333333,-0.641895372,2.4
Szabolcs Huszti,Eintracht Frankfurt,1.690886404,1,20,0.0845443202,-0.690886404,2.0
Szilárd Németh,Middlesbrough,0.294404443,0,3,0.09813481433333333,-0.294404443,0.3
Sávio Bortolini Pimentel,Real Sociedad,0.130058511,0,4,0.03251462775,-0.130058511,0.4
Sávio Bortolini Pimentel,Real Zaragoza,0.182606117,0,3,0.06086870566666667,-0.182606117,0.3
Sávio Moreira de Oliveira,Brazil,0.7636707279999999,1,4,0.19091768199999998,0.2363292720000001,0.4
Séamus Coleman,Everton,2.408729966,1,26,0.09264346023076923,-1.4087299660000001,2.6
Sébastien Antoine Luc Salles Lamonge,Rennes,0.173062199,0,3,0.05768739966666667,-0.173062199,0.3
Sébastien Aymar Bassong Nguena,Norwich City,2.370177758,1,20,0.1185088879,-1.370177758,2.0
Sébastien Corchia,Lille,0.9969939059999999,2,22,0.04531790481818181,1.003006094,2.2
Sébastien Haller,Côte d'Ivoire,2.140317046,3,11,0.1945742769090909,0.8596829540000002,1.1
Sébastien Squillaci,AS Monaco,0.21280158300000002,0,4,0.053200395750000004,-0.21280158300000002,0.4
Sébastien Squillaci,Bastia,1.64473147,2,11,0.14952104272727273,0.35526853,1.1
Sébastien Wüthrich,Montpellier,0.024841405,0,1,0.024841405,-0.024841405,0.1
Sérgio Paulo Barbosa Valente,Málaga,2.963365074,3,31,0.09559242174193548,0.03663492600000007,3.1
Sérgio Paulo Barbosa Valente,Sevilla,0.16379143000000002,0,2,0.08189571500000001,-0.16379143000000002,0.2
Sérgio da Silva Pinto,Levante UD,0.034917384,0,1,0.034917384,-0.034917384,0.1
Tabea Waßmuth,Germany Women's,0.306416411,0,4,0.07660410275,-0.306416411,0.4
Taha Yassine Khenissi,Tunisia,0.13819846,0,2,0.06909923,-0.13819846,0.2
Tainara de Souza da Silva,Bayern München W,0.9360876100000001,0,6,0.15601460166666667,-0.9360876100000001,0.6
Tajon Buchanan,Canada,1.073110204,0,7,0.15330145771428572,-1.073110204,0.7
Takashi Inui,Eibar,4.475467017,5,51,0.0877542552352941,0.5245329830000003,5.1
Takashi Inui,Japan,0.786357497,2,9,0.08737305522222222,1.213642503,0.9
Takashi Usami,Japan,0.179400657,0,3,0.059800218999999995,-0.179400657,0.3
Takefusa Kubo,Getafe,0.22498894,0,1,0.22498894,-0.22498894,0.1
Takefusa Kubo,Mallorca,0.370714101,0,6,0.0617856835,-0.370714101,0.6
Takefusa Kubo,Villarreal,0.027489806,0,1,0.027489806,-0.027489806,0.1
Takuma Asano,Japan,1.42018628,2,9,0.15779847555555557,0.57981372,0.9
Takumi Minamino,Japan,0.94507935,0,3,0.31502645,-0.94507935,0.3
Talia Victoria Della Peruta,Sampdoria W,0.465405571,1,8,0.058175696375,0.534594429,0.8
Tameka Yallop,Australia Women's,1.063110523,1,7,0.15187293185714285,-0.06311052299999997,0.7
Tamires Cássia Dias de Britto,Brazil Women's,0.19492643999999998,0,2,0.09746321999999999,-0.19492643999999998,0.2
Tammy Bakumo-Abraham,Chelsea,0.286690514,0,2,0.143345257,-0.286690514,0.2
Taneekarn Dangda,Thailand W,0.026687245,0,2,0.0133436225,-0.026687245,0.2
Tanitoluwa Oluwaseyi,Canada,1.7733511000000002,0,9,0.19703901111111113,-1.7733511000000002,0.9
Tanja Pawollek,Eintracht Frankfurt W,0.544098006,0,10,0.0544098006,-0.544098006,1.0
Tanja Pawollek,Poland Women's,0.2208332,0,2,0.1104166,-0.2208332,0.2
Tara McKeown,Washington Spirit,2.358648964,1,20,0.1179324482,-1.358648964,2.0
Taras Stepanenko,Ukraine,0.158112474,0,3,0.052704158,-0.158112474,0.3
Tarcisio Burgnich,Italy,0.032818265,0,1,0.032818265,-0.032818265,0.1
Tarek Hamed,Egypt,0.03943281,0,2,0.019716405,-0.03943281,0.2
Tarik Elyounoussi,Hoffenheim,0.4110014525,0,3,0.13700048416666666,-0.4110014525,0.3
Tarik Tissoudali,Morocco,0.6294510099999999,0,3,0.2098170033333333,-0.6294510099999999,0.3
Tariq Lamptey,Ghana,0.07376498,0,1,0.07376498,-0.07376498,0.1
Taryn Ries,Duisburg WFC,1.703221993,3,13,0.1310170763846154,1.296778007,1.3
Tatiana Bonetti,FC Internazionale Milano W,0.534319443,0,7,0.076331349,-0.534319443,0.7
Tatiana Vanessa Ferreira Pinto,Brighton & Hove Albion WFC,3.248900969,2,12,0.2707417474166667,-1.2489009690000001,1.2
Tatiana Vanessa Ferreira Pinto,Portugal Women's,0.43097192700000003,0,6,0.0718286545,-0.43097192700000003,0.6
Tatiely Cristina Sena das Neves,Sampdoria W,4.339534908,4,32,0.135610465875,-0.3395349080000001,3.2
Tatumn Milazzo,Chicago Red Stars,0.670057356,1,6,0.111676226,0.32994264399999995,0.6
Taulant Sulejmanov,Albania,0.028156858,0,1,0.028156858,-0.028156858,0.1
Taylor Comeau,Houston Dash,0.02632712,0,1,0.02632712,-0.02632712,0.1
Taylor Hinds,Everton LFC,1.185192278,0,11,0.10774475254545454,-1.185192278,1.1
Taylor Hinds,Liverpool WFC,1.5479575605,2,16,0.09674734753125,0.4520424395,1.6
Taylor Kornieck,San Diego Wave,1.935518561,1,21,0.09216755052380952,-0.9355185610000001,2.1
Taylor Porter,Portland Thorns,0.059843647,0,2,0.0299218235,-0.059843647,0.2
Taylor Smith,NJ/NY Gotham FC,0.667470241,1,11,0.060679112818181814,0.33252975900000004,1.1
Taylor Smith,Washington Spirit,0.271876362,0,4,0.0679690905,-0.271876362,0.4
Teal Alexander Bunbury,Nashville SC,0.047634499,0,2,0.0238172495,-0.047634499,0.2
Teboho Mokoena,South Africa,3.5454169429999998,3,22,0.1611553155909091,-0.5454169429999998,2.2
Tecla Pettenuzzo,Napoli W,0.28177613,0,3,0.09392537666666667,-0.28177613,0.3
Teddy Sheringham,Manchester United,0.09321054,0,1,0.09321054,-0.09321054,0.1
Teddy Sheringham,Portsmouth,0.47848076,1,1,0.47848076,0.5215192399999999,0.1
Teemu Pukki,Finland,0.285676574,0,4,0.0714191435,-0.285676574,0.4
Telasco José Segovia Pérez,Venezuela,0.030652592,0,1,0.030652592,-0.030652592,0.1
Telma Raquel Velosa Encarnação,Portugal Women's,2.01255223,2,11,0.18295929363636362,-0.012552229999999831,1.1
Temitayo Olufisayo Olaoluwa Aina,Nigeria,1.150428395,0,4,0.28760709875,-1.150428395,0.4
Tente Sánchez,Barcelona,0.08431274,0,2,0.04215637,-0.08431274,0.2
Terem Igobor Moffi,Lorient,1.007743804,1,7,0.14396340057142856,-0.007743803999999965,0.7
Terem Igobor Moffi,Nigeria,0.7391287,1,1,0.7391287,0.26087130000000003,0.1
Terem Igobor Moffi,OGC Nice,0.298785125,0,3,0.09959504166666666,-0.298785125,0.3
Terence Cooper,England,0.014707967,0,1,0.014707967,-0.014707967,0.1
Teresa Abelleira Dueñas,Real Madrid CF W,1.600686648,1,36,0.044463518,-0.6006866479999999,3.6
Teresa Abelleira Dueñas,Spain Women's,0.357442775,1,10,0.0357442775,0.642557225,1.0
Teresa Merida Cañete,Sevilla FC,0.29917693,0,3,0.09972564333333334,-0.29917693,0.3
Teresa Morató Armengol,Villarreal,0.549061282,0,8,0.06863266025,-0.549061282,0.8
Terry Butcher,England,0.1360316,0,1,0.1360316,-0.1360316,0.1
Terry Fenwick,England,0.06341846500000001,0,2,0.031709232500000004,-0.06341846500000001,0.2
Terry Graham Garbett,NY Cosmos,0.022362519,0,1,0.022362519,-0.022362519,0.1
Tess Boade,North Carolina Courage,2.824178895,1,17,0.16612817029411767,-1.8241788950000002,1.7
Tessa Wullaert,Belgium Women's,1.206166393,1,12,0.10051386608333333,-0.20616639299999995,1.2
Tessa Wullaert,Manchester City WFC,4.832318214,5,50,0.09664636428,0.16768178600000017,5.0
Tessel Middag,West Ham United LFC,0.751688559,0,9,0.083520951,-0.751688559,0.9
Teun Koopmeiners,Netherlands,0.835794493,1,3,0.27859816433333334,0.16420550700000003,0.3
Teófilo Juan Cubillas Arizaga,Peru,0.475164085,1,5,0.095032817,0.5248359149999999,0.5
Thabang Amod Monare,South Africa,0.7539362,1,1,0.7539362,0.24606380000000005,0.1
Thais Reiss de Araújo,Villarreal,0.785273091,1,5,0.1570546182,0.21472690900000002,0.5
Thapelo James Morena,South Africa,0.429324608,0,5,0.0858649216,-0.429324608,0.5
Thapelo Maseko,South Africa,0.095300828,1,2,0.047650414,0.9046991719999999,0.2
Thaysa de Moraes Rosa Moreno,Brazil Women's,0.34494669,1,4,0.0862366725,0.65505331,0.4
Thaysa de Moraes Rosa Moreno,NJ/NY Gotham FC,0.41536748,0,3,0.13845582666666667,-0.41536748,0.3
Thaís Cristina da Silva Ferreira,Costa Adeje Tenerife,1.9793305700000001,3,17,0.11643121000000001,1.0206694299999999,1.7
Thea Bjelde,Norway Women's,0.047369152,0,1,0.047369152,-0.047369152,0.1
Themba Zwane,South Africa,0.6249271000000001,2,3,0.20830903333333337,1.3750729,0.3
Thembi Kgatlana,Houston Dash,0.350714043,1,5,0.0701428086,0.649285957,0.5
Thembi Kgatlana,Racing Louisville FC,2.899322643,2,30,0.0966440881,-0.8993226430000001,3.0
Thembi Kgatlana,South Africa Women's,3.459833722,3,26,0.13307052776923076,-0.45983372199999994,2.6
Theo Bernard François Hernández,Deportivo Alavés,0.48772164,0,2,0.24386082,-0.48772164,0.2
Theo Bernard François Hernández,France,1.752429786,2,10,0.1752429786,0.247570214,1.0
Theo Bernard François Hernández,Real Sociedad,0.20381463,0,1,0.20381463,-0.20381463,0.1
Theo Walcott,Arsenal,6.562369521,5,46,0.14266020697826087,-1.562369521,4.6
Theo de Jong,Netherlands,0.19524176,0,2,0.09762088,-0.19524176,0.2
Theodor Gebre Selassie,Werder Bremen,1.541553259,1,18,0.08564184772222222,-0.5415532590000001,1.8
Theoson Jordan Siebatcheu,Stade de Reims,2.489504777,3,29,0.08584499231034483,0.5104952229999999,2.9
Theresa Nielsen,OL Reign,0.117168528,0,2,0.058584264,-0.117168528,0.2
Therese Ninon Abena,Cameroon W,0.107817757,0,3,0.03593925233333333,-0.107817757,0.3
Thiago Alcântara do Nascimento,Barcelona,6.460888729,6,45,0.14357530508888888,-0.46088872899999966,4.5
Thiago Alcântara do Nascimento,Bayern Munich,2.628850491,2,31,0.08480162874193549,-0.6288504910000001,3.1
Thiago Alcântara do Nascimento,Spain,0.951995252,1,5,0.1903990504,0.048004747999999986,0.5
Thiago Emiliano da Silva,Brazil,1.227708817,1,8,0.153463602125,-0.2277088169999999,0.8
Thiago Emiliano da Silva,Paris Saint-Germain,2.110658462,1,16,0.131916153875,-1.110658462,1.6
Thiago Henrique Mendes Ribeiro,Lyon,0.10642775,0,1,0.10642775,-0.10642775,0.1
Thiago Motta,Barcelona,0.991248183,1,12,0.08260401525,0.00875181700000005,1.2
Thiago Motta,Paris Saint-Germain,1.878508459,1,12,0.15654237158333334,-0.8785084590000001,1.2
Thiago Rangel Cionek,Palermo,0.063371256,0,1,0.063371256,-0.063371256,0.1
Thiago Xavier Rodrigues Corrêa,Troyes,1.808680535,2,13,0.13912927192307692,0.19131946500000008,1.3
Thibault Giresse,Guingamp,2.5200739115,4,23,0.1095684309347826,1.4799260885,2.3
Thierry Henry,Arsenal,22.239863563,30,194,0.1146384719742268,7.760136437,19.4
Thierry Henry,Barcelona,26.141615327,33,173,0.15110760304624277,6.858384673,17.3
Thierry Rendall Correia,Valencia,0.091603264,0,1,0.091603264,-0.091603264,0.1
Thievy Guivane Bifouma Koulossa,Almería,0.340232357,1,3,0.11341078566666667,0.659767643,0.3
Thievy Guivane Bifouma Koulossa,Espanyol,0.370436853,0,4,0.09260921325,-0.370436853,0.4
Thievy Guivane Bifouma Koulossa,Granada,0.1090467,0,2,0.05452335,-0.1090467,0.2
Thievy Guivane Bifouma Koulossa,Stade de Reims,3.041394842,4,18,0.1689663801111111,0.9586051580000001,1.8
Thijs Dallinga,Toulouse,0.48254495000000003,0,5,0.09650899,-0.48254495000000003,0.5
Thilo Kehrer,Paris Saint-Germain,0.167236877,0,3,0.055745625666666666,-0.167236877,0.3
Thomas Ayasse,Troyes,0.7348094359999999,1,11,0.0668008578181818,0.2651905640000001,1.1
Thomas Berthold,Germany,0.131250343,0,2,0.0656251715,-0.131250343,0.2
Thomas Delaney,Denmark,0.7147991890000001,1,11,0.06498174445454546,0.28520081099999994,1.1
Thomas Gravesen,Everton,0.048802545,0,2,0.0244012725,-0.048802545,0.2
Thomas Heurtaux,Udinese,0.041756668999999996,0,2,0.020878334499999998,-0.041756668999999996,0.2
Thomas Hitzlsperger,Aston Villa,0.063665714,0,3,0.021221904666666666,-0.063665714,0.3
Thomas Lemar,AS Monaco,2.831061658,5,36,0.07864060161111111,2.168938342,3.6
Thomas Lemar,Atlético Madrid,0.077577364,0,2,0.038788682,-0.077577364,0.2
Thomas Lemar,France,0.02618442,0,1,0.02618442,-0.02618442,0.1
Thomas Mangani,AC Ajaccio,0.020384805,0,1,0.020384805,-0.020384805,0.1
Thomas Mangani,Angers,5.626680916,5,33,0.1705054823030303,-0.6266809159999998,3.3
Thomas Meunier,Belgium,1.174494852,2,13,0.09034575784615385,0.825505148,1.3
Thomas Monconduit,Lorient,0.136412352,1,4,0.034103088,0.863587648,0.4
Thomas Müller,Bayern Munich,17.732844166,21,103,0.17216353559223302,3.2671558340000004,10.3
Thomas Müller,Germany,1.47057919,0,14,0.10504137071428572,-1.47057919,1.4
Thomas Teye Partey,Almería,0.009365485,0,1,0.009365485,-0.009365485,0.1
Thomas Teye Partey,Atlético Madrid,1.7616467169999999,2,12,0.14680389308333333,0.23835328300000014,1.2
Thomas Teye Partey,Ghana,0.251389129,0,2,0.1256945645,-0.251389129,0.2
Thomas Touré,Bordeaux,2.3829847849999997,2,29,0.08217188913793103,-0.38298478499999966,2.9
Thomas Vermaelen,Barcelona,0.985341084,1,9,0.10948234266666666,0.014658916000000022,0.9
Thomas Vermaelen,Belgium,0.1562473,0,1,0.1562473,-0.1562473,0.1
Thongkhosiem Haokip,East Bengal,0.780323844,2,8,0.0975404805,1.219676156,0.8
Thorgan Hazard,Belgium,1.03387381,2,7,0.14769625857142857,0.96612619,0.7
Thorgan Hazard,Borussia Mönchengladbach,6.15591971,4,44,0.13990726613636364,-2.15591971,4.4
Thu Trần Thị,Vietnam Women's,0.025286155,0,1,0.025286155,-0.025286155,0.1
Théo Bongonda Mbul''Ofeko Batombo,Celta Vigo,2.113516744,2,19,0.11123772336842105,-0.113516744,1.9
Théo Bongonda Mbul''Ofeko Batombo,Congo DR,0.1100408,0,1,0.1100408,-0.1100408,0.1
Théo Bongonda Mbul'Ofeko Batombo,Congo DR,0.6287225670000001,0,9,0.06985806300000001,-0.6287225670000001,0.9
Théo Sainte-Luce,Montpellier,0.028305536,0,1,0.028305536,-0.028305536,0.1
Thị Hải Linh Trần,Vietnam Women's,0.127838946,0,2,0.063919473,-0.127838946,0.2
Thị Thanh Nhã Nguyễn,Vietnam Women's,0.024568515,0,1,0.024568515,-0.024568515,0.1
Thị Thảo Thái,Vietnam Women's,0.010413399,0,1,0.010413399,-0.010413399,0.1
Tiago Barreiros de Melo Tomás,Wolfsburg,0.248721971,0,2,0.1243609855,-0.248721971,0.2
Tiago Cardoso Mendes,Atlético Madrid,0.715422196,1,13,0.055032476615384615,0.284577804,1.3
Tiago Emanuel Embaló Djaló,Lille,0.08834127,0,1,0.08834127,-0.08834127,0.1
Tiago Manuel Dias Correia,Cape Verde Islands,1.7724086835,1,17,0.1042593343235294,-0.7724086834999999,1.7
Tiago Manuel Dias Correia,Córdoba CF,0.034275554,0,1,0.034275554,-0.034275554,0.1
Tiago Manuel Dias Correia,Rayo Vallecano,3.4134767214,3,81,0.042141687918518515,-0.4134767213999999,8.1
Tiemoué Bakayoko,AS Monaco,0.983018245,1,16,0.0614386403125,0.016981754999999987,1.6
Tierna Lillis Davidson,Chicago Red Stars,0.035666257,0,1,0.035666257,-0.035666257,0.1
Tiffany Cameron,Jamaica Women's,0.1817721,0,1,0.1817721,-0.1817721,0.1
Tiffany Cameron,Real Betis Balompié,4.827000518,6,41,0.11773171995121952,1.1729994819999998,4.1
Tijjani Reijnders,Netherlands,0.881784189,0,10,0.0881784189,-0.881784189,1.0
Tim Cahill,Australia,0.283221101,0,2,0.1416105505,-0.283221101,0.2
Tim Kleindienst,FC Heidenheim,0.56279888,1,3,0.18759962666666666,0.43720112,0.3
Tim Matavž,Augsburg,1.5620678399999999,0,12,0.13017231999999998,-1.5620678399999999,1.2
Tim Matavž,Genoa,1.253312244,0,10,0.1253312244,-1.253312244,1.0
Tim Ream,United States,0.38719624,0,1,0.38719624,-0.38719624,0.1
Tim Skarke,Darmstadt 98,0.100325607,0,2,0.0501628035,-0.100325607,0.2
Timi Elšnik,Slovenia,0.20094337099999998,0,3,0.06698112366666666,-0.20094337099999998,0.3
Timm Klose,Norwich City,0.51481403,1,4,0.1287035075,0.48518596999999997,0.4
Timm Klose,Wolfsburg,0.517722528,1,6,0.086287088,0.48227747200000004,0.6
Timo Baumgartl,VfB Stuttgart,1.275422592,0,7,0.18220322742857142,-1.275422592,0.7
Timo Hübers,FC Köln,0.055454504,0,1,0.055454504,-0.055454504,0.1
Timo Werner,Germany,1.57437272,0,9,0.17493030222222222,-1.57437272,0.9
Timo Werner,RB Leipzig,0.051062226,0,1,0.051062226,-0.051062226,0.1
Timo Werner,VfB Stuttgart,9.845766922,6,64,0.15384010815625,-3.8457669219999993,6.4
Timothee Pembele,Paris Saint-Germain,0.077894494,0,1,0.077894494,-0.077894494,0.1
Timothy Chandler,Eintracht Frankfurt,0.081790668,0,3,0.027263555999999998,-0.081790668,0.3
Timothy Evans Fosu-Mensah,Manchester United,0.050753111000000004,0,2,0.025376555500000002,-0.050753111000000004,0.2
Timothy Tillman,LAFC,0.017916715,0,1,0.017916715,-0.017916715,0.1
Timothy Weah,Lille,0.14758384600000002,0,3,0.04919461533333334,-0.14758384600000002,0.3
Timothy Weah,United States,0.677511282,1,8,0.08468891025,0.322488718,0.8
Timothée Kolodziejczak,Saint-Étienne,0.201130048,0,2,0.100565024,-0.201130048,0.2
Timothée Kolodziejczak,Sevilla,0.7683116750000001,0,7,0.10975881071428573,-0.7683116750000001,0.7
Tin Jedvaj,Bayer Leverkusen,0.099086993,0,3,0.033028997666666664,-0.099086993,0.3
Tinne De Caigny,Belgium Women's,0.163587239,1,3,0.05452907966666667,0.8364127610000001,0.3
Tobias Grahn,Gimnàstic Tarragona,0.195774022,1,2,0.097887011,0.8042259780000001,0.2
Tobias Kempe,Darmstadt 98,1.998430375,0,30,0.06661434583333334,-1.998430375,3.0
Tobias Levels,Ingolstadt,0.283326807,1,4,0.07083170175,0.716673193,0.4
Tobias Linderoth,Everton,0.06009486,0,1,0.06009486,-0.06009486,0.1
Tobias Strobl,Hoffenheim,0.578870244,0,11,0.05262456763636363,-0.578870244,1.1
Tobias Werner,Augsburg,2.132588646,0,22,0.09693584754545453,-2.132588646,2.2
Tobin Powell Heath,Manchester United,1.4497168459999998,1,13,0.11151668046153845,-0.44971684599999984,1.3
Tobin Powell Heath,Manchester United W,0.986640828,3,13,0.0758954483076923,2.013359172,1.3
Tobin Powell Heath,Portland Thorns,2.0180054065,1,13,0.1552311851153846,-1.0180054065,1.3
Tobin Powell Heath,United States Women's,0.21709587000000002,0,4,0.054273967500000006,-0.21709587000000002,0.4
Toby Alderweireld,Belgium,0.534428501,0,7,0.07634692871428571,-0.534428501,0.7
Toby Alderweireld,Tottenham Hotspur,3.920785156,4,41,0.09562890624390244,0.079214844,4.1
Tohouri Zahoui Constant Djakpa,Eintracht Frankfurt,0.175297333,0,4,0.04382433325,-0.175297333,0.4
Tokelo Anthony Rantie,AFC Bournemouth,0.1768988,0,1,0.1768988,-0.1768988,0.1
Tolga Ciğerci,Hertha Berlin,1.2669480405,0,24,0.0527895016875,-1.2669480405,2.4
Tom Barlow,New York Red Bulls,0.24238871,0,1,0.24238871,-0.24238871,0.1
Tom Carroll,Tottenham Hotspur,0.295167366,1,5,0.0590334732,0.704832634,0.5
Tom Cleverley,Everton,1.831095866,2,24,0.07629566108333334,0.16890413399999993,2.4
Tom Davies,Everton,0.042944144,0,1,0.042944144,-0.042944144,0.1
Tom Krauß,FSV Mainz 05,0.102282207,0,3,0.034094069,-0.102282207,0.3
Tom Rogić,Australia,0.260302864,0,5,0.0520605728,-0.260302864,0.5
Tomasz Radziński,Everton,0.420554928,2,5,0.0841109856,1.579445072,0.5
Tomer Hemed,Mallorca,0.88662984,0,7,0.12666140571428572,-0.88662984,0.7
Tomislav Mrčela,East Bengal,0.28272933299999997,1,4,0.07068233324999999,0.717270667,0.4
Tommy Elphick,AFC Bournemouth,0.55888729,1,5,0.11177745800000001,0.44111270999999996,0.5
Tommy Ord,Seattle Sounders,0.421664705,0,4,0.10541617625,-0.421664705,0.4
Tomoaki Makino,Japan,0.30207679499999995,0,2,0.15103839749999998,-0.30207679499999995,0.2
Tomás Agustín Avilés Mancilla,Inter Miami,0.326340808,0,4,0.081585202,-0.326340808,0.4
Tomás Eduardo Rincón Hernández,Genoa,1.7176627,3,27,0.06361713703703703,1.2823373,2.7
Tomás Eduardo Rincón Hernández,Venezuela,0.8036248850000001,1,2,0.40181244250000003,0.19637511499999993,0.2
Tomás Pina Isla,Villarreal,0.87977227,0,10,0.087977227,-0.87977227,1.0
Tomáš Chorý,Czech Republic,0.3989387,0,1,0.3989387,-0.3989387,0.1
Tomáš Holeš,Czech Republic,0.7128696240000001,1,7,0.10183851771428573,0.2871303759999999,0.7
Tomáš Kalas,Czech Republic,0.11268632,0,1,0.11268632,-0.11268632,0.1
Tomáš Pekhart,Czech Republic,0.07206125,0,1,0.07206125,-0.07206125,0.1
Tomáš Pekhart,Ingolstadt,0.21997109199999998,0,4,0.054992772999999995,-0.21997109199999998,0.4
Tomáš Souček,Czech Republic,1.417072034,1,13,0.10900554107692308,-0.41707203400000004,1.3
Tomáš Ujfaluši,Atlético Madrid,0.210935969,0,3,0.07031198966666667,-0.210935969,0.3
Tomáš Čvančara,Borussia Mönchengladbach,0.32079022199999996,0,3,0.10693007399999999,-0.32079022199999996,0.3
Tongo Hamed Doumbia,Toulouse,3.5426866425,1,32,0.110708957578125,-2.5426866425,3.2
Toni Duggan,England Women's,0.490944897,0,3,0.163648299,-0.490944897,0.3
Toni Duggan,Everton LFC,0.360937328,0,4,0.090234332,-0.360937328,0.4
Toni Kroos,Bayern Munich,0.223056835,0,6,0.03717613916666667,-0.223056835,0.6
Toni Kroos,Germany,1.381393252,1,23,0.06006057617391305,-0.38139325200000007,2.3
Toni Kroos,Real Madrid,2.011743985,2,36,0.05588177736111111,-0.011743984999999846,3.6
Toni Pressley,Orlando Pride,0.027662495,0,1,0.027662495,-0.027662495,0.1
Toni Šunjić,VfB Stuttgart,0.767696913,1,7,0.10967098757142857,0.23230308700000002,0.7
Tony Field,NY Cosmos,0.041421264,0,1,0.041421264,-0.041421264,0.1
Tony Hibbert,Everton,0.05243616,0,1,0.05243616,-0.05243616,0.1
Tony Jantschke,Borussia Mönchengladbach,0.165084126,0,5,0.0330168252,-0.165084126,0.5
Tori Huster,Washington Spirit,0.956059114,0,5,0.1912118228,-0.956059114,0.5
Totis Fylakouris,Panathinaikos,0.073300771,0,2,0.0366503855,-0.073300771,0.2
Trent Alexander-Arnold,England,0.934594395,1,6,0.1557657325,0.06540560500000003,0.6
Trent Alexander-Arnold,Liverpool,0.059182554,0,2,0.029591277,-0.059182554,0.2
Trent Sainsbury,Australia,0.371036243,0,3,0.12367874766666666,-0.371036243,0.3
Trinity Rain Moyer-Rodman,United States Women's,0.385276894,0,7,0.05503955628571428,-0.385276894,0.7
Trinity Rain Moyer-Rodman,Washington Spirit,6.75762663,5,61,0.1107807644262295,-1.7576266299999999,6.1
Troy Deeney,Watford,12.217068013,13,94,0.12996880864893617,0.7829319869999996,9.4
Trudi Sudan Carter,Jamaica Women's,0.624475891,0,5,0.1248951782,-0.624475891,0.5
Trésor Lomana LuaLua,Portsmouth,0.23287557199999998,0,3,0.07762519066666666,-0.23287557199999998,0.3
Tsepo Peter Masilela,Getafe,0.26931107,0,1,0.26931107,-0.26931107,0.1
Tuana Shahnis Cindy Mahmoud,SV Werder Bremen,0.847727566,0,10,0.0847727566,-0.847727566,1.0
Tugay Kerimoğlu,Blackburn Rovers,0.051402287,0,2,0.0257011435,-0.051402287,0.2
Tuva Hansen,Norway Women's,0.23791506099999998,0,3,0.07930502033333332,-0.23791506099999998,0.3
Tyler Adams,United States,0.018896813,0,1,0.018896813,-0.018896813,0.1
Tyler Lussi,North Carolina Courage,5.68877077,6,40,0.14221926925,0.31122923000000036,4.0
Tyler Lussi,Portland Thorns,0.594861416,1,6,0.09914356933333333,0.405138584,0.6
Tyler Roberts,West Bromwich Albion,0.35449532,0,1,0.35449532,-0.35449532,0.1
Tymoteusz Puchacz,Poland,0.022794716,0,1,0.022794716,-0.022794716,0.1
Tziarra King,Seattle Reign,1.121865546,0,12,0.0934887955,-1.121865546,1.2
Téji Savanier,Montpellier,0.19621263100000003,0,4,0.04905315775000001,-0.19621263100000003,0.4
Uchenna Kanu,Nigeria Women's,0.696879846,1,7,0.0995542637142857,0.30312015400000003,0.7
Uchenna Kanu,Racing Louisville FC,1.545401472,0,16,0.096587592,-1.545401472,1.6
Udanta Kumam Singh,Bengaluru,1.543949089,3,11,0.1403590080909091,1.456050911,1.1
Uffe Manich Bech,Hannover 96,0.821794539,1,9,0.09131050433333333,0.178205461,0.9
Ugochi Desire Oparanozie,Nigeria Women's,1.341876019,0,7,0.19169657414285715,-1.341876019,0.7
Ui-Jo Hwang,Bordeaux,0.03770115,0,1,0.03770115,-0.03770115,0.1
Ui-Jo Hwang,South Korea,0.29347005,0,1,0.29347005,-0.29347005,0.1
Uilson de Souza Paula Júnior,Schalke 04,0.5660330695,0,12,0.04716942245833333,-0.5660330695,1.2
Ulises Hernán de la Cruz Bernardo,Aston Villa,0.018957753,0,1,0.018957753,-0.018957753,0.1
Ulisses Alexandre Garcia Lopes,Werder Bremen,0.557389871,0,11,0.05067180645454546,-0.557389871,1.1
Ulrich Hoeneß,Germany,0.156208269,0,2,0.0781041345,-0.156208269,0.2
Umar Sadiq Mesbah,AS Roma,1.326662034,2,4,0.3316655085,0.6733379660000001,0.4
Unai Bustinza Martínez,Leganés,0.0469404,0,1,0.0469404,-0.0469404,0.1
Unai López Cabrera,Athletic Club,0.259359248,0,4,0.064839812,-0.259359248,0.4
Unai López Cabrera,Leganés,0.18751978,1,2,0.09375989,0.81248022,0.2
Unai Núñez Gestoso,Athletic Club,0.09029602,0,2,0.04514801,-0.09029602,0.2
Unai Vencedor Paris,Athletic Club,0.026491396,0,1,0.026491396,-0.026491396,0.1
Urby Emanuelson,Hellas Verona,0.5920996079999999,0,14,0.04229282914285714,-0.5920996079999999,1.4
Uroš Račić,Valencia,0.23449549,0,3,0.07816516333333333,-0.23449549,0.3
Uroš Spajić,Toulouse,0.603150392,0,5,0.1206300784,-0.603150392,0.5
Uroš Ćosić,Empoli,0.03057321,0,1,0.03057321,-0.03057321,0.1
Uroš Đurđević,Palermo,1.318927873,2,9,0.14654754144444446,0.681072127,0.9
Ustaritz Aldekoaotalora Astarloa,Athletic Club,0.011434045,0,1,0.011434045,-0.011434045,0.1
Vaclav Migas,Czechoslovakia,0.091275899,0,2,0.0456379495,-0.091275899,0.2
Vadis Odjidja-Ofoe,Norwich City,0.122029208,0,3,0.04067640266666667,-0.122029208,0.3
Vahid Amiri,Iran,0.063932475,0,2,0.0319662375,-0.063932475,0.2
Valdomiro Tualungo Paulo Lameiras,Angola,0.10747413,0,1,0.10747413,-0.10747413,0.1
Valdomiro Vaz Franco,Brazil,0.08334003200000001,0,2,0.041670016000000004,-0.08334003200000001,0.2
Valentin Eysseric,Saint-Étienne,3.9029627725,6,39,0.10007596852564103,2.0970372275,3.9
Valentin Lavigne,Lorient,0.13563924500000002,0,2,0.06781962250000001,-0.13563924500000002,0.2
Valentin Mihai Mihăilă,Romania,0.19261071,0,4,0.0481526775,-0.19261071,0.4
Valentin Rongier,Nantes,0.191365117,1,7,0.02733787385714286,0.808634883,0.7
Valentin Rongier,Olympique de Marseille,0.26502791,0,2,0.132513955,-0.26502791,0.2
Valentin Stocker,Hertha Berlin,1.510310522,1,15,0.10068736813333333,-0.5103105219999999,1.5
Valentina Bergamaschi,AC Milan W,0.9175875410000001,2,16,0.057349221312500004,1.082412459,1.6
Valentina Bergamaschi,Italy Women's,2.143516742,1,12,0.17862639516666667,-1.143516742,1.2
Valentina Cernoia,AC Milan W,0.409930796,0,8,0.0512413495,-0.409930796,0.8
Valentina Cernoia,Italy Women's,0.07491148,0,3,0.024970493333333333,-0.07491148,0.3
Valentina Gallazzi,Napoli W,0.6990870235,1,16,0.04369293896875,0.30091297650000004,1.6
Valentina Giacinti,AS Roma W,13.487206729,12,85,0.15867302034117647,-1.4872067290000004,8.5
Valentina Giacinti,Italy Women's,1.851715592,1,20,0.0925857796,-0.8517155919999999,2.0
Valentina Kröll,SGS Essen 19/68,0.064242885,0,1,0.064242885,-0.064242885,0.1
Valentín Sergio Pachón Mosquero,Getafe,0.17706360599999998,0,2,0.08853180299999999,-0.17706360599999998,0.2
Valentín Vada,Bordeaux,0.695340022,0,11,0.06321272927272727,-0.695340022,1.1
Valeria Monterubbiano,Sassuolo W,0.960668629,1,10,0.09606686290000001,0.03933137099999995,1.0
Valeria del Campo Gutiérrez,Costa Rica Women's,0.34678763,0,2,0.173393815,-0.34678763,0.2
Valery Vigilucci,AC Milan W,2.343277788,2,26,0.09012606876923077,-0.343277788,2.6
Valmir Sulejmani,Hannover 96,0.117826718,0,2,0.058913359,-0.117826718,0.2
Valmiro Lópes Rocha,Espanyol,0.024675462,0,1,0.024675462,-0.024675462,0.1
Valmiro Lópes Rocha,Levante UD,0.52249271,0,2,0.261246355,-0.52249271,0.2
Valmiro Lópes Rocha,Málaga,0.11031556000000001,1,2,0.055157780000000003,0.88968444,0.2
Valmiro Lópes Rocha,Osasuna,0.6324476750000001,0,3,0.2108158916666667,-0.6324476750000001,0.3
Valon Behrami,Switzerland,0.015164247,0,1,0.015164247,-0.015164247,0.1
Valon Behrami,Watford,0.025945647,0,1,0.025945647,-0.025945647,0.1
Valon Berisha,Stade de Reims,0.08619905,0,1,0.08619905,-0.08619905,0.1
Valter Birsa,Chievo,5.021466562,6,54,0.09299012151851851,0.9785334380000004,5.4
Valère Germain,OGC Nice,10.436556618,14,66,0.15812964572727273,3.563443382000001,6.6
Valérie Gauvin,Everton LFC,4.268569397,5,25,0.17074277588,0.7314306029999997,2.5
Valérie Gauvin,France Women's,2.096062347,2,10,0.2096062347,-0.09606234700000016,1.0
Vanesa Santana,Argentina Women's,0.018091125,0,1,0.018091125,-0.018091125,0.1
Vanessa Brigitte Gilles,Canada Women's,0.470667838,0,4,0.1176669595,-0.470667838,0.4
Vanessa DiBernardo,Chicago Red Stars,0.707723927,0,12,0.058976993916666665,-0.707723927,1.2
Vanessa DiBernardo,KC Current,1.055669716,0,19,0.055561563999999994,-1.055669716,1.9
Vanessa Diehm,Hoffenheim W,0.678604553,0,8,0.084825569125,-0.678604553,0.8
Vanessa Fudalla,RB Leipzig W,3.7770432895,10,52,0.072635447875,6.2229567105,5.2
Vanessa Fürst,Duisburg WFC,0.633020803,2,6,0.10550346716666666,1.366979197,0.6
Vanessa Haim,Nürnberg W,3.793300478,5,24,0.15805418658333334,1.206699522,2.4
Vanessa Leimenstoll,Hoffenheim W,0.923418297,2,8,0.115427287125,1.076581703,0.8
Vangelis Moras,Hellas Verona,0.595761296,1,8,0.074470162,0.40423870399999995,0.8
Vasco Regini,Sampdoria,0.66732312,0,8,0.08341539,-0.66732312,0.8
Vassilis Torosidis,AS Roma,0.106024381,0,2,0.0530121905,-0.106024381,0.2
Vasyl Pryyma,Frosinone,0.026847938,0,1,0.026847938,-0.026847938,0.1
Veatriki Sarri,Birmingham City WFC,0.05976101,1,1,0.05976101,0.94023899,0.1
Veatriki Sarri,Brighton & Hove Albion WFC,1.520698653,0,14,0.10862133235714286,-1.520698653,1.4
Vedad Ibišević,Hertha Berlin,8.352579487,10,61,0.1369275325737705,1.6474205130000001,6.1
Velibor Vasović,Ajax,0.03358041,0,1,0.03358041,-0.03358041,0.1
Veljko Birmančević,Serbia,0.025560735,0,1,0.025560735,-0.025560735,0.1
Veljko Birmančević,Toulouse,0.08130902,0,1,0.08130902,-0.08130902,0.1
Verena Hanshaw,Austria Women's,0.160626553,0,3,0.05354218433333333,-0.160626553,0.3
Verena Hanshaw,Eintracht Frankfurt W,0.8270277945,0,17,0.048648693794117646,-0.8270277945,1.7
Verena Wieder,TSV Bayer 04 Leverkusen,1.255021204,2,10,0.1255021204,0.744978796,1.0
Veronica Battelani,Sampdoria W,0.50798099,0,13,0.03907546076923077,-0.50798099,1.3
Veronica Latsko,Houston Dash,0.174568044,1,2,0.087284022,0.825431956,0.2
Veronica Latsko,Seattle Reign,2.939503371,6,24,0.12247930712499999,3.060496629,2.4
Verónica Boquete Giadáns,Fiorentina W,8.882208325,9,51,0.17416094754901962,0.11779167499999943,5.1
Vicente Alberto Pernía,Boca Juniors,0.040991135,0,1,0.040991135,-0.040991135,0.1
Vicente Iborra De La Fuente,Levante UD,0.016565174,0,1,0.016565174,-0.016565174,0.1
Vicente Iborra De La Fuente,Sevilla,5.783717979,7,34,0.17010935232352942,1.2162820209999996,3.4
Vicente Iborra De La Fuente,Villarreal,0.548964045,1,4,0.13724101125,0.45103595500000004,0.4
Vicente Rodríguez Guillén,Valencia,0.38812261,0,5,0.077624522,-0.38812261,0.5
Vicki Becho,France Women's,1.210213433,1,7,0.1728876332857143,-0.21021343300000006,0.7
Victor Bernth Kristansen,Denmark,0.039637595,0,1,0.039637595,-0.039637595,0.1
Victor Chinedu Anichebe,West Bromwich Albion,1.614078457,0,14,0.11529131835714286,-1.614078457,1.4
Victor James Osimhen,Nigeria,2.2961830350000003,1,24,0.09567429312500002,-1.2961830350000003,2.4
Victor Moses,Nigeria,1.163027453,1,7,0.166146779,-0.163027453,0.7
Victor Moses,West Ham United,1.4037406365,1,21,0.06684479221428571,-0.4037406365,2.1
Victor Obinna Nsofor,Málaga,0.15087459199999997,0,2,0.07543729599999999,-0.15087459199999997,0.2
Victor Okoh Boniface,Bayer Leverkusen,16.4942209815,14,81,0.2036323577962963,-2.4942209815,8.1
Victor Wanyama,Southampton,2.187995555,1,31,0.07058050177419355,-1.187995555,3.1
Victoria Dellaperuta,Sampdoria W,4.630513692,8,24,0.1929380705,3.369486308,2.4
Victoria Esson,New Zealand Women's,0.11237533,0,1,0.11237533,-0.11237533,0.1
Victoria Krug,RB Leipzig W,0.39065026199999997,1,4,0.09766256549999999,0.609349738,0.4
Victoria López,Barcelona WFC,7.744466161,9,53,0.14612200303773584,1.255533839,5.3
Victoria López,Spain Women's,1.215265197,1,7,0.17360931385714284,-0.2152651969999999,0.7
Victoria Pelova,Arsenal WFC,2.8985315959999998,2,26,0.11148198446153845,-0.8985315959999998,2.6
Victoria Pelova,Netherlands Women's,1.580808546,3,12,0.1317340455,1.419191454,1.2
Victoria Pickett,NJ/NY Gotham FC,0.05134107,0,1,0.05134107,-0.05134107,0.1
Victoria Pickett,North Carolina Courage,0.7747355,1,4,0.193683875,0.22526449999999998,0.4
Victoria Williams,Brighton & Hove Albion WFC,2.0270584014999997,2,21,0.09652659054761903,-0.027058401499999718,2.1
Victoriano Rivas Álvaro,Getafe,0.1340605,0,1,0.1340605,-0.1340605,0.1
Vignesh Dakshinamurthy,Mumbai City,0.193076568,0,2,0.096538284,-0.193076568,0.2
Vikram Partap Singh,Mumbai City,1.67801978,2,3,0.5593399266666667,0.32198021999999993,0.3
Vikram Pratap Singh,Mumbai City,1.1670365649999999,1,13,0.08977204346153846,-0.16703656499999986,1.3
Viktor Claesson,Sweden,1.452720367,1,8,0.181590045875,-0.45272036699999996,0.8
Viktor Fischer,Denmark,0.018616632,0,1,0.018616632,-0.018616632,0.1
Viktor Tsygankov,Ukraine,0.291909246,0,3,0.097303082,-0.291909246,0.3
Viktoria Schnaderbeck,Arsenal WFC,0.291692285,0,4,0.07292307125,-0.291692285,0.4
Vilde Bøe Risa,Atletico Madrid W,2.617700317,1,38,0.06888685044736842,-1.6177003170000002,3.8
Vilde Bøe Risa,Norway Women's,0.457907683,0,9,0.05087863144444445,-0.457907683,0.9
Vincent Bessat,Caen,0.557155589,1,10,0.055715558899999997,0.44284441100000005,1.0
Vincent Bessat,Stade Malherbe Caen,1.6526421775,0,30,0.055088072583333335,-1.6526421775,3.0
Vincent Janssen,Netherlands,0.146426904,0,2,0.073213452,-0.146426904,0.2
Vincent Kompany,Belgium,0.702536961,0,6,0.11708949349999999,-0.702536961,0.6
Vincent Kompany,Manchester City,0.9363273489999999,2,11,0.08512066809090908,1.063672651,1.1
Vincent Koziello,OGC Nice,1.296762903,3,14,0.09262592164285714,1.703237097,1.4
Vincent Laurini,Empoli,0.470355882,1,3,0.156785294,0.529644118,0.3
Vincent Le Goff,Lorient,0.292510681,0,7,0.04178724014285714,-0.292510681,0.7
Vincent Manceau,Angers,0.086388033,0,6,0.0143980055,-0.086388033,0.6
Vincent Marchetti,AC Ajaccio,0.196951756,0,4,0.049237939,-0.196951756,0.4
Vincent Pajot,Metz,0.015160786,0,1,0.015160786,-0.015160786,0.1
Vincent Pajot,Saint-Étienne,1.7407292076,1,23,0.07568387859130435,-0.7407292076,2.3
Vincent Paté Aboubakar,Cameroon,0.771873495,2,6,0.1286455825,1.228126505,0.6
Vincent Sierro,Switzerland,0.01663088,0,1,0.01663088,-0.01663088,0.1
Vincenzo Renato Rennella,Real Betis,0.98992931,1,5,0.19798586199999998,0.010070690000000049,0.5
Vincy Barretto,Kerala Blasters,0.8500742960000001,2,9,0.09445269955555556,1.149925704,0.9
Vinit Rai Chamling,Mumbai City,0.06978764800000001,0,2,0.034893824000000004,-0.06978764800000001,0.2
Vinit Rai Chamling,Odisha,0.085720643,0,2,0.0428603215,-0.085720643,0.2
Vinícius José Paixão de Oliveira Júnior,Brazil,1.881998485,3,13,0.14476911423076924,1.118001515,1.3
Vinícius José Paixão de Oliveira Júnior,Real Madrid,0.978360696,1,10,0.09783606959999999,0.021639304000000026,1.0
Viola Calligaris,Juventus W,0.529317546,0,5,0.10586350920000001,-0.529317546,0.5
Violah Nambi Ssebunya,Pomigliano,2.7759382065000002,1,36,0.07710939462500001,-1.7759382065000002,3.6
Violeta García Quiles,Real Betis Balompié,2.012631442,3,19,0.10592797063157895,0.987368558,1.9
Virgil van Dijk,Liverpool,0.502282824,0,2,0.251141412,-0.502282824,0.2
Virgil van Dijk,Netherlands,1.389578208,0,9,0.15439757866666667,-1.389578208,0.9
Virgil van Dijk,Southampton,3.364708953,3,29,0.11602444665517242,-0.36470895300000006,2.9
Virginia Di Giammarino,Pomigliano,1.775439727,0,28,0.06340856167857142,-1.775439727,2.8
Virginia Kirchberger,Eintracht Frankfurt W,0.361390074,0,4,0.0903475185,-0.361390074,0.4
Virginia Torrecilla Reyes,Spain Women's,0.140930683,0,5,0.0281861366,-0.140930683,0.5
Virág Nagy,Sampdoria W,0.368152605,0,3,0.122717535,-0.368152605,0.3
Virág Nagy,Sassuolo W,0.12055879,1,1,0.12055879,0.87944121,0.1
Visar Musliu,North Macedonia,0.15693648,0,1,0.15693648,-0.15693648,0.1
Vitor Machado Ferreira,Paris Saint-Germain,1.911770026,1,25,0.07647080104,-0.9117700259999999,2.5
Vitor Machado Ferreira,Portugal,0.775275607,0,10,0.0775275607,-0.775275607,1.0
Vitorino Gabriel Pacheco Antunes,Getafe,0.159580783,0,6,0.02659679716666667,-0.159580783,0.6
Vitorino Hilton da Silva,Montpellier,1.851327809,1,23,0.08049251343478261,-0.851327809,2.3
Vivaldo Borges dos Santos Neto,Clermont Foot,0.028883625,0,1,0.028883625,-0.028883625,0.1
Viviana Villacorta,Orlando Pride,0.472199085,0,8,0.059024885625,-0.472199085,0.8
Viviane Asseyi,France Women's,0.423599276,0,3,0.14119975866666667,-0.423599276,0.3
Viviane Asseyi,West Ham United LFC,10.190919225,6,65,0.1567833726923077,-4.190919225,6.5
Vivianne Miedema,Arsenal WFC,52.727936673,57,296,0.17813492119256757,4.272063326999998,29.6
Vivianne Miedema,Netherlands Women's,3.604506188,4,29,0.12429331682758621,0.3954938119999998,2.9
Vivien Endemann,VfL Wolfsburg WFC,4.890578272,9,25,0.19562313088,4.109421728,2.5
Vlad Iulian Chiricheș,Napoli,0.602984264,1,5,0.12059685280000002,0.39701573599999995,0.5
Vladimir Hagara,Czechoslovakia,0.218937374,0,4,0.0547343435,-0.218937374,0.4
Vladimir Koman Jr.,Chennaiyin,1.8729671724999999,3,20,0.093648358625,1.1270328275000001,2.0
Vladimir Manchev,Levante UD,0.38923463999999997,0,2,0.19461731999999998,-0.38923463999999997,0.2
Vladimir Mikhalevsky,Soviet Union U20,0.01123187,0,1,0.01123187,-0.01123187,0.1
Vladimir Smicer,Liverpool,0.835480388,2,4,0.208870097,1.1645196119999999,0.4
Vladimír Coufal,Czech Republic,0.147382333,0,3,0.04912744433333333,-0.147382333,0.3
Vladimír Darida,Czech Republic,0.083158352,0,2,0.041579176,-0.083158352,0.2
Vladimír Darida,Hertha Berlin,2.628085678,5,41,0.06409965068292683,2.371914322,4.1
Vladimír Weiss,Espanyol,0.08997993600000001,0,3,0.029993312000000005,-0.08997993600000001,0.3
Vladimír Weiss,Slovakia,0.038959384,0,1,0.038959384,-0.038959384,0.1
Vladlen Yurchenko,Bayer Leverkusen,0.272102531,1,5,0.054420506199999996,0.727897469,0.5
Vlatko Stojanovski,North Macedonia,0.034134068,0,1,0.034134068,-0.034134068,0.1
Volodymyr Brazhko,Ukraine,0.040761579,0,2,0.0203807895,-0.040761579,0.2
Vurnon Anita,Newcastle United,0.352766774,1,8,0.04409584675,0.647233226,0.8
Vyan Sampson,Jamaica Women's,0.076605746,0,2,0.038302873,-0.076605746,0.2
Václav Kadlec,Eintracht Frankfurt,0.32733265,0,2,0.163666325,-0.32733265,0.2
Václav Černý,Czech Republic,0.382498716,0,2,0.191249358,-0.382498716,0.2
Vágner Silva de Souza,AS Monaco,6.39178065,4,25,0.25567122600000003,-2.3917806500000003,2.5
Víctor Alejandro Dávila Zavala,Chile,0.360704409,0,5,0.0721408818,-0.360704409,0.5
Víctor Camarasa Ferrando,Levante UD,2.281580686,2,28,0.08148502449999999,-0.28158068599999986,2.8
Víctor Campuzano Bonilla,Espanyol,0.23146546,0,1,0.23146546,-0.23146546,0.1
Víctor Casadesús Castaño,Levante UD,1.101692546,3,13,0.08474558046153846,1.898307454,1.3
Víctor Casadesús Castaño,Mallorca,0.89357286,1,2,0.44678643,0.10642713999999998,0.2
Víctor Guillermo Álvarez Delgado,Espanyol,1.595940076,1,13,0.12276462123076923,-0.595940076,1.3
Víctor Gustavo Velázquez Ramos,Paraguay,0.058911372,0,1,0.058911372,-0.058911372,0.1
Víctor Javier Añino Bermúdez,Racing Santander,0.04377126,0,1,0.04377126,-0.04377126,0.1
Víctor Laguardia Cisneros,Deportivo Alavés,0.015292619,0,1,0.015292619,-0.015292619,0.1
Víctor Machín Pérez,Sevilla,4.816927603,3,33,0.14596750312121212,-1.816927603,3.3
Víctor Mongil Adeva,Odisha,0.5470791899999999,0,5,0.10941583799999999,-0.5470791899999999,0.5
Víctor Muñoz Manrique,Barcelona,0.260181116,1,3,0.08672703866666666,0.739818884,0.3
Víctor Pérez Alonso,Real Valladolid,0.01243428,0,1,0.01243428,-0.01243428,0.1
Víctor Rodríguez Romero,Getafe,4.042637735,2,45,0.0898363941111111,-2.0426377349999996,4.5
Víctor Rodríguez Romero,Real Zaragoza,0.23802845299999997,0,2,0.11901422649999999,-0.23802845299999997,0.2
Víctor Ruíz Torre,Real Betis,0.28997171,1,2,0.144985855,0.71002829,0.2
Víctor Ruíz Torre,Valencia,0.36192408,0,1,0.36192408,-0.36192408,0.1
Víctor Ruíz Torre,Villarreal,1.177566294,0,6,0.196261049,-1.177566294,0.6
Víctor Sánchez Mata,Espanyol,2.888454334,1,28,0.10315908335714286,-1.888454334,2.8
Víctor Yoshimar Yotún Flores,Peru,0.044631706,0,3,0.014877235333333334,-0.044631706,0.3
Vítor Hugo Gomes Passos,Real Valladolid,0.09734749840000001,0,6,0.01622458306666667,-0.09734749840000001,0.6
Vítor Manuel Carvalho Oliveira,Olympique de Marseille,0.4377117,0,1,0.4377117,-0.4377117,0.1
Wahbi Khazri,Bordeaux,5.26247682,5,41,0.1283530931707317,-0.26247681999999983,4.1
Wahbi Khazri,Montpellier,0.409893661,1,2,0.2049468305,0.590106339,0.2
Wahbi Khazri,Saint-Étienne,0.035386577,0,1,0.035386577,-0.035386577,0.1
Wahbi Khazri,Sunderland,0.993194306,2,25,0.03972777224,1.006805694,2.5
Wahbi Khazri,Tunisia,2.032251771,3,17,0.1195442218235294,0.9677482290000001,1.7
Wahengbam Angousana Luwang,East Bengal,0.167734272,0,3,0.055911423999999994,-0.167734272,0.3
Wajdi Kechrida,Tunisia,0.047243394,0,1,0.047243394,-0.047243394,0.1
Waldemar Anton,Hannover 96,0.485010957,1,6,0.0808351595,0.5149890429999999,0.6
Waldemar Anton,VfB Stuttgart,0.025678443,0,1,0.025678443,-0.025678443,0.1
Waldo Rubio Martín,Real Valladolid,0.055213502,0,2,0.027606751,-0.055213502,0.2
Waldyr Pereira,Brazil,0.801578189,1,16,0.0500986368125,0.198421811,1.6
Walid Cheddira,Morocco,0.39512246,0,2,0.19756123,-0.39512246,0.2
Walid Mesloub,Lorient,1.095361837,1,22,0.04978917440909091,-0.095361837,2.2
Walker Zimmerman,United States,0.14984319,0,1,0.14984319,-0.14984319,0.1
Wallace Fortuna dos Santos,AS Monaco,1.11664043,1,13,0.08589541769230769,-0.1166404299999999,1.3
Wallace Oliveira dos Santos,Carpi,0.290352459,0,5,0.0580704918,-0.290352459,0.5
Wallyson Teixeira Mallmann,OGC Nice,0.996071605,0,15,0.06640477366666667,-0.996071605,1.5
Walter Gerardo Pandiani Urquiza,Osasuna,0.591122865,1,5,0.118224573,0.408877135,0.5
Wanderson Maciel Sousa Campos,Getafe,1.2433693559999999,0,24,0.0518070565,-1.2433693559999999,2.4
Warren Steven Madrigal Molina,Costa Rica,0.08699093,0,1,0.08699093,-0.08699093,0.1
Warren Zaire Emery,Paris Saint-Germain,0.7899033925000001,1,7,0.1128433417857143,0.21009660749999992,0.7
Wataru Endo,Japan,0.239743651,0,6,0.03995727516666667,-0.239743651,0.6
Wayne Bridge,Chelsea,0.07821239,0,1,0.07821239,-0.07821239,0.1
Wayne Mark Rooney,Everton,0.646156401,0,6,0.10769273350000001,-0.646156401,0.6
Wayne Mark Rooney,Manchester United,7.789924044,9,74,0.10526924383783784,1.2100759559999998,7.4
Wayne Routledge,Swansea City,2.538010531,2,18,0.14100058505555554,-0.5380105309999998,1.8
Weligton Róbson Pena de Oliveira,Málaga,0.424383718,0,4,0.1060959295,-0.424383718,0.4
Wellington Alves da Silva,Almería,0.13306102,0,1,0.13306102,-0.13306102,0.1
Wendell Nascimento Borges,Bayer Leverkusen,0.922684756,0,18,0.05126026422222222,-0.922684756,1.8
Wendie Renard,France Women's,5.336022884,6,29,0.18400078910344828,0.6639771159999999,2.9
Wendy Shongwe,South Africa Women's,0.08277826799999999,0,2,0.041389133999999994,-0.08277826799999999,0.2
Wendy Yisbel Natis Bárcenas,Panama Women's,0.078894291,0,2,0.0394471455,-0.078894291,0.2
Wergiton do Rosário Calmon,Toulouse,1.007868504,0,12,0.083989042,-1.007868504,1.2
Weronika Kaczor,Nürnberg W,0.025690459,0,1,0.025690459,-0.025690459,0.1
Wes Brown,Manchester United,0.2251793,0,1,0.2251793,-0.2251793,0.1
Wes Hoolahan,Norwich City,3.5446634164999997,4,26,0.13633320832692306,0.4553365835000003,2.6
Wes Morgan,Leicester City,3.264953451,2,21,0.15547397385714284,-1.2649534509999998,2.1
Wesley Hoedt,Lazio,0.668975807,0,12,0.05574798391666667,-0.668975807,1.2
Wesley Lautoa,Lorient,0.38004487,0,5,0.07600897399999999,-0.38004487,0.5
Wesley Sneijder,Inter Milan,0.398274095,0,6,0.06637901583333333,-0.398274095,0.6
Wesley Sneijder,Real Madrid,0.28552557,0,4,0.0713813925,-0.28552557,0.4
Weston McKennie,United States,0.534270802,0,7,0.07632440028571429,-0.534270802,0.7
Whitney Church,Washington Spirit,0.235587333,0,4,0.05889683325,-0.235587333,0.4
Wieke Hendrikje Maria Kaptein,Netherlands Women's,0.250049985,0,4,0.06251249625,-0.250049985,0.4
Wiktoria Kiszkis,West Ham United LFC,0.04462373,0,1,0.04462373,-0.04462373,0.1
Wilder José Cartagena Mendoza,Peru,0.013362061,0,1,0.013362061,-0.013362061,0.1
Wilfried Guemiand Bony,Manchester City,7.151262366,4,61,0.11723380927868852,-3.151262366,6.1
Wilfried Moimbé,Nantes,0.76347774,0,8,0.0954347175,-0.76347774,0.8
Wilfried Stephane Singo,Côte d'Ivoire,0.33781996999999997,0,5,0.06756399399999999,-0.33781996999999997,0.5
Wilfried Zaha,Crystal Palace,3.407235342,2,33,0.10324955581818182,-1.407235342,3.3
Wilker José Ángel Romero,Venezuela,0.74347776,0,1,0.74347776,-0.74347776,0.1
Willem van Hanegem,Netherlands,0.869910494,0,12,0.07249254116666666,-0.869910494,1.2
Willi Orban,Hungary,0.42672635,0,3,0.14224211666666667,-0.42672635,0.3
William Gallas,Chelsea,0.24485552800000002,0,3,0.08161850933333334,-0.24485552800000002,0.3
William Jean Rémy,Montpellier,0.5783182805,0,15,0.038554552033333335,-0.5783182805,1.5
William Saliba,France,0.17932609,0,2,0.089663045,-0.17932609,0.2
William Saliba,Olympique de Marseille,0.018984035,0,1,0.018984035,-0.018984035,0.1
William Silva de Carvalho,Portugal,0.061643636,0,2,0.030821818,-0.061643636,0.2
William Silva de Carvalho,Real Betis,0.050926216,0,1,0.050926216,-0.050926216,0.1
William Troost-Ekong,Nigeria,2.528706422,4,8,0.31608830275,1.471293578,0.8
William Vainqueur,AS Roma,0.11170227499999999,0,4,0.027925568749999997,-0.11170227499999999,0.4
Willian Borges da Silva,Brazil,0.206556839,0,5,0.0413113678,-0.206556839,0.5
Willian Borges da Silva,Chelsea,4.171200021,5,59,0.07069830544067796,0.8287999790000002,5.9
Willian Joel Pacho Tenorio,Eintracht Frankfurt,0.108786836,0,1,0.108786836,-0.108786836,0.1
Willian José da Silva,Las Palmas,6.8587964297,9,54,0.12701474869814813,2.1412035703,5.4
Willian José da Silva,Real Sociedad,3.072821421,3,22,0.13967370095454545,-0.072821421,2.2
Willy Afonso Semedo Johnson,Cape Verde Islands,1.087438655,0,5,0.217487731,-1.087438655,0.5
Willy Boly,Côte d'Ivoire,0.16357222,0,1,0.16357222,-0.16357222,0.1
Wilson Odobert,Troyes,0.029541776,0,1,0.029541776,-0.029541776,0.1
Wim Jansen,Netherlands,0.589256875,0,5,0.11785137500000001,-0.589256875,0.5
Wim Suurbier,Ajax,0.092664726,0,3,0.030888242,-0.092664726,0.3
Wim Suurbier,Netherlands,0.22092373599999998,0,3,0.07364124533333333,-0.22092373599999998,0.3
Winston Reid,West Ham United,1.767294326,1,18,0.09818301811111112,-0.767294326,1.8
Wissam Ben Yedder,AS Monaco,0.022966105,0,1,0.022966105,-0.022966105,0.1
Wissam Ben Yedder,Sevilla,1.009133734,0,7,0.144161962,-1.009133734,0.7
Wissam Ben Yedder,Toulouse,16.039862347,17,94,0.1706368334787234,0.9601376530000003,9.4
Witiness Chimoio João Quembo,Mozambique,0.333455914,1,4,0.0833639785,0.666544086,0.4
Wolfgang Overath,Germany,0.036943372,0,1,0.036943372,-0.036943372,0.1
Woo-Yeong Jeong,South Korea,0.042697147,0,1,0.042697147,-0.042697147,0.1
Woo-Young Jung,South Korea,0.096023646,0,4,0.0240059115,-0.096023646,0.4
Wout Weghorst,Hoffenheim,0.982592764,1,3,0.32753092133333334,0.017407236000000048,0.3
Wout Weghorst,Netherlands,2.031208205,5,12,0.16926735041666666,2.968791795,1.2
Wungngayam Muirang,Bengaluru,0.10240534,0,1,0.10240534,-0.10240534,0.1
Xabier Alonso Olano,Bayern Munich,0.662439202,0,13,0.05095686169230769,-0.662439202,1.3
Xabier Alonso Olano,Liverpool,1.287620236,1,5,0.2575240472,-0.287620236,0.5
Xabier Alonso Olano,Real Madrid,0.687772323,0,4,0.17194308075,-0.687772323,0.4
Xabier Etxeita Gorritxategi,Athletic Club,0.768408347,0,10,0.0768408347,-0.768408347,1.0
Xabier Prieto Argarate,Real Sociedad,4.187365507,5,27,0.15508761137037036,0.812634493,2.7
Xaver Schlager,Austria,0.123935453,0,5,0.0247870906,-0.123935453,0.5
Xaver Schlager,RB Leipzig,0.018599106,0,1,0.018599106,-0.018599106,0.1
Xavi Simons,Netherlands,0.731660562,1,11,0.06651459654545454,0.26833943800000004,1.1
Xavi Simons,Paris Saint-Germain,0.36230717,0,2,0.181153585,-0.36230717,0.2
Xavi Simons,RB Leipzig,0.09039201,1,1,0.09039201,0.90960799,0.1
Xavier Chavalerin,Troyes,0.043578036,0,1,0.043578036,-0.043578036,0.1
Xavier Hernández Creus,Barcelona,28.116528005,36,316,0.08897635444620253,7.883471995000001,31.6
Xavier Torres Buigues,Getafe,0.018632445,0,1,0.018632445,-0.018632445,0.1
Xavier Torres Buigues,Levante UD,0.06660828399999999,0,3,0.02220276133333333,-0.06660828399999999,0.3
Xavier Torres Buigues,Real Betis,0.564647299,0,9,0.06273858877777777,-0.564647299,0.9
Xenia Perez,Atletico Madrid W,1.307663104,2,15,0.08717754026666666,0.692336896,1.5
Xherdan Shaqiri,Lyon,0.04341201,0,1,0.04341201,-0.04341201,0.1
Xherdan Shaqiri,Stoke City,2.5155341415,3,39,0.06450087542307692,0.4844658585000001,3.9
Xherdan Shaqiri,Switzerland,3.02070863,7,30,0.10069028766666667,3.97929137,3.0
Yacine Adli,Bordeaux,0.11889150600000001,0,2,0.059445753000000004,-0.11889150600000001,0.2
Yacine Bammou,Nantes,2.871317444,4,43,0.06677482427906978,1.1286825559999998,4.3
Yacine Brahimi,Granada,0.456137735,1,3,0.15204591166666667,0.543862265,0.3
Yacoub Aly Abeid,Mauritania,0.03173358,0,1,0.03173358,-0.03173358,0.1
Yacouba Sylla,Rennes,0.4944720535,0,11,0.04495200486363637,-0.4944720535,1.1
Yahia Attiyat allah,Morocco,0.247869935,0,2,0.1239349675,-0.247869935,0.2
Yakubu Aiyegbeni,Portsmouth,0.7794099130000001,1,8,0.09742623912500001,0.22059008699999993,0.8
Yamila Tamara Rodríguez,Argentina Women's,0.020694561,0,1,0.020694561,-0.020694561,0.1
Yan Brice Eteki,Granada,0.07546384,0,2,0.03773192,-0.07546384,0.2
Yan Valery,Angers,0.020038718,0,1,0.020038718,-0.020038718,0.1
Yan Wang,China PR Women's,0.015481052,0,1,0.015481052,-0.015481052,0.1
Yana Daniëls,Bristol City WFC,3.753518981,3,28,0.13405424932142856,-0.753518981,2.8
Yana Daniëls,Liverpool WFC,0.9465837960000001,1,9,0.10517597733333334,0.05341620399999991,0.9
Yanara Katherine Nicole Aedo Muñoz,Chile Women's,0.151289603,0,2,0.0756448015,-0.151289603,0.2
Yangel Clemente Herrera Ravelo,Granada,0.130451909,0,2,0.0652259545,-0.130451909,0.2
Yangel Clemente Herrera Ravelo,Venezuela,1.262364751,0,8,0.157795593875,-1.262364751,0.8
Yankuba Minteh,Gambia,0.118634676,0,2,0.059317338,-0.118634676,0.2
Yann Bodiger,Toulouse,0.91470165,1,10,0.091470165,0.08529834999999997,1.0
Yann Gérard M''Vila,Sunderland,1.049750447,1,28,0.03749108739285715,-0.049750447000000086,2.8
Yann Gérard M'Vila,Sunderland,0.038148382,0,2,0.019074191,-0.038148382,0.2
Yann Jouffre,Lorient,2.8922723169999998,2,38,0.07611242939473684,-0.8922723169999998,3.8
Yann Kermorgant,AFC Bournemouth,0.141305026,0,2,0.070652513,-0.141305026,0.2
Yanni Regäsel,Eintracht Frankfurt,0.125793416,0,3,0.041931138666666666,-0.125793416,0.3
Yanni Regäsel,Hertha Berlin,0.010636382,0,1,0.010636382,-0.010636382,0.1
Yannick Bolasie Yala,Crystal Palace,4.4380402125,5,58,0.07651793469827586,0.5619597875000002,5.8
Yannick Cahuzac,Bastia,1.23819186,2,11,0.11256289636363635,0.7618081400000001,1.1
Yannick Ferreira Carrasco,Atlético Madrid,5.314465804,6,68,0.07815390888235295,0.6855341959999999,6.8
Yannick Ferreira Carrasco,Belgium,1.630952939,0,17,0.09593840817647059,-1.630952939,1.7
Yannick Gerhardt,FC Köln,1.5879943460000001,2,25,0.06351977384,0.4120056539999999,2.5
Yannick Gerhardt,Wolfsburg,0.10610794,0,2,0.05305397,-0.10610794,0.2
Yannik Keitel,Freiburg,0.31895399,1,2,0.159476995,0.68104601,0.2
Yannis Salibur,Guingamp,4.786801668,7,78,0.06136925215384615,2.213198332,7.8
Yao Wei,China PR Women's,0.05148568,0,2,0.02574284,-0.05148568,0.2
Yaroslav Dumanskiy,Soviet Union U20,0.093119462,0,3,0.031039820666666666,-0.093119462,0.3
Yaser Esneider Asprilla Martínez,Colombia,0.107860529,0,2,0.0539302645,-0.107860529,0.2
Yasha Gu,China PR Women's,0.21119111000000002,0,2,0.10559555500000001,-0.21119111000000002,0.2
Yasir Gharsan Al Shahrani,Saudi Arabia,0.17978291799999999,0,5,0.035956583599999994,-0.17978291799999999,0.5
Yasmin Katie Mrabet,FC Levante Badalona,2.9870687045,2,27,0.11063217424074073,-0.9870687045,2.7
Yassine Benzia,Lille,3.375130415,5,37,0.09121974094594595,1.624869585,3.7
Yassine Meriah,Tunisia,0.368177831,0,3,0.12272594366666667,-0.368177831,0.3
Yazmeen Ryan,NJ/NY Gotham FC,3.8046784355,2,45,0.08454840967777778,-1.8046784355,4.5
Yeferson Julio Soteldo Martínez,Venezuela,0.28441677099999996,0,4,0.07110419274999999,-0.28441677099999996,0.4
Yeltsin Ignacio Tejeda Valverde,Costa Rica,0.5310901889999999,1,2,0.26554509449999997,0.46890981100000007,0.2
Yendrembam Denechandra Meitei,Kerala Blasters,0.01589294,0,1,0.01589294,-0.01589294,0.1
Yeray Álvarez López,Athletic Club,0.42516333,0,3,0.14172111,-0.42516333,0.3
Yerliane Glamar Moreno Hernández,Costa Adeje Tenerife,0.42633213,0,15,0.028422141999999997,-0.42633213,1.5
Yerry Fernando Mina González,Barcelona,0.19893388,0,3,0.06631129333333334,-0.19893388,0.3
Yerry Fernando Mina González,Colombia,0.73837022,3,3,0.24612340666666666,2.26162978,0.3
Yessenia Andrea López López,Chile Women's,0.036072897,0,2,0.0180364485,-0.036072897,0.2
Yevhen Konoplyanka,Sevilla,4.633380879,4,51,0.09085060547058824,-0.6333808789999997,5.1
Ygor de Oliveira Ferreira,Mumbai City,1.6451529515,3,19,0.08658699744736842,1.3548470485,1.9
Yiannis Tomaras,Panathinaikos,0.039419405,0,1,0.039419405,-0.039419405,0.1
Ying Li,China PR Women's,0.365522039,1,5,0.0731044078,0.634477961,0.5
Yoan Gouffran,Newcastle United,0.099504768,0,3,0.033168256,-0.099504768,0.3
Yoane Wissa,Congo DR,4.594046044,3,21,0.21876409733333332,-1.5940460439999997,2.1
Yoann Andreu,Angers,0.301463107,0,5,0.0602926214,-0.301463107,0.5
Yoann Court,Troyes,1.3718344900000001,0,23,0.059644977826086965,-1.3718344900000001,2.3
Yoann Gourcuff,Rennes,1.275471845,2,10,0.1275471845,0.724528155,1.0
Yoann Salmier,Troyes,0.03820183,0,1,0.03820183,-0.03820183,0.1
Yohan Cabaye,Crystal Palace,6.6501484445,5,69,0.09637896296376812,-1.6501484445,6.9
Yohan Mollo,Saint-Étienne,0.013965255,0,1,0.013965255,-0.013965255,0.1
Yohann Magnin,Clermont Foot,0.11048343,0,1,0.11048343,-0.11048343,0.1
Yomira Tibisay Pinzón Ríos,Panama Women's,0.76046705,1,1,0.76046705,0.23953294999999997,0.1
Yong Lee,South Korea,0.014306382,0,1,0.014306382,-0.014306382,0.1
Yorbe Vertessen,Union Berlin,0.15440555,0,1,0.15440555,-0.15440555,0.1
Yordan Hernando Osorio Paredes,Venezuela,0.7618412299999999,0,3,0.25394707666666666,-0.7618412299999999,0.3
Yoshinori Muto,FSV Mainz 05,7.044931827,7,32,0.22015411959375,-0.04493182700000009,3.2
Yoshinori Muto,Japan,0.148918524,0,2,0.074459262,-0.148918524,0.2
Yoshito Ōkubo,Mallorca,0.044579064,0,2,0.022289532,-0.044579064,0.2
Youcef Atal,Algeria,0.098802464,0,3,0.032934154666666667,-0.098802464,0.3
Youcef Atal,OGC Nice,0.033307288,0,1,0.033307288,-0.033307288,0.1
Younes Kaboul,Sunderland,1.1996762010000002,0,11,0.10906147281818183,-1.1996762010000002,1.1
Young-Gwon Kim,South Korea,1.1731752,2,3,0.3910584,0.8268248,0.3
Young-Ju Lee,Madrid CFF,1.00159592,2,8,0.12519949,0.99840408,0.8
Younousse Sankharé,Guingamp,2.7876539615,6,30,0.09292179871666667,3.2123460385,3.0
Younès Belhanda,Morocco,0.577652044,0,6,0.09627534066666667,-0.577652044,0.6
Younès Belhanda,Schalke 04,1.3848537220000001,2,13,0.10652720938461539,0.6151462779999999,1.3
Youri Djorkaeff,Bolton Wanderers,0.37250906,0,3,0.12416968666666667,-0.37250906,0.3
Youri Tielemans,Belgium,0.346418247,1,10,0.034641824700000004,0.653581753,1.0
Youssef El-Arabi,Granada,13.8326579855,16,79,0.17509693652531644,2.167342014500001,7.9
Youssef En-Nesyri,Leganés,0.50537173,1,8,0.06317146625,0.49462827,0.8
Youssef En-Nesyri,Morocco,2.642543154,4,20,0.1321271577,1.3574568459999998,2.0
Youssef En-Nesyri,Sevilla,0.12938732,0,1,0.12938732,-0.12938732,0.1
Youssef Msakni,Tunisia,1.375739852,0,15,0.09171599013333333,-1.375739852,1.5
Youssouf Chafiq Mulumbu Ngangu,Norwich City,0.166108009,0,3,0.05536933633333333,-0.166108009,0.3
Youssouf Fofana,AS Monaco,0.053743872,0,2,0.026871936,-0.053743872,0.2
Youssouf Fofana,France,1.0811129780000002,1,6,0.18018549633333336,-0.08111297800000017,0.6
Youssouf Ndayishimiye,OGC Nice,0.13934782099999998,0,3,0.04644927366666666,-0.13934782099999998,0.3
Youssouf Sabaly,Nantes,0.50838967,2,13,0.03910689769230769,1.4916103299999999,1.3
Youssouf Sabaly,Senegal,0.162504479,0,4,0.04062611975,-0.162504479,0.4
Yroundu Musavu-King,Bengaluru,0.12279011000000001,0,2,0.061395055000000004,-0.12279011000000001,0.2
Yu-Ri Choe,Korea Republic Women's,0.136789255,0,3,0.04559641833333333,-0.136789255,0.3
Yui Hasegawa,Japan Women's,0.855460907,1,10,0.0855460907,0.144539093,1.0
Yui Hasegawa,Manchester City WFC,0.548770669,0,10,0.05487706690000001,-0.548770669,1.0
Yuika Sugasawa,Japan Women's,2.197122112,1,12,0.18309350933333335,-1.1971221120000002,1.2
Yuka Momiki,Japan Women's,0.14069925,0,1,0.14069925,-0.14069925,0.1
Yuka Momiki,Leicester City WFC,2.665165849,2,20,0.13325829245,-0.6651658490000001,2.0
Yuki Nagasato,Chicago Red Stars,3.3792915459999997,6,18,0.1877384192222222,2.6207084540000003,1.8
Yuki Soma,Japan,0.16470617799999998,0,3,0.05490205933333333,-0.16470617799999998,0.3
Yuki Togawa,Napoli W,0.048990503,0,1,0.048990503,-0.048990503,0.1
Yulema Corres Somovilla,Athletic Club Bilbao,0.031781387,0,1,0.031781387,-0.031781387,0.1
Yunis Abdelhamid,Stade de Reims,0.106135989,0,3,0.035378663,-0.106135989,0.3
Yunus Dimoara Musah,United States,0.237599187,0,4,0.05939979675,-0.237599187,0.4
Yunus Mallı,FSV Mainz 05,8.901392495,11,63,0.14129194436507936,2.0986075050000004,6.3
Yuping Lin,China PR Women's,0.13108281,0,2,0.065541405,-0.13108281,0.2
Yuri Berchiche Izeta,Athletic Club,0.47172295,0,8,0.05896536875,-0.47172295,0.8
Yuri Berchiche Izeta,Real Sociedad,0.7634116545,0,19,0.040179560763157894,-0.7634116545,1.9
Yuri Kawamura,North Carolina Courage,0.04867358,0,1,0.04867358,-0.04867358,0.1
Yuri Zhirkov,Russia,0.075190945,0,2,0.0375954725,-0.075190945,0.2
Yury Gazinskiy,Russia,0.10465521400000001,1,2,0.052327607000000005,0.895344786,0.2
Yussif Raman Chibsah,Frosinone,0.38497407299999997,0,11,0.034997642999999995,-0.38497407299999997,1.1
Yussuf Yurary Poulsen,Denmark,0.988110745,3,9,0.10979008277777777,2.011889255,0.9
Yussuf Yurary Poulsen,RB Leipzig,0.278533184,0,2,0.139266592,-0.278533184,0.2
Yusuf Yazıcı,Lille,0.03647728,0,1,0.03647728,-0.03647728,0.1
Yusuf Yazıcı,Turkey,0.277307252,0,4,0.069326813,-0.277307252,0.4
Yuto Nagatomo,Inter Milan,0.204930389,0,7,0.029275769857142857,-0.204930389,0.7
Yuto Nagatomo,Japan,0.150438114,0,2,0.075219057,-0.150438114,0.2
Yuya Kubo,Cincinnati,0.06840007,0,1,0.06840007,-0.06840007,0.1
Yves Bissouma,Mali,0.416414359,0,6,0.06940239316666667,-0.416414359,0.6
Yvonne Patrice Leuko,Cameroon W,0.013478652,0,1,0.013478652,-0.013478652,0.1
Yvonne Zielinski,Duisburg WFC,1.2781635329999999,1,12,0.10651362774999999,-0.27816353299999985,1.2
Yénifer Yuliet Giménez Gamboa,Villarreal,0.16173720800000002,0,5,0.032347441600000006,-0.16173720800000002,0.5
Yūya Ōsako,FC Köln,3.888595416,1,31,0.1254385618064516,-2.888595416,3.1
Yūya Ōsako,Japan,1.2642254099999999,1,7,0.18060363,-0.2642254099999999,0.7
Zaidu Sanusi,Nigeria,0.590373819,0,6,0.0983956365,-0.590373819,0.6
Zaira Flores,SD Eibar,0.165441809,0,8,0.020680226125,-0.165441809,0.8
Zakaria Aboukhlal,Morocco,0.58132564,1,3,0.19377521333333333,0.41867436,0.3
Zakaria Aboukhlal,Toulouse,0.064774347,0,2,0.0323871735,-0.064774347,0.2
Zakaria Bakkali,RC Deportivo La Coruña,0.027522715,0,1,0.027522715,-0.027522715,0.1
Zakaria Bakkali,Valencia,0.933634315,1,13,0.07181802423076923,0.06636568499999995,1.3
Zakaria Diallo,NorthEast United,0.16147794,0,1,0.16147794,-0.16147794,0.1
Zakarie Labidi,Lyon,0.22431702800000003,0,2,0.11215851400000001,-0.22431702800000003,0.2
Zakhele Lerato Lepasa,South Africa,1.5433819979999999,1,3,0.514460666,-0.5433819979999999,0.3
Zara Kramžar,AS Roma W,0.947576267,1,10,0.0947576267,0.05242373300000003,1.0
Zargo Touré,Lorient,0.852142835,4,11,0.07746753045454545,3.147857165,1.1
Zat Knight,Fulham,0.017579593,0,1,0.017579593,-0.017579593,0.1
Zaydou Youssouf,Saint-Étienne,0.31891651,0,2,0.159458255,-0.31891651,0.2
Zdravko Kuzmanović,Udinese,0.808419655,0,8,0.101052456875,-0.808419655,0.8
Zhanna Ferrario,Pomigliano,1.2724452179999999,3,16,0.07952782612499999,1.7275547820000001,1.6
Zineb Redouani,Morocco Women's,0.040448137,0,1,0.040448137,-0.040448137,0.1
Zinho Gano,Guinea-Bissau,0.030795032,0,1,0.030795032,-0.030795032,0.1
Zinédine Machach,Toulouse,0.40791642,1,8,0.0509895525,0.5920835799999999,0.8
Zito André Sebastião Luvumbo,Angola,0.150614223,0,3,0.050204741,-0.150614223,0.3
Zlatan Ibrahimović,Barcelona,13.181554058,14,83,0.158813904313253,0.8184459420000003,8.3
Zlatan Ibrahimović,Paris Saint-Germain,21.685572582,36,148,0.14652413906756756,14.314427418000001,14.8
Zlatko Junuzović,Werder Bremen,4.311041451,4,60,0.07185069085000001,-0.31104145100000036,6.0
Zouhair Feddal,Levante UD,1.438551897,1,11,0.1307774451818182,-0.43855189699999997,1.1
Zouhair Feddal,Real Betis,0.06865843,0,1,0.06865843,-0.06865843,0.1
Zsanett Bernadett Kaján,Como W,3.736514111,4,33,0.11322770033333333,0.26348588900000003,3.3
Zsanett Bernadett Kaján,Fiorentina W,1.782880649,2,14,0.1273486177857143,0.21711935100000002,1.4
Zuriko Davitashvili,Georgia,0.32470997,0,2,0.162354985,-0.32470997,0.2
Àngel Rangel Zaragoza,Swansea City,0.85038813,0,14,0.060742009285714285,-0.85038813,1.4
Ádám Nagy,Hungary,0.018467939,0,1,0.018467939,-0.018467939,0.1
Ádám Pintér,Real Zaragoza,0.089802032,0,2,0.044901016,-0.089802032,0.2
Ádám Szalai,Hannover 96,2.511424162,0,16,0.156964010125,-2.511424162,1.6
Ádám Szalai,Hoffenheim,0.34628544,0,4,0.08657136,-0.34628544,0.4
Ádám Szalai,Hungary,0.179554231,1,5,0.0359108462,0.820445769,0.5
Álvaro Antón Camarero,CD Numancia de Soria,0.029205535,0,1,0.029205535,-0.029205535,0.1
Álvaro Borja Morata Martín,Atlético Madrid,0.5414559130000001,0,7,0.07735084471428573,-0.5414559130000001,0.7
Álvaro Borja Morata Martín,Juventus,8.661516733000001,8,52,0.16656762948076925,-0.6615167330000009,5.2
Álvaro Borja Morata Martín,Real Madrid,0.32776014600000003,0,4,0.08194003650000001,-0.32776014600000003,0.4
Álvaro Borja Morata Martín,Spain,7.539712816,7,41,0.18389543453658536,-0.5397128159999998,4.1
Álvaro Cejudo Carmona,Osasuna,0.308983601,0,7,0.04414051442857143,-0.308983601,0.7
Álvaro Cejudo Carmona,Real Betis,1.421642487,1,37,0.038422769918918916,-0.42164248699999995,3.7
Álvaro Daniel Pereira Barragán,Getafe,0.0300534035,0,2,0.01502670175,-0.0300534035,0.2
Álvaro Domínguez Soto,Atlético Madrid,0.038302034,0,1,0.038302034,-0.038302034,0.1
Álvaro Giménez Candela,Cádiz,0.76226866,1,1,0.76226866,0.23773133999999996,0.1
Álvaro Giménez Candela,Mallorca,0.05015112,0,1,0.05015112,-0.05015112,0.1
Álvaro González Soberón,Espanyol,1.31471747,0,18,0.07303985944444444,-1.31471747,1.8
Álvaro González Soberón,Real Zaragoza,0.202949515,0,3,0.06764983833333334,-0.202949515,0.3
Álvaro González Soberón,Villarreal,0.265258993,0,3,0.08841966433333333,-0.265258993,0.3
Álvaro José Jiménez Guerrero,Getafe,0.037542822,0,2,0.018771411,-0.037542822,0.2
Álvaro José Zamora Mata,Costa Rica,0.020743331,0,1,0.020743331,-0.020743331,0.1
Álvaro Luiz Maior de Aquino,Real Zaragoza,0.071755305,0,1,0.071755305,-0.071755305,0.1
Álvaro Martín Barreal,Cincinnati,0.29786241,1,2,0.148931205,0.70213759,0.2
Álvaro Medrán Just,Deportivo Alavés,0.013231267,0,1,0.013231267,-0.013231267,0.1
Álvaro Medrán Just,Getafe,2.165047871,2,31,0.0698402539032258,-0.16504787100000007,3.1
Álvaro Negredo Sánchez,Almería,0.19960632,0,2,0.09980316,-0.19960632,0.2
Álvaro Negredo Sánchez,Cádiz,0.7159289200000001,1,2,0.35796446000000004,0.2840710799999999,0.2
Álvaro Negredo Sánchez,Sevilla,0.6700350740000001,1,7,0.0957192962857143,0.32996492599999994,0.7
Álvaro Negredo Sánchez,Valencia,5.632035373,5,43,0.13097756681395348,-0.6320353729999999,4.3
Álvaro Rubio Robles,Real Valladolid,0.032258455,0,2,0.0161292275,-0.032258455,0.2
Álvaro Vadillo Cifuentes,Granada,0.891728882,1,3,0.29724296066666667,0.108271118,0.3
Álvaro Vadillo Cifuentes,Real Betis,0.29618298,0,7,0.04231185428571428,-0.29618298,0.7
Álvaro Vázquez García,Espanyol,0.36847,1,2,0.184235,0.6315299999999999,0.2
Álvaro Vázquez García,Getafe,8.923596909,6,51,0.17497248841176472,-2.9235969090000005,5.1
Álvaro Vázquez García,Kerala Blasters,6.5536927642,8,72,0.09102351061388889,1.4463072358,7.2
Ángel Dealbert Ibáñez,Valencia,0.05367391,0,1,0.05367391,-0.05367391,0.1
Ángel Fabián Di María Hernández,Argentina,2.0166811499999997,2,17,0.11862830294117645,-0.0166811499999997,1.7
Ángel Fabián Di María Hernández,Paris Saint-Germain,10.860883836,14,112,0.09697217710714286,3.1391161640000007,11.2
Ángel Fabián Di María Hernández,Real Madrid,0.706508983,0,8,0.088313622875,-0.706508983,0.8
Ángel Israel Mena Delgado,Ecuador,0.81328315,0,2,0.406641575,-0.81328315,0.2
Ángel Javier Arizmendi de Lucas,Getafe,0.860248144,0,6,0.14337469066666667,-0.860248144,0.6
Ángel Javier Arizmendi de Lucas,RC Deportivo La Coruña,0.198389376,0,3,0.066129792,-0.198389376,0.3
Ángel Javier Arizmendi de Lucas,Real Zaragoza,0.28055297599999995,0,5,0.05611059519999999,-0.28055297599999995,0.5
Ángel Javier Arizmendi de Lucas,Valencia,0.061386513,0,2,0.0306932565,-0.061386513,0.2
Ángel Lafita Castillo,Getafe,2.78912248,5,32,0.0871600775,2.21087752,3.2
Ángel Lafita Castillo,Real Zaragoza,1.08709901,0,8,0.13588737625,-1.08709901,0.8
Ángel Luis Rodríguez Díaz,Getafe,1.196084478,1,12,0.0996737065,-0.19608447799999995,1.2
Ángel Luis Rodríguez Díaz,Levante UD,0.40265283,0,1,0.40265283,-0.40265283,0.1
Ángel Manuel Vivar Dorado,Getafe,0.0591818,0,1,0.0591818,-0.0591818,0.1
Ángel Manuel Vivar Dorado,Real Valladolid,0.1299099,0,1,0.1299099,-0.1299099,0.1
Ángel Martín Correa,Atlético Madrid,3.901758432,6,35,0.11147881234285714,2.098241568,3.5
Ángel Martínez Cervera,Espanyol,0.042462183,0,2,0.0212310915,-0.042462183,0.2
Ángel Montoro Sánchez,Las Palmas,0.029625062,0,1,0.029625062,-0.029625062,0.1
Ángel Montoro Sánchez,Valencia,0.054719962999999996,0,3,0.018239987666666665,-0.054719962999999996,0.3
Ángel Rodrigo Romero Villamayor,Paraguay,0.577504655,0,3,0.1925015516666667,-0.577504655,0.3
Ángel Trujillo Canorea,Almería,0.177136654,1,2,0.088568327,0.822863346,0.2
Ángel Trujillo Canorea,Levante UD,0.041136342,0,2,0.020568171,-0.041136342,0.2
Änis Ben-Hatira,Eintracht Frankfurt,1.679926564,1,12,0.13999388033333335,-0.6799265640000001,1.2
Éder Gabriel Militão,Brazil,1.196502202,0,7,0.170928886,-1.196502202,0.7
Éder Gabriel Militão,Real Madrid,0.1358063,0,1,0.1358063,-0.1358063,0.1
Éderzito António Macedo Lopes,Lille,3.8948220019999997,6,31,0.12563941941935483,2.1051779980000003,3.1
Éderzito António Macedo Lopes,Swansea City,0.479977657,0,5,0.0959955314,-0.479977657,0.5
Édgar Osvaldo Barreto Cáceres,Sampdoria,0.845692843,0,18,0.04698293572222222,-0.845692843,1.8
Édison Michael Flores Peralta,Peru,0.466393076,0,7,0.06662758228571429,-0.466393076,0.7
Édson Arantes do Nascimento,Brazil,7.99322285,10,63,0.12687655317460317,2.0067771499999996,6.3
Édson Arantes do Nascimento,NY Cosmos,0.499991386,0,7,0.07142734085714285,-0.499991386,0.7
Émerson Augusto Thome,Bolton Wanderers,0.06067507,0,1,0.06067507,-0.06067507,0.1
Émerson Ferreira da Rosa,Real Madrid,0.03488597,0,1,0.03488597,-0.03488597,0.1
Éric Bauthéac,Lille,4.6645599319999995,2,54,0.08638073948148148,-2.6645599319999995,5.4
Érica Noelia Lonigro,Argentina Women's,0.629057823,0,3,0.20968594100000001,-0.629057823,0.3
Érika González Lombídez,Levante UD Femenino,5.9937572580000005,6,31,0.19334700832258067,0.006242741999999524,3.1
Étienne Didot,Toulouse,0.437815211,0,13,0.03367809315384615,-0.437815211,1.3
Éver Maximiliano David Banega,Argentina,0.14039842800000002,0,3,0.046799476000000007,-0.14039842800000002,0.3
Éver Maximiliano David Banega,Sevilla,4.0837881192,6,48,0.08507891915,1.9162118807999997,4.8
Éver Maximiliano David Banega,Valencia,0.306357938,1,8,0.03829474225,0.693642062,0.8
Íñigo Lekue Martínez,Athletic Club,0.9932108430000001,1,16,0.062075677687500004,0.006789156999999935,1.6
Íñigo López Montaña,Granada,0.38423830000000003,0,2,0.19211915000000002,-0.38423830000000003,0.2
Íñigo Martínez Berridi,Real Sociedad,1.9623951175,1,26,0.07547673528846154,-0.9623951175000001,2.6
Íñigo Vélez De Mendizábal Fernández De García,Real Murcia CF,0.334318346,0,4,0.0835795865,-0.334318346,0.4
Óliver Torres Muñoz,Atlético Madrid,0.527205339,0,11,0.047927758090909094,-0.527205339,1.1
Óscar Alfredo Ruggeri Zocola,Argentina,0.044307828,0,1,0.044307828,-0.044307828,0.1
Óscar David Romero Villamayor,Deportivo Alavés,0.184588099,0,5,0.0369176198,-0.184588099,0.5
Óscar Esau Duarte Gaitán,Costa Rica,0.153108186,0,2,0.076554093,-0.153108186,0.2
Óscar Esau Duarte Gaitán,Espanyol,1.712659852,1,10,0.1712659852,-0.712659852,1.0
Óscar Guido Trejo,Sporting Gijón,0.04536218,0,1,0.04536218,-0.04536218,0.1
Óscar Guido Trejo,Toulouse,3.5726321065,4,43,0.08308446759302325,0.42736789350000004,4.3
Óscar Javier González Marcos,Real Valladolid,0.29904535,0,1,0.29904535,-0.29904535,0.1
Óscar Javier González Marcos,Real Zaragoza,0.018134402,0,1,0.018134402,-0.018134402,0.1
Óscar Melendo Jiménez,Espanyol,0.13281232999999998,0,2,0.06640616499999999,-0.13281232999999998,0.2
Óscar Mingueza García,Barcelona,0.9510771299999999,2,9,0.10567523666666666,1.0489228700000002,0.9
Óscar Plano Pedreño,Real Valladolid,0.316520759,0,4,0.07913018975,-0.316520759,0.4
Óscar Rodríguez Arnaiz,Leganés,0.35607585399999997,1,5,0.07121517079999999,0.643924146,0.5
Óscar Serrano Rodriguez,Espanyol,0.011254468,0,1,0.011254468,-0.011254468,0.1
Óscar Serrano Rodriguez,Racing Santander,0.640338137,1,11,0.058212557909090905,0.359661863,1.1
Óscar de Marcos Arana,Athletic Club,0.854440634,2,15,0.056962708933333335,1.145559366,1.5
Ömer Toprak,Bayer Leverkusen,1.570054116,1,11,0.14273219236363638,-0.5700541160000001,1.1
Örjan Persson,Sweden,0.017427128,0,1,0.017427128,-0.017427128,0.1
Özkan Yıldırım,Werder Bremen,0.09667976,0,1,0.09667976,-0.09667976,0.1
İbrahim Halil Dervişoğlu,Turkey,0.055529144,0,1,0.055529144,-0.055529144,0.1
İlayda Açıkgöz,Eintracht Frankfurt W,0.159672924,1,3,0.053224308,0.840327076,0.3
İlkay Gündoğan,Borussia Dortmund,4.157212142,2,51,0.08151396356862745,-2.1572121419999997,5.1
İlkay Gündoğan,Germany,2.053081114,2,15,0.13687207426666664,-0.05308111399999982,1.5
İrfan Can Kahveci,Turkey,0.065237254,1,2,0.032618627,0.934762746,0.2
İsmail Yüksek,Turkey,0.05508313,0,1,0.05508313,-0.05508313,0.1
Ľubomír Tupta,Slovakia,0.03710409,0,1,0.03710409,-0.03710409,0.1
Łukasz Fabiański,Swansea City,0.074067034,0,1,0.074067034,-0.074067034,0.1
Łukasz Gikiewicz,Chennaiyin,3.01677937,1,17,0.17745761000000002,-2.01677937,1.7
Łukasz Piszczek,Borussia Dortmund,0.831339702,0,14,0.05938140728571428,-0.831339702,1.4
Łukasz Piszczek,Poland,0.048301566,0,1,0.048301566,-0.048301566,0.1
Łukasz Skorupski,Empoli,0.19843829,0,1,0.19843829,-0.19843829,0.1
Łukasz Teodorczyk,Poland,0.031897575,0,1,0.031897575,-0.031897575,0.1
Ştefan Daniel Radu,Lazio,0.291110934,0,7,0.041587276285714285,-0.291110934,0.7
Šime Vrsaljko,Croatia,0.096919741,0,5,0.0193839482,-0.096919741,0.5
Šime Vrsaljko,Sassuolo,0.756204666,0,9,0.08402274066666666,-0.756204666,0.9
Žan Celar,Slovenia,0.018960241,0,1,0.018960241,-0.018960241,0.1
Žan Karničnik,Slovenia,0.33194062,1,3,0.11064687333333334,0.66805938,0.3
