player,team,xG,goals,shots,xG_diff
Aaron Cresswell,West Ham United,1.3085575805,2,27,0.6914424195
Aaron Hunt,Hamburger SV,2.175365973,1,24,-1.175365973
Aaron Lennon,Everton,1.901213309,5,18,3.098786691
Aaron Long,LAFC,0.1332001,0,1,-0.1332001
Aaron Mooy,Australia,0.106916873,0,4,-0.106916873
Aaron Ramsey,Arsenal,7.644182955,5,67,-2.644182955
Aaron Ramsey,Wales,1.20199323,1,8,-0.20199323000000002
Aaron Salem Boupendza Pozzi,Cincinnati,0.415663024,0,3,-0.415663024
Aaron Tshibola,Congo DR,0.7539362,1,1,0.24606380000000005
Abbey-Leigh Stringer,Everton LFC,0.461597459,0,11,-0.461597459
Abbey-Leigh Stringer,West Ham United LFC,0.12893069299999999,0,2,-0.12893069299999999
Abbi Grant,Birmingham City WFC,1.9385766135,2,24,0.06142338650000001
Abbie Larkin,Republic of Ireland Women's,0.077020407,0,2,-0.077020407
Abbie McManus,Manchester City WFC,0.72934824,0,4,-0.72934824
Abbie McManus,Manchester United,0.1453404,0,1,-0.1453404
Abby Dahlkemper,Manchester City WFC,0.17923512,0,2,-0.17923512
Abby Dahlkemper,San Diego Wave,0.527380069,1,4,0.472619931
Abby Erceg,New Zealand Women's,0.058026243000000005,0,2,-0.058026243000000005
Abby Erceg,North Carolina Courage,1.685084251,2,15,0.3149157490000001
Abby Erceg,Racing Louisville FC,1.916205267,2,16,0.08379473299999995
Abdalla Mahmoud El Said Bekhit,Egypt,0.070778864,0,2,-0.070778864
Abdallah Dipo Sima,Angers,0.21350395,0,2,-0.21350395
Abdelaziz Barrada,Getafe,0.03313738,0,1,-0.03313738
Abdelaziz Barrada,Marseille,0.80391396,0,2,-0.80391396
Abdelaziz Barrada,Olympique de Marseille,2.654435512,1,24,-1.654435512
Abdelhamid El Kaoutari,Palermo,0.17782371,1,1,0.82217629
Abdelhamid El Kaoutari,Stade de Reims,0.157510027,0,2,-0.157510027
Abdelhamid Sabiri,Morocco,1.120229924,1,4,-0.12022992399999999
Abdelkader Mohamed Ghezzal,Levante UD,0.1869672,0,1,-0.1869672
Abdelkarim Hassan Al Haj Fadlalla,Qatar,0.39945018,0,6,-0.39945018
Abderrazak Hamdallah,Morocco,0.68550555,0,2,-0.68550555
Abdessamad Ezzalzouli,Morocco,0.620865718,0,5,-0.620865718
Abdiel Armando Ayarza Cocanegra,Panama,0.10740957300000001,0,3,-0.10740957300000001
Abdou Diallo,Paris Saint-Germain,0.13142902,0,2,-0.13142902
Abdou Diallo,Senegal,0.35069818,0,3,-0.35069818
Abdou Kader Mangane,Gazélec Ajaccio,1.372312537,1,15,-0.372312537
Abdoul Fessal Tapsoba,Burkina Faso,0.034987174,0,1,-0.034987174
Abdoul Karim Yoda,Getafe,0.817027153,0,8,-0.817027153
Abdoul Razack Guiebre,Burkina Faso,0.078121052,0,2,-0.078121052
Abdoul Razzagui Camara,Angers,2.061781464,2,29,-0.061781464000000064
Abdoulay Konko,Lazio,0.532043806,0,13,-0.532043806
Abdoulaye Ba,Rayo Vallecano,0.044670377,0,1,-0.044670377
Abdoulaye Doucouré,Granada,0.676870985,0,10,-0.676870985
Abdoulaye Doucouré,Rennes,1.746447103,2,20,0.25355289700000005
Abdoulaye Sadio Diallo,Bastia,0.615268754,2,16,1.3847312459999999
Abdoulaye Seck,Senegal,0.415275512,1,5,0.584724488
Abdoulaye Touré,Nantes,0.031669991,0,2,-0.031669991
Abdoulaye Traoré,Bordeaux,0.118986178,0,2,-0.118986178
Abdul Majeed Waris,Lorient,8.857621919,11,55,2.1423780810000004
Abdul Rahman Baba,Chelsea,0.620579815,0,6,-0.620579815
Abdulaziz Hatem Mohammed Abdullah,Qatar,0.023429707,0,1,-0.023429707
Abdulelah Al Amri,Saudi Arabia,0.055526588,0,1,-0.055526588
Abdulelah Saad Hameed Al-Malki,Saudi Arabia,0.132887305,0,2,-0.132887305
Abdullah Ibrahim Otayf,Saudi Arabia,0.102598809,0,2,-0.102598809
Abdulrahman Al-Obood,Saudi Arabia,0.05485586,0,1,-0.05485586
Abdón Prats Bastidas,Mallorca,0.044456735,0,1,-0.044456735
Abdülkerim Bardakcı,Turkey,0.20085368,0,2,-0.20085368
Abel Eduardo Balbo,Fiorentina,0.335606372,1,3,0.664393628
Abel Gómez Moreno,Real Murcia CF,0.152898211,1,2,0.847101789
Abel Ruiz Ortega,Barcelona,0.20583946,0,1,-0.20583946
Abigail Harrison,Bristol City WFC,4.404371591,4,42,-0.4043715910000003
Ablie Jallow,Gambia,0.5332837930000001,1,5,0.46671620699999994
Aboubacar Traoré,Mali,0.015074879,0,1,-0.015074879
Aboubakar Kamara,Mauritania,0.102720714,0,2,-0.102720714
Aboubakary Koita,Mauritania,0.623022854,1,12,0.376977146
Abraham González Casanova,Espanyol,2.528852787,1,16,-1.528852787
Abraham Paz Cruz,Hércules,0.1867883,0,1,-0.1867883
Absalom Iimbondi,Namibia,0.58510506,0,1,-0.58510506
Achille Emaná Edzimbi,Real Betis,0.34755589,0,4,-0.34755589
Achraf Dari,Morocco,0.28079134,1,1,0.71920866
Achraf Hakimi Mouh,Morocco,1.979490798,2,12,0.02050920199999995
Achraf Hakimi Mouh,Paris Saint-Germain,3.068701033,6,25,2.931298967
Achraf Lazaar,Palermo,0.648642218,1,29,0.351357782
Ada Stolsmo Hegerberg,Norway Women's,4.445863159,2,22,-2.445863159
Adalberto Eliécer Carrasquilla Alcázar,Panama,0.039302887,0,2,-0.039302887
Adalberto Peñaranda Maestre,Granada,1.631230951,5,22,3.368769049
Adalberto Peñaranda Maestre,Málaga,0.017125571,0,1,-0.017125571
Adam Buksa,Poland,0.15053249600000002,1,3,0.8494675039999999
Adam David Lallana,Liverpool,3.882435354,4,43,0.11756464599999994
Adam Gnezda Čerin,Slovenia,0.364443085,0,4,-0.364443085
Adam Hloušek,VfB Stuttgart,0.079663016,0,1,-0.079663016
Adam Hložek,Bayer Leverkusen,3.00418568,2,19,-1.00418568
Adam Hložek,Czech Republic,0.534609454,0,5,-0.534609454
Adam Johnson,Sunderland,1.800137983,2,16,0.19986201700000006
Adam Masina,Bologna,1.4814815655,2,13,0.5185184345
Adam Ounas,Algeria,0.059065524,0,2,-0.059065524
Adam Ounas,Bordeaux,3.099133335,5,44,1.9008666650000001
Adam Smith,AFC Bournemouth,0.653601711,2,15,1.3463982890000001
Adama Guira,Burkina Faso,0.045657467,0,1,-0.045657467
Adama Traoré,AS Monaco,0.326004996,0,5,-0.326004996
Adama Traoré,Mali,1.025569095,0,6,-1.025569095
Adama Traoré Diarra,Aston Villa,0.127577284,0,2,-0.127577284
Addisyn Merrick,KC Current,0.20044162399999998,0,2,-0.20044162399999998
Adelina Engman,Chelsea FCW,1.264951306,2,7,0.7350486940000001
Adelina Engman,WNT Finland,0.05041662,0,1,-0.05041662
Adelino André Vieira Freitas,Wolfsburg,2.262217712,1,28,-1.262217712
Adem Ljajić,Inter Milan,3.599108782,3,39,-0.5991087820000001
Adem Ljajić,Serbia,0.08284419,0,1,-0.08284419
Ademola Lookman,Nigeria,1.653924022,3,8,1.346075978
Aderllan Leandro de Jesus Santos,Valencia,1.192823551,0,8,-1.192823551
Adil Aouchiche,Saint-Étienne,0.198905746,0,2,-0.198905746
Adil Khan,East Bengal,0.130783286,0,2,-0.130783286
Adil Rami,Sevilla,1.920788435,0,16,-1.920788435
Adil Rami,Valencia,0.258593744,0,4,-0.258593744
Adlène Guédioura,Watford,0.429951627,0,13,-0.429951627
Admir Mehmedi,Bayer Leverkusen,2.525026339,2,26,-0.5250263390000001
Admir Mehmedi,Switzerland,0.8294590839999999,1,3,0.1705409160000001
Adnan Januzaj,Belgium,0.123934706,1,3,0.876065294
Adnan Januzaj,Borussia Dortmund,0.43488147600000004,0,4,-0.43488147600000004
Adnan Januzaj,Manchester United,0.42055542700000004,1,4,0.579444573
Adnan Januzaj,Real Sociedad,0.277844563,0,6,-0.277844563
Adnane Tighadouini,Málaga,0.876404185,1,15,0.12359581500000005
Ado Onaiwu,Toulouse,0.175056813,0,2,-0.175056813
Adrian Mutu,Chelsea,0.1031901,0,1,-0.1031901
Adriana Achcińska,Köln,0.709117982,1,8,0.290882018
Adriana Achcińska,Poland Women's,0.015252503,0,1,-0.015252503
Adriana Kristina Leon,Aston Villa W,3.348295201,5,26,1.651704799
Adriana Kristina Leon,Canada Women's,0.6646724635,1,8,0.3353275365
Adriana Kristina Leon,OL Reign,0.101407885,0,2,-0.101407885
Adriana Kristina Leon,Portland Thorns,0.016152706,0,1,-0.016152706
Adriana Kristina Leon,West Ham United LFC,6.244021745,7,53,0.7559782549999996
Adriana Leal da Silva,Brazil Women's,0.665573262,0,8,-0.665573262
Adriana Leal da Silva,Orlando Pride,5.281964644,6,61,0.7180353559999997
Adriano Correia Claro,Barcelona,5.825567074,8,82,2.1744329259999997
Adriano Correia Claro,Sevilla,0.0701827,0,3,-0.0701827
Adriano Russo,Frosinone,0.15270118,1,1,0.84729882
Adrien Hunou,Angers,0.187658885,0,2,-0.187658885
Adrien Rabiot,France,1.3140542210000001,1,15,-0.31405422100000013
Adrien Rabiot,Paris Saint-Germain,0.8198781476,1,14,0.1801218524
Adrien Regattin,Toulouse,1.4115896534999999,1,33,-0.4115896534999999
Adrien Sebastian Perruchet Silva,Portugal,0.108047125,0,2,-0.108047125
Adrien Thomasson,Nantes,2.811390593,2,39,-0.811390593
Adrienne Jordan,Birmingham City WFC,0.142410747,0,2,-0.142410747
Adrián Colunga Pérez,Getafe,0.030441007,0,1,-0.030441007
Adrián Colunga Pérez,Real Zaragoza,0.378309377,2,3,1.621690623
Adrián Colunga Pérez,Recreativo Huelva,0.03278612,0,1,-0.03278612
Adrián Embarba Blázquez,Espanyol,0.17827352,0,2,-0.17827352
Adrián Embarba Blázquez,Rayo Vallecano,3.280331056,2,41,-1.280331056
Adrián González Morales,Eibar,5.292716575,5,49,-0.29271657500000003
Adrián González Morales,Elche,0.012934389,0,1,-0.012934389
Adrián González Morales,Getafe,0.077759176,0,2,-0.077759176
Adrián González Morales,Racing Santander,0.2283107495,0,5,-0.2283107495
Adrián González Morales,Rayo Vallecano,0.032935563,0,1,-0.032935563
Adrián López Álvarez,Atlético Madrid,0.34163028,0,5,-0.34163028
Adrián López Álvarez,Málaga,0.21507037,0,1,-0.21507037
Adrián López Álvarez,Osasuna,0.054468356,0,1,-0.054468356
Adrián López Álvarez,RC Deportivo La Coruña,1.318736297,2,6,0.6812637029999999
Adrián López Álvarez,Villarreal,2.082198808,4,8,1.9178011920000002
Adrián Marín Gómez,Deportivo Alavés,0.1637566,0,1,-0.1637566
Adrián Marín Gómez,Villarreal,0.15268786,0,1,-0.15268786
Adrián Nicolás Luna Retamar,Kerala Blasters,1.4142163079999999,6,30,4.585783692
Adryan Oliveira Tavares,Nantes,2.440752107,3,31,0.5592478930000002
Afriyie Acquah,Torino,0.7965577395,2,24,1.2034422605000001
Ager Aketxe Barrutia,Athletic Club,0.242466785,0,4,-0.242466785
Agla María Albertsdóttir,Iceland Women's,0.165023594,0,3,-0.165023594
Agne Simonsson,Sweden,0.501465795,1,3,0.498534205
Agnes Beever-Jones,Chelsea FCW,6.313734445,11,41,4.686265555
Agnes Beever-Jones,England Women's,0.55556868,1,2,0.44443131999999996
Agnese Bonfantini,FC Internazionale Milano W,9.856794808,8,50,-1.856794808
Agnese Bonfantini,Italy Women's,0.23306058600000001,0,3,-0.23306058600000001
Aguibou Camara,Guinea,0.5335454829999999,1,5,0.46645451700000007
Agustina Barroso Basualdo,Costa Adeje Tenerife,2.397521779,2,16,-0.39752177899999985
Ahmad Nourollahi,Iran,0.099375992,0,5,-0.099375992
Ahmed Elsayed Ali Elsayed Hegazy,Egypt,1.06955567,1,3,-0.06955566999999996
Ahmed Fathy Abdel Meneim Ibrahim,Egypt,0.017610634,0,1,-0.017610634
Ahmed Jahouh,Mumbai City,1.716499992,3,23,1.283500008
Ahmed Mohamed Abo El Fotouh Mohamed,Egypt,0.126194637,0,3,-0.126194637
Ahmed Musa,Nigeria,0.716044408,2,4,1.2839555919999999
Ahmed Sayed,Egypt,0.468278199,0,10,-0.468278199
Aibanbha Kupar Dohling,Goa,1.574092455,1,12,-0.574092455
Aileen Whelan,Brighton & Hove Albion WFC,9.787945284,10,91,0.2120547160000008
Aileen Whelan,Leicester City WFC,2.964202778,1,25,-1.9642027780000002
Aimee Palmer,Bristol City WFC,0.209777398,0,7,-0.209777398
Aimee Palmer,Leicester City WFC,0.275852608,1,4,0.724147392
Ainhoa Alguacil Amores,Valencia CF,1.867924893,3,17,1.132075107
Ainhoa Delgado,Costa Adeje Tenerife,0.79545913,1,6,0.20454086999999999
Ainhoa Vicente Moraza,Atletico Madrid W,0.350737391,0,5,-0.350737391
Ainoa Campo Franco,Villarreal,1.204716814,0,10,-1.204716814
Airam López Cabrera,Goa,5.850429147,6,25,0.14957085300000017
Aitana Bonmati Conca,Barcelona WFC,7.393490708,8,53,0.6065092920000001
Aitana Bonmati Conca,Spain Women's,5.239043166,5,48,-0.23904316600000008
Aitor Ocio Carrión,Athletic Club,0.016181275,0,1,-0.016181275
Aitor Ocio Carrión,Sevilla,0.10085992,0,1,-0.10085992
Aitor Ramos Leniz,Athletic Club,0.033331156,0,1,-0.033331156
Aitor Tornavaca Fernández,Recreativo Huelva,0.065725006,0,2,-0.065725006
Ajara Nchout,Cameroon W,0.618544714,2,5,1.381455286
Ajara Nchout,FC Internazionale Milano W,0.850575774,0,6,-0.850575774
Ajay Chhetri,Bengaluru,0.014460521,0,1,-0.014460521
Ajdin Hrustic,Australia,0.039209995,0,1,-0.039209995
Akash Mishra,Hyderabad,0.849049142,2,10,1.1509508579999999
Akash Mishra,SC Delhi,0.0320702715,0,2,-0.0320702715
Akihiro Ienaga,Mallorca,0.09138448,0,1,-0.09138448
Akram Hassan Afif,Qatar,0.030222171,0,2,-0.030222171
Akshunna Tyagi,Odisha,0.32550627,0,1,-0.32550627
Alaeddine Yahia,Caen,0.28125343999999997,0,4,-0.28125343999999997
Alaeddine Yahia,Stade Malherbe Caen,1.289189385,1,12,-0.289189385
Alan Dzagoev,Russia,0.91115533,1,2,0.08884466999999996
Alan Henrique Costa,Bengaluru,1.568799149,2,11,0.43120085100000005
Alan Hutton,Aston Villa,0.677810072,0,11,-0.677810072
Alan James Ball,England,0.15828194,0,3,-0.15828194
Alan Patrick Mullery,England,0.07489438,0,1,-0.07489438
Alan Shearer,Newcastle United,0.043060707000000004,0,2,-0.043060707000000004
Alan Smith,Leeds United,0.280638038,1,5,0.719361962
Alan Steve Minda García,Ecuador,0.9914318900000001,1,2,0.008568109999999907
Alan Steven Franco Palma,Ecuador,0.171235749,0,3,-0.171235749
Alan Stubbs,Everton,0.244547722,0,3,-0.244547722
Alan Virginius,Lille,0.090707794,0,1,-0.090707794
Alana Cook,Seattle Reign,0.22013191799999998,0,3,-0.22013191799999998
Alanna Stephanie Kennedy,Australia Women's,1.138046401,1,12,-0.13804640099999999
Alanna Stephanie Kennedy,Manchester City WFC,1.4684613720000002,0,13,-1.4684613720000002
Alanna Stephanie Kennedy,Orlando Pride,1.44412444,1,12,-0.44412443999999995
Alanna Stephanie Kennedy,Tottenham Hotspur Women,2.2232517425,1,33,-1.2232517425
Alara Şehitler,Bayern München W,0.06363191,0,1,-0.06363191
Alasana Manneh,Gambia,0.060111581,0,2,-0.060111581
Alassane Pléa,Borussia Mönchengladbach,0.016806483,0,1,-0.016806483
Alassane Pléa,OGC Nice,4.7290104215,6,47,1.2709895785
Alassane Touré,Gazélec Ajaccio,0.328913839,1,7,0.6710861610000001
Alayah Pilgrim,AS Roma W,1.7242442740000001,1,13,-0.7242442740000001
Alayah Pilgrim,Switzerland Women's,0.609073134,1,7,0.39092686600000004
Alba Cerrato Izquierdo,Sevilla FC,0.44419135699999995,0,4,-0.44419135699999995
Alba María Redondo Ferrer,Levante UD Femenino,11.055023939,16,69,4.944976061
Alba María Redondo Ferrer,Spain Women's,4.216054165,3,18,-1.216054165
Alba Pérez Manrique,Granada W,0.367678192,0,8,-0.367678192
Albert Crusat Domene,Almería,0.319200237,0,3,-0.319200237
Albert Luque Martos,Málaga,0.38335152,0,3,-0.38335152
Albert Riera Ortega,Espanyol,0.028343752,0,1,-0.028343752
Alberth Josué Elis Martínez,Bordeaux,0.2286536,0,2,-0.2286536
Alberto Botía Rabasco,Sevilla,0.09587792,1,1,0.90412208
Alberto Bueno Calvo,Rayo Vallecano,1.4184257740000001,1,9,-0.41842577400000014
Alberto De La Bella Madureño,Real Sociedad,1.151704171,1,7,-0.151704171
Alberto Facundo Costa,Fiorentina,0.056980178,0,2,-0.056980178
Alberto Facundo Costa,Genoa,0.7137920885,0,17,-0.7137920885
Alberto Facundo Costa,Valencia,0.23555458099999999,0,5,-0.23555458099999999
Alberto Gallardo,Peru,0.231321336,1,6,0.7686786640000001
Alberto Gilardino,Palermo,7.528761883,10,49,2.4712381170000004
Alberto Grassi,Atalanta,1.088010675,0,16,-1.088010675
Alberto Junior Rodríguez Valdelomar,Peru,0.06343268299999999,0,2,-0.06343268299999999
Alberto Lopo García,RC Deportivo La Coruña,0.396536897,0,5,-0.396536897
Alberto Lora Ramos,Sporting Gijón,0.237853877,0,6,-0.237853877
Alberto Mateus Contreiras Gonçalves,Rayo Vallecano,4.517399608,4,28,-0.5173996079999998
Alberto Mateus Contreiras Gonçalves,Real Valladolid,0.178352632,0,2,-0.178352632
Alberto Moreno Pérez,Liverpool,2.2181667935,1,34,-1.2181667935
Alberto Moreno Pérez,Sevilla,0.083990356,1,2,0.916009644
Alberto Moreno Pérez,Villarreal,0.2049631,0,1,-0.2049631
Alberto Noguera Ripoll,Goa,2.134691641,3,22,0.8653083590000001
Alberto Paloschi,Chievo,8.773427468,8,41,-0.7734274679999995
Alberto Paloschi,Swansea City,2.737612402,2,15,-0.7376124019999999
Alberto Perea Correoso,Cádiz,0.238537614,0,2,-0.238537614
Alberto Perea Correoso,Rayo Vallecano,0.34405279,0,2,-0.34405279
Alberto Rivera Pizarro,Real Betis,0.110756563,0,3,-0.110756563
Alberto Rivera Pizarro,Sporting Gijón,0.021877512,0,1,-0.021877512
Alberto Zapater Arjol,Real Zaragoza,0.395790326,1,2,0.604209674
Albin Ekdal,Hamburger SV,0.199647669,0,6,-0.199647669
Albin Ekdal,Sweden,0.4564142,0,5,-0.4564142
Aldana Cometti,Madrid CFF,1.71398596,4,20,2.28601404
Aldo Kalulu Kyatengwa,Lyon,0.9491283079999999,2,5,1.050871692
Aldo Pedro Duscher,Racing Santander,0.027940795,0,2,-0.027940795
Aldo Serena,Juventus,0.043766152,0,1,-0.043766152
Aldrith Ivana Quintero Humphries,Panama Women's,0.042960305,0,1,-0.042960305
Aleandro Rosi,Frosinone,0.974025941,0,15,-0.974025941
Aleix García Serrano,Girona,0.103889465,0,3,-0.103889465
Aleix Vidal Parreu,Almería,0.141607254,0,3,-0.141607254
Aleix Vidal Parreu,Barcelona,1.99615919,3,18,1.00384081
Aleix Vidal Parreu,Deportivo Alavés,0.015026416,0,1,-0.015026416
Alejandra Bernabe De Santiago,Real Sociedad de Fútbol,0.781438937,1,9,0.218561063
Alejandro Alfaro Ligero,Mallorca,0.39765513,0,1,-0.39765513
Alejandro Alfaro Ligero,Tenerife,0.799572557,0,6,-0.799572557
Alejandro Arribas Garrido,RC Deportivo La Coruña,1.246195509,2,13,0.7538044909999999
Alejandro Balde Martínez,Spain,0.20344019,0,1,-0.20344019
Alejandro Barrera García,Sporting Gijón,0.112140857,0,2,-0.112140857
Alejandro Bedoya,Nantes,4.685467386,3,46,-1.685467386
Alejandro Berenguer Remiro,Athletic Club,0.091559429,0,2,-0.091559429
Alejandro Bergantiños García,RC Deportivo La Coruña,1.6589901390000001,4,19,2.341009861
Alejandro Bergantiños García,Xerez,0.052630918,0,2,-0.052630918
Alejandro Castro Fernández,Deportivo Alavés,0.098917514,0,1,-0.098917514
Alejandro Damián Domínguez,Rayo Vallecano,0.114241341,0,4,-0.114241341
Alejandro Darío Gómez,Argentina,0.037321252,0,2,-0.037321252
Alejandro Darío Gómez,Atalanta,7.058803376,7,87,-0.058803376000000185
Alejandro Fernández Iglesias,Cádiz,0.7143013,1,1,0.28569869999999997
Alejandro Fernández Iglesias,Espanyol,0.11693335,0,1,-0.11693335
Alejandro Gallar Falguera,Huesca,0.4586762,1,1,0.5413238
Alejandro Garnacho Ferreyra,Argentina,0.193781364,0,2,-0.193781364
Alejandro Granell Nogué,Girona,0.060636990999999994,0,4,-0.060636990999999994
Alejandro Grimaldo García,Bayer Leverkusen,6.124947123,10,71,3.875052877
Alejandro Gálvez Jimena,Las Palmas,0.041992698,0,1,-0.041992698
Alejandro Gálvez Jimena,Rayo Vallecano,0.079205055,0,2,-0.079205055
Alejandro Gálvez Jimena,Werder Bremen,0.208014689,1,5,0.791985311
Alejandro Jesús Bran Flores,Costa Rica,0.027340762,0,1,-0.027340762
Alejandro López Sánchez,Celta Vigo,0.302908009,0,4,-0.302908009
Alejandro Marañón Pérez,Real Murcia CF,0.02700462,0,1,-0.02700462
Alejandro Menéndez Díez,Sporting Gijón,1.401989854,2,18,0.598010146
Alejandro Moreno Lopera,Real Betis,0.07721096999999999,0,2,-0.07721096999999999
Alejandro Pozo Pozo,Mallorca,0.022541363,0,1,-0.022541363
Alejandro Pozuelo Melero,Real Betis,0.03857799,0,1,-0.03857799
Aleksandar Dragović,Austria,0.09287781,0,1,-0.09287781
Aleksandar Ignjovski,Eintracht Frankfurt,0.7440385030000001,0,9,-0.7440385030000001
Aleksandar Katai,Deportivo Alavés,0.20530176,0,1,-0.20530176
Aleksandar Kolarov,Manchester City,3.3597412555,3,41,-0.3597412554999999
Aleksandar Kolarov,Serbia,0.0498030075,1,2,0.9501969925
Aleksandar Mitrović,Newcastle United,11.101336855,9,80,-2.1013368549999996
Aleksandar Mitrović,Serbia,5.261508529,3,36,-2.2615085290000003
Aleksandar Pantić,Eibar,0.798220127,0,10,-0.798220127
Aleksandar Pešić,Toulouse,1.742379672,2,15,0.257620328
Aleksandar Tonev,Frosinone,0.972069906,0,32,-0.972069906
Aleksandar Trajkovski,North Macedonia,0.16933595099999998,0,6,-0.16933595099999998
Aleksandar Trajkovski,Palermo,2.8223357965,3,39,0.1776642035
Aleksandr Erokhin,Russia,0.41438267,0,3,-0.41438267
Aleksandr Golovin,AS Monaco,0.133150189,0,3,-0.133150189
Aleksandr Golovin,Russia,1.337506844,2,9,0.662493156
Aleksandr Polukarov,Soviet Union U20,0.0490424455,0,2,-0.0490424455
Aleksandr Samedov,Russia,0.158425576,0,2,-0.158425576
Aleksandra Zaremba,Costa Adeje Tenerife,0.393300256,0,5,-0.393300256
Aleksey Miranchuk,Russia,0.190008424,1,2,0.809991576
Alen Halilović,Las Palmas,0.179464117,0,3,-0.179464117
Alen Halilović,Sporting Gijón,4.54843305,3,59,-1.5484330499999999
Alena Bienz,Köln,0.807628982,0,11,-0.807628982
Alessandro Altobelli,Juventus W,0.16965719,0,3,-0.16965719
Alessandro Bastoni,Italy,0.48709845,1,3,0.51290155
Alessandro Diamanti,Atalanta,1.487439499,1,24,-0.48743949899999994
Alessandro Diamanti,Watford,0.01821487,0,1,-0.01821487
Alessandro Florenzi,AS Roma,3.3557330405,7,48,3.6442669595
Alessandro Frara,Frosinone,1.3313290850000001,2,12,0.6686709149999999
Alessandro Gamberini,Chievo,0.432149815,0,4,-0.432149815
Alessandro Gazzi,Torino,0.092421294,0,2,-0.092421294
Alessandro Longhi,Sassuolo,0.016313264,0,1,-0.016313264
Alessandro Matri,Lazio,2.702652703,4,12,1.297347297
Alessandro Nesta,AC Milan,0.008990963,0,1,-0.008990963
Alessandro Piu,Empoli,0.174401031,0,3,-0.174401031
Alessandro Renica,Napoli,0.581953868,1,9,0.41804613199999996
Alessandro Schöpf,Austria,0.03520636,0,1,-0.03520636
Alessandro Schöpf,Schalke 04,1.401212586,3,14,1.598787414
Alessia Russo,Arsenal WFC,12.617559014,12,79,-0.6175590139999994
Alessia Russo,England Women's,8.145929257,10,50,1.8540707429999994
Alessia Russo,Manchester United,1.647311641,2,9,0.35268835900000006
Alessia Russo,Manchester United W,0.7265495399999999,1,5,0.27345046000000006
Alessio Cerci,AC Milan,0.7847932175,0,18,-0.7847932175
Alessio Cerci,Genoa,3.584878169,4,21,0.415121831
Alessio Romagnoli,AC Milan,0.306750245,0,6,-0.306750245
Alex Adrián Arce Barrios,Paraguay,0.275504461,0,5,-0.275504461
Alex Ferrari,Bologna,0.493329376,0,8,-0.493329376
Alex Greenwood,England Women's,2.746186486,3,11,0.25381351399999996
Alex Greenwood,Manchester City WFC,2.015766615,1,28,-1.015766615
Alex Iwobi,Arsenal,2.0904759790000003,2,15,-0.09047597900000026
Alex Iwobi,Nigeria,0.639680697,0,11,-0.639680697
Alex Král,Czech Republic,0.013508173,0,1,-0.013508173
Alex Král,Union Berlin,0.0298083275,0,2,-0.0298083275
Alex Muyl,Nashville SC,0.034588873,0,1,-0.034588873
Alex Nicolao Telles,Inter Milan,0.548080544,0,13,-0.548080544
Alex Oxlade-Chamberlain,Arsenal,1.7507438389999999,1,23,-0.7507438389999999
Alex Pritchard,West Bromwich Albion,0.10648613,0,2,-0.10648613
Alex Rae,Wolverhampton Wanderers,0.010877089,0,1,-0.010877089
Alex Rodrigo Dias da Costa,AC Milan,2.4258807079999998,3,23,0.5741192920000002
Alex Sandro Lobo Silva,Brazil,0.01738108,0,1,-0.01738108
Alex Sandro Lobo Silva,Juventus,1.454471719,2,19,0.545528281
Alexa Christine Spaanstra,KC Current,1.379998206,2,16,0.620001794
Alexander Alegría Moreno,Real Betis,0.310887508,1,3,0.689112492
Alexander Andre Marshsall,Jamaica,0.01847786,0,1,-0.01847786
Alexander Banor Tettey,Norwich City,0.8225063385,2,20,1.1774936615
Alexander Baumjohann,Hertha Berlin,1.394325559,1,8,-0.3943255590000001
Alexander Djiku,Bastia,0.06561774000000001,0,2,-0.06561774000000001
Alexander Djiku,Ghana,0.077065654,1,1,0.922934346
Alexander Esswein,Augsburg,2.528417482,3,47,0.47158251799999995
Alexander Farnerud,Torino,0.042212178,0,2,-0.042212178
Alexander Hack,FSV Mainz 05,0.17840256999999998,0,2,-0.17840256999999998
Alexander Hartmann Bah,Denmark,0.289581466,0,4,-0.289581466
Alexander Isak,Real Sociedad,1.90406021,1,11,-0.9040602099999999
Alexander Isak,Sweden,0.935990978,0,8,-0.935990978
Alexander Kerzhakov,Sevilla,0.13218728,1,1,0.86781272
Alexander Meier,Eintracht Frankfurt,7.783218055,12,50,4.216781945
Alexander Merkel,Udinese,0.023069326,0,1,-0.023069326
Alexander Milosevic,Hannover 96,0.342837169,0,6,-0.342837169
Alexander Romario Jesuraj,Goa,2.61539737,2,14,-0.6153973700000002
Alexander Szymanowski,Leganés,0.331076088,0,5,-0.331076088
Alexander Toft Søderlund,Saint-Étienne,3.089524644,2,20,-1.089524644
Alexandra Chidiac,Australia Women's,0.214422606,0,3,-0.214422606
Alexandra Chidiac,Racing Louisville FC,0.14826196800000002,0,2,-0.14826196800000002
Alexandra Emmerling,Duisburg WFC,0.30607029,1,2,0.6939297099999999
Alexandra Jóhannsdóttir,Fiorentina W,3.021373719,3,22,-0.02137371900000007
Alexandra Jóhannsdóttir,Iceland Women's,0.7445314160000001,0,5,-0.7445314160000001
Alexandra Morgan Carrasco,Orlando Pride,2.555338963,1,16,-1.555338963
Alexandra Morgan Carrasco,San Diego Wave,8.093778454,7,61,-1.0937784540000006
Alexandra Morgan Carrasco,Tottenham Hotspur Women,2.1266647499999998,2,6,-0.12666474999999977
Alexandra Morgan Carrasco,United States Women's,7.0915135255,6,37,-1.0915135255
Alexandra Popp,Germany Women's,6.373299396,12,46,5.626700604
Alexandra Popp,VfL Wolfsburg WFC,6.497452362,7,61,0.5025476380000002
Alexandra Riley,Angel City,0.58920551,1,5,0.41079449
Alexandra Riley,Chelsea FCW,0.13056119,0,1,-0.13056119
Alexandra Takounda Engolo,Cameroon W,0.6321439900000001,0,3,-0.6321439900000001
Alexandre Coeff,Gazélec Ajaccio,0.298206556,0,8,-0.298206556
Alexandre Dimitri Song-Billong,Barcelona,0.484883971,1,5,0.515116029
Alexandre Dimitri Song-Billong,West Ham United,0.265798622,0,6,-0.265798622
Alexandre Geijo Pazos,Granada,0.039680857,0,1,-0.039680857
Alexandre Geijo Pazos,Levante UD,0.10777286,0,1,-0.10777286
Alexandre Geijo Pazos,Racing Santander,0.043594036,0,1,-0.043594036
Alexandre Lacazette,Lyon,19.520117154,21,100,1.4798828459999989
Alexandre Mendy,OGC Nice,1.012246317,1,10,-0.012246317000000007
Alexandre Monteiro de Lima,Jamshedpur,0.820012861,1,15,0.17998713899999996
Alexandre Rodrigues da Silva,Chelsea,1.457482797,1,4,-0.45748279699999994
Alexandria Loy Hess,Duisburg WFC,1.159901158,0,19,-1.159901158
Alexandru Iulian Maxim,VfB Stuttgart,2.772133349,1,29,-1.7721333490000002
Alexandru Neagu,Romania,0.25691386,0,3,-0.25691386
Alexi Peuget,Stade de Reims,0.28486371099999996,0,6,-0.28486371099999996
Alexia Putellas Segura,Barcelona WFC,8.318399937999999,8,52,-0.3183999379999989
Alexia Putellas Segura,Spain Women's,3.792551544,3,30,-0.7925515440000002
Alexis Alejandro Sánchez Sánchez,Arsenal,12.9012079075,13,111,0.0987920925000001
Alexis Alejandro Sánchez Sánchez,Barcelona,20.263131455,29,118,8.736868545
Alexis Alejandro Sánchez Sánchez,Chile,0.637074591,0,4,-0.637074591
Alexis Alejandro Sánchez Sánchez,Marseille,0.227969431,0,3,-0.227969431
Alexis Alejandro Sánchez Sánchez,Olympique de Marseille,0.396398316,0,3,-0.396398316
Alexis Alégué Elandi,Nantes,0.365849406,1,3,0.6341505940000001
Alexis Blin,Toulouse,0.568664504,0,13,-0.568664504
Alexis Flips,Stade de Reims,0.04079222,0,1,-0.04079222
Alexis Loera,KC Current,0.130350813,0,4,-0.130350813
Alexis Mac Allister,Argentina,1.812133017,2,14,0.18786698299999993
Alexis Ruano Delgado,Getafe,0.104587,1,3,0.895413
Alexis Ruano Delgado,Valencia,0.015495098,0,1,-0.015495098
Alfa Semedo Esteves,Guinea-Bissau,0.06671556,0,3,-0.06671556
Alfons Amade,Mozambique,0.122100564,0,2,-0.122100564
Alfonso Pedraza Sag,Deportivo Alavés,0.05519787,0,1,-0.05519787
Alfonso Pedraza Sag,Villarreal,0.029033594,0,1,-0.029033594
Alfred John Momar N''Diaye,Real Betis,3.1307345950000003,2,27,-1.1307345950000003
Alfred John Momar N'Diaye,Senegal,0.074067034,0,1,-0.074067034
Alfredo Estrella Del'Aguila,Mexico,0.044094943,0,1,-0.044094943
Alfredo Kulembe Ribeiro,Angola,0.414980884,0,4,-0.414980884
Alfredo Morales,Ingolstadt,1.9386551445,1,31,-0.9386551445
Alfredo Torres,Argentina U20,0.015256013,0,1,-0.015256013
Alfreð Finnbogason,Augsburg,5.1854854695,7,33,1.8145145305000003
Alfreð Finnbogason,Iceland,1.246978587,1,6,-0.24697858700000008
Alfreð Finnbogason,Real Sociedad,0.095522806,0,1,-0.095522806
Alhassan Yusuf,Nigeria,0.063988805,0,3,-0.063988805
Alhassane Bangoura,Rayo Vallecano,1.68973714,0,26,-1.68973714
Alhassane Bangoura,Stade de Reims,1.203765276,1,16,-0.20376527599999994
Alhassane Keita,Mallorca,0.22546887,1,1,0.77453113
Ali Abdi,Tunisia,0.019871509,0,1,-0.019871509
Ali Adnan Kadhim Al Tameemi,Udinese,1.1416269294999999,1,23,-0.1416269294999999
Ali Ahmed,Canada,0.11251682,0,1,-0.11251682
Ali Al Hassan,Saudi Arabia,0.08328451,0,1,-0.08328451
Ali Gabr,Egypt,0.036452215,0,1,-0.036452215
Ali Gholizadeh,Iran,0.0439425,0,1,-0.0439425
Ali Johnson,Bristol City WFC,0.030713296,0,1,-0.030713296
Ali Krieger,NJ/NY Gotham FC,0.317332229,0,3,-0.317332229
Ali Krieger,Orlando Pride,0.38462129,0,2,-0.38462129
Ali Sowe,Gambia,0.500995166,0,4,-0.500995166
Alia Guagni,AC Milan W,0.59889844,0,6,-0.59889844
Alia Guagni,Italy Women's,0.013547415,0,1,-0.013547415
Aliaksandr Hleb,Barcelona,0.19097055,0,1,-0.19097055
Alice Benoit,Sampdoria W,0.783161165,0,22,-0.783161165
Alice Corelli,Napoli W,2.5465630569999997,2,37,-0.5465630569999997
Alice Giai,Napoli W,0.450579834,0,5,-0.450579834
Alice Ogebe,Nigeria Women's,0.062110763,0,1,-0.062110763
Alice Parisi,Fiorentina W,0.440585578,0,10,-0.440585578
Alice Regazzoli,Como W,0.115860499,0,4,-0.115860499
Alice Sombath,France Women's,0.7539362,0,1,-0.7539362
Alice Söndergaard,Sampdoria W,0.32574035,0,4,-0.32574035
Alices Yannel Correa Santa Cruz,CD Sporting de Huelva,0.263517528,0,3,-0.263517528
Alicia Redondo González,Granada W,1.948253939,1,26,-0.948253939
Alicia-Sophie Gudorf,SC Freiburg,1.14678209,0,11,-1.14678209
Alidu Seidu,Ghana,0.01187491,0,1,-0.01187491
Alieu Fadera,Gambia,0.52544904,0,3,-0.52544904
Alina Axtmann,SC Freiburg,0.334764246,0,3,-0.334764246
Alina Mailbeck,Nürnberg W,0.49395278,0,6,-0.49395278
Aliou Dieng,Mali,0.031075056,0,2,-0.031075056
Alireza Jahanbakhsh,Iran,0.266836547,0,5,-0.266836547
Alisha Lehmann,Aston Villa W,1.807751996,2,11,0.19224800400000008
Alisha Lehmann,Everton LFC,0.442503445,1,4,0.557496555
Alisha Lehmann,Switzerland Women's,0.13214237,0,3,-0.13214237
Alisha Lehmann,West Ham United LFC,7.6106843215,9,62,1.3893156785
Alistair Johnston,Canada,0.539175783,0,3,-0.539175783
Aljaž Struna,Palermo,0.601476672,1,7,0.398523328
Allan Marques Loureiro,Napoli,1.800411427,3,29,1.199588573
Allan Romeo Nyom,Watford,0.348009586,0,7,-0.348009586
Allan Saint-Maximin,Hannover 96,0.2888553045,1,6,0.7111446955
Allegra Poljak,FC Levante Badalona,2.465381886,3,31,0.5346181140000001
Allie Long,NJ/NY Gotham FC,1.223109685,2,6,0.7768903149999999
Allie Long,OL Reign,1.3613873140000001,1,9,-0.3613873140000001
Allie Long,United States Women's,0.032455944,0,1,-0.032455944
Ally Prisock,Houston Dash,0.12529954,1,1,0.87470046
Ally Watt,Orlando Pride,2.359173392,1,26,-1.3591733920000002
Allysha Lyn Chapman,Houston Dash,0.28160369399999996,0,2,-0.28160369399999996
Allyson Schlegel,Chicago Red Stars,0.587490655,2,5,1.4125093450000001
Allyson Swaby,AC Milan W,0.89569708,0,7,-0.89569708
Allyson Swaby,Jamaica Women's,0.626505599,1,3,0.373494401
Alma Hila,Como W,0.463728932,0,7,-0.463728932
Almamy Touré,AS Monaco,1.67518343,3,10,1.32481657
Almen Abdi,Watford,2.2169423665,2,39,-0.2169423665000001
Almoez Ali Zainalabiddin Abdulla,Qatar,0.365904557,0,3,-0.365904557
Almog Cohen,Ingolstadt,0.869334751,0,13,-0.869334751
Aloïs Confais,Troyes,0.107563499,0,4,-0.107563499
Alphonso Davies,Canada,2.859945128,2,12,-0.8599451280000001
Aly Cissokho,Aston Villa,0.133995908,0,4,-0.133995908
Aly Ndom,Stade de Reims,0.245226244,0,4,-0.245226244
Alyssa Kleiner,OL Reign,0.17938553,0,1,-0.17938553
Alyssa Mautz,Chicago Red Stars,0.918857949,0,7,-0.918857949
Alyssa Michele Naeher,United States Women's,0.76046705,1,1,0.23953294999999997
Alyssa Paola Thompson,Angel City,3.3213019985,4,27,0.6786980014999999
Amadou Dante,Mali,0.033252437,0,1,-0.033252437
Amadou Diawara,Bologna,0.566000973,0,20,-0.566000973
Amadou Haïdara,Mali,0.4796251055,0,9,-0.4796251055
Amadou Onana,Belgium,0.533712083,0,5,-0.533712083
Amadou Onana,Lille,0.10922816,0,2,-0.10922816
Amaiur Sarriegi,Real Sociedad de Fútbol,6.658779436,2,50,-4.658779436
Amaiur Sarriegi,Spain Women's,0.228509163,0,2,-0.228509163
Amalie Grønbak Thestrup,Bristol City WFC,6.7924169805,9,33,2.2075830195000004
Amalie Jørgensen Vangsgaard,Denmark Women's,0.727913991,2,7,1.2720860090000001
Amalie Vevle Eikeland,Norway Women's,0.43802393,0,2,-0.43802393
Amalie Vevle Eikeland,Reading WFC,9.064157405,4,55,-5.064157405
Amanda Frisbie,FC Levante Badalona,0.159685056,0,4,-0.159685056
Amanda Frisbie,NJ/NY Gotham FC,0.131098,0,1,-0.131098
Amanda Ilestedt,Arsenal WFC,1.025737539,1,7,-0.025737539000000087
Amanda Ilestedt,Sweden Women's,2.5311100250000003,4,13,1.4688899749999997
Amanda Marie Allen,Orlando Pride,0.0806299,0,1,-0.0806299
Amanda Nildén,Brighton & Hove Albion WFC,0.69145939,1,4,0.30854061
Amanda Nildén,Juventus W,0.06945172499999999,1,3,0.930548275
Amanda Nildén,Tottenham Hotspur Women,0.700337554,0,9,-0.700337554
Amanda Sampedro Bustos,Sevilla FC,1.40689433,2,19,0.5931056699999999
Amanda Sampedro Bustos,Spain Women's,0.08415074,0,1,-0.08415074
Amandine Henry,Angel City,0.491656996,0,6,-0.491656996
Amandine Henry,France Women's,1.1338683440000001,2,16,0.8661316559999999
Amarjit Singh Kiyam Singh,East Bengal,0.163802881,0,5,-0.163802881
Amath Ndiaye,Getafe,0.04951719,0,1,-0.04951719
Amber Brooks,Houston Dash,0.15700879,1,2,0.84299121
Amber Brooks,Washington Spirit,0.385281886,0,5,-0.385281886
Amber Gaylor,Yeovil Town LFC,0.377928383,1,9,0.622071617
Amber Tysiak,Belgium Women's,0.064157374,0,1,-0.064157374
Amber Tysiak,West Ham United LFC,0.741687528,1,7,0.25831247199999996
Ambrosini Antonio Cabaça Salvador,Angola,1.303078349,1,7,-0.30307834899999997
Amdy Moustapha Faye,Portsmouth,0.015734857,0,1,-0.015734857
Amel Majri,France Women's,1.4949429379999999,1,12,-0.4949429379999999
Amelia Hazard,Arsenal WFC,0.0562294,0,1,-0.0562294
Amey Ganesh Ranawade,Mumbai City,0.19342847200000002,0,3,-0.19342847200000002
Amine Adli,Bayer Leverkusen,3.1789140320000002,4,27,0.8210859679999998
Amine Adli,Morocco,0.62905336,0,5,-0.62905336
Amine Gouiri,OGC Nice,0.337595907,0,4,-0.337595907
Amine Gouiri,Rennes,0.053913902,0,1,-0.053913902
Amine Harit,Marseille,0.11560256,0,2,-0.11560256
Amine Harit,Morocco,0.278874288,0,4,-0.278874288
Amir Derviševič,East Bengal,0.543108092,2,8,1.456891908
Amir Richardson,Morocco,0.045313783,0,1,-0.045313783
Amira Arfaoui,Nürnberg W,0.67574614,0,5,-0.67574614
Amira Arfaoui,TSV Bayer 04 Leverkusen,0.14705768,0,1,-0.14705768
Amira Marlene Dahl,SV Werder Bremen,0.49401698,1,1,0.50598302
Amirah Ali,San Diego Wave,3.126492071,2,16,-1.126492071
Amos Youga,Gazélec Ajaccio,0.485602871,0,13,-0.485602871
Amr Medhat Warda,Egypt,0.07593296499999999,0,2,-0.07593296499999999
Amy Goddard,Yeovil Town LFC,0.250675347,0,4,-0.250675347
Amy Rodgers,Bristol City WFC,1.249498483,1,17,-0.249498483
Amy Rodgers,Liverpool WFC,0.160011733,0,5,-0.160011733
Amy Rodriguez,Utah Royals,2.005368462,1,12,-1.0053684619999999
Amy Turner,Manchester United,0.832132003,0,10,-0.832132003
Amy Turner,Manchester United W,0.959773106,0,6,-0.959773106
Amy Turner,Tottenham Hotspur Women,0.237013128,1,3,0.762986872
Amélie Thöle,Nürnberg W,0.810760296,0,13,-0.810760296
Ana Carolina Dias de Almeida Sampaio,CD Sporting de Huelva,0.278634286,0,4,-0.278634286
Ana Franco de la Vega,Sevilla FC,0.641998531,1,7,0.35800146899999996
Ana González Rosa,Madrid CFF,5.173591619,4,33,-1.1735916189999998
Ana Ines Palma Capeta,Portugal Women's,0.8497722050000001,0,5,-0.8497722050000001
Ana Lucía Martínez Maldonado,Pomigliano,2.169257962,3,19,0.8307420379999999
Ana Marcos Moral,Valencia CF,8.144293583,11,62,2.8557064170000004
Ana Marija Milinković,FC Internazionale Milano W,0.646870771,0,12,-0.646870771
Ana María Guzmán Zapata,Colombia Women's,0.017126495,0,1,-0.017126495
Ana Rute Santos Marques Rodrigues,Portugal Women's,0.08534521,0,1,-0.08534521
Ana Tejada Jimenez,Real Sociedad de Fútbol,0.581558977,0,8,-0.581558977
Ana Vitória Angélica Kliemaschewsk de Araújo,Atletico Madrid W,1.398427298,1,12,-0.3984272980000001
Ana-Maria Crnogorčević,Atletico Madrid W,1.672295227,1,7,-0.672295227
Ana-Maria Crnogorčević,Portland Thorns,2.5596132149999997,3,15,0.4403867850000003
Ana-Maria Crnogorčević,Switzerland Women's,1.3101227229999999,0,10,-1.3101227229999999
Anaitz Arbilla Zabala,Eibar,0.125482771,0,3,-0.125482771
Anaitz Arbilla Zabala,Espanyol,0.32267952,0,8,-0.32267952
Anaitz Arbilla Zabala,Rayo Vallecano,0.011165331,0,1,-0.011165331
Anas Edathodika,Jamshedpur,0.091266066,0,1,-0.091266066
Anastasia Ferrara,Sassuolo W,0.08714894000000001,0,2,-0.08714894000000001
Anatoliy Tymoshchuk,Bayern Munich,0.036916874,0,2,-0.036916874
Anaïg Charlotte Thérese Butel,Washington Spirit,0.061958633,0,1,-0.061958633
Ander Barrenetxea Muguruza,Real Sociedad,0.319408177,1,4,0.680591823
Ander Capa Rodríguez,Eibar,1.056261343,2,19,0.9437386569999999
Ander Herrera Agüera,Athletic Club,0.358290715,2,6,1.6417092850000001
Ander Herrera Agüera,Manchester United,2.6951031235,3,24,0.30489687649999997
Ander Herrera Agüera,Real Zaragoza,0.019401949,0,1,-0.019401949
Ander Iturraspe Derteano,Athletic Club,0.684999483,0,9,-0.684999483
Ander Murillo García,Athletic Club,0.015982684,0,1,-0.015982684
Anderson Hernanes de Carvalho Andrade,Inter Milan,0.137875537,0,3,-0.137875537
Anderson Hernanes de Carvalho Andrade,Juventus,1.013783993,1,30,-0.013783993000000105
Anderson Luis de Carvalho,Celta Vigo,0.204547023,0,3,-0.204547023
Anderson Luís de Souza,Barcelona,6.359733227,6,98,-0.35973322700000043
Anderson Luís de Souza,FC Porto,0.241930673,1,2,0.758069327
Andi Sullivan,United States Women's,0.896340347,1,5,0.10365965300000002
Andi Sullivan,Washington Spirit,3.228797918,0,33,-3.228797918
Andoni Iraola Sagarna,Athletic Club,0.7973624899999999,1,2,0.20263751000000008
Andraž Šporar,Slovenia,1.201525725,0,8,-1.201525725
Andre Green,Aston Villa,0.03781478,0,1,-0.03781478
Andre Hoffmann,Hannover 96,0.150926363,0,4,-0.150926363
Andre Wisdom,Norwich City,0.10007851300000001,0,2,-0.10007851300000001
Andrea Abigail Álvarez Donis,SD Eibar,3.164458737,6,35,2.835541263
Andrea Barzagli,Juventus,0.8481447019999999,1,4,0.15185529800000008
Andrea Belotti,Italy,2.758491375,1,11,-1.7584913750000002
Andrea Belotti,Torino,12.321638061,12,73,-0.3216380609999998
Andrea Bertolacci,AC Milan,1.957067421,1,18,-0.9570674210000001
Andrea Carnevale,Napoli,1.589200518,2,11,0.41079948200000005
Andrea Conti,Atalanta,1.178658416,2,5,0.821341584
Andrea Costa,Empoli,0.922810308,1,7,0.07718969200000003
Andrea Gavrić,Köln,0.093069337,1,2,0.906930663
Andrea Gómez Oliver,Granada W,1.9395904175,1,19,-0.9395904175
Andrea Lazzari,Carpi,1.456772909,1,10,-0.4567729089999999
Andrea Maddalen Sierra Larrauri,SD Eibar,0.6066156340000001,0,14,-0.6066156340000001
Andrea Marrero Avero,Costa Adeje Tenerife,0.43084874500000003,0,5,-0.43084874500000003
Andrea Masiello,Atalanta,0.20385771,0,4,-0.20385771
Andrea Medina,Atletico Madrid W,0.8813454,0,18,-0.8813454
Andrea Pirlo,AC Milan,0.913520169,0,5,-0.913520169
Andrea Poli,AC Milan,0.228745106,0,5,-0.228745106
Andrea Raggi,AS Monaco,1.33802024,2,8,0.6619797599999999
Andrea Ranocchia,Sampdoria,0.84488689,0,9,-0.84488689
Andrea Rispoli,Palermo,0.5966981769999999,0,12,-0.5966981769999999
Andrea Stašková,AC Milan W,5.156081604,6,35,0.8439183960000003
Andrea Sánchez Falcón,Spain Women's,0.0532857,0,1,-0.0532857
Andreas Christensen,Borussia Mönchengladbach,2.455215947,3,14,0.5447840529999999
Andreas Christensen,Denmark,1.047982099,2,9,0.952017901
Andreas Evald Cornelius,Denmark,0.953392239,0,10,-0.953392239
Andreas Granqvist,Sweden,1.781198186,2,6,0.2188018140000001
Andreas Hoelgebaum Pereira,Brazil,0.80950383,1,2,0.19049616999999996
Andreas Hoelgebaum Pereira,Valencia,0.04387479,0,1,-0.04387479
Andreas Ivanschitz,Levante UD,0.098285936,0,3,-0.098285936
Andreas Skov Olsen,Denmark,0.411685125,0,5,-0.411685125
Andreaw Gravillon,Stade de Reims,0.029073242,0,1,-0.029073242
Andrei Burcă Andonie,Romania,0.057902765,0,1,-0.057902765
Andrei Florin Ratiu,Romania,0.182623329,0,3,-0.182623329
Andrei Girotto,Nantes,0.043543486,0,2,-0.043543486
Andreia Alexandra Norton,Portugal Women's,0.2984484665,0,7,-0.2984484665
Andreia Martins Faria,Portugal Women's,0.082472034,0,1,-0.082472034
Andreia de Jesus Jacinto,Portugal Women's,0.472051588,0,6,-0.472051588
Andreia de Jesus Jacinto,Real Sociedad de Fútbol,0.983446112,0,22,-0.983446112
Andrej Kramarić,Croatia,4.2094418639999995,5,30,0.7905581360000005
Andrej Kramarić,Hoffenheim,5.987829038,5,44,-0.9878290380000001
Andrej Kramarić,Leicester City,0.28326494,0,1,-0.28326494
Andressa Alves da Silva,Brazil Women's,0.929896811,0,5,-0.929896811
Andressa Alves da Silva,Houston Dash,2.0381138803,1,13,-1.0381138803
Andressa Cavalari Machry,Brazil Women's,0.131812669,0,2,-0.131812669
Andressa Cavalari Machry,Portland Thorns,0.19223801499999998,0,2,-0.19223801499999998
Andreu Fontàs Prat,Celta Vigo,0.63326333,1,2,0.36673667
Andreu Guerao Mayoral,Sporting Gijón,0.025001066,0,1,-0.025001066
Andrew Philip King,Leicester City,2.6509900330000002,2,19,-0.6509900330000002
Andrew Privett,Charlotte,0.025753092,0,1,-0.025753092
Andrew Robertson,Liverpool,0.016935002,0,1,-0.016935002
Andrew Robertson,Scotland,0.09252552,0,1,-0.09252552
Andrew Surman,AFC Bournemouth,0.83155654,0,16,-0.83155654
Andrija Delibašić,Rayo Vallecano,0.360685655,0,3,-0.360685655
Andrija Živković,Serbia,0.048419072,0,2,-0.048419072
Andrine Tomter,FC Internazionale Milano W,0.13802802,0,2,-0.13802802
Andriy Shevchenko,AC Milan,1.161888716,0,6,-1.161888716
Andriy Yarmolenko,Ukraine,2.278026402,2,14,-0.27802640200000006
Andros Townsend,Newcastle United,1.201395589,4,23,2.798604411
Andros Townsend,Tottenham Hotspur,0.27783171900000003,0,6,-0.27783171900000003
András Schäfer,Hungary,0.112470286,1,4,0.887529714
András Schäfer,Union Berlin,0.020324012,0,1,-0.020324012
André Ayew Pelé,Ghana,1.3452236,1,2,-0.34522359999999996
André Ayew Pelé,Swansea City,7.7593757325,12,69,4.2406242675
André Biyogo Poko,Bordeaux,1.9539992865,0,23,-1.9539992865
André Filipe Tavares Gomes,Barcelona,3.5728329645,3,21,-0.5728329644999999
André Filipe Tavares Gomes,Valencia,3.447208542,3,44,-0.4472085419999998
André Hahn,Borussia Mönchengladbach,3.504352593,8,26,4.495647407
André Martín Carrillo Díaz,Peru,0.097683575,1,4,0.902316425
André Miguel Valente Silva,Portugal,0.428319318,0,5,-0.428319318
André Miguel Valente Silva,Sevilla,0.08231554,0,1,-0.08231554
André Ramalho Silva,Bayer Leverkusen,0.785183654,0,8,-0.785183654
André Schürrle,Wolfsburg,6.99831159,9,68,2.00168841
André-Frank Zambo Anguissa,Cameroon,0.17751881600000002,0,2,-0.17751881600000002
André-Frank Zambo Anguissa,Olympique de Marseille,0.275250925,0,4,-0.275250925
Andrés Felipe Reyes Ambuila,New York Red Bulls,0.13488231,0,2,-0.13488231
Andrés Iniesta Luján,Barcelona,31.7267667046,25,372,-6.726766704599999
Andrés Iniesta Luján,Spain,1.062525068,1,6,-0.06252506800000002
Andrés Lamas Bervejillo,Recreativo Huelva,0.27537328,0,1,-0.27537328
Andrés Mateus Uribe Villa,Colombia,1.3058091914999999,0,6,-1.3058091914999999
Andrés Nicolás D''Alessandro,Real Zaragoza,0.421572944,0,6,-0.421572944
Andy Carroll,West Ham United,5.969730042,9,55,3.030269958
Andy Cole,Blackburn Rovers,0.083448316,0,2,-0.083448316
Andy Delort,Caen,2.890776101,2,27,-0.8907761010000002
Andy Delort,OGC Nice,0.33422311800000004,1,3,0.665776882
Andy Delort,Stade Malherbe Caen,12.016430412,10,116,-2.016430412
Ane Azkona Fuente,Athletic Club Bilbao,4.746918566,7,32,2.2530814340000003
Ane Campos Andueza,SD Eibar,3.892613688,3,41,-0.892613688
Ane Elexpuru Añorga,Athletic Club Bilbao,0.6921479490000001,0,12,-0.6921479490000001
Ane Etxezarreta Ayerbe,Real Sociedad de Fútbol,0.333703939,0,6,-0.333703939
Anga Dedryck Boyata,Belgium,0.15002441,0,1,-0.15002441
Ange N'Guessan,Costa Adeje Tenerife,6.310762429,4,29,-2.3107624290000004
Angel Gomes,Lille,0.33176648,0,3,-0.33176648
Angela Addison,Tottenham Hotspur Women,3.572756608,3,21,-0.5727566080000002
Angela Beard,Philippines Women's,0.0368542185,0,2,-0.0368542185
Angela Sosa Martín,Levante UD Femenino,1.4808223169999999,2,24,0.5191776830000001
Angelica Soffia,AC Milan W,1.142544796,1,11,-0.14254479599999992
Angelo Di Livio,Fiorentina,0.055901268500000004,0,2,-0.055901268500000004
Angelo Domenghini,Italy,0.371437626,0,9,-0.371437626
Angelo Obinze Ogbonna,West Ham United,0.47364473,0,6,-0.47364473
Angelo Palombo,Sampdoria,0.021495761,0,1,-0.021495761
Angelo Smit Preciado Quiñónez,Ecuador,0.431559005,0,9,-0.431559005
Angelo Stiller,VfB Stuttgart,0.043161605,0,1,-0.043161605
Angelos Basinas,Mallorca,0.050263975,1,1,0.949736025
Angharad James,Everton LFC,1.609872805,0,15,-1.609872805
Angharad James,Reading WFC,2.695778576,2,40,-0.6957785759999999
Angharad James,Tottenham Hotspur Women,0.7175910910000001,0,9,-0.7175910910000001
Angharad James,Wales W,0.10042279,0,2,-0.10042279
Anice Badri,Tunisia,0.362188824,0,3,-0.362188824
Aniket Anil Jadhav,Hyderabad,2.365662859,2,31,-0.36566285899999995
Aniket Anil Jadhav,SC Delhi,0.838939825,0,6,-0.838939825
Anirudh Thapa,Chennaiyin,0.78251836,1,13,0.21748164000000003
Anis Ben Slimane,Tunisia,0.22917916049999998,0,4,-0.22917916049999998
Anisa Anwar Ali,Goa,1.1873788939999999,0,11,-1.1873788939999999
Anissa Lahmari,FC Levante Badalona,3.165980222,7,19,3.834019778
Anissa Lahmari,Morocco Women's,0.79559635,1,2,0.20440365000000005
Anita Amma Ankyewah Asante,Aston Villa,0.267069878,1,4,0.732930122
Anja Pfluger,SGS Essen 19/68,0.455322001,0,7,-0.455322001
Anja Sønstevold,AS Roma W,0.786035683,0,6,-0.786035683
Anja Sønstevold,FC Internazionale Milano W,0.118386395,0,1,-0.118386395
Ann-Katrin Berger,Germany Women's,0.7539362,1,1,0.24606380000000005
Anna Anvegård,Sweden Women's,0.573395506,0,5,-0.573395506
Anna Filbey,Tottenham Hotspur Women,0.25831551,1,2,0.7416844899999999
Anna Gerhardt,Köln,0.8338647730000001,2,6,1.1661352269999998
Anna Langås Jøsendal,Norway Women's,0.24753696,0,2,-0.24753696
Anna Margraf,CD Sporting de Huelva,0.117045851,0,3,-0.117045851
Anna Marika Bergman Lundin,West Ham United LFC,0.260884036,0,2,-0.260884036
Anna Patten,Aston Villa W,1.721239056,1,11,-0.7212390559999999
Anna Rosa James-Buhigas,Pomigliano,0.04583124,0,1,-0.04583124
Anna Sandberg,Sweden Women's,0.025103368,0,1,-0.025103368
Anna Sofia Ulrika Hagman,CD Sporting de Huelva,0.481530843,1,5,0.518469157
Anna Torroda Ricart,Levante UD Femenino,1.2041250959999998,0,7,-1.2041250959999998
Annabel Schasching,SC Freiburg,1.836427614,1,22,-0.836427614
Annabella Madeleine Bixby,Portland Thorns,0.2895829,1,1,0.7104171
Annahita Zamanian,Sassuolo W,1.199122751,2,12,0.800877249
Annalena Rieke,SGS Essen 19/68,3.169588414,5,37,1.8304115859999999
Annalie Longo,New Zealand Women's,0.22514389699999998,0,2,-0.22514389699999998
Annamaria Serturini,AS Roma W,1.299860639,0,9,-1.299860639
Annamaria Serturini,FC Internazionale Milano W,1.495949687,4,19,2.504050313
Annamaria Serturini,Italy Women's,0.027880328,0,1,-0.027880328
Anne-Marie Heatherson,Yeovil Town LFC,2.069395676,2,18,-0.06939567600000007
Annelie Leitner,SD Eibar,0.9763406375,1,18,0.023659362500000003
Annie Karich,SC Freiburg,0.01345725,0,1,-0.01345725
Annika Enderle,SGS Essen 19/68,2.017979118,1,8,-1.017979118
Anouk Dekker,Netherlands Women's,0.19906238,1,1,0.80093762
Anouk Denton,West Ham United LFC,0.128407449,0,3,-0.128407449
Ansgar Knauff,Eintracht Frankfurt,0.17434737,0,1,-0.17434737
Anssumane Fati,Barcelona,4.798668966,9,41,4.201331034
Ante Budimir,Croatia,1.288398375,0,7,-1.288398375
Ante Budimir,Mallorca,0.732938588,2,4,1.2670614119999999
Ante Budimir,Osasuna,0.41724401,0,3,-0.41724401
Ante Palaversa,Troyes,0.48005036,1,1,0.51994964
Ante Rebić,Croatia,1.509703245,1,20,-0.5097032450000001
Ante Rebić,Fiorentina,0.5447525790000001,1,6,0.45524742099999993
Ante Rebić,Hellas Verona,1.1634103040000001,0,11,-1.1634103040000001
Anthony Caci,FSV Mainz 05,0.025271103,0,1,-0.025271103
Anthony Caci,Strasbourg,0.24439016,1,1,0.75560984
Anthony Le Tallec,Liverpool,0.04136593,0,1,-0.04136593
Anthony Losilla,Bochum,0.06270008,0,1,-0.06270008
Anthony Martial,AS Monaco,0.47710127,0,1,-0.47710127
Anthony Martial,Manchester United,7.28809568,11,57,3.7119043200000004
Anthony Modeste,FC Köln,14.813649148,15,111,0.18635085200000034
Anthony Mounier,Bologna,2.855208636,4,21,1.144791364
Anthony Mounier,Montpellier,0.33819781000000004,0,2,-0.33819781000000004
Anthony Rouault,Toulouse,0.26295674,0,1,-0.26295674
Anthony Rubén Lozano Colón,Girona,0.230481994,0,3,-0.230481994
Anthony Ujah,Werder Bremen,10.683517942,11,64,0.31648205800000007
Anthony Weber,Stade de Reims,0.5173990839999999,1,5,0.4826009160000001
Antionette Oyedupe Payne,Nigeria Women's,0.160964922,0,3,-0.160964922
Antionette Oyedupe Payne,Sevilla FC,3.7766780730000002,6,46,2.2233219269999998
Antoine Conte,Stade de Reims,0.437623384,0,9,-0.437623384
Antoine Devaux,Stade de Reims,1.998864019,1,23,-0.998864019
Antoine Griezmann,Atlético Madrid,16.268214745,23,112,6.731785254999998
Antoine Griezmann,Barcelona,17.053348219,19,105,1.946651781
Antoine Griezmann,France,6.591368083,5,47,-1.5913680829999999
Antoine Griezmann,Real Sociedad,1.562444411,2,20,0.437555589
Antoine Rabillard,Olympique de Marseille,0.792551255,1,3,0.207448745
Antoine Semenyo,Ghana,0.256101335,0,3,-0.256101335
Antoine Sibierski,Manchester City,0.305541153,0,3,-0.305541153
Antolín Alcáraz Viveros,Las Palmas,0.24990185400000003,1,2,0.750098146
Anton Stach,Hoffenheim,0.10761918000000001,1,2,0.89238082
Antonee Robinson,United States,0.109838243,0,3,-0.109838243
Antonia Ronnycleide da Costa Silva,Brazil Women's,0.09215942299999999,0,3,-0.09215942299999999
Antonia Ronnycleide da Costa Silva,Levante UD Femenino,2.455490152,1,18,-1.4554901519999999
Antonia-Johanna Halverkamps,Duisburg WFC,2.256914294,2,36,-0.256914294
Antonino La Gumina,Palermo,0.375688076,0,3,-0.375688076
Antonio Amaya Carazo,Rayo Vallecano,0.15493595999999998,1,3,0.84506404
Antonio Cabrini,Juventus,0.20292934,0,2,-0.20292934
Antonio Candreva,Lazio,12.244027421,10,90,-2.244027421
Antonio Cassano,Sampdoria,2.459147943,2,18,-0.45914794300000006
Antonio Di Gaudio,Carpi,4.325744257,3,36,-1.3257442570000002
Antonio Di Natale,Udinese,5.851714968,2,33,-3.8517149679999996
Antonio Floro Flores,Chievo,1.728993774,1,28,-0.7289937740000001
Antonio Floro Flores,Granada,0.043832906,0,1,-0.043832906
Antonio Floro Flores,Sassuolo,2.2574679025,3,31,0.7425320974999998
Antonio Galdeano Benítez,Málaga,0.024804156,0,1,-0.024804156
Antonio García Aranda,Levante UD,0.443652393,0,12,-0.443652393
Antonio Jasso Alvarez,Mexico,0.31135334000000003,0,3,-0.31135334000000003
Antonio Jesús Regal Angulo,Real Valladolid,0.102462746,0,1,-0.102462746
Antonio Jesús Vázquez Muñoz,Recreativo Huelva,0.442734375,0,4,-0.442734375
Antonio José Raillo Arenas,Espanyol,0.23165012499999998,0,4,-0.23165012499999998
Antonio Juliano,Italy,0.04689862,0,1,-0.04689862
Antonio Latorre Grueso,Osasuna,0.112784006,0,1,-0.112784006
Antonio López Guerrero,Atlético Madrid,0.112123839,0,2,-0.112123839
Antonio Manuel Luna Rodríguez,Eibar,0.124009968,0,2,-0.124009968
Antonio Moral Segura,Racing Santander,0.24417248,0,1,-0.24417248
"Antonio Pacheco D""Agosti",Albacete,0.79433744,0,4,-0.79433744
Antonio Perošević,East Bengal,3.2682387357,4,51,0.7317612643000002
Antonio Puerta Pérez,Sevilla,0.075767704,0,2,-0.075767704
Antonio Rukavina,Villarreal,0.058663491,0,2,-0.058663491
Antonio Rüdiger,AS Roma,1.699623382,2,18,0.30037661800000004
Antonio Rüdiger,Germany,0.9704261590000001,0,12,-0.9704261590000001
Antonio Tomás González,RC Deportivo La Coruña,0.013620592,0,1,-0.013620592
Antonio Álvarez Pérez,Espanyol,0.027557097,0,1,-0.027557097
Antonis Antoniadis,Panathinaikos,0.236016565,0,5,-0.236016565
Antony Matheus dos Santos,Brazil,0.263891545,0,6,-0.263891545
Antonín Barák,Czech Republic,0.145578068,0,3,-0.145578068
António João Pereira Albuquerque Tavares Silva,Portugal,0.32850567,0,1,-0.32850567
Antônio de Oliveira Filho,Brazil,0.72901223,0,5,-0.72901223
Antônio de Oliveira Filho,Napoli,1.529804771,2,11,0.470195229
Anwar El Ghazi,FSV Mainz 05,0.038757145,0,1,-0.038757145
Anzor Mekvabishvili,Georgia,0.12143258,0,2,-0.12143258
Aníbal Cesis Godoy,Panama,0.12023692,0,2,-0.12023692
Ao Tanaka,Japan,0.81518435,1,1,0.18481565
Aoba Fujino,Japan Women's,1.634255446,1,13,-0.6342554460000001
Aoife Mannion,Birmingham City WFC,0.77436672,1,2,0.22563328000000005
Aoife Mannion,Manchester City WFC,0.03987926,0,1,-0.03987926
Aprocious Petrus,Namibia,0.155251594,0,2,-0.155251594
Aras Özbiliz,Rayo Vallecano,0.047874246,0,1,-0.047874246
Arbër Hoxha,Albania,0.225117043,0,2,-0.225117043
Arbër Zeneli,Stade de Reims,0.15521662,0,1,-0.15521662
Archimede Morleo,Bologna,0.119851429,0,4,-0.119851429
Arda Güler,Turkey,0.624930757,1,9,0.375069243
Arda Turan,Atlético Madrid,0.235685897,0,4,-0.235685897
Arda Turan,Barcelona,3.541349879,4,18,0.4586501209999998
Arene Altonaga Echeverria,SD Eibar,1.11089857,0,15,-1.11089857
Ariadina Alves Borges,Brazil Women's,1.453468812,3,7,1.546531188
Ariadina Alves Borges,Racing Louisville FC,2.693663274,1,32,-1.693663274
Ariadna Mingueza García,Granada W,1.234163517,1,18,-0.23416351700000004
Arial Benabent Mendy,Clermont Foot,0.01796456,0,1,-0.01796456
Ariana Arias,Barcelona WFC,0.762571858,1,5,0.23742814199999995
Arianit Ferati,VfB Stuttgart,0.05604115,0,1,-0.05604115
Arianna Caruso,Italy Women's,2.775495735,3,23,0.2245042650000002
Arianna Caruso,Juventus W,5.6414895705,7,69,1.3585104295
Ariday Cabrera Suárez,Odisha,3.5318169305,5,37,1.4681830695000002
Arie Haan,Ajax,0.776362848,1,11,0.223637152
Arie Haan,Netherlands,0.07830414399999999,0,2,-0.07830414399999999
Ariel Borysiuk,Chennaiyin,0.730030614,1,22,0.269969386
Ariel Gerardo Nahuelpán Osten,Racing Santander,0.07204096,0,1,-0.07204096
Ariel Lassiter,Costa Rica,0.018467939,0,1,-0.018467939
Ariel Miguel Santiago Ibagaza,Mallorca,0.112793456,0,2,-0.112793456
Ariel Miguel Santiago Ibagaza,Villarreal,0.015222951,0,1,-0.015222951
Arijan Ademi,North Macedonia,0.2520173,0,1,-0.2520173
Arin Wright,Chicago Red Stars,1.136925703,1,12,-0.13692570299999995
Aristidis Kamaras,Panathinaikos,0.290822994,0,3,-0.290822994
Aritz Aduriz Zubeldia,Athletic Club,20.484135087,22,125,1.5158649130000015
Aritz Aduriz Zubeldia,Mallorca,0.171861711,0,4,-0.171861711
Aritz Aduriz Zubeldia,Valencia,0.085626654,0,1,-0.085626654
Aritz Elustondo Irribaria,Real Sociedad,1.958258962,2,17,0.041741038000000064
Arjan de Zeeuw,Portsmouth,0.12140922,0,1,-0.12140922
Arjen Robben,Bayern Munich,9.134364336,5,77,-4.134364336000001
Arjen Robben,Real Madrid,0.66374047,1,6,0.33625953
Arkadiusz Milik,Olympique de Marseille,0.08941181,0,1,-0.08941181
Arkadiusz Milik,Poland,0.48001545999999995,0,2,-0.48001545999999995
Arlind Afrim Ajeti,Frosinone,0.451657719,1,9,0.548342281
Armand Lauriente,Lorient,0.177301447,0,3,-0.177301447
Armando Broja,Albania,0.28425178,0,2,-0.28425178
Armando Enrique Cooper Whitaker,Panama,0.02556952,0,1,-0.02556952
Armando Izzo,Genoa,1.023467702,0,15,-1.023467702
Armindo Tué Na Bangna,Real Sociedad,3.88608144,2,48,-1.8860814399999999
Arnaldo Antonio Sanabria Ayala,Real Betis,0.19868539400000002,1,2,0.801314606
Arnaldo Antonio Sanabria Ayala,Sporting Gijón,10.495215094,11,52,0.5047849059999994
Arnaud Kalimuendo Muinga,Lens,0.29578969,0,3,-0.29578969
Arnaud Kalimuendo Muinga,Rennes,0.937763804,1,4,0.062236195999999966
Arnaud Nordin,Montpellier,0.05286403,1,1,0.94713597
Arnaud Nordin,Saint-Étienne,0.111512307,0,2,-0.111512307
Arnaud Souquet,Montpellier,0.019160317,0,1,-0.019160317
Arne Engels,Augsburg,0.10616538,0,1,-0.10616538
Arnold Bouka Moutou,Angers,1.238452858,2,8,0.761547142
Arnold Mvuemba,Lyon,0.163035385,0,4,-0.163035385
Arola Aparicio,Sevilla FC,1.2685640280000001,1,9,-0.2685640280000001
Aron Einar Gunnarsson,Iceland,0.274856185,0,2,-0.274856185
Aron Jóhannsson,Werder Bremen,2.088762728,2,13,-0.08876272799999985
Arouna Koné,Everton,4.3735438779999996,5,37,0.6264561220000004
Arouna Koné,Levante UD,0.20653117,0,1,-0.20653117
Arouna Koné,Sevilla,0.476482984,0,3,-0.476482984
Artem Dovbyk,Ukraine,1.1055183629999998,1,8,-0.10551836299999984
Artem Dzyuba,Russia,2.82323538,4,13,1.1767646200000001
Artem Kravets,VfB Stuttgart,1.362802197,1,16,-0.36280219699999994
Arthur Augusto de Matos Soares,Bayer Leverkusen,0.055520469,0,2,-0.055520469
Arthur Etienne Boka,Málaga,0.438219539,0,8,-0.438219539
Arthur Henrique Ramos de Oliveira Melo,Barcelona,1.194578323,2,9,0.805421677
Arthur Masuaku,Congo DR,0.992942556,1,7,0.007057443999999968
Arthur Theate,Belgium,0.0204689464,0,2,-0.0204689464
Arthur Theate,Rennes,0.07826771,0,1,-0.07826771
Artoms Rudņevs,Hamburger SV,1.9659625219999999,2,15,0.03403747800000012
Artur Ioniţă,Hellas Verona,3.313755643,4,40,0.6862443570000001
Artur Jędrzejczyk,Poland,0.047647018,0,1,-0.047647018
Artur Sobiech,Hannover 96,4.295564456,7,30,2.704435544
Arturo Erasmo Vidal Pardo,Barcelona,6.637711011,9,45,2.3622889889999996
Arturo Erasmo Vidal Pardo,Bayern Munich,4.2660303410000004,4,51,-0.26603034100000045
Arturo Erasmo Vidal Pardo,Juventus,0.081361612,0,2,-0.081361612
Arturo García Muñoz,Real Betis,0.245814076,0,2,-0.245814076
Aryana Lynn Harvey,Pomigliano,1.6249088980000002,1,12,-0.6249088980000002
Ascensión Martínez Salinas,Valencia CF,4.1118442690000006,2,47,-2.1118442690000006
Ashleigh Neville,Tottenham Hotspur Women,4.024117048,3,27,-1.024117048
Ashleigh Plumptre,Nigeria Women's,0.347967249,0,5,-0.347967249
Ashley Cole,Arsenal,0.691363814,0,10,-0.691363814
Ashley Cole,Chelsea,0.7391287,1,1,0.26087130000000003
Ashley Elizabeth Marie Lawrence,Canada Women's,0.295616524,0,8,-0.295616524
Ashley Elizabeth Marie Lawrence,Chelsea FCW,1.119548772,1,5,-0.11954877199999991
Ashley Hatch,Washington Spirit,15.164093963,10,94,-5.164093962999999
Ashley Hodson,Liverpool WFC,0.436649886,1,3,0.563350114
Ashley Nicole Sanchez,Washington Spirit,3.6305148555,5,44,1.3694851445
Ashley Westwood,Aston Villa,2.23632754,2,38,-0.23632754
Ashley Williams,Swansea City,2.263904585,2,16,-0.26390458500000014
Ashley Young,England,0.180791576,0,2,-0.180791576
Ashley Young,Manchester United,0.688017823,1,7,0.31198217699999997
Ashutosh Mehta,ATK Mohun Bagan,0.19944942300000001,0,3,-0.19944942300000001
Ashutosh Mehta,Mohun Bagan Super Giant,0.110431287,0,4,-0.110431287
Asia Bragonzi,Juventus W,0.20252898,0,1,-0.20252898
Asia Bragonzi,Sampdoria W,0.6464098779999999,1,7,0.35359012200000006
Asier Illarramendi Andonegi,Real Sociedad,1.654886135,1,27,-0.6548861349999999
Asier del Horno Cosgaya,Levante UD,0.110109825,0,2,-0.110109825
Asisat Lamina Oshoala,Barcelona WFC,4.4941573969999995,6,17,1.5058426030000005
Asisat Lamina Oshoala,Nigeria Women's,1.417757466,2,15,0.5822425339999999
Asish Rai,Hyderabad,0.216456141,0,8,-0.216456141
Asish Rai,SC Delhi,0.052090889,0,2,-0.052090889
Asmita Ale,Aston Villa,0.04063372,0,1,-0.04063372
Assan Ceesay,Gambia,0.23944347,0,1,-0.23944347
Assane Demoya Gnoukouri,Inter Milan,0.045308669999999995,0,2,-0.045308669999999995
Assane Dioussé El Hadji,Empoli,0.084588773,0,5,-0.084588773
Assani Lukimya-Mulongoti,Werder Bremen,0.69200519,0,5,-0.69200519
Atakan Karazor,VfB Stuttgart,0.020385,0,1,-0.020385
Athenea del Castillo Belvide,Real Madrid CF W,7.905962124,8,63,0.0940378759999998
Athenea del Castillo Belvide,Spain Women's,1.132907294,2,15,0.867092706
Atiba Hutchinson,Canada,0.1316425,0,2,-0.1316425
Atila Turan,Stade de Reims,0.862063358,2,13,1.137936642
Atlanta Reigan Primus,Jamaica Women's,0.429231808,0,6,-0.429231808
Attila Fiola,Hungary,0.33277519,1,2,0.66722481
Attila Szalai,Hungary,0.07721693,0,1,-0.07721693
Aubrey Maphosa Modiba,South Africa,1.6103001759999997,1,6,-0.6103001759999997
Aubrey Renee Kingsbury,Washington Spirit,0.15181157,0,1,-0.15181157
"Augustine Azuka ""Jay-Jay"" Okocha",Bolton Wanderers,0.21653904399999999,0,5,-0.21653904399999999
Augustine Sylvia Ejangue Siliki,Cameroon W,0.023959069,0,1,-0.023959069
Augusto Jorge Mateo Solari,Celta Vigo,0.2613582,0,1,-0.2613582
Augusto Matías Fernández,Atlético Madrid,0.127964026,0,4,-0.127964026
Augusto Matías Fernández,Celta Vigo,1.424281227,1,15,-0.42428122700000004
Aurora De Rita,Sampdoria W,2.043967566,2,18,-0.04396756600000007
Aurora Galli,Everton LFC,1.6847027970000001,3,13,1.3152972029999999
Aurora Galli,Italy Women's,0.8732696030000001,3,5,2.1267303969999998
Aurélien Djani Tchouaméni,AS Monaco,0.136888698,0,4,-0.136888698
Aurélien Djani Tchouaméni,France,1.7618793560000001,1,19,-0.7618793560000001
Aurélio Gabriel Ulineia Buta,Eintracht Frankfurt,0.03680099,0,1,-0.03680099
Ava Baker,Leicester City WFC,0.46847513100000004,0,3,-0.46847513100000004
Ava Cook,Chicago Red Stars,1.9791300299999999,3,19,1.0208699700000001
Ava Kuyken,Arsenal WFC,0.0436476,0,1,-0.0436476
Avell Chitundu,Zambia W,0.137944655,0,3,-0.137944655
Axel Disasi,AS Monaco,0.042788543,0,1,-0.042788543
Axel Disasi,France,0.052593123,0,1,-0.052593123
Axel Ngando,Bastia,2.1294529055,2,14,-0.1294529055
Axel Witsel,Belgium,0.356668353,0,9,-0.356668353
Aya Sameshima,Japan Women's,0.014722,0,1,-0.014722
Ayman Kari,Lorient,0.237040057,0,2,-0.237040057
Aymen Abdennour,Valencia,1.111525707,0,7,-1.111525707
Aymen Barkok,FSV Mainz 05,0.10515188,0,1,-0.10515188
Aymeric Laporte,Athletic Club,3.2026165745,3,21,-0.20261657449999992
Aymeric Laporte,Spain,0.5837383580000001,1,8,0.41626164199999993
Ayoub El Kaabi,Morocco,1.615273722,0,7,-1.615273722
Ayoze Díaz Díaz,Mallorca,0.019552195,0,2,-0.019552195
Ayoze García Pérez,Tenerife,0.008508133,0,1,-0.008508133
Ayoze Pérez Gutiérrez,Newcastle United,4.037267071,6,51,1.9627329290000004
Ayoze Pérez Gutiérrez,Spain,0.41079695,0,3,-0.41079695
Aytac Sulu,Darmstadt 98,2.614037915,7,21,4.385962085
Aythami Artiles Oliva,Las Palmas,1.349330984,0,9,-1.349330984
Aythami Artiles Oliva,Xerez,0.18499473,0,1,-0.18499473
Ayush Adhikari,Kerala Blasters,1.038975752,1,10,-0.03897575200000003
Aziz Eraltay Behich,Australia,0.396637843,0,4,-0.396637843
Azzedine Ounahi,Morocco,0.9004952530000001,1,13,0.0995047469999999
Aída Esteve Quintero,Madrid CFF,2.1580242275,3,28,0.8419757725000001
Aïssa Bilal Laïdouni,Tunisia,0.241420413,0,3,-0.241420413
Aïssa Bilal Laïdouni,Union Berlin,0.020397527,0,1,-0.020397527
Aïssa Mandi,Algeria,0.46155238,0,3,-0.46155238
Aïssa Mandi,Real Betis,0.09319898,0,1,-0.09319898
Aïssa Mandi,Stade de Reims,3.146467957,5,20,1.853532043
Aïssatou Tounkara,France Women's,0.11672439,0,1,-0.11672439
Babacar Gueye,Troyes,1.977185911,1,14,-0.9771859110000001
Baby Jordy Benera,FC Levante Badalona,0.355113988,0,2,-0.355113988
Bacary Sagna,Manchester City,0.252505195,0,4,-0.252505195
Badr Banoun,Morocco,0.7539362,0,1,-0.7539362
Bafodé Diakité,Lille,0.31908097,1,2,0.68091903
Bafétimbi Gomis,Swansea City,6.295762953,6,59,-0.29576295299999966
Baghdad Bounedjah,Algeria,2.098048096,3,9,0.9019519040000001
Bakari Camara,Mauritania,0.014707116,0,1,-0.014707116
Bakary Adama Soumaoro,Lille,1.220133531,1,13,-0.2201335310000001
Bakary Koné,Lyon,0.170074964,0,3,-0.170074964
Bakary Sako,Crystal Palace,3.1825588115,2,35,-1.1825588114999999
Balwant Singh,East Bengal,0.18476634,0,2,-0.18476634
Bambanani Nolufefe Mbane,South Africa Women's,0.03954009,0,1,-0.03954009
Bamidele Alli,England,0.5901815539999999,1,6,0.40981844600000006
Bamidele Alli,Tottenham Hotspur,8.225983822,10,76,1.774016178
Baptiste Guillaume,Lille,0.9251306484999999,0,10,-0.9251306484999999
Baptiste Santamaría,Rennes,0.200816543,0,3,-0.200816543
Barbara Bonansea,Italy Women's,2.7619777185,3,29,0.23802228150000015
Barbara Bonansea,Juventus W,3.472389401,3,39,-0.47238940100000004
Barbara Brecht,RB Leipzig W,0.448426819,1,10,0.551573181
Barbara Dunst,Austria Women's,0.432679412,0,12,-0.432679412
Barbara Dunst,Eintracht Frankfurt W,3.318681193,5,38,1.6813188069999998
Barbara Klarissa Olivieri,Houston Dash,0.257482045,0,5,-0.257482045
Barbra Banda,Zambia W,1.4066514620000001,1,9,-0.40665146200000013
Barnabás Varga,Hungary,1.64044014,1,4,-0.6404401399999999
Barry Ferguson,Blackburn Rovers,0.200636213,0,3,-0.200636213
Barry Hulshoff,Ajax,0.6469414139999999,0,3,-0.6469414139999999
Bartholomew Owogbalor Ogbeche,Hyderabad,8.488486807,17,62,8.511513193
Bartholomew Owogbalor Ogbeche,Real Valladolid,0.18001347,0,2,-0.18001347
Bartholomew Owogbalor Ogbeche,SC Delhi,0.704722485,1,4,0.295277515
Bartlomiej Pawłowski,Málaga,0.2105448,0,1,-0.2105448
Bartosz Bereszyński,Poland,0.081086555,0,3,-0.081086555
Bartosz Salamon,Poland,0.035386577,0,1,-0.035386577
Barış Alper Yılmaz,Turkey,0.293647266,0,4,-0.293647266
Bas Dost,Wolfsburg,7.405990397,8,41,0.5940096029999999
Basilio Ndong Owono Nchamaaa,Equatorial Guinea,0.020194672,0,1,-0.020194672
Bastian Oczipka,Eintracht Frankfurt,0.401845716,0,10,-0.401845716
Bastian Schweinsteiger,Bayern Munich,1.1737906599999999,0,6,-1.1737906599999999
Bastian Schweinsteiger,Manchester United,1.455599817,1,12,-0.45559981699999996
Batcheba Louis,Haiti Women's,0.224899675,0,2,-0.224899675
Batista Mendy,Angers,0.112677555,0,3,-0.112677555
Bayley Feist,Washington Spirit,0.286886761,0,5,-0.286886761
Beatrice Merlo,FC Internazionale Milano W,0.349753185,0,10,-0.349753185
Beatrix Fördős,FC Internazionale Milano W,0.709204342,0,6,-0.709204342
Beatriz Beltrán Sanz,Costa Adeje Tenerife,0.861208045,0,15,-0.861208045
Beatriz Pina Fonseca,Portugal Women's,0.07570187,0,1,-0.07570187
Beatriz Zaneratto João,Brazil Women's,1.8236950479999998,1,13,-0.8236950479999998
Beke Sterner,SGS Essen 19/68,1.714771481,2,18,0.2852285189999999
Ben Brereton Díaz,Chile,0.08533370800000001,0,2,-0.08533370800000001
Ben Davies,Tottenham Hotspur,0.601901381,0,9,-0.601901381
Ben Davies,Wales,0.448891237,0,6,-0.448891237
Ben Watson,Watford,0.621594108,1,16,0.37840589199999997
Bendegúz Bolla,Hungary,0.101407174,0,3,-0.101407174
Benedetta Brignoli,Sassuolo W,0.4317793365,0,6,-0.4317793365
Benedetta Glionna,AS Roma W,3.35534313,3,32,-0.35534313000000006
Benedetta Orsi,Sassuolo W,0.123203728,0,4,-0.123203728
Benedikt Gimber,FC Heidenheim,0.100616954,0,1,-0.100616954
Benedikt Höwedes,Schalke 04,0.6208416139999999,1,8,0.37915838600000007
Benik Afobe,AFC Bournemouth,2.640350695,4,14,1.359649305
Benjamin André,Rennes,1.241426623,0,22,-1.241426623
Benjamin Bourigeaud,Rennes,0.288831153,0,5,-0.288831153
Benjamin Corgnet,Saint-Étienne,0.849139785,1,11,0.15086021500000002
Benjamin Cremaschi,Inter Miami,0.37577759899999996,1,5,0.624222401
Benjamin Henrichs,Germany,0.016163332,0,1,-0.016163332
Benjamin Henrichs,RB Leipzig,0.265596026,0,6,-0.265596026
Benjamin Hübner,Ingolstadt,2.13299051,1,19,-1.13299051
Benjamin Jeannot,Lorient,6.2173806432,7,64,0.7826193567999997
Benjamin Mendy,Marseille,0.017841151,0,1,-0.017841151
Benjamin Mendy,Olympique de Marseille,0.175903945,1,7,0.824096055
Benjamin Moukandjo Bilé,Lorient,10.84766655,13,57,2.1523334500000004
Benjamin Nivet,Troyes,3.64732695,2,30,-1.64732695
Benjamin Pavard,France,0.33335932900000004,1,5,0.6666406709999999
Benjamin Pavard,Lille,0.347928636,0,4,-0.347928636
Benjamin Stambouli,Paris Saint-Germain,0.266341622,0,3,-0.266341622
Benjamin Verbič,Slovenia,0.7946596800000001,0,2,-0.7946596800000001
Benjamin Šeško,RB Leipzig,0.42933924599999995,0,3,-0.42933924599999995
Benjamin Šeško,Slovenia,0.536306601,0,8,-0.536306601
Benoît Assou-Ekotto,Saint-Étienne,0.2251144262,0,11,-0.2251144262
Benoît Trémoulinas,Sevilla,1.464552963,0,13,-1.464552963
Berat Djimsiti,Albania,0.100287251,0,2,-0.100287251
Berat Djimsiti,Atalanta,0.06651591,0,1,-0.06651591
Berglind Björg Þorvaldsdóttir,Iceland Women's,1.694607425,1,4,-0.6946074250000001
Bernadette Amani Kakounan,SD Eibar,0.692152683,0,14,-0.692152683
Bernard Mensah,Getafe,0.029706809,0,2,-0.029706809
Bernardo Fernandes da Silva Junior,Bochum,0.038558837,0,1,-0.038558837
Bernardo José Espinosa Zúñiga,Espanyol,0.07480343,0,2,-0.07480343
Bernardo José Espinosa Zúñiga,Girona,0.312731145,0,3,-0.312731145
Bernardo José Espinosa Zúñiga,Sporting Gijón,0.930741343,1,14,0.069258657
Bernardo Mota Veiga de Carvalho e Silva,AS Monaco,4.388863567,7,40,2.6111364330000004
Bernardo Mota Veiga de Carvalho e Silva,Portugal,2.7013949619999997,3,12,0.29860503800000027
Bernd Bransch,German DR,0.13591212600000002,0,3,-0.13591212600000002
Bernd Hölzenbein,Germany,0.086120058,0,2,-0.086120058
Bernd Schuster,Barcelona,0.25435491,0,4,-0.25435491
Bernhard Cullmann,Germany,0.103454727,0,3,-0.103454727
Berta Bou Salas,FC Levante Badalona,1.330420352,0,8,-1.330420352
Berta Pujadas Boix,Valencia CF,0.11793759699999999,0,2,-0.11793759699999999
Berti Vogts,Germany,0.089726185,0,2,-0.089726185
Bertrand Isidore Traoré,Burkina Faso,2.71311509,3,11,0.28688490999999994
Bertrand Isidore Traoré,Chelsea,1.741683756,2,17,0.258316244
Bethan Roberts,Reading WFC,0.128095296,0,2,-0.128095296
Bethan Roe,Brighton & Hove Albion WFC,0.37094694,0,2,-0.37094694
Bethany Balcer,Seattle Reign,4.727144497,6,36,1.2728555029999997
Bethany England,Chelsea FCW,28.689624583,29,165,0.3103754169999995
Bethany England,England Women's,0.97761246,1,3,0.022387539999999984
Bethany England,Tottenham Hotspur Women,5.110299846,5,31,-0.1102998460000002
Bethany Mead,Arsenal WFC,18.6927664915,22,149,3.3072335085000013
Bethany Mead,England Women's,5.418400589,7,23,1.581599411
Beverly Yanez,OL Reign,1.748718273,1,13,-0.7487182729999999
Bevic Moussiti-Oko,AC Ajaccio,0.039649207,0,1,-0.039649207
Beñat Etxebarria Urkiaga,Athletic Club,1.677629973,1,35,-0.6776299729999999
Bianca Fallico,Sampdoria W,0.08049741099999999,0,4,-0.08049741099999999
Bianca St Georges,Chicago Red Stars,3.845626926,4,34,0.154373074
Bibiane Schulze-Solano,Athletic Club Bilbao,0.274128184,0,4,-0.274128184
Bijoy Varghese,Kerala Blasters,0.655115573,0,6,-0.655115573
Bikash Jairu,East Bengal,0.23101655,0,1,-0.23101655
Bilal Brahimi,OGC Nice,0.077958359,0,2,-0.077958359
Bilal El Khannous,Morocco,0.452917234,0,2,-0.452917234
Billy Gilmour,Scotland,0.07812689,0,2,-0.07812689
Billy Jones,Sunderland,2.1315338125,1,13,-1.1315338124999998
Billy Ketkeophomphone,Angers,4.04239145,5,59,0.9576085499999998
Bipin Singh Thounajam,Mumbai City,3.714873802,6,35,2.285126198
Birama Touré,Auxerre,0.049982595,0,2,-0.049982595
Birama Touré,Nantes,0.303323561,0,14,-0.303323561
Birgül Sadıkoğlu,Costa Adeje Tenerife,0.025001066,0,1,-0.025001066
Birkir Bjarnason,Iceland,0.99338624,0,7,-0.99338624
Blaise Matuidi,France,0.284148001,0,5,-0.284148001
Blaise Matuidi,Paris Saint-Germain,2.211587114,4,16,1.7884128860000001
Blanca Muñoz,Real Betis Balompié,0.34757169499999996,1,3,0.652428305
Blas Antonio Miguel Pérez Ortega,Panama,0.1918923,0,1,-0.1918923
Blerim Džemaili,Genoa,1.9671290795,3,37,1.0328709205
Blerim Džemaili,Switzerland,1.393767095,1,9,-0.39376709500000007
Bo Göran Larsson,Sweden,0.011868377,0,1,-0.011868377
Boban Nikolov,North Macedonia,0.30493496,0,4,-0.30493496
Bobby Armani De Cordova-Reid,Jamaica,0.083265403,0,2,-0.083265403
Bobby Charlton,England,0.203797328,0,4,-0.203797328
Bodda Mouhsine,Mauritania,0.26046798,0,4,-0.26046798
Bohumil Vesely,Czechoslovakia,0.21202697,0,1,-0.21202697
Bojan Krkíc Pérez,Barcelona,13.0183555745,19,102,5.981644425500001
Bojan Krkíc Pérez,Stoke City,4.779581065,7,37,2.2204189349999996
Bongeka Gamede,South Africa Women's,0.18140789000000002,0,2,-0.18140789000000002
Bonke Innocent,Lorient,0.020349244,0,1,-0.020349244
Bonnie Horwood,Yeovil Town LFC,0.156346794,0,5,-0.156346794
Boris Singh Thangjam,Jamshedpur,2.685077512,2,20,-0.6850775119999999
Borja Fernández Fernández,Getafe,0.038686574,0,1,-0.038686574
Borja Fernández Fernández,Real Valladolid,0.24012635699999998,0,4,-0.24012635699999998
Borja García Freire,Córdoba CF,0.01619591,0,1,-0.01619591
Borja González Tomás,Deportivo Alavés,0.111630395,0,1,-0.111630395
Borja González Tomás,Eibar,16.0236477,18,94,1.9763522999999985
Borja Herrera González,Las Palmas,0.014476309,0,1,-0.014476309
Borja Iglesias Quintas,Bayer Leverkusen,1.0171953950000001,0,8,-1.0171953950000001
Borja Iglesias Quintas,Espanyol,0.77422447,0,3,-0.77422447
Borja Iglesias Quintas,Real Betis,0.77285778,1,2,0.22714221999999995
Borja Mayoral Moya,Levante UD,0.584451273,1,4,0.415548727
Borja Mayoral Moya,Real Madrid,0.225341134,0,3,-0.225341134
Borja Oubiña Meléndez,Celta Vigo,0.709760656,1,4,0.29023934399999995
Borja Valero Iglesias,Fiorentina,2.9693825824999998,4,36,1.0306174175000002
Borja Valero Iglesias,Mallorca,0.221158257,0,4,-0.221158257
Borja Valero Iglesias,Villarreal,0.12321418,0,2,-0.12321418
Borja Valle Balonga,RC Deportivo La Coruña,0.41069209900000003,0,4,-0.41069209900000003
Borja Viguera Manzanares,Athletic Club,1.153093544,0,7,-1.153093544
Borna Barišić,Croatia,0.019247653,0,1,-0.019247653
Borna Sosa,Croatia,0.043096807,0,2,-0.043096807
Borys Tashchy,VfB Stuttgart,0.15945697,0,2,-0.15945697
Boubacar Kamara,Olympique de Marseille,0.014722055,0,1,-0.014722055
Boubacar Traore,Mali,0.011917526,0,1,-0.011917526
Boubakar Kouyate,Mali,0.25533541,0,2,-0.25533541
Boudewijn Zenden,Middlesbrough,0.07024414,0,3,-0.07024414
Boukary Dramé,Atalanta,1.0460390944,0,18,-1.0460390944
Boulaye Dia,Senegal,0.830956659,1,8,0.16904334099999996
Bouna Sarr,Marseille,0.01756044,0,1,-0.01756044
Bouna Sarr,Olympique de Marseille,1.2254232299999999,2,15,0.7745767700000001
Boško Janković,Hellas Verona,1.3191044360000002,1,15,-0.31910443600000016
Boštjan Cesar,Chievo,2.067642378,1,15,-1.067642378
Bradden Inman,Mumbai City,0.414818665,0,4,-0.414818665
Bradley Barcola,France,1.14153643,1,3,-0.14153642999999994
Bradley Barcola,Lyon,0.38587162,1,2,0.6141283799999999
Bradley Johnson,Norwich City,0.873048334,0,10,-0.873048334
Bradley Locko,Stade de Reims,0.09087229,0,1,-0.09087229
Bradley Shaun Smith,Liverpool,0.030441523,0,1,-0.030441523
Brais Méndez Portela,Celta Vigo,0.712969771,0,7,-0.712969771
Brajan Gruda,FSV Mainz 05,0.033213478,0,1,-0.033213478
Branco van den Boomen,Toulouse,0.301905334,1,7,0.698094666
Brandon Fernandes,Goa,0.671454857,0,12,-0.671454857
Brandon Vázquez Toledo,Cincinnati,0.21521073999999998,0,2,-0.21521073999999998
Brandt Bronico,Charlotte,0.06443837,0,1,-0.06443837
Branimir Hrgota,Borussia Mönchengladbach,0.18826151600000002,0,2,-0.18826151600000002
Branislav Ivanović,Chelsea,2.903399359,2,28,-0.9033993589999998
Braulio Nóbrega Rodríguez,Real Zaragoza,0.14043112,0,1,-0.14043112
Brayan Andrés Perea Vargas,Troyes,0.9923548099999999,0,6,-0.9923548099999999
Brecht Dejaegere,Toulouse,0.033523884,0,1,-0.033523884
Brede Hangeland,Crystal Palace,0.57010669,0,5,-0.57010669
Breel-Donald Embolo,Switzerland,5.0009226159999995,5,29,-0.0009226159999995431
Brendan Joel Zibusiso Galloway,Everton,1.104813405,0,9,-1.104813405
Brenden Aaronson,United States,0.107571796,0,1,-0.107571796
Brennan Johnson,Wales,0.130077729,0,3,-0.130077729
Brett Ormerod,Southampton,0.333876545,0,2,-0.333876545
Brian McBride,Fulham,0.018168801,0,1,-0.018168801
Brianna Alexis Pinto,North Carolina Courage,0.8525242780000001,1,10,0.14747572199999992
Brianna Visalli,Birmingham City WFC,0.814891986,0,11,-0.814891986
Brianna Visalli,West Ham United LFC,3.009382785,1,25,-2.009382785
Brice Dja Djédjé,Marseille,0.020103917,0,1,-0.020103917
Brice Dja Djédjé,Olympique de Marseille,0.487947401,0,9,-0.487947401
Bright Osayi-Samuel,Nigeria,0.23980286,0,2,-0.23980286
Brison Deuben Fernandes,Goa,0.144558696,0,2,-0.144558696
Brittany Ratcliffe,North Carolina Courage,1.520428252,0,9,-1.520428252
Brooke Aspin,Bristol City WFC,0.759258806,2,10,1.240741194
Brooke Chaplen,Reading WFC,9.723662338,11,93,1.2763376619999995
Brooke Elby,Chicago Red Stars,0.158152014,0,2,-0.158152014
Brooke Elby,Utah Royals,0.038137086,0,1,-0.038137086
Brooke Hendrix,West Ham United LFC,0.8401899399999999,0,9,-0.8401899399999999
Brou Benjamin Angoua,Guingamp,0.6015452,1,4,0.3984548
Bruna Santos Nhaia,Brazil Women's,0.038248673,0,1,-0.038248673
Bruna Santos Nhaia,NJ/NY Gotham FC,0.655512939,2,6,1.3444870610000001
Bruna Vilamala Costa,Barcelona WFC,5.0543923,5,53,-0.05439229999999995
Bruno Alberto Langa,Mozambique,0.187363939,0,4,-0.187363939
Bruno Alexandre Vilela Gama,RC Deportivo La Coruña,0.016176153,0,1,-0.016176153
Bruno Edgar Silva Almeida,Bengaluru,1.25742361,0,19,-1.25742361
Bruno Giordano,Napoli,0.755782088,1,6,0.24421791199999998
Bruno González Cabrera,Real Betis,1.420510014,0,17,-1.420510014
Bruno Guimarães Rodriguez Moura,Brazil,1.419742957,0,11,-1.419742957
Bruno Guimarães Rodriguez Moura,Lyon,0.04106909,0,1,-0.04106909
Bruno Henrique Pinto,Wolfsburg,0.311954281,0,4,-0.311954281
Bruno Miguel Borges Fernandes,Portugal,2.664605417,4,26,1.3353945829999998
Bruno Miguel Borges Fernandes,Udinese,3.6859435445999997,3,53,-0.6859435445999997
Bruno Miranda Villagomez,Bolivia,0.18160696,1,1,0.81839304
"Bruno N""Gotty",Bolton Wanderers,0.20528145,0,1,-0.20528145
Bruno Petković,Croatia,1.38332993,1,7,-0.38332992999999993
Bruno Soriano Llido,Villarreal,3.773496766,5,25,1.226503234
Bruno da Silva Peres,Torino,2.063630142,3,40,0.9363698579999999
Bryan Alberto Silva Teixeira Jr.,Cape Verde Islands,1.07782736,2,3,0.9221726400000001
Bryan Cristante,Italy,0.195762315,0,4,-0.195762315
Bryan Cristante,Palermo,0.23542264000000002,0,2,-0.23542264000000002
Bryan Dabo,Montpellier,3.9974873994999998,5,35,1.0025126005000002
Bryan Mbeumo,Cameroon,0.222547164,0,2,-0.222547164
Bryan Oviedo,Costa Rica,0.113830639,0,3,-0.113830639
Bryan Oviedo,Everton,0.361927756,0,5,-0.361927756
Bryan Ruiz González,Costa Rica,0.80875722,0,2,-0.80875722
Budu Zivzivadze,Georgia,0.1805339,0,1,-0.1805339
Bukayo Saka,England,2.855732742,5,17,2.144267258
Burak Yılmaz,Lille,0.60262332,0,2,-0.60262332
Burak Yılmaz,Turkey,1.005607576,0,10,-1.005607576
Busisiwe Ndimeni,South Africa Women's,0.037577245,0,1,-0.037577245
Bárbara Latorre Viñals,AS Roma W,1.224169603,0,12,-1.224169603
Bárbara Latorre Viñals,FC Levante Badalona,1.044092096,0,6,-1.044092096
Bárbara López Gorrado,CD Sporting de Huelva,1.5358039355,2,13,0.46419606450000006
Bénédicte Simon,FC Levante Badalona,0.154271568,0,5,-0.154271568
Bích Thùy Nguyễn Thị,Vietnam Women's,0.313128762,0,4,-0.313128762
Caglar Söyüncü,Turkey,0.03820183,0,1,-0.03820183
Caio Henrique Oliveira Silva,AS Monaco,0.08391566,0,1,-0.08391566
Caitlin Cosme,Orlando Pride,0.2911517,0,1,-0.2911517
Caitlin Dijkstra,Netherlands Women's,0.042082366,0,1,-0.042082366
Caitlin Jade Foord,Arsenal WFC,13.890272099,14,86,0.1097279009999994
Caitlin Jade Foord,Australia Women's,4.077997647,3,23,-1.0779976470000001
Caitlin Jade Foord,Portland Thorns,0.161710717,0,2,-0.161710717
Caiuby Francisco da Silva,Augsburg,4.201382755,4,67,-0.20138275500000002
Cali Farquharson,Washington Spirit,0.06055212,0,1,-0.06055212
Callum Davidson,Leicester City,0.01555724,0,1,-0.01555724
Callum McGregor,Scotland,0.344252336,1,5,0.655747664
Callum McManaman,West Bromwich Albion,0.770380835,0,8,-0.770380835
Callum Wilson,AFC Bournemouth,3.1090805450000003,5,18,1.8909194549999997
Calum Chambers,Arsenal,0.22830260600000002,0,2,-0.22830260600000002
Calvin Anele Ngcongca,Troyes,0.326046741,0,4,-0.326046741
Calvin Bassey Ughelumba,Nigeria,0.54582212,0,2,-0.54582212
Calvin Stengs,OGC Nice,0.031668924,0,1,-0.031668924
Cameron Borthwick-Jackson,Manchester United,0.013700762,0,1,-0.013700762
Cameron Brannagan,Liverpool,0.15703292,0,1,-0.15703292
Cameron Jerome,Norwich City,6.830536675,3,49,-3.8305366750000003
Cameron Tucker,Houston Dash,0.5913929899999999,0,7,-0.5913929899999999
Camila Alejandra Saez Oyaneder,Chile Women's,0.19612628,0,1,-0.19612628
Camila Alejandra Saez Oyaneder,Madrid CFF,0.759677027,0,9,-0.759677027
Camila Martins Pereira,Orlando Pride,0.518584842,0,9,-0.518584842
Camryn Biegalski,Washington Spirit,0.18907562,0,1,-0.18907562
Caprice Dydasco,Houston Dash,0.413861465,0,10,-0.413861465
Caprice Dydasco,Washington Spirit,0.695300401,0,4,-0.695300401
Cari Roccaro,Chicago Red Stars,1.345381386,1,10,-0.3453813859999999
Carina Alicia Baltrip-Reyes,Panama Women's,0.0385995,0,1,-0.0385995
Carina Wenninger,Austria Women's,0.07028621,0,1,-0.07028621
Carl Cort,Wolverhampton Wanderers,0.075640716,0,1,-0.075640716
Carl Gerard McHugh,ATK Mohun Bagan,0.187927582,0,5,-0.187927582
Carl Gerard McHugh,Mohun Bagan Super Giant,0.3590569875,0,10,-0.3590569875
Carl Jenkinson,West Ham United,0.552851309,2,7,1.447148691
Carl Medjani,Leganés,0.09177281799999999,0,2,-0.09177281799999999
Carl Medjani,Levante UD,0.440356927,1,6,0.5596430729999999
Carla Andrés Abad,SD Eibar,0.74196428,1,9,0.25803571999999997
Carla Armengol Joaniquet,Real Betis Balompié,2.076240272,2,43,-0.07624027200000016
Carla Humphrey,Bristol City WFC,2.5525140615,0,47,-2.5525140615
Carleigh Bennett Frilles,Philippines Women's,0.018294664,0,1,-0.018294664
Carles Aleña Castillo,Barcelona,1.0509546379999999,2,12,0.9490453620000001
Carles Aleña Castillo,Real Betis,0.03181922,0,1,-0.03181922
Carles Gil de Pareja Vicent,Aston Villa,1.0936811,2,18,0.9063189
Carles Gil de Pareja Vicent,Elche,0.03639881,0,1,-0.03639881
Carles Gil de Pareja Vicent,RC Deportivo La Coruña,0.068165459,0,3,-0.068165459
Carles Planas Antolínez,Celta Vigo,0.210245516,0,3,-0.210245516
Carles Puyol i Saforcada,Barcelona,9.016600808,10,56,0.9833991920000003
Carles Pérez Sayol,Barcelona,0.29879241,0,2,-0.29879241
Carles Rexach i Cerdà,Barcelona,1.308667561,2,11,0.691332439
Carli Anne Hollins,NJ/NY Gotham FC,2.1988711515,2,15,-0.19887115150000012
Carli Anne Hollins,United States Women's,3.13632589,3,17,-0.13632589000000017
Carlos Alberto Gomes de Jesus,FC Porto,0.14029089,1,1,0.85970911
Carlos Alberto Rodríguez Gómez,Mexico,0.24902944,0,2,-0.24902944
Carlos Alberto Sánchez Moreno,Aston Villa,0.533370857,0,13,-0.533370857
Carlos Alberto Tevez,Juventus,0.358534868,0,4,-0.358534868
Carlos Alberto Torres,Brazil,0.6985257979999999,1,13,0.3014742020000001
Carlos Alberto Vela Garrido,LAFC,0.133666636,0,4,-0.133666636
Carlos Alberto Vela Garrido,Mexico,1.670773134,1,10,-0.670773134
Carlos Alberto Vela Garrido,Real Sociedad,9.629972842,6,73,-3.629972842000001
Carlos Alonso González,Real Madrid,0.13852540400000002,1,2,0.861474596
Carlos Andrés Diogo Enseñat,Real Zaragoza,0.168831758,0,3,-0.168831758
Carlos Andrés Sánchez Arcosa,Uruguay,0.12409054,0,2,-0.12409054
Carlos Arturo Bacca Ahumada,AC Milan,13.950739369999999,18,81,4.049260630000001
Carlos Arturo Bacca Ahumada,Colombia,1.0147675,0,3,-1.0147675
Carlos Arturo Bacca Ahumada,Sevilla,0.495103432,0,5,-0.495103432
Carlos Arturo Bacca Ahumada,Villarreal,0.727155261,1,6,0.27284473899999995
Carlos Augusto Zambrano Ochandarte,Eintracht Frankfurt,0.303203401,0,3,-0.303203401
Carlos Augusto Zambrano Ochandarte,Peru,0.062192738,0,2,-0.062192738
Carlos Baleba,Lille,0.01855427,0,1,-0.01855427
Carlos Caetano Bledorn Verri,Brazil,0.18098201,0,1,-0.18098201
Carlos Calvo Sobrado,Xerez,0.03848661,0,1,-0.03848661
Carlos Carmona Bonet,Sporting Gijón,2.207280601,2,15,-0.2072806009999999
Carlos Castro García,Sporting Gijón,5.838441269,8,26,2.1615587310000004
Carlos Córdoba,Boca Juniors,0.10474848,0,1,-0.10474848
Carlos Daniel Tapia,Argentina,0.09492743,0,1,-0.09492743
Carlos Eccehomo Cuesta Figueroa,Colombia,0.24687114300000002,0,3,-0.24687114300000002
Carlos Eduardo de Castro Lourenço,Troyes,0.279938456,0,3,-0.279938456
Carlos Emilio Carmona Tello,Atalanta,0.07360609,0,1,-0.07360609
Carlos Fernández Luna,Granada,0.018616632,0,1,-0.018616632
Carlos Fernández Luna,Real Sociedad,0.093167946,0,1,-0.093167946
Carlos Gurpegi Nausia,Athletic Club,0.640385941,0,9,-0.640385941
Carlos Henrique Casimiro,Brazil,1.422484835,2,14,0.5775151650000001
Carlos Henrique Casimiro,Real Madrid,2.399324826,3,34,0.600675174
Carlos Joaquín Correa,Sampdoria,3.347609571,3,35,-0.347609571
Carlos Joaquín Correa,Sevilla,0.341026538,0,4,-0.341026538
Carlos Joel Salcedo Hernández,Mexico,0.142359382,0,5,-0.142359382
Carlos Jorge Neto Martins,Granada,0.041065484,0,1,-0.041065484
Carlos Jorge Neto Martins,Recreativo Huelva,0.394698114,0,5,-0.394698114
Carlos Lázaro Vallejo,Real Valladolid,0.151194251,0,2,-0.151194251
Carlos Manuel Bocanegra,Fulham,0.014875628,0,1,-0.014875628
Carlos Manuel Morete Markov,Las Palmas,0.113059233,0,2,-0.113059233
Carlos Marchena López,RC Deportivo La Coruña,0.07972861,0,1,-0.07972861
Carlos Marchena López,Valencia,0.044522744,0,1,-0.044522744
Carlos Mario Carbonero Mancilla,Sampdoria,0.5741479820000001,0,6,-0.5741479820000001
Carlos Martín Vigaray,Getafe,0.45157359599999997,1,4,0.548426404
Carlos Martínez Díez,Real Sociedad,0.37517445499999996,0,5,-0.37517445499999996
Carlos Merino González,Gimnàstic Tarragona,0.04215939,0,1,-0.04215939
Carlos Neva Tey,Granada,0.0256283,0,1,-0.0256283
Carlos Reina Aranda,Granada,0.09451479,0,1,-0.09451479
Carlos Reina Aranda,Osasuna,0.560189036,0,3,-0.560189036
Carlos Reina Aranda,Real Zaragoza,0.417679458,1,4,0.5823205419999999
Carlos Soler Barragán,Paris Saint-Germain,0.958769518,3,8,2.041230482
Carlos Soler Barragán,Spain,1.225150255,1,5,-0.22515025499999997
Carlos Soler Barragán,Valencia,0.184100289,1,4,0.815899711
Carlos Uriel Antuna Romero,Mexico,0.38838064800000005,0,4,-0.38838064800000005
Carlota Suárez Crespo,Granada W,6.638158443,5,36,-1.638158443
Carlotta Imping,Köln,0.111968849,0,2,-0.111968849
Carlotta Wamser,Eintracht Frankfurt W,0.79049037,1,4,0.20950963
Carlotta Wamser,Germany Women's,0.25396697,0,4,-0.25396697
Carlotta Wamser,Köln,2.013022054,1,10,-1.013022054
Carlotte Wubben-Moy,Arsenal WFC,3.408299173,3,28,-0.40829917300000007
Carmelo Algarañaz Añez,Bolivia,0.098825542,0,2,-0.098825542
Carmelo José González Jiménez,Sporting Gijón,0.20773451,0,1,-0.20773451
Carmen Menayo Montero,Atletico Madrid W,0.742269275,0,9,-0.742269275
Carmen Álvarez,Real Betis Balompié,0.63787908,1,4,0.36212091999999996
Carole da Silva Costa,Portugal Women's,1.1271988755,1,8,-0.12719887549999997
Carolin Simon,Bayern München W,0.18928690199999998,1,4,0.810713098
Carolin Simon,Germany Women's,0.14086719,0,1,-0.14086719
Carolina Férez Méndez,Real Betis Balompié,2.8072579505,2,30,-0.8072579504999999
Carolina Herrera Atienza,Levante UD Femenino,0.090640264,0,2,-0.090640264
Carolina Mendes,Portugal Women's,0.15566075,0,1,-0.15566075
Caroline Graham Hansen,Barcelona WFC,14.854939318,21,102,6.145060682
Caroline Graham Hansen,Norway Women's,5.254855279,5,36,-0.25485527900000005
Caroline Møller Hansen,Real Madrid CF W,7.3625978565,9,37,1.6374021435000001
Caroline Pleidrup Gram,Sassuolo W,0.8147310295,1,12,0.18526897050000002
Caroline Siems,Aston Villa,0.506100884,0,9,-0.506100884
Caroline Siems,TSV Bayer 04 Leverkusen,0.434923766,0,7,-0.434923766
Caroline Weir,Manchester City WFC,12.6245405665,16,110,3.3754594334999997
Caroline Weir,Real Madrid CF W,0.294728687,0,5,-0.294728687
Caroline Weir,Scotland W,0.070724803,0,4,-0.070724803
Carrie Jones,Bristol City WFC,2.525759143,3,20,0.47424085699999985
Carson Pickett,Orlando Pride,0.011464381,0,1,-0.011464381
Carson Pickett,Racing Louisville FC,0.7600465435,0,12,-0.7600465435
Casey Marie Krueger,Chicago Red Stars,1.057647479,1,11,-0.05764747899999989
Casey Yu-Jin Phair,Korea Republic Women's,0.36092551,0,2,-0.36092551
Catarina Cantanhede Melônio Macário,Chelsea FCW,1.741582681,1,16,-0.7415826809999999
Catherine Joan Bott,Leicester City WFC,0.238236802,0,4,-0.238236802
Catherine Joan Bott,New Zealand Women's,0.33305983299999997,0,5,-0.33305983299999997
Cecelia Kizer,KC Current,4.885024227,6,30,1.1149757730000003
Cecilia Marcos Nabal,Real Sociedad de Fútbol,0.880868084,1,11,0.11913191599999995
Cecilia Prugna,Sassuolo W,2.070190386,2,21,-0.07019038600000016
Cecilia Re,Sampdoria W,1.607623312,1,13,-0.6076233120000001
Cecilia Salvai,Italy Women's,0.28165402,0,3,-0.28165402
Cecilia Salvai,Juventus W,1.553502169,1,10,-0.5535021689999999
Cecilie Maag Struck,Bristol City WFC,0.122167878,0,2,-0.122167878
Cecilie Redisch Kvamme,West Ham United LFC,0.5343633139999999,0,4,-0.5343633139999999
Cecilie Winther Johansen,TSV Bayer 04 Leverkusen,0.10045773399999999,0,3,-0.10045773399999999
Cedric Mabwati Gerard,Real Betis,0.138376287,0,3,-0.138376287
Celia Jiménez Delgado,Orlando Pride,0.125691522,0,2,-0.125691522
Celin Bizet Ildhusøy,Norway Women's,0.419714625,0,4,-0.419714625
Celin Bizet Ildhusøy,Tottenham Hotspur Women,3.115288916,4,29,0.8847110840000001
Celina Degen,Köln,1.496773807,1,15,-0.49677380700000007
Celso Borges Mora,Costa Rica,0.447811538,0,5,-0.447811538
Celso Borges Mora,RC Deportivo La Coruña,2.907282525,3,23,0.09271747500000016
Celso Rafael Ayala Gavilán,River Plate,0.12936725500000001,0,2,-0.12936725500000001
Cengiz Umut Meraş,Turkey,0.033716764,0,1,-0.033716764
Cengiz Ünder,Marseille,0.030599562,0,1,-0.030599562
Cengiz Ünder,Olympique de Marseille,0.53282389,0,6,-0.53282389
Cengiz Ünder,Turkey,0.454295235,0,9,-0.454295235
Cenk Tosun,Turkey,0.23166150700000002,1,3,0.768338493
Ceri Holland,Liverpool WFC,3.366393005,2,31,-1.366393005
Ceri Holland,Wales W,0.1044426,0,1,-0.1044426
Cesare Bovo,Torino,0.720744081,2,10,1.2792559190000001
Ceyhun Gülselam,Hannover 96,0.524075022,0,16,-0.524075022
Chae-Rim Kang,Korea Republic Women's,0.16984839399999999,0,3,-0.16984839399999999
Chaker Alhadhur,Stade Malherbe Caen,0.071643464,0,1,-0.071643464
Chancel Mbemba Mangulu,Congo DR,2.23061857,2,7,-0.23061856999999986
Chancel Mbemba Mangulu,Marseille,0.163628685,0,3,-0.163628685
Chancel Mbemba Mangulu,Newcastle United,1.224247836,0,12,-1.224247836
Chantal Hagel,Germany Women's,0.011265574,0,1,-0.011265574
Chantal Hagel,VfL Wolfsburg WFC,3.11861478,3,27,-0.11861478000000014
Chantelle Boye-Hlorkah,Everton LFC,4.3510236957,4,44,-0.35102369570000036
Chantelle Swaby,Jamaica Women's,0.043072753,0,1,-0.043072753
Chanté-Mary Dompig,AC Milan W,6.608791064,6,45,-0.608791064
Chaouki Ben Saada,Troyes,1.5674559255,1,24,-0.5674559255
Chardonnay Curran,KC Current,0.70180957,0,4,-0.70180957
Charles Diers,Angers,0.501152882,1,7,0.49884711800000003
Charles Días Barbosa de Oliveira,Celta Vigo,0.562257364,0,5,-0.562257364
Charles Días Barbosa de Oliveira,Eibar,0.611915369,0,7,-0.611915369
Charles Días Barbosa de Oliveira,Málaga,11.022687293,12,87,0.9773127069999994
Charles Mariano Aránguiz Sandoval,Bayer Leverkusen,1.372635909,2,12,0.627364091
Charles Pickel,Congo DR,0.180462871,0,3,-0.180462871
Charles Traoré,Troyes,0.019324414,0,1,-0.019324414
Charlie Adam,Stoke City,1.2009702145,1,28,-0.20097021450000008
Charlie Austin,Southampton,0.828300559,1,8,0.171699441
Charlie Daniels,AFC Bournemouth,2.6633307459999997,3,23,0.33666925400000025
Charlie Wellings,Birmingham City WFC,3.380392321,2,46,-1.380392321
Charlie Wellings,Bristol City WFC,5.623187052,3,44,-2.6231870519999996
Charlison Benschop,Hannover 96,0.597185859,1,7,0.402814141
Charlize Jayde Rule,Brighton & Hove Albion WFC,0.1643469,0,1,-0.1643469
Charlotte Bilbault,France Women's,0.148654933,0,6,-0.148654933
Charlotte Buxton,Yeovil Town LFC,0.01639687,0,1,-0.01639687
Charlotte Estcourt,Reading WFC,0.250270836,0,3,-0.250270836
Charlotte Layne Grant,Tottenham Hotspur Women,0.8755504000000001,0,5,-0.8755504000000001
Charly Musonda Junior,Real Betis,0.7526312909999999,1,14,0.24736870900000008
Chasity Grant,Netherlands Women's,0.29916087,0,3,-0.29916087
Che Adams,Scotland,0.826003218,0,9,-0.826003218
Cheick Doukouré,Levante UD,0.23220125,0,1,-0.23220125
Cheick Oumar Doucoure,Lens,0.139535987,0,3,-0.139535987
Cheick Tidiane Diabaté,Bordeaux,4.945554233,9,36,4.054445767
Cheik Ismaël Tioté,Newcastle United,0.051505989,0,2,-0.051505989
Cheikh Ahmadou Bamba Mbacke Dieng,Lorient,0.88740858,1,3,0.11259142
Cheikh Ahmadou Bamba Mbacke Dieng,Senegal,1.245166926,2,5,0.754833074
Cheikh M''Bengue,Rennes,0.548582044,0,5,-0.548582044
Cheikh N''Doye,Angers,6.450349779,9,64,2.5496502210000003
Cheikh N'Doye,Angers,0.68838945,0,7,-0.68838945
Cheikh N'Doye,Senegal,0.21672413,0,1,-0.21672413
Cheikhou Kouyaté,West Ham United,5.5825179,5,46,-0.5825179
Chencho Gyeltshen,Kerala Blasters,1.1769682835,0,11,-1.1769682835
Chengshu Wu,China PR Women's,0.060721344,0,2,-0.060721344
Cheyenne Janae Shorts,San Diego Wave,0.6203349,1,1,0.3796651
Cheyna Lee Matthews,Chicago Red Stars,1.202313009,1,6,-0.20231300900000004
Cheyna Lee Matthews,Jamaica Women's,0.19265121400000002,0,4,-0.19265121400000002
Chiara Anna D'Angelo,Hoffenheim W,0.010939727,0,1,-0.010939727
Chiara Beccari,Italy Women's,0.7006635999999999,0,4,-0.7006635999999999
Chiara Beccari,Sassuolo W,2.357968025,5,28,2.642031975
Chiara Bianchi,Como W,0.02063606,0,1,-0.02063606
Chiara Cecotti,Como W,0.27176971899999997,0,4,-0.27176971899999997
Chiara Hahn,SV Werder Bremen,1.995399662,0,24,-1.995399662
Chiara Manca,Pomigliano,0.55855492,1,2,0.44144508000000005
Chiara Micheli,Sampdoria W,0.23286258,0,1,-0.23286258
Chiara Robustellini,FC Internazionale Milano W,0.269632394,1,5,0.730367606
Chidinma Nkeruka Okeke,Nigeria Women's,0.0140980175,0,1,-0.0140980175
Chinaza Uchendu,Nigeria Women's,0.09799925400000001,0,3,-0.09799925400000001
Chinwendu Ihezuo,Nigeria Women's,0.041962307,0,1,-0.041962307
Chinyelu Asher,Jamaica Women's,0.027644776,0,1,-0.027644776
Chioma Ubogagu,Orlando Pride,2.035837881,1,12,-1.035837881
Chloe Arthur,Aston Villa,1.213173069,1,15,-0.213173069
Chloe Arthur,Birmingham City WFC,2.00015107,1,29,-1.0001510699999998
Chloe Kelly,England Women's,5.2417120785,6,23,0.7582879215
Chloe Kelly,Everton LFC,6.6636709395,10,71,3.3363290604999998
Chloe Kelly,Manchester City WFC,16.2491495775,15,121,-1.249149577499999
Chloe Logarzo,Australia Women's,0.306426917,1,5,0.693573083
Chloe Logarzo,Bristol City WFC,0.8357744199999999,1,2,0.1642255800000001
Chloe Mccarron,Birmingham City WFC,0.0713067405,0,3,-0.0713067405
Chloe Mustaki,Bristol City WFC,0.12910292,0,2,-0.12910292
Chloe Peplow,Brighton & Hove Albion WFC,0.487505968,0,9,-0.487505968
Chloe Peplow,Tottenham Hotspur Women,0.254185975,0,7,-0.254185975
Chloe Ricketts,Washington Spirit,0.26348821,0,3,-0.26348821
Chris Baird,Southampton,0.066676974,0,1,-0.066676974
Chris Brunt,West Bromwich Albion,0.8667599539999999,0,17,-0.8667599539999999
Chris Führich,Germany,0.120064005,0,1,-0.120064005
Chris Führich,VfB Stuttgart,1.175231664,2,6,0.824768336
Chris Gunter,Wales,0.07256846,0,1,-0.07256846
Chris Mavinga,Troyes,0.684307081,0,9,-0.684307081
Chris Mepham,Wales,0.028777707,0,1,-0.028777707
Chris Richards,United States,0.21056672999999998,0,2,-0.21056672999999998
Chris Smalling,Manchester United,2.346923016,0,21,-2.346923016
Christen Annemarie Press,Manchester United,2.288433559,2,21,-0.288433559
Christen Annemarie Press,Manchester United W,3.058377659,2,23,-1.058377659
Christen Annemarie Press,United States Women's,1.078670304,1,9,-0.07867030400000008
Christen Annemarie Press,Utah Royals,1.790319142,2,17,0.20968085800000003
Christen Westphal,OL Reign,0.03325232,0,1,-0.03325232
Christen Westphal,San Diego Wave,0.37223728300000003,0,7,-0.37223728300000003
Christian Alberto Cueva Bravo,Peru,0.884055151,0,3,-0.884055151
Christian Atsu Twasam,Málaga,0.916067019,2,9,1.083932981
Christian Benteke Liolo,Liverpool,10.7143720365,9,64,-1.7143720365000004
Christian Bjørnshøj Poulsen,Sevilla,0.176985757,0,3,-0.176985757
Christian Clemens,FSV Mainz 05,3.595873297,5,43,1.4041267030000002
Christian Dannemann Eriksen,Denmark,2.5545513079999997,2,30,-0.5545513079999997
Christian Dannemann Eriksen,Tottenham Hotspur,5.573722895,6,102,0.4262771049999996
Christian Fassnacht,Switzerland,0.10294719,0,1,-0.10294719
Christian Fernández Salas,Racing Santander,0.07176898,0,1,-0.07176898
Christian Fuchs,Leicester City,1.126229159,0,19,-1.126229159
Christian Gabriel Oliva Giménez,Valencia,0.012422522,0,1,-0.012422522
Christian Gentner,VfB Stuttgart,5.000289353,5,48,-0.00028935300000032527
Christian Günter,Freiburg,0.057551938,0,2,-0.057551938
Christian Koffi Romaric N''Dri,Espanyol,0.029174786,0,1,-0.029174786
Christian Kouakou Yao,Caen,0.024585262,0,1,-0.024585262
Christian Kouakou Yao,Stade Malherbe Caen,0.28782738,1,4,0.71217262
Christian Kouamé,Côte d'Ivoire,1.0672220959999998,1,5,-0.06722209599999984
Christian Maggio,Napoli,0.02031075,0,1,-0.02031075
Christian Pulisic,Borussia Dortmund,0.80090232,2,8,1.19909768
Christian Pulisic,United States,1.287887108,2,16,0.7121128919999999
Christian Riganò,Levante UD,0.162482757,0,2,-0.162482757
Christian Robert Santos Kwasniewski,Deportivo Alavés,0.50980847,0,2,-0.50980847
Christian Schulz,Hannover 96,1.188142171,2,8,0.811857829
Christian Träsch,Wolfsburg,0.2464300395,0,8,-0.2464300395
Christie Murray,Birmingham City WFC,1.341995504,2,10,0.658004496
Christie Murray,Liverpool WFC,0.9826618455,0,14,-0.9826618455
Christin Martina Ingrid Meyer,SV Werder Bremen,1.078871069,0,9,-1.078871069
Christine Manie,Cameroon W,0.106960155,0,1,-0.106960155
Christine Margaret Sinclair,Canada Women's,3.637099649,1,17,-2.637099649
Christine Margaret Sinclair,Portland Thorns,3.8537738625,3,38,-0.8537738625000002
Christine Nairn,Orlando Pride,0.3650148,0,2,-0.3650148
Christoph Baumgartner,Austria,1.312588766,2,11,0.687411234
Christoph Janker,Augsburg,0.060490236,0,1,-0.060490236
Christoph Kramer,Bayer Leverkusen,0.7066008619999999,0,9,-0.7066008619999999
Christoph Moritz,FSV Mainz 05,0.009643511,0,1,-0.009643511
Christoph Zimmermann,Darmstadt 98,0.06539387,0,1,-0.06539387
Christophe Jallet,Lyon,1.635540805,1,20,-0.635540805
Christophe Kerbrat,Guingamp,0.41262149,0,4,-0.41262149
Christopher Antwi-Adjej,Bochum,0.09539721,0,1,-0.09539721
Christopher Maboulou,Bastia,0.17195301200000002,0,3,-0.17195301200000002
Christopher Nkunku,Paris Saint-Germain,0.02252585,0,1,-0.02252585
Christopher Wooh,Cameroon,0.392467915,1,3,0.607532085
Christy Grimshaw,AC Milan W,3.083439882,1,32,-2.083439882
Christy Onyenaturuchi Ucheibe,Nigeria Women's,1.0423286760000001,1,6,-0.04232867600000012
Chu-Young Park,Celta Vigo,0.17542751,0,1,-0.17542751
Chung-Yong Lee,Crystal Palace,0.257572897,1,5,0.742427103
Ciaran Clark,Aston Villa,1.269567943,1,10,-0.269567943
Cinta  Del Mar Rodriguez Costa,Atletico Madrid W,0.660821615,1,5,0.33917838499999997
Ciro Ferrara,Napoli,0.028392198,0,1,-0.028392198
Ciro Immobile,Italy,1.9984205480000001,2,18,0.0015794519999998702
Ciro Immobile,Sevilla,2.899932847,2,14,-0.8999328470000001
Ciro Immobile,Torino,6.59625361,5,37,-1.5962536099999998
Civana Kuhlmann,Washington Spirit,0.153266831,0,3,-0.153266831
Claire Emslie,Angel City,4.995959263,3,35,-1.9959592629999996
Claire Emslie,Everton LFC,2.706781807,3,31,0.29321819299999996
Claire Emslie,Manchester City WFC,2.937722452,4,19,1.062277548
Claire Emslie,Scotland W,0.454859351,1,6,0.5451406489999999
Claire Falknor,Costa Adeje Tenerife,0.062103814,0,2,-0.062103814
Claire Lauren Rafferty,West Ham United LFC,0.4678041,1,4,0.5321959
Claire Lavogez,KC Current,0.09571162,0,1,-0.09571162
Clara Mateo,France Women's,1.47824694,1,16,-0.47824694
Clara Pinedo Castresana,Athletic Club Bilbao,3.09840933,4,30,0.90159067
Clara Robbins,North Carolina Courage,0.12350294,0,2,-0.12350294
Clare Elizabeth Polkinghorne,Australia Women's,0.364156484,0,4,-0.364156484
Clare Elizabeth Polkinghorne,Houston Dash,0.375256027,0,5,-0.375256027
Clare Hunt,Australia Women's,0.79850925,0,2,-0.79850925
Clare Wheeler,Everton LFC,0.15983697,0,2,-0.15983697
Clarence Seedorf,AC Milan,0.051545497,0,2,-0.051545497
Clarisse Le Bihan,Angel City,1.359280365,1,12,-0.35928036500000005
Claude Makélélé,Chelsea,0.077735153,0,2,-0.077735153
Claudia  Zornoza Sánchez,Real Madrid CF W,4.0873014995,4,48,-0.08730149949999966
Claudia Bunge,New Zealand Women's,0.055686187,0,1,-0.055686187
Claudia Ciccotti,AS Roma W,0.25490135,0,3,-0.25490135
Claudia Florentino Vivó,Valencia CF,1.0452547950000002,1,13,-0.04525479500000018
Claudia Iglesias de la Cruz,Villarreal,2.849325178,5,23,2.150674822
Claudia Mauri,Napoli W,0.06579337799999999,0,3,-0.06579337799999999
Claudia Pina Medina,Barcelona WFC,12.559054542,13,106,0.44094545799999985
Claudia Pina Medina,Spain Women's,1.794151579,2,19,0.205848421
Claudia Roldán Blanco,Costa Adeje Tenerife,0.743288583,1,12,0.256711417
Claudia Walker,Birmingham City WFC,5.784189682,5,63,-0.784189682
Claudia Walker,Everton LFC,1.726759706,1,14,-0.726759706
Claudine Falonne Meffometou Tcheno,Cameroon W,0.19286368,0,2,-0.19286368
Claudio Ariel Yacob,West Bromwich Albion,0.198797158,0,9,-0.198797158
Claudio Beauvue,Celta Vigo,0.822308713,1,11,0.17769128700000003
Claudio Beauvue,Leganés,0.7321061010000001,0,6,-0.7321061010000001
Claudio Beauvue,Lyon,6.0310182605,5,64,-1.0310182604999998
Claudio Marchisio,Juventus,0.713205761,0,29,-0.713205761
Claudio Matías Kranevitter,Atlético Madrid,0.03791805,0,1,-0.03791805
Claudio Miguel Pizarro Bossio,Werder Bremen,10.648244305,14,46,3.3517556949999996
Claudio Paul Caniggia,Argentina,0.26947844,1,1,0.73052156
Claudio Paul Caniggia,Boca Juniors,0.245265389,0,2,-0.245265389
Claudio Santos,AC Milan,0.70021933,0,1,-0.70021933
Claus Jensen,Charlton Athletic,0.13236414,1,3,0.86763586
Cleber Janderson Pereira Reis,Hamburger SV,1.380186851,1,14,-0.38018685099999994
Cleiton Augusto Oliveira Silva,Bengaluru,7.715733307,9,49,1.2842666930000002
Clemens Fritz,Werder Bremen,0.890969363,1,25,0.10903063700000004
Clemente Juan Rodríguez,Espanyol,0.098081164,0,1,-0.098081164
Cletous Chama,Zambia,0.043141052,0,1,-0.043141052
Clinton Mua N''Jie,Tottenham Hotspur,0.488410065,0,7,-0.488410065
Clodoaldo Tavares de Santana,Brazil,0.34078555050000003,1,10,0.6592144495
Cloé Zoé Eyja Lacasse,Arsenal WFC,1.939269822,3,16,1.060730178
Cloé Zoé Eyja Lacasse,Canada Women's,0.168640927,0,4,-0.168640927
Cláudio Ibrahim Vaz Leal,Brazil,0.077876244,0,2,-0.077876244
Clément Chantôme,Bordeaux,1.058093622,1,14,-0.0580936219999999
Clément Grenier,Lyon,1.082661429,2,14,0.9173385709999999
Clément Lenglet,Barcelona,3.3425495730000003,4,25,0.6574504269999997
Clésio Bauque,Mozambique,0.12927051,1,1,0.87072949
Cody Mathès Gakpo,Netherlands,1.602094065,6,18,4.397905935
Cole Palmer,England,0.952392834,2,4,1.0476071660000001
Colin Bell,England,0.04456995,0,2,-0.04456995
Colin Cameron,Wolverhampton Wanderers,0.00954426,0,1,-0.00954426
Collins John,Fulham,0.240997467,0,2,-0.240997467
Connie Scofield,Birmingham City WFC,0.325066687,1,7,0.6749333129999999
Connor Roberts,Wales,0.294275917,1,2,0.705724083
Connor Steven Randall,Liverpool,0.23070505000000002,0,2,-0.23070505000000002
Connor Wickham,Crystal Palace,5.492104874,5,35,-0.4921048739999998
Cora Zicai,SC Freiburg,1.980376595,3,19,1.019623405
Coral-Jade Haines,Tottenham Hotspur Women,0.176273447,0,3,-0.176273447
Corentin Jean,Lens,0.30083916,1,1,0.69916084
Corentin Jean,Troyes,4.359718563,3,55,-1.3597185630000004
Corentin Tolisso,France,0.22908023,0,3,-0.22908023
Corentin Tolisso,Lyon,5.3338814875,5,63,-0.33388148750000024
Cornel Dinu,Romania,0.064566572,0,3,-0.064566572
Cortnee Brooke Vine,Australia Women's,1.5095040419999999,1,6,-0.5095040419999999
Coumba Sow,Switzerland Women's,1.6507594410000002,1,10,-0.6507594410000002
Courtney Jade Nevin,Leicester City WFC,0.2434409205,0,5,-0.2434409205
Courtney Petersen,Houston Dash,0.279256995,0,3,-0.279256995
Courtney Sweetman-Kirk,Liverpool WFC,9.876691091,9,47,-0.8766910909999996
Craig Bellamy,Newcastle United,0.448956608,0,4,-0.448956608
Craig Cathcart,Watford,0.46974305800000005,1,6,0.530256942
Craig Dawson,West Bromwich Albion,4.20727755,4,38,-0.2072775499999997
Craig Gardner,West Bromwich Albion,3.9645779315,3,50,-0.9645779315
Craig Goodwin,Australia,0.29163986000000003,1,2,0.7083601399999999
Craig Hignett,Leicester City,0.263756347,1,2,0.736243653
Craig Short,Blackburn Rovers,0.24567039000000002,0,2,-0.24567039000000002
Crispín García Maciel,Las Palmas,0.111949014,0,4,-0.111949014
Cristhian Ricardo Stuani Curbelo,Espanyol,0.482649311,0,4,-0.482649311
Cristhian Ricardo Stuani Curbelo,Girona,0.828493575,2,6,1.171506425
Cristhian Ricardo Stuani Curbelo,Uruguay,0.032416046,0,1,-0.032416046
Cristian Daniel Ansaldi,Genoa,0.488133335,0,13,-0.488133335
Cristian David Pavón,Argentina,0.03543125,0,1,-0.03543125
Cristian Eduardo Zapata Valencia,AC Milan,0.132601047,1,3,0.867398953
Cristian Gabriel Rodríguez Barrotti,Uruguay,0.118087279,0,4,-0.118087279
Cristian Gabriel Romero,Argentina,0.07580528,0,1,-0.07580528
Cristian Gamboa Luna,Costa Rica,0.07986341599999999,0,3,-0.07986341599999999
Cristian Gamboa Luna,West Bromwich Albion,0.028511416,0,1,-0.028511416
Cristian Hidalgo González,RC Deportivo La Coruña,0.197336561,1,3,0.802663439
Cristian Jesús Martínez,Panama,0.1399590175,0,3,-0.1399590175
Cristian Molinaro,Torino,0.882283515,1,13,0.11771648499999998
Cristian Osvaldo Álvarez,Racing Santander,0.042440464,0,2,-0.042440464
Cristian Portilla Rodríguez,Sporting Gijón,0.052320093,0,1,-0.052320093
Cristian Portugués Manzanera,Girona,0.747916217,1,6,0.252083783
Cristian Raimondi,Atalanta,0.414352991,0,6,-0.414352991
Cristian Sleiker Cásseres Yepes,Venezuela,0.074246499,0,2,-0.074246499
Cristian Tello Herrera,Barcelona,5.552567841,9,59,3.447432159
Cristian Tello Herrera,Fiorentina,1.688043676,2,22,0.31195632400000006
Cristian Tello Herrera,Real Betis,0.488080128,0,7,-0.488080128
Cristian Zaccardo,Carpi,1.4941165140000001,1,18,-0.4941165140000001
Cristiana Girelli,Italy Women's,5.223593133,7,30,1.7764068670000004
Cristiana Girelli,Juventus W,9.529065776,11,55,1.4709342240000005
Cristiane Rozeira de Souza Silva,Brazil Women's,1.3691662409999998,4,9,2.630833759
Cristiano Biraghi,Granada,0.202795452,0,11,-0.202795452
Cristiano Doni,Mallorca,0.03864197,0,1,-0.03864197
Cristiano Piccini,Real Betis,0.447698071,0,14,-0.447698071
Cristiano Ronaldo dos Santos Aveiro,Manchester United,0.803067752,0,9,-0.803067752
Cristiano Ronaldo dos Santos Aveiro,Portugal,13.944333213,12,73,-1.9443332130000002
Cristiano Ronaldo dos Santos Aveiro,Real Madrid,43.4731225205,47,331,3.5268774795000013
Cristina Baudet Lucena,FC Levante Badalona,3.765694953,4,25,0.23430504699999988
Cristina Cubedo Pitarch,Villarreal,0.9823131890000001,0,14,-0.9823131890000001
Cristina Librán,Madrid CFF,3.608842012,5,25,1.3911579879999998
Cristina Martín-Prieto Gutierrez,Sevilla FC,12.890500872,17,88,4.1094991279999995
Cristina Martín-Prieto Gutierrez,Spain Women's,0.6325155699999999,1,3,0.3674844300000001
Cristina Postigo Martín,Granada W,1.455951144,2,14,0.5440488560000001
Cristóvão Paciência Mabululo,Angola,2.197925273,3,14,0.8020747269999999
Croix Soto,KC Current,0.1796426,0,1,-0.1796426
Crystal Alyssia Dunn Soubrier,Chelsea FCW,0.4156639,0,2,-0.4156639
Crystal Alyssia Dunn Soubrier,North Carolina Courage,4.398190844,3,38,-1.3981908440000002
Crystal Alyssia Dunn Soubrier,Portland Thorns,4.455922362,5,34,0.5440776380000001
Crystal Alyssia Dunn Soubrier,United States Women's,0.747264518,0,8,-0.747264518
Cyle Larin,Canada,1.11338586,0,10,-1.11338586
Cyril Théréau,Udinese,11.290913479,11,76,-0.2909134790000003
Cássio Gabriel Vilela Ferreira,Mumbai City,3.47983379,1,57,-2.47983379
Cédric Badolo,Burkina Faso,0.03435797,0,1,-0.03435797
Cédric Bakambu,Congo DR,2.43047658,1,10,-1.43047658
Cédric Bakambu,Villarreal,8.681164005,13,52,4.318835995000001
Cédric Hountondji,Angers,0.12531693,0,1,-0.12531693
Cédric Ricardo Alves Soares,Southampton,0.330108113,0,10,-0.330108113
Cédric Yambéré,Bordeaux,2.429820511,3,21,0.570179489
Cédric Zesiger,Wolfsburg,0.021551084,0,1,-0.021551084
César Arzo Amposta,Real Valladolid,0.07689045,0,1,-0.07689045
César Arzo Amposta,Recreativo Huelva,0.12938732,0,1,-0.12938732
César Augusto Yanis Velasco,Panama,0.07980178,1,1,0.92019822
César Azpilicueta Tanco,Chelsea,1.880882089,2,11,0.11911791100000002
César Azpilicueta Tanco,Spain,0.8129189960000001,1,5,0.18708100399999994
César González Navas,Málaga,0.106339395,0,1,-0.106339395
César González Navas,Racing Santander,0.03199248,0,1,-0.03199248
César Ignacio Pérez Maldonado,Chile,0.0169715,0,1,-0.0169715
César Jasib Montes Castro,Mexico,0.263736429,0,4,-0.263736429
César Rodolfo Blackman Camarena,Panama,0.254432493,1,4,0.7455675070000001
César Saúl Huerta Valera,Mexico,0.399574981,0,4,-0.399574981
Dado Prso,AS Monaco,0.028835038,0,1,-0.028835038
Dagný Brynjarsdóttir,Iceland Women's,1.601144606,1,9,-0.6011446060000001
Dagný Brynjarsdóttir,West Ham United LFC,1.0217669839999999,0,9,-1.0217669839999999
Dagoberto Fontes,Uruguay,0.063006882,0,3,-0.063006882
Daiana Micaela Falfán,Granada W,0.189048684,0,2,-0.189048684
Daichi Kamada,Japan,0.832117482,0,6,-0.832117482
Daizen Maeda,Japan,0.284760605,1,2,0.715239395
Daler Kuzyaev,Russia,0.931945551,1,4,0.06805444900000002
Daley Blind,Manchester United,0.188656395,1,4,0.811343605
Daley Blind,Netherlands,0.654347995,1,5,0.34565200500000004
Dalila Belén Ippolito,Pomigliano,3.583436101,3,36,-0.5834361010000002
Damaitphang Lyngdoh,Bengaluru,0.29713626,0,2,-0.29713626
Damaris Berta Egurrola Wienke,Everton LFC,0.360780574,0,5,-0.360780574
Damaris Berta Egurrola Wienke,Netherlands Women's,0.66420362,1,5,0.33579638
Dame N''Doye,Sunderland,0.922753825,1,11,0.07724617499999997
Damiano Tommasi,Levante UD,0.035300743,0,1,-0.035300743
Damien Da Silva,Caen,0.57344374,0,3,-0.57344374
Damien Da Silva,Stade Malherbe Caen,1.49991052,2,15,0.50008948
Damien Delaney,Crystal Palace,2.781636679,2,21,-0.781636679
Damion Lowe,Jamaica,0.022205515,0,1,-0.022205515
Damià Abella Pérez,Osasuna,0.6856774939999999,0,3,-0.6856774939999999
Damià Abella Pérez,Real Betis,0.02374042,0,1,-0.02374042
Damián Ariel Escudero,Real Valladolid,0.22677824,0,1,-0.22677824
Damián Josué Bobadilla Benítez,Paraguay,0.273114837,0,4,-0.273114837
Damián Nicolás Suárez Suárez,Getafe,0.375343565,0,9,-0.375343565
Damjan Đoković,Gazélec Ajaccio,2.6138971435,2,41,-0.6138971435
Dan Gosling,AFC Bournemouth,3.4392876157,3,40,-0.4392876157000001
Dan Ndoye,Switzerland,1.421083625,1,14,-0.4210836250000001
Dan-Axel Zagadou,VfB Stuttgart,0.14212652,0,1,-0.14212652
Dango Aboubacar Faissal Ouattara,Burkina Faso,0.49167691599999996,0,4,-0.49167691599999996
Dango Aboubacar Faissal Ouattara,Lorient,0.491630609,0,7,-0.491630609
Dani Castellano Betancor,Las Palmas,0.414689388,0,8,-0.414689388
Dani Weatherholt,Angel City,2.242884073,0,16,-2.242884073
Dani Weatherholt,Orlando Pride,2.096290023,1,12,-1.096290023
Danica Evans,Orlando Pride,0.032224245,0,1,-0.032224245
Daniel Alberto Díaz,Getafe,0.11651961,0,1,-0.11651961
Daniel Alberto Passarella,River Plate,0.516214888,0,5,-0.516214888
Daniel Alves da Silva,Barcelona,12.0584289745,14,221,1.9415710255
Daniel Alves da Silva,Brazil,0.162113871,0,3,-0.162113871
Daniel Alves da Silva,Sevilla,0.970461252,1,11,0.029538748000000004
Daniel Amartey,Leicester City,0.24177133,0,1,-0.24177133
Daniel Andre Sturridge,Liverpool,5.764571363,8,48,2.235428637
Daniel Aquino Pintos,Real Murcia CF,0.09644853,0,1,-0.09644853
"Daniel Armand N""Gom Komé",Real Valladolid,0.024449803,0,1,-0.024449803
"Daniel Armand N""Gom Komé",Tenerife,0.28229099999999996,0,2,-0.28229099999999996
Daniel Arnaud N''Di	,Sporting Gijón,1.837582592,1,12,-0.837582592
Daniel Arzani,Australia,0.18278330199999998,0,2,-0.18278330199999998
Daniel Avramovski,North Macedonia,0.031074509,0,1,-0.031074509
Daniel Baier,Augsburg,0.5573281185,1,18,0.44267188150000003
Daniel Brosinski,FSV Mainz 05,0.8974308950000001,1,15,0.10256910499999994
Daniel Caligiuri,Wolfsburg,2.835812101,2,41,-0.8358121010000001
Daniel Carvajal Ramos,Real Madrid,0.5995742399999999,0,11,-0.5995742399999999
Daniel Carvajal Ramos,Spain,0.435458441,1,4,0.564541559
Daniel Ceballos Fernández,Real Betis,1.048071456,0,21,-1.048071456
Daniel Chima Chukwu,East Bengal,3.009779212,2,18,-1.0097792120000002
Daniel Chima Chukwu,Jamshedpur,4.504447842,7,25,2.4955521579999997
Daniel Ciofani,Frosinone,7.964718104,9,77,1.0352818959999999
Daniel Colindres Solera,Costa Rica,0.209612101,0,3,-0.209612101
Daniel Congré,Montpellier,1.105131359,2,10,0.894868641
Daniel Didavi,VfB Stuttgart,10.3543923095,13,93,2.6456076905000003
Daniel Edelman,New York Red Bulls,0.01978667,0,1,-0.01978667
Daniel Filipe Martins Carriço,Sevilla,1.5491757499999999,1,10,-0.5491757499999999
Daniel García Carrillo,Eibar,1.3345441125,0,22,-1.3345441125
Daniel Ginczek,VfB Stuttgart,2.583319887,3,18,0.41668011299999996
Daniel González Benítez,Granada,0.013253698,0,1,-0.013253698
Daniel González Güiza,Getafe,0.231974314,0,2,-0.231974314
Daniel González Güiza,Mallorca,0.24227663300000002,1,3,0.757723367
Daniel Gómez Alcón,Levante UD,0.204796595,0,3,-0.204796595
Daniel James,Wales,0.185791748,0,4,-0.185791748
Daniel Jarque Gonzalez,Espanyol,0.17244889,0,1,-0.17244889
Daniel José Rodríguez Vázquez,Mallorca,0.70526269,0,4,-0.70526269
Daniel Lalhlimpuia,Odisha,0.822441787,1,3,0.17755821299999996
Daniel Martín Alexandre,Real Betis,0.10182679,0,1,-0.10182679
Daniel Munthe Agger,Liverpool,0.104557294,0,2,-0.104557294
Daniel Muñoz Mejía,Colombia,0.35964985099999996,2,4,1.640350149
Daniel Nii Tackie Mensah Welbeck,Arsenal,3.166319914,4,20,0.8336800860000002
Daniel Nii Tackie Mensah Welbeck,England,0.40739007,0,2,-0.40739007
Daniel Olmo Carvajal,RB Leipzig,0.09765829000000001,1,2,0.90234171
Daniel Olmo Carvajal,Spain,6.252076146,5,53,-1.2520761460000003
Daniel Parejo Muñoz,Getafe,0.068902781,0,3,-0.068902781
Daniel Parejo Muñoz,Valencia,8.56874565,11,63,2.4312543499999997
Daniel Pavlovic,Frosinone,0.603020278,0,12,-0.603020278
Daniel Raba Antolín,Villarreal,0.035910085,0,1,-0.035910085
Daniel Ruiz Bazan Justa,Athletic Club,0.140916283,0,4,-0.140916283
Daniel Schwaab,VfB Stuttgart,0.515079202,0,10,-0.515079202
Daniel Tawiah Opare,Augsburg,0.091845342,0,2,-0.091845342
Daniel Van Buyten,Bayern Munich,0.20855025,0,2,-0.20855025
Daniel Vivian Moreno,Spain,0.04595087,0,1,-0.04595087
Daniel Wass,Celta Vigo,4.3508443165,2,52,-2.3508443165
Daniel Wass,Denmark,0.14808755699999998,0,4,-0.14808755699999998
Daniel Wass,Valencia,0.05914054,0,1,-0.05914054
Daniel William John Ings,Liverpool,1.600537029,2,10,0.39946297099999994
Daniela Alexandra Árias Rojas,Colombia Women's,0.273970163,0,3,-0.273970163
Daniela Arques Lázaro,Levante UD Femenino,0.404408973,0,8,-0.404408973
Daniela Montoya Quiróz,Colombia Women's,0.24225899,0,2,-0.24225899
Daniela Paz Zamora Mancilla,Chile Women's,0.243894628,0,5,-0.243894628
Daniela Sabatino,Italy Women's,0.833492421,0,6,-0.833492421
Daniela Sabatino,Sassuolo W,7.194850125,7,31,-0.19485012500000032
Daniele Baselli,Torino,3.107890991,4,33,0.8921090089999999
Daniele Bonera,Villarreal,0.180633245,0,2,-0.180633245
Daniele Croce,Empoli,0.908381639,0,12,-0.908381639
Daniele De Rossi,AS Roma,0.501085435,1,11,0.498914565
Daniele Gastaldello,Bologna,1.2721385139999999,1,8,-0.2721385139999999
Daniele Rugani,Juventus,0.16480044,0,3,-0.16480044
Daniele Verde,Frosinone,0.405883304,0,10,-0.405883304
Daniele Verde,Real Valladolid,0.13288915,0,2,-0.13288915
Danielle Buet,Brighton & Hove Albion WFC,1.8514856125,1,39,-0.8514856125000001
Danielle Carter,Arsenal WFC,0.41655624,0,5,-0.41655624
Danielle Carter,Reading WFC,5.0028413965,3,38,-2.0028413965
Danielle Colaprico,Chicago Red Stars,0.123507843,0,2,-0.123507843
Danielle Colaprico,San Diego Wave,0.408924923,0,9,-0.408924923
Danielle Cox,Como W,0.843370967,0,8,-0.843370967
Danielle Turner,Aston Villa W,0.495169138,1,9,0.5048308619999999
Danielle Turner,Everton LFC,2.3826937470000003,2,24,-0.38269374700000025
Danielle van de Donk,Arsenal WFC,16.138030719,18,75,1.8619692810000004
Danielle van de Donk,Netherlands Women's,2.3861272595,2,19,-0.3861272594999998
Danilo Barbosa da Silva,Valencia,0.952147592,0,16,-0.952147592
Danilo Cataldi,Lazio,1.023411445,1,29,-0.02341144500000003
Danilo D''Ambrosio,Inter Milan,0.8937953949999999,2,8,1.106204605
Danilo Fernando Avelar,Torino,0.35857922600000003,0,4,-0.35857922600000003
Danilo Larangeira,Udinese,1.031771266,0,14,-1.031771266
Danilo Luiz da Silva,Brazil,0.122030014,0,3,-0.122030014
Danilo Luiz da Silva,Real Madrid,0.8794426630000001,2,20,1.120557337
Danilo Luís Hélio Pereira,Paris Saint-Germain,4.317560716,5,30,0.682439284
Danilo Luís Hélio Pereira,Portugal,0.35175584000000004,0,2,-0.35175584000000004
Danilo Soddimo,Frosinone,1.7550696755,1,43,-0.7550696754999999
Danilo Teodoro Soares,Ingolstadt,0.015300412,0,1,-0.015300412
Danique Kerkdijk,Brighton & Hove Albion WFC,0.480617242,1,3,0.519382758
Danique Kerkdijk,Bristol City WFC,1.385321193,2,6,0.614678807
Danish Farooq Bhat,Bengaluru,1.655989617,3,15,1.344010383
Danny Drinkwater,Leicester City,2.149373513,2,42,-0.149373513
Danny Graham,Sunderland,0.32731279,0,4,-0.32731279
Danny Higginbotham,Southampton,0.067350505,0,2,-0.067350505
Danny Latza,FSV Mainz 05,1.089526784,0,27,-1.089526784
Danny Rose,England,0.14493442,0,1,-0.14493442
Danny Rose,Tottenham Hotspur,1.249254381,1,28,-0.24925438100000008
Danny Simpson,Leicester City,0.792385475,0,7,-0.792385475
Danny Vieira da Costa,Ingolstadt,0.324246363,0,6,-0.324246363
Dante Bonfim da Costa Santos,OGC Nice,0.250694709,0,4,-0.250694709
Dante Bonfim da Costa Santos,Wolfsburg,1.142011455,1,15,-0.142011455
Danylo Ignatenko,Bordeaux,0.028892258,0,1,-0.028892258
Darian Jenkins,North Carolina Courage,0.641408746,0,3,-0.641408746
Dario Dainelli,Chievo,0.48500744,1,2,0.51499256
Dario Lezcano,Ingolstadt,2.763001353,2,29,-0.7630013529999999
Darko Brašanac,Deportivo Alavés,0.16883875,0,1,-0.16883875
Darko Kovačević,Real Sociedad,0.068375303,0,2,-0.068375303
Darko Lazović,Genoa,1.519327301,0,17,-1.519327301
Darko Lazović,Serbia,0.022949105,0,1,-0.022949105
Darko Velkovski,North Macedonia,0.16270992,0,1,-0.16270992
Darlin Zidane Yongwa Ngameni,Cameroon,0.026064213,0,1,-0.026064213
Darlin Zidane Yongwa Ngameni,Lorient,0.5068908,1,1,0.4931092
Darren Ambrose,Newcastle United,0.030225206,0,1,-0.030225206
Darren Anderton,Tottenham Hotspur,0.3007668,1,1,0.6992332
Darren Fletcher,West Bromwich Albion,2.454823437,1,23,-1.454823437
Darren Randolph,West Ham United,0.09144827,0,1,-0.09144827
Darren Sidoel,East Bengal,0.6000844040000001,3,7,2.399915596
Darron Gibson,Everton,0.036510036,0,2,-0.036510036
Darwin Daniel Machís Marcano,Granada,0.516339468,1,6,0.48366053200000003
Darwin Daniel Machís Marcano,Leganés,0.557781292,0,3,-0.557781292
Darwin Daniel Machís Marcano,Venezuela,0.152472896,0,4,-0.152472896
Darwin Gabriel Núñez Ribeiro,Uruguay,2.72846669,2,24,-0.7284666899999999
Daryl Janmaat,Newcastle United,1.324814842,2,21,0.6751851579999999
Darío Esteban Osorio Osorio,Chile,0.025903594,0,1,-0.025903594
Dave Gillett,Seattle Sounders,0.067793304,0,2,-0.067793304
David Aganzo Méndez,Racing Santander,0.368497198,0,2,-0.368497198
David Albelda Aliqués,Valencia,0.2356548185,0,4,-0.2356548185
David Alberto Guzmán Pérez,Costa Rica,0.032403886,0,1,-0.032403886
David Barral Torres,Granada,2.395830779,0,17,-2.395830779
David Barral Torres,Levante UD,0.592935693,0,7,-0.592935693
David Barral Torres,Sporting Gijón,0.25541395299999997,1,3,0.7445860470000001
David Bentley,Arsenal,0.018408487,0,1,-0.018408487
David Carmona Sierra,Sevilla,0.020136366,0,1,-0.020136366
David Cuéllar Tainta,Gimnàstic Tarragona,0.053348497,0,1,-0.053348497
David Ducourtioux,Gazélec Ajaccio,1.3136697845,0,30,-1.3136697845
David Dunn,Birmingham City,0.04910591,0,2,-0.04910591
David Ferreiro Quiroga,Huesca,0.022361629,0,1,-0.022361629
David García Santana,Las Palmas,0.810581172,2,9,1.189418828
David García Zubiría,Osasuna,0.09775644,0,1,-0.09775644
David Goldar Gómez,Celta Vigo,0.038770214,0,1,-0.038770214
David Gutiérrez de Coz,Real Murcia CF,0.017397823,0,1,-0.017397823
David Joan Butler,Seattle Sounders,0.03226395,0,1,-0.03226395
David Joel Williams,ATK Mohun Bagan,0.855145746,2,10,1.144854254
David Joel Williams,Mohun Bagan Super Giant,2.541598012,2,14,-0.5415980120000001
David Josué Jiménez Silva,Manchester City,2.545330203,2,29,-0.5453302029999998
David Josué Jiménez Silva,Spain,1.233928869,0,10,-1.233928869
David Josué Jiménez Silva,Valencia,0.7424725919999999,1,7,0.25752740800000007
David Juncà Reñé,Eibar,0.512777169,0,9,-0.512777169
David Junior Hoilett,Canada,0.11364476500000001,0,4,-0.11364476500000001
David Jurásek,Czech Republic,0.16543013,0,4,-0.16543013
David Luiz Moreira Marinho,Chelsea,0.7539362,1,1,0.24606380000000005
David Luiz Moreira Marinho,Paris Saint-Germain,1.350654601,1,14,-0.350654601
David López Moreno,Athletic Club,0.026654119,0,2,-0.026654119
David López Moreno,Osasuna,0.051377166,0,1,-0.051377166
David López Silva,Espanyol,0.393115653,2,4,1.606884347
David López Silva,Napoli,0.885041292,1,10,0.11495870799999997
"David N""Gog",Stade de Reims,2.724800279,3,20,0.2751997209999999
David N'Gog,Stade de Reims,0.27164454,0,2,-0.27164454
David Navarro Pedrós,Levante UD,0.592695148,0,8,-0.592695148
David Olatukunbo Alaba,Austria,0.218616971,0,2,-0.218616971
David Olatukunbo Alaba,Bayern Munich,1.21386497,1,29,-0.21386496999999993
David Pereira da Costa,Lens,0.13018602,0,1,-0.13018602
David Prutton,Southampton,0.015429348,0,1,-0.015429348
David Raum,Germany,0.0200151,0,1,-0.0200151
David Remeseiro Salgueiro,Levante UD,0.36497424999999994,0,4,-0.36497424999999994
David Rodríguez Lombán,Granada,0.860293666,0,12,-0.860293666
David Ruiz,Inter Miami,0.16957959,0,2,-0.16957959
David Sergio Trézéguet,Hércules,0.485785055,0,3,-0.485785055
David Simón Rodríguez Santana,Las Palmas,1.221069532,1,12,-0.221069532
David Strelec,Slovakia,0.64330017,0,7,-0.64330017
David Timor Copoví,Getafe,0.03981564,0,1,-0.03981564
David Timor Copoví,Osasuna,0.0330545,0,1,-0.0330545
David Villa Sánchez,Atlético Madrid,0.19129195599999999,0,2,-0.19129195599999999
David Villa Sánchez,Barcelona,23.367562572,32,183,8.632437428
David Villa Sánchez,Valencia,1.163244461,1,11,-0.1632444609999999
David Zurutuza Veillet,Real Sociedad,1.95591189,2,21,0.0440881099999999
David Ángel Abraham,Eintracht Frankfurt,0.842125459,0,11,-0.842125459
Davide Astori,Fiorentina,1.1674888195,0,14,-1.1674888195
Davide Biondini,Sassuolo,0.664388542,0,7,-0.664388542
Davide Brivio,Atalanta,0.1991746945,0,9,-0.1991746945
Davide Calabria,AC Milan,0.04641316,0,1,-0.04641316
Davide Frattesi,Italy,0.30949415,0,2,-0.30949415
Davide Santon,Inter Milan,0.060070947,0,3,-0.060070947
Davide Zappacosta,Torino,0.7461709089999999,1,15,0.25382909100000006
Davie Selke,FC Köln,0.16596001,0,1,-0.16596001
Davina Philtjens,Belgium Women's,0.05708563,0,1,-0.05708563
Davina Philtjens,Sassuolo W,0.801123692,0,13,-0.801123692
Davinson Sánchez Mina,Colombia,1.310189705,1,9,-0.310189705
Davy Klaassen,Netherlands,0.31182722500000004,1,2,0.688172775
Dawid Kownacki,Poland,0.08704486,0,2,-0.08704486
Dayotchanculle Upamecano,Bayern Munich,0.0788455,0,1,-0.0788455
Dayotchanculle Upamecano,France,0.166970957,0,3,-0.166970957
DeAndre Yedlin,Inter Miami,0.10407882,0,1,-0.10407882
DeAndre Yedlin,Sunderland,0.365907576,0,4,-0.365907576
Deandre Kerr,Toronto FC,0.46266686,0,2,-0.46266686
Deanna Cooper,Chelsea FCW,0.016347058,0,1,-0.016347058
Deanna Cooper,Reading WFC,0.809580626,0,6,-0.809580626
Deanne Cynthia Rose,Canada Women's,0.08002539,0,1,-0.08002539
Deanne Cynthia Rose,Leicester City WFC,1.588432855,0,10,-1.588432855
Debora Novellino,Pomigliano,0.24166569000000002,1,4,0.75833431
Deborah Ajibola Abiodun,Nigeria Women's,0.03364926,0,1,-0.03364926
Declan Rice,England,0.5161938309999999,0,10,-0.5161938309999999
Deepak Tangri,ATK Mohun Bagan,0.1583788286,0,7,-0.1583788286
Deepak Tangri,Mohun Bagan Super Giant,0.11688826100000001,0,5,-0.11688826100000001
Deiver Andrés Machado Mena,Lens,0.023395697,0,1,-0.023395697
Deivi Miguel Vieira,Angola,0.541229437,1,6,0.45877056299999996
Dejan Dražić,Celta Vigo,0.071537085,0,1,-0.071537085
Dejan Kulusevski,Sweden,0.30241569,0,3,-0.30241569
Dejan Lekić,Osasuna,0.61908219,2,2,1.3809178100000001
Dejan Ljubicic,FC Köln,0.21169786499999999,0,2,-0.21169786499999999
Dejan Lovren,Croatia,0.956043094,0,11,-0.956043094
Dejan Lovren,Liverpool,1.60985457,0,23,-1.60985457
Dejan Stefanovic,Portsmouth,0.117470107,0,2,-0.117470107
Delanie Sheehan,NJ/NY Gotham FC,2.805177776,1,22,-1.8051777759999998
Delphine Cascarino,France Women's,1.622361009,3,23,1.377638991
Demarai Gray,Jamaica,0.160032295,0,2,-0.160032295
Demarai Gray,Leicester City,0.199857758,0,5,-0.199857758
Demi Stokes,Manchester City WFC,0.916034274,1,8,0.08396572599999996
Deneisha Selena Blackwood,Jamaica Women's,0.270178588,0,4,-0.270178588
Denis Alibec,Romania,0.12307126,0,1,-0.12307126
Denis Bouanga,LAFC,0.987453567,0,7,-0.987453567
Denis Bouanga,Lorient,0.5309579249999999,1,7,0.46904207500000006
Denis Bouanga,Saint-Étienne,0.738560201,2,6,1.2614397990000001
Denis Cheryshev,Real Madrid,0.13016321,0,1,-0.13016321
Denis Cheryshev,Russia,2.031043505,5,14,2.968956495
Denis Cheryshev,Sevilla,0.03432989,0,1,-0.03432989
Denis Cheryshev,Valencia,1.861080772,3,18,1.138919228
Denis Cheryshev,Villarreal,0.265896509,1,4,0.7341034909999999
Denis Irwin,Wolverhampton Wanderers,0.137712759,0,3,-0.137712759
Denis Kibu,Tanzania,0.118555956,0,1,-0.118555956
Denis Lemi Zakaria Lako Lado,Switzerland,0.134143944,0,3,-0.134143944
Denis Mihai Drăguş,Romania,0.9735749,1,5,0.02642509999999998
Denis Suárez Fernández,Barcelona,3.495387971,3,24,-0.495387971
Denis Suárez Fernández,Celta Vigo,0.06320389,0,1,-0.06320389
Denis Suárez Fernández,Villarreal,2.6980121165,4,37,1.3019878834999998
Denis Vavro,Slovakia,0.06963584299999999,0,3,-0.06963584299999999
Denise O'Sullivan,Brighton & Hove Albion WFC,0.791622894,0,9,-0.791622894
Denise O'Sullivan,North Carolina Courage,1.894085573,1,29,-0.8940855729999999
Denise O'Sullivan,Republic of Ireland Women's,0.359986242,0,4,-0.359986242
Deniz Hümmet,Troyes,0.05501911,0,1,-0.05501911
Deniz Undav,VfB Stuttgart,0.943104834,1,9,0.056895166
Dennis Aogo,Schalke 04,0.74939576,0,7,-0.74939576
Dennis Appiah,Caen,0.022721335,0,1,-0.022721335
Dennis Appiah,Nantes,0.031292528,0,1,-0.031292528
Dennis Appiah,Stade Malherbe Caen,0.588684131,1,9,0.41131586899999995
Dennis Bergkamp,Arsenal,4.514900609,4,45,-0.5149006089999997
Dennis Diekmeier,Hamburger SV,0.082035744,0,4,-0.082035744
Dennis Man,Romania,0.510458594,0,6,-0.510458594
Denny Draper,Leicester City WFC,0.71536847,1,3,0.28463152999999997
Denzel Dumfries,Netherlands,2.013113583,3,12,0.986886417
Deon Hotto Kavendji,Namibia,0.507238337,1,4,0.492761663
Derek Cornelius,Canada,0.106511824,0,1,-0.106511824
Derek Owusu Boateng,Getafe,0.09919808199999999,0,2,-0.09919808199999999
Deroy Duarte,Cape Verde Islands,0.26136538600000003,0,5,-0.26136538600000003
Deshorn Brown,NorthEast United,4.260700619,7,26,2.7392993810000004
Desiree Rose Marie Scott,Canada Women's,0.05389704000000001,0,2,-0.05389704000000001
Desiree Rose Marie Scott,Utah Royals,0.02107259,0,1,-0.02107259
Desiree van Lunteren,Netherlands Women's,0.088529525,0,3,-0.088529525
Devendra Dhaku Murgaokar,Goa,3.068967858,2,26,-1.0689678580000002
Dexter Lembikisa,Jamaica,0.074705416,0,3,-0.074705416
Deyna Cristina Castellanos Naujenis,Manchester City WFC,0.5718085119999999,0,5,-0.5718085119999999
Deyverson Brum Silva Acosta,Deportivo Alavés,0.39157572,1,1,0.6084242799999999
Deyverson Brum Silva Acosta,Levante UD,8.347359427,9,72,0.6526405729999993
Di'Shon Bernard,Jamaica,0.043698423,0,1,-0.043698423
Diafra Sakho,West Ham United,7.920403715,5,46,-2.920403715
Diana Carolina Ospina García Pineda,Colombia Women's,0.074520155,0,3,-0.074520155
Diana Catarina Ribeiro Gomes,Portugal Women's,1.288630785,2,6,0.7113692149999999
Diana Catarina Ribeiro Gomes,Sevilla FC,0.367306224,1,6,0.632693776
Diana Matheson,Utah Royals,0.692304096,2,5,1.307695904
Diana Micaela Abreu de Sousa e Silva,Aston Villa,0.97111923,1,9,0.02888077
Diana Micaela Abreu de Sousa e Silva,Portugal Women's,1.109423637,1,10,-0.10942363699999991
Diana Ordoñez,Houston Dash,4.69977145,3,33,-1.69977145
Didier Digard,Real Betis,0.02507928,0,2,-0.02507928
Didier Ndong Ibrahim,Lorient,1.8664795665,2,33,0.13352043349999998
Didier Yves Drogba Tébily,Chelsea,0.9390300073,2,6,1.0609699927
Diego Alberto Milito,Inter Milan,0.35481564,2,2,1.64518436
Diego Alberto Milito,Real Zaragoza,2.849555257,2,11,-0.849555257
Diego Alejandro Rolan Silva,Bordeaux,7.40273126,5,45,-2.4027312600000004
Diego Alejandro Rolan Silva,Málaga,0.05781661,0,1,-0.05781661
Diego Alexander Gómez Amarilla,Inter Miami,0.380907281,1,4,0.619092719
Diego Antonio Reyes Rosales,Real Sociedad,1.365495128,2,11,0.6345048719999999
Diego Armando Maradona,Argentina,2.0352968495,4,18,1.9647031505
Diego Armando Maradona,Argentina U20,0.34270188300000004,1,6,0.657298117
Diego Armando Maradona,Barcelona,0.627912714,0,3,-0.627912714
Diego Armando Maradona,Boca Juniors,0.7575348660000001,1,4,0.24246513399999992
Diego Armando Maradona,Napoli,2.052846466,2,12,-0.05284646600000009
Diego Armando Valentin Contento,Bordeaux,0.608772215,2,13,1.3912277849999999
Diego Camacho Quesada,Levante UD,0.007700816,0,1,-0.007700816
Diego Castro Giménez,Getafe,0.393695719,0,4,-0.393695719
Diego Daniel Colotto,Espanyol,0.020566927,0,1,-0.020566927
Diego Daniel Colotto,RC Deportivo La Coruña,0.07323227,0,1,-0.07323227
Diego Falcinelli,Sassuolo,3.042660257,2,25,-1.042660257
Diego Fernando Latorre,Boca Juniors,0.37834603,0,2,-0.37834603
Diego Forlán Corazo,Atlético Madrid,2.76340323,5,14,2.23659677
Diego Forlán Corazo,Villarreal,0.048463431,0,2,-0.048463431
Diego González Polanco,Sevilla,0.34130005999999996,1,2,0.65869994
Diego Ifrán Sala,Real Sociedad,0.43638242,1,2,0.5636175800000001
Diego Javier Llorente Ríos,Rayo Vallecano,1.423404276,2,15,0.5765957239999999
Diego Mainz García,Granada,0.19392431,1,2,0.80607569
Diego Mario Buonanotte Rende,Málaga,0.15562705699999999,1,3,0.844372943
Diego Maurício Machado de Brito,Mumbai City,1.815735762,3,6,1.184264238
Diego Nicolás De La Cruz Arcosa,Uruguay,0.227299888,0,6,-0.227299888
Diego Perotti,AS Roma,1.8634580795,3,25,1.1365419205
Diego Perotti,Genoa,1.7723224119999998,1,15,-0.7723224119999998
Diego Perotti,Sevilla,0.0410336715,0,2,-0.0410336715
Diego Rico Salguero,Leganés,0.03998265,0,1,-0.03998265
Diego Rigonato Rodrigues,Stade de Reims,3.286378628,3,36,-0.286378628
Diego Roberto Godín Leal,Atlético Madrid,5.011833184,4,44,-1.0118331840000003
Diego Roberto Godín Leal,Uruguay,0.5002608900000001,0,4,-0.5002608900000001
Diego Sebastián Laxalt Suárez,Genoa,3.719852884,3,34,-0.7198528839999998
Diego Sebastián Laxalt Suárez,Uruguay,0.017698556,0,1,-0.017698556
Diego Tardelli Martins,Real Betis,0.089432314,0,1,-0.089432314
Diego da Silva Costa,Atlético Madrid,1.145883621,1,9,-0.14588362100000007
Diego da Silva Costa,Chelsea,12.300264734,12,70,-0.30026473400000064
Diego da Silva Costa,Rayo Vallecano,0.04539615,0,1,-0.04539615
Diego da Silva Costa,Real Valladolid,0.088251043,0,2,-0.088251043
Diego da Silva Costa,Spain,2.717060165,3,11,0.2829398350000001
Diego Ángel Capel Trinidad,Genoa,0.97633562,0,14,-0.97633562
Diego Ángel Capel Trinidad,Sevilla,1.00864134,1,6,-0.008641340000000053
Dietmar Hamann,Liverpool,0.785293376,1,2,0.21470662399999996
Dieumerci Mbokani Bezua,Norwich City,6.172156369,7,37,0.8278436310000004
Dilara Acikgöz,Eintracht Frankfurt W,0.028878758,0,1,-0.028878758
Dimitar Ivanov Berbatov,Manchester United,0.17411316599999999,0,2,-0.17411316599999999
Dimitri Foulquier,Granada,0.607236946,1,7,0.392763054
Dimitri Liénard,Strasbourg,0.135324905,0,2,-0.135324905
Dimitri Payet,Olympique de Marseille,0.180018559,0,2,-0.180018559
Dimitri Payet,West Ham United,5.0631297168,9,69,3.9368702832
Diogo Ferreira Salomão,RC Deportivo La Coruña,0.12232457,1,1,0.87767543
Diogo Filipe Monteiro Pinto Leite,Union Berlin,0.06363043,0,1,-0.06363043
Diogo José Rosário Gomes Figueiras,Genoa,0.145452456,1,5,0.854547544
Diogo José Rosário Gomes Figueiras,Sevilla,0.06454011800000001,0,3,-0.06454011800000001
Diogo José Teixeira da Silva,Portugal,1.8335288410000001,1,10,-0.8335288410000001
Dion Lopy,Stade de Reims,0.11242787900000001,0,2,-0.11242787900000001
Dirk Kuijt,Liverpool,0.63846178,1,2,0.36153822
Dirk Wouter Johannes van Dijk,Ajax,0.42586773899999997,1,4,0.574132261
Divock Okoth Origi,Liverpool,2.287677904,6,25,3.712322096
Dixon Jair Arroyo Espinoza,Inter Miami,0.24068451,0,1,-0.24068451
Diána Melinda Németh,VfL Wolfsburg WFC,0.093538664,0,1,-0.093538664
Djamel Bakar,Montpellier,0.41778607,0,6,-0.41778607
Djamel Eddine Mesbah,Sampdoria,0.054260484,0,2,-0.054260484
Djed Spence,Rennes,0.15122522,0,1,-0.15122522
Djené Dakonam Ortega,Getafe,0.127477798,0,2,-0.127477798
Djibril Cheick Ouattara,Burkina Faso,0.04800562,0,1,-0.04800562
Djibril Cissé,Liverpool,0.745491719,1,2,0.254508281
Djibril Sidibé,Lille,2.94570348,4,41,1.0542965199999998
Djibril Sow,Switzerland,0.274431941,0,3,-0.274431941
Dmitriy Alenichev,FC Porto,0.12667255,1,1,0.87332745
Dmytro Chygrynskiy,Barcelona,0.251188075,0,2,-0.251188075
Dodi Lukebakio,Belgium,0.249550812,0,3,-0.249550812
Dolores Isabel Jacome Silva,Portugal Women's,0.20544211,0,2,-0.20544211
Domagoj Vida,Croatia,1.193938095,2,4,0.806061905
Domenico Berardi,Italy,1.756067969,1,15,-0.7560679690000001
Domenico Berardi,Sassuolo,9.045740003499999,7,88,-2.045740003499999
Domenico Maietta,Bologna,0.046738375,0,1,-0.046738375
Domingo Cisma González,Almería,0.117452964,1,1,0.882547036
Domingo Nagore Arbizu,CD Numancia de Soria,0.108113913,0,3,-0.108113913
Domingos João Macandza,Mozambique,0.14391762900000002,0,2,-0.14391762900000002
Dominik Kohr,Augsburg,1.040521295,0,23,-1.040521295
Dominik Kohr,FSV Mainz 05,0.316300576,1,3,0.6836994240000001
Dominik Maroh,FC Köln,1.580783949,2,18,0.41921605100000003
Dominik Stroh-Engel,Darmstadt 98,0.6785926330000001,0,6,-0.6785926330000001
Dominik Szoboszlai,Hungary,0.29294938000000004,0,6,-0.29294938000000004
Dominika Čonč,FC Levante Badalona,1.241690335,0,9,-1.241690335
Dominika Škorvánková,Como W,2.881450352,4,22,1.1185496480000001
Dominique Bond-Flasza,Jamaica Women's,0.0381724,0,1,-0.0381724
Dominique Bruinenberg,Everton LFC,0.457832592,0,8,-0.457832592
Dominique Heintz,FC Köln,1.023200908,2,10,0.976799092
Dominique Johanna Anna Petrone Janssen,Arsenal WFC,3.160821308,3,27,-0.16082130800000005
Dominique Johanna Anna Petrone Janssen,Netherlands Women's,1.585717828,1,9,-0.5857178279999999
Dominique Johanna Anna Petrone Janssen,VfL Wolfsburg WFC,4.219885258,5,21,0.7801147420000003
Dominique Richardson,NJ/NY Gotham FC,0.041962878,0,2,-0.041962878
Dong-Won Ji,Augsburg,1.257653247,0,13,-1.257653247
Donyell Malen,Netherlands,1.382243916,2,9,0.617756084
Dorian Bailey,Washington Spirit,0.202136525,0,4,-0.202136525
Dorian Caddy,OGC Nice,1.3367987049999999,0,8,-1.3367987049999999
Dorian Lévêque,Guingamp,0.538505703,1,8,0.461494297
Dorine Nina Chuigoue,Real Betis Balompié,0.6081395835,1,9,0.39186041650000003
Dorival Guidoni Júnior,Middlesbrough,0.045710207,0,3,-0.045710207
Dorlan Mauricio Pabón Ríos,Real Betis,0.16728471,1,1,0.83271529
Dorlan Mauricio Pabón Ríos,Valencia,0.161464055,0,2,-0.161464055
Dougenie Tabita Kerbie Joseph,Haiti Women's,0.13113685,0,1,-0.13113685
Douglas Costa de Souza,Bayern Munich,3.3931072810000003,4,64,0.6068927189999997
Douglas Costa de Souza,Brazil,0.087622481,0,4,-0.087622481
Douglas Luiz Soares de Paulo,Brazil,0.76046705,0,1,-0.76046705
Douglas Luiz Soares de Paulo,Girona,0.272270342,0,3,-0.272270342
Drew Spence,Chelsea FCW,7.290906556,4,55,-3.2909065560000004
Drew Spence,Jamaica Women's,0.30573034400000004,0,7,-0.30573034400000004
Drew Spence,Tottenham Hotspur Women,2.219492722,2,22,-0.21949272200000003
Dries Mertens,Belgium,0.716004251,1,10,0.283995749
Dries Mertens,Napoli,4.070907675,5,55,0.929092325
Dru Yearwood,New York Red Bulls,0.018014202,0,1,-0.018014202
Duan Song,China PR Women's,0.033213478,0,1,-0.033213478
Duje Ćaleta-Car,Olympique de Marseille,0.6755869,1,1,0.3244131
Duje Čop,Málaga,7.957992497,7,49,-0.9579924970000002
Duncan Watmore,Sunderland,2.218395199,3,17,0.7816048009999998
Duván Esteban Zapata Banguera,Udinese,7.29042495,8,52,0.7095750499999998
Dušan Basta,Lazio,0.582365213,0,11,-0.582365213
Dušan Tadić,Serbia,0.180424587,0,4,-0.180424587
Dušan Tadić,Southampton,7.2580793785,7,56,-0.25807937849999973
Dušan Veškovac,Troyes,0.039122876,0,1,-0.039122876
Dušan Vlahović,Serbia,0.9151156,1,9,0.08488439999999997
Dušan Švento,FC Köln,0.219132187,1,3,0.780867813
Dwight Gayle,Crystal Palace,3.5462720130000003,3,22,-0.5462720130000003
Dwight Yorke,Blackburn Rovers,0.51559545,0,2,-0.51559545
Dylan Daniel Mahmoud Bronn,Metz,0.079415865,0,1,-0.079415865
Dylan Daniel Mahmoud Bronn,Tunisia,0.24253985,1,2,0.75746015
Dylan Fox,Goa,1.10877794,1,4,-0.10877793999999996
Dávid Hancko,Slovakia,0.607012613,0,7,-0.607012613
Dávid Ivan,Sampdoria,0.4443203009999999,1,5,0.5556796990000001
Débora Cristiane de Oliveira,Brazil Women's,2.090742625,1,18,-1.0907426249999999
Débora Cristiane de Oliveira,KC Current,7.219395813,9,39,1.7806041869999998
Débora Cristiane de Oliveira,North Carolina Courage,6.220755651,6,37,-0.22075565100000016
Débora García Mateo,Sevilla FC,0.316144607,0,10,-0.316144607
Dídac Vilá Rosselló,Espanyol,0.34406637500000004,0,4,-0.34406637500000004
Dóra Zeller,Köln,3.985418704,2,38,-1.9854187040000002
Eberechi Eze,England,0.080686929,0,2,-0.080686929
Ebi Smolarek,Racing Santander,0.16069381,0,1,-0.16069381
Ebony Salmon,Aston Villa W,1.856238077,3,14,1.143761923
Ebony Salmon,Bristol City WFC,8.103602158,11,84,2.8963978420000007
Ebony Salmon,Houston Dash,4.179630066,1,40,-3.1796300659999996
Ebrima Colley,Gambia,0.14294216,1,1,0.85705784
Ebrima Darboe,Gambia,0.014722,0,1,-0.014722
Eddy Silvestre Pascual İsrafilov,Eibar,0.045040486000000005,0,2,-0.045040486000000005
Eddy Silvestre Pascual İsrafilov,Granada,0.064053155,0,1,-0.064053155
Eden Hazard,Belgium,3.606714804,3,24,-0.6067148040000001
Eden Hazard,Chelsea,3.123302265,4,36,0.876697735
Edenílson Andrade dos Santos,Udinese,0.755452747,0,12,-0.755452747
Eder Citadin Martins,Inter Milan,2.1242870050000002,1,23,-1.1242870050000002
Eder Citadin Martins,Sampdoria,7.175878727,12,57,4.824121273
Edgar Antonio Méndez Ortega,Almería,0.060350329,0,2,-0.060350329
Edgar Antonio Méndez Ortega,Deportivo Alavés,0.154608254,0,3,-0.154608254
Edgar Antonio Méndez Ortega,Granada,0.648521496,1,11,0.351478504
Edgar Patricio De Carvalho Pacheco,Málaga,0.25174952,0,2,-0.25174952
Edgar Prib,Hannover 96,1.530336545,0,23,-1.530336545
Edgar Yoel Bárcenas Herrera,Panama,0.727005944,0,12,-0.727005944
Edgardo Isaac Fariña Wynter,Panama,0.086690885,0,3,-0.086690885
Edimilson Fernandes,FSV Mainz 05,0.08576868,0,1,-0.08576868
Edimilson Fernandes,Switzerland,0.055595998,0,1,-0.055595998
Edin Džeko,AS Roma,12.844457614,8,88,-4.8444576139999995
Edinson Roberto Cavani Gómez,Paris Saint-Germain,15.482091125,19,86,3.517908875
Edinson Roberto Cavani Gómez,Uruguay,2.447644063,3,19,0.5523559370000002
Edmond Fayçal Tapsoba,Bayer Leverkusen,1.203148944,0,12,-1.203148944
Edmond Fayçal Tapsoba,Burkina Faso,0.297841066,0,4,-0.297841066
Edmund Lalrindika,Bengaluru,0.5279541,0,1,-0.5279541
Edna Imade,Granada W,4.798011322,5,40,0.2019886780000002
Edoardo Goldaniga,Palermo,1.297783506,2,6,0.702216494
Edon Zhegrova,Lille,0.029207561,0,1,-0.029207561
Edouard Cissé,AS Monaco,0.02270821,0,1,-0.02270821
Edson André Sitoe,Mozambique,0.015788822,0,1,-0.015788822
Edson André Sitoe,Rennes,0.419331222,0,5,-0.419331222
Edson Braafheid,Lazio,0.028936063,0,2,-0.028936063
Edson Omar Álvarez Velázquez,Mexico,0.14911574,0,2,-0.14911574
Eduard Alexander Bello Gil,Venezuela,0.622523195,2,4,1.3774768050000001
Eduardo Antonio Guerrero Lozcano,Panama,0.26168483,1,3,0.73831517
Eduardo Antonio Salvio,Argentina,0.04347445,0,1,-0.04347445
Eduardo Bedia Peláez,Goa,2.253097235,1,37,-1.2530972349999998
Eduardo Camavinga,France,0.197913326,0,2,-0.197913326
Eduardo César Daude Gaspar,Arsenal,1.7101298489999999,2,25,0.28987015100000013
Eduardo Expósito Jaén,Eibar,0.051159658,0,1,-0.051159658
Eduardo García Martín,Hyderabad,1.325074541,2,16,0.674925459
Eduardo García Martín,SC Delhi,0.073227087,0,2,-0.073227087
Eduardo Gonçalves de Andrade,Brazil,3.133051299,2,21,-1.133051299
Eduardo Jesús Vargas Rojas,Hoffenheim,3.791733724,2,33,-1.7917337240000002
Eduardo Nascimento Costa,Espanyol,0.029633198,0,2,-0.029633198
Edvaldo Izidio Neto,Brazil,3.442043751,3,22,-0.44204375099999993
Edward Chilufya,Zambia,0.024878096,0,1,-0.024878096
Edwin Sydney Vanspaul,Chennaiyin,0.6145487955,0,16,-0.6145487955
Egor Filipenko,Málaga,0.421348825,0,8,-0.421348825
Ehsan Hajsafi,Iran,0.146461445,0,3,-0.146461445
Eider Arana Mugueta,SD Eibar,3.160458517,3,20,-0.1604585169999999
Eileen Michelle Campbell,SC Freiburg,2.875282407,3,21,0.12471759300000018
Eiður Smári Guðjohnsen,Barcelona,6.009571718,6,43,-0.009571718000000118
Eiður Smári Guðjohnsen,Chelsea,0.269473265,1,2,0.730526735
El Bilal Toure,Stade de Reims,0.41913552,0,3,-0.41913552
El-Hadji Ba,Mauritania,0.07223357,0,1,-0.07223357
El-Hadji Baye Oumar Niasse,Everton,0.162454738,0,2,-0.162454738
El-Hadji Ousseynou Diouf,Liverpool,0.52097691,0,2,-0.52097691
Elba Verges Prats,SD Eibar,1.3083839675,0,20,-1.3083839675
Elbasan Rashani,Clermont Foot,0.31198725,0,2,-0.31198725
Elderson Uwa Echiejile,AS Monaco,0.5004962319999999,0,6,-0.5004962319999999
Eleanor Dale,Everton LFC,0.38716175799999997,0,4,-0.38716175799999997
Elena Battistini,Pomigliano,0.045823444,0,1,-0.045823444
Elena Dhont,Belgium Women's,0.508534049,0,4,-0.508534049
Elena Gil,Valencia CF,1.00396902,0,6,-1.00396902
Elena Julve Pérez,FC Levante Badalona,2.017530239,0,29,-2.017530239
Elena Linari,AS Roma W,5.277081857,7,26,1.7229181430000002
Elena Linari,Italy Women's,0.745017692,0,4,-0.745017692
Elena Mühlemann,Nürnberg W,0.01895031,0,1,-0.01895031
Elena Pisani,Sampdoria W,2.0959283859999998,0,15,-2.0959283859999998
Elene Guridi Mesonero,Real Sociedad de Fútbol,0.111185176,0,3,-0.111185176
Elene Viles,Real Sociedad de Fútbol,0.018948963,0,1,-0.018948963
Eli Sabia Filho,Jamshedpur,1.348043573,1,11,-0.348043573
Eliana Noemí Stábile,Argentina Women's,0.007615121,0,1,-0.007615121
Eliaquim Mangala,Manchester City,0.748029845,0,6,-0.748029845
Eliaquim Mangala,Valencia,0.19882059,1,2,0.80117941
Elias Kachunga,Ingolstadt,0.39970942000000004,0,4,-0.39970942000000004
Elin Ingrid Johanna Rubensson,Sweden Women's,3.0874828685,3,14,-0.08748286849999998
Elisa Bartoli,AS Roma W,1.589983057,0,20,-1.589983057
Elisa Bartoli,Italy Women's,0.19716386,0,1,-0.19716386
Elisa De Almeida,France Women's,0.366331155,0,7,-0.366331155
Elisa Polli,FC Internazionale Milano W,5.2787596290000005,4,37,-1.2787596290000005
Elisa Senß,Germany Women's,0.037623777,0,2,-0.037623777
Elisa Senß,TSV Bayer 04 Leverkusen,1.814297069,0,25,-1.814297069
Elisa del Estal Mateu,Napoli W,7.277115268,6,49,-1.2771152680000002
Elisabeth Terland,Brighton & Hove Albion WFC,8.321140024,13,74,4.678859976
Elisabeth Terland,Norway Women's,0.255940106,0,3,-0.255940106
Elisabetta Oliviero,Italy Women's,0.33134135,1,3,0.66865865
Elisabetta Oliviero,Sampdoria W,1.7196388745,0,29,-1.7196388745
Elise Bussaglia,France Women's,0.17814000100000002,0,5,-0.17814000100000002
Elise Hughes,Everton LFC,1.22371887,0,8,-1.22371887
Elise Isolde Stenevik,Everton LFC,0.160253539,1,3,0.839746461
Elise Kellond-Knight,Australia Women's,0.56002727,1,4,0.43997273000000003
Elise Thorsnes,Norway Women's,0.09858793,0,1,-0.09858793
Eliseu Pereira dos Santos,Málaga,0.20888325,0,7,-0.20888325
Eliseu Pereira dos Santos,Real Zaragoza,0.22306674,0,2,-0.22306674
Elish Sulola,Valencia CF,0.7428884465,0,10,-0.7428884465
Elisha N''Dow,Aston Villa,0.035461955,0,1,-0.035461955
Elizabeth Addo,OL Reign,0.541256026,0,3,-0.541256026
Elizabeth Arnott,Manchester United,0.6380079,0,1,-0.6380079
Elizabeth Ball,KC Current,0.853578308,0,8,-0.853578308
Elizabeth Doon Hassett,New Zealand Women's,0.203252591,0,3,-0.203252591
Elizabeth Eddy,Angel City,0.115763723,0,3,-0.115763723
Eljif Elmas,North Macedonia,0.7241454780000001,0,6,-0.7241454780000001
Ella Franklin-Fraiture,Aston Villa,0.29347402600000005,0,3,-0.29347402600000005
Ella Jade Mastrantonio,Bristol City WFC,0.310302508,1,7,0.6896974920000001
Ella Palis,Juventus W,0.1859227595,0,8,-0.1859227595
Ella Powell,Bristol City WFC,0.913357903,1,5,0.08664209700000003
Ella Rutherford,Bristol City WFC,2.391280618,2,27,-0.39128061800000014
Ella Stevens,Chicago Red Stars,3.293890451,4,19,0.7061095489999998
Ella Toone,England Women's,3.712812821,5,25,1.287187179
Ella Toone,Manchester United,6.253760799,4,51,-2.253760799
Ella Toone,Manchester United W,9.121078591,12,79,2.878921409
Ellen Jones,Bristol City WFC,0.096806824,0,1,-0.096806824
Ellen White,Birmingham City WFC,5.40093574,6,31,0.5990642599999996
Ellen White,England Women's,6.326906369,8,33,1.6730936310000004
Ellen White,Manchester City WFC,14.128961193,16,87,1.8710388069999997
Elli Pikkujämsä,Racing Louisville FC,0.25102314400000003,1,5,0.748976856
Ellie Brazil,Brighton & Hove Albion WFC,7.060068008,4,41,-3.060068008
Ellie Brazil,Tottenham Hotspur Women,0.38844163,0,2,-0.38844163
Ellie Madison Carpenter,Australia Women's,0.873407137,1,5,0.12659286300000006
Ellie Madison Carpenter,Portland Thorns,0.044423759,0,2,-0.044423759
Ellie Mason,Yeovil Town LFC,2.541773079,3,20,0.45822692100000006
Ellyes Joris Skhiri,Montpellier,0.45725517000000004,2,5,1.54274483
Ellyes Joris Skhiri,Tunisia,0.13585133,0,4,-0.13585133
Elodie Nakkach,Morocco Women's,0.016271818,0,1,-0.016271818
Eloy Campos,Peru,0.039599195,0,1,-0.039599195
Elsa Pelgander,Juventus W,0.024018273,0,1,-0.024018273
Elseid Hysaj,Albania,0.09866957200000001,0,2,-0.09866957200000001
Elseid Hysaj,Napoli,0.356186424,0,12,-0.356186424
Elyse Bennett,Seattle Reign,2.747258468,2,25,-0.7472584680000001
Emam Ashour Metwally Abdelghany,Egypt,0.305472755,0,7,-0.305472755
Emanuel Cecchini,Málaga,0.016600626,0,1,-0.016600626
Emanuele Giaccherini,Bologna,3.583647574,7,46,3.416352426
Emanuele Suagher,Carpi,0.329539443,0,3,-0.329539443
Emely Lina Joester,SGS Essen 19/68,0.04483073,0,1,-0.04483073
Emelyne Laurent,AC Milan W,5.073550754,4,40,-1.0735507540000002
Emerich Dembrovschi,Romania,0.495439977,1,2,0.504560023
Emerson Palmieri dos Santos,AS Roma,0.679567422,1,4,0.320432578
Emerson Palmieri dos Santos,Italy,0.319782784,0,3,-0.319782784
Emi Nakajima,Japan Women's,0.192474264,0,6,-0.192474264
Emil Hallfreðsson,Hellas Verona,0.447013746,0,14,-0.447013746
Emil Hallfreðsson,Iceland,0.015678154,0,1,-0.015678154
Emil Hallfreðsson,Udinese,0.296625126,0,5,-0.296625126
Emil Krafth,Sweden,0.025442615,0,1,-0.025442615
Emil Peter Forsberg,Sweden,2.696306576,5,29,2.303693424
Emilia Pelgander,Leicester City WFC,0.090428554,0,2,-0.090428554
Emilia Urszula Szymczak,Poland Women's,0.13304654,0,1,-0.13304654
Emiliano Adrián Insúa Zapata,Atlético Madrid,0.057543907,0,1,-0.057543907
Emiliano Adrián Insúa Zapata,Rayo Vallecano,0.020722225,0,2,-0.020722225
Emiliano Adrián Insúa Zapata,VfB Stuttgart,0.8064037905,0,22,-0.8064037905
Emiliano Buendía,Getafe,1.07525484,1,14,-0.07525483999999993
Emiliano Daniel Armenteros,Osasuna,0.027644776,0,1,-0.027644776
Emiliano Daniel Armenteros,Sevilla,0.010338143,0,1,-0.010338143
Emiliano Daniel Armenteros,Xerez,0.12218127,0,1,-0.12218127
Emiliano Daniel Velázquez Maldonado,Getafe,1.247750163,3,9,1.752249837
Emiliano Daniel Velázquez Maldonado,Rayo Vallecano,0.043594036,0,1,-0.043594036
Emiliano Moretti,Torino,0.837797464,1,13,0.162202536
Emiliano Sala,Nantes,5.2633168325,6,60,0.7366831674999998
Emilie Bragstad,TSV Bayer 04 Leverkusen,0.321072354,2,5,1.678927646
Emilie Haavi,AS Roma W,5.519829674,3,57,-2.5198296740000004
Emilie Haavi,Norway Women's,0.38846265,0,5,-0.38846265
Emilio José Viqueira Moure,Levante UD,0.86736678,1,3,0.13263322
Emilio Nsue López,Equatorial Guinea,2.578665603,5,9,2.421334397
Emilio Nsue López,Mallorca,0.40930970299999997,1,3,0.5906902970000001
Emily Ann Fox,Arsenal WFC,1.040327323,0,9,-1.040327323
Emily Ann Fox,North Carolina Courage,0.96897024,0,10,-0.96897024
Emily Ann Fox,United States Women's,0.176410758,0,2,-0.176410758
Emily Ann Sonnett,Portland Thorns,0.75131285,1,1,0.24868714999999997
Emily Ann Sonnett,Seattle Reign,0.800186593,0,10,-0.800186593
Emily Ann Sonnett,United States Women's,0.051677868,0,1,-0.051677868
Emily Donovan,Yeovil Town LFC,0.503080297,1,6,0.496919703
Emily Gielnik,Australia Women's,0.791010389,0,2,-0.791010389
Emily Louise van Egmond,Australia Women's,0.902229283,1,10,0.09777071699999995
Emily Louise van Egmond,Orlando Pride,1.36601749,0,11,-1.36601749
Emily Louise van Egmond,San Diego Wave,0.78500697,0,12,-0.78500697
Emily Louise van Egmond,West Ham United LFC,3.871274828,4,36,0.12872517200000022
Emily Masiel Cedeño Coba,Panama Women's,0.132782185,0,2,-0.132782185
Emily May Sams,Orlando Pride,0.032183036,0,1,-0.032183036
Emily Menges,Portland Thorns,0.016119836,0,1,-0.016119836
Emily Murphy,Birmingham City WFC,0.54894078,1,5,0.45105922
Emily Murphy,Chelsea FCW,0.38021669,1,2,0.61978331
Emily Simpkins,Brighton & Hove Albion WFC,1.44827785,0,16,-1.44827785
Emily Syme,Aston Villa,0.078138575,0,3,-0.078138575
Emily Syme,Bristol City WFC,0.48200289399999996,0,7,-0.48200289399999996
Emily Syme,Yeovil Town LFC,1.059878964,1,7,-0.059878963999999923
Emina Ekic,Racing Louisville FC,0.19404696,0,1,-0.19404696
Emir Karic,Darmstadt 98,0.1057738,0,2,-0.1057738
Emir Spahić,Hamburger SV,0.954239179,0,10,-0.954239179
Emma Bissell,Bristol City WFC,1.042535062,1,4,-0.04253506200000001
Emma Bissell,Everton LFC,1.400822693,1,9,-0.40082269300000006
Emma Brownlie,Everton LFC,0.281038114,0,2,-0.281038114
Emma Follis,Aston Villa,0.607988285,0,8,-0.607988285
Emma Follis,Birmingham City WFC,3.954806497,4,25,0.045193503000000135
Emma Harries,Reading WFC,1.09962986,1,7,-0.09962986000000007
Emma Harries,West Ham United LFC,1.28791376,0,6,-1.28791376
Emma Lipman,Como W,0.431911694,0,4,-0.431911694
Emma Mukandi,Arsenal WFC,0.382281019,2,5,1.617718981
Emma Mukandi,Reading WFC,0.4810304888,0,10,-0.4810304888
Emma Mukandi,Tottenham Hotspur Women,0.13930409900000001,2,4,1.860695901
Emma Nanny Charlotte Kullberg,Brighton & Hove Albion WFC,0.044815812,0,2,-0.044815812
Emma Ramírez Gorgoso,Real Sociedad de Fútbol,1.069486435,2,24,0.930513565
Emma Rose Kelly,Birmingham City WFC,0.6834018829999999,0,8,-0.6834018829999999
Emma Severini,Fiorentina W,2.95745512,2,30,-0.9574551200000001
Emma Severini,Italy Women's,1.291760502,0,6,-1.291760502
Emma Skou Færge,Fiorentina W,0.215170196,0,8,-0.215170196
Emma Snerle,Denmark Women's,0.15715198800000002,0,2,-0.15715198800000002
Emma Snerle,West Ham United LFC,0.155280568,0,3,-0.155280568
Emma Stina Blackstenius,Arsenal WFC,7.08546205,7,44,-0.08546205000000029
Emma Stina Blackstenius,Sweden Women's,12.39577738,7,63,-5.39577738
Emma Wilhelmina Koivisto,Brighton & Hove Albion WFC,0.733952492,0,5,-0.733952492
Emma Wilhelmina Koivisto,Liverpool WFC,2.464331191,2,15,-0.46433119099999987
Emma Wilhelmina Koivisto,WNT Finland,0.101521924,0,1,-0.101521924
Emmanuel Adebayor,Crystal Palace,2.4178144660000003,1,12,-1.4178144660000003
Emmanuel Agyemang-Badu,Udinese,3.893896057,4,41,0.10610394299999992
Emmanuel Emenike,West Ham United,1.706566645,0,12,-1.706566645
Emmanuel Imorou,Stade Malherbe Caen,0.444694734,1,2,0.555305266
Emmanuel Justine Rabby Banda,Zambia,0.0918504845,0,4,-0.0918504845
Emmanuel Okyere Boateng,Levante UD,0.33984178200000004,0,3,-0.33984178200000004
Emmanuel Rivière,Newcastle United,0.28257140999999997,0,3,-0.28257140999999997
Emmi Alanen,WNT Finland,0.020870736,0,1,-0.020870736
Emre Can,Borussia Dortmund,0.1453079,0,1,-0.1453079
Emre Can,Germany,0.06443469,1,1,0.93556531
Emre Can,Liverpool,2.2238376005,1,31,-1.2238376005
Emre Mor,Celta Vigo,0.21028928,0,1,-0.21028928
Emre Çolak,RC Deportivo La Coruña,0.5225575259999999,1,6,0.47744247400000006
Endika Guarrochenea Arzubiaga,Athletic Club,0.28845892,1,2,0.7115410799999999
Endrick Felipe Moreira de Sousa,Brazil,0.12650213500000002,0,2,-0.12650213500000002
Eneko Bóveda Altube,Athletic Club,0.365591124,0,5,-0.365591124
Eneko Capilla González,Real Sociedad,0.026011854,0,1,-0.026011854
Enes Sipović,Kerala Blasters,0.12117808,1,2,0.87882192
Enes Ünal,Getafe,0.7321283,1,1,0.26787170000000005
Enes Ünal,Real Valladolid,0.295885512,0,6,-0.295885512
Enis Bardhi,Levante UD,0.602870463,0,7,-0.602870463
Enis Bardhi,North Macedonia,0.19732758,0,5,-0.19732758
Enner Remberto Valencia Lastra,Ecuador,2.783207109,3,13,0.21679289099999988
Enner Remberto Valencia Lastra,West Ham United,3.726920733,4,33,0.27307926699999996
Enock Kwateng,Bordeaux,0.026651634,0,1,-0.026651634
Enric Saborit Teixidor,Athletic Club,0.081527074,0,2,-0.081527074
Enrique Barja Afonso,Osasuna,0.30664704,0,3,-0.30664704
Enrique Fernando Ortiz Moruno,Cádiz,0.11729746499999999,0,3,-0.11729746499999999
Enrique García Martínez,Eibar,0.535267867,0,6,-0.535267867
Enrique Mateo Montoya,Sporting Gijón,0.084727127,1,2,0.915272873
Enrique Pérez Muñoz,Real Valladolid,0.305192693,0,4,-0.305192693
Enrique Sola Clemente,Athletic Club,0.09281566,0,1,-0.09281566
Enrique Sola Clemente,Osasuna,0.19373416300000001,0,4,-0.19373416300000001
Enrique de Lucas Martínez,Real Murcia CF,0.061993939,0,2,-0.061993939
Enzo Crivelli,Bordeaux,3.267631787,3,27,-0.267631787
Enzo Fernandez,Argentina,1.637693915,1,15,-0.6376939150000001
Enzo Gianni Tchato Mbiayi,Montpellier,0.06691852,1,1,0.93308148
Enzo Le Fée,Lorient,0.721542326,1,6,0.278457674
Enzo Maresca,Palermo,0.596891159,1,11,0.403108841
Enzo Maresca,Sevilla,0.07585597399999999,0,2,-0.07585597399999999
Enzo Nahuel Copetti,Charlotte,0.07409562,0,1,-0.07409562
Enzo Nicolás Pérez,Argentina,0.13423473,0,1,-0.13423473
Enzo Nicolás Pérez,Valencia,0.175009852,0,6,-0.175009852
Enzo Pablo Roco Roco,Elche,0.022895802,0,1,-0.022895802
Enzo Pablo Roco Roco,Espanyol,0.9137551230000001,2,11,1.086244877
Enzo Scifo,Belgium,0.09892820399999999,0,3,-0.09892820399999999
Ereleta Memeti,Hoffenheim W,3.418997958,3,35,-0.41899795799999984
Eren Sami Dinkçi,FC Heidenheim,0.13577816,1,1,0.86422184
Eric Bertrand Bailly,Olympique de Marseille,0.07732077,0,1,-0.07732077
Eric Bertrand Bailly,Villarreal,0.342746426,0,4,-0.342746426
Eric Daniel Djemba-Djemba,Manchester United,0.022594098,0,1,-0.022594098
Eric Dier,England,1.41293399,1,6,-0.41293399
Eric Dier,Tottenham Hotspur,2.042183887,3,30,0.9578161129999998
Eric García Martret,Spain,0.069568686,0,1,-0.069568686
Eric Gerets,Belgium,0.017105324,0,1,-0.017105324
Eric Junior Dina Ebimbe,Eintracht Frankfurt,0.046500877,0,1,-0.046500877
Eric Junior Dina Ebimbe,Paris Saint-Germain,0.051396126,0,2,-0.051396126
Eric Kleybel Ramírez Matheus,Venezuela,0.222277704,1,3,0.777722296
Eric Martel,FC Köln,0.65829162,0,2,-0.65829162
Eric-Sylvain Bilal Abidal,Barcelona,1.4507785995,0,17,-1.4507785995
Erick Antonio Pulgar Farfán,Bologna,0.149509325,0,6,-0.149509325
Erick Cathriel Cabaco Almada,Levante UD,0.130850102,0,2,-0.130850102
Erick Daniel Sánchez Ocegueda,Mexico,0.011917526,0,1,-0.011917526
Erick Javier Davis Grajales,Panama,0.044767737,0,1,-0.044767737
Erickson Patrick Correia Andrade,Cape Verde Islands,0.74516124,0,1,-0.74516124
Erik Durm,Borussia Dortmund,1.105985727,1,12,-0.10598572699999997
Erik Janža,Slovenia,0.057748141,1,3,0.942251859
Erik Lamela,Tottenham Hotspur,6.970466634,5,59,-1.970466634
Erik Palmer-Brown,Troyes,0.32594270000000003,0,2,-0.32594270000000003
Erik Pieters,Stoke City,0.18691192,0,5,-0.18691192
Erika Santoro,Sassuolo W,0.295506949,0,7,-0.295506949
Erika Tymrak,Orlando Pride,1.1456854939999999,0,10,-1.1456854939999999
Erika Tymrak,Utah Royals,0.465588108,0,4,-0.465588108
Erin Bloomfield,Yeovil Town LFC,0.274208406,0,2,-0.274208406
Erin Cuthbert,Chelsea FCW,15.6896827735,14,155,-1.6896827734999995
Erin Cuthbert,Scotland W,1.46315858,1,10,-0.46315858
Erin Jorge Gomes Pinheiro,Saint-Étienne,0.016314466,0,1,-0.016314466
Erin Simon,West Ham United LFC,0.009617406,0,1,-0.009617406
Ermedin Demirović,Augsburg,0.7652415530000001,0,6,-0.7652415530000001
Ermin Bičakčić,Hoffenheim,1.138323031,0,8,-1.138323031
Ermir Lenjani,Nantes,1.695323206,1,21,-0.6953232060000001
Ernest Appiah Nuamah,Ghana,0.150178315,0,2,-0.150178315
Ernesto Alexis Vega Rojas,Mexico,0.6087809670000001,0,9,-0.6087809670000001
Eros Pisano,Hellas Verona,3.109309844,5,23,1.8906901559999998
Ervin Zukanović,AS Roma,0.08337876,0,1,-0.08337876
Ervin Zukanović,Sampdoria,0.841141478,3,10,2.158858522
Eseosa Aigbogun,AS Roma W,0.490687991,0,5,-0.490687991
Esme Beth Morgan,Everton LFC,0.26383473,1,3,0.73616527
Esme Beth Morgan,Manchester City WFC,0.948339861,1,10,0.051660138999999994
Esmee Brugts,Barcelona WFC,7.2177697919999995,7,37,-0.21776979199999946
Esmee Brugts,Netherlands Women's,0.838314282,3,11,2.161685718
Esmee de Graaf,West Ham United LFC,0.55484925,1,3,0.44515075000000004
Esperanza Pizarro Pagalday,SD Eibar,3.524976633,3,53,-0.5249766330000001
Esteban Félix Granero Molina,Espanyol,0.075527005,0,1,-0.075527005
Esteban Félix Granero Molina,Real Sociedad,0.501914736,0,9,-0.501914736
Esteban Matías Cambiasso Delau,Inter Milan,0.12529318,0,1,-0.12529318
Esteban Vigo Benítez,Barcelona,0.27839365499999996,0,3,-0.27839365499999996
Estefanía Romina Banini Ruiz,Argentina Women's,0.154993634,0,4,-0.154993634
Estefanía Romina Banini Ruiz,Atletico Madrid W,1.793815983,3,24,1.206184017
Estefanía Romina Banini Ruiz,Washington Spirit,0.31098448,0,4,-0.31098448
Estela Carbonell,Levante UD Femenino,2.3008998199999997,2,20,-0.3008998199999997
Estela Fernández Pablos,Valencia CF,0.364367587,0,7,-0.364367587
Estelle Cascarino,France Women's,0.03976854,0,1,-0.03976854
Estelle Cascarino,Juventus W,0.2168481905,0,8,-0.2168481905
Estelle Johnson,Washington Spirit,0.41908326,0,3,-0.41908326
Esther Gonzalez Rodríguez,NJ/NY Gotham FC,3.196730743,3,20,-0.19673074299999982
Esther Gonzalez Rodríguez,Spain Women's,7.285717433,6,48,-1.2857174330000003
Esther Laborde Cabanillas,Madrid CFF,0.451031869,0,6,-0.451031869
Esther Martín-Pozuelo Aranda,Granada W,0.709256501,0,13,-0.709256501
Esther Morgan,Tottenham Hotspur Women,0.033337934,0,2,-0.033337934
Estrella Merino Gonzalez,TSV Bayer 04 Leverkusen,1.3999269349999999,1,10,-0.3999269349999999
Ethan Ampadu,Wales,0.010134185,0,1,-0.010134185
Ethan Pinnock,Jamaica,0.20327644,0,1,-0.20327644
Etienne Capoue,Villarreal,0.17268756,0,1,-0.17268756
Etienne Capoue,Watford,2.4655413615,0,35,-2.4655413615
Euciodálcio Gomes,Guinea-Bissau,0.102990569,0,3,-0.102990569
Eugen Polanski,Hoffenheim,1.656238184,1,24,-0.656238184
Eugénie Le Sommer,France Women's,5.130638293,6,31,0.8693617070000004
Eun-Ha Jeoun,Korea Republic Women's,0.076469,0,1,-0.076469
Eun-Sun Park,Korea Republic Women's,0.39166279000000004,0,3,-0.39166279000000004
Eunan O''Kane,AFC Bournemouth,0.613648111,0,7,-0.613648111
Eunan O'Kane,AFC Bournemouth,0.082632795,0,1,-0.082632795
Eunate Arraiza Otazu,Athletic Club Bilbao,0.073447765,0,2,-0.073447765
Eva Llamas Hernández,Sevilla FC,1.481690935,2,13,0.518309065
Eva Maria Navarro,Atletico Madrid W,2.617269994,6,39,3.382730006
Eva Maria Navarro,Spain Women's,0.181350816,0,4,-0.181350816
Eva Nyström,WNT Finland,0.14725478,0,1,-0.14725478
Eva Schatzer,Sampdoria W,1.108268312,2,24,0.8917316879999999
Eva Sofia Jakobsson,San Diego Wave,1.3511230840000001,2,13,0.6488769159999999
Eva Sofia Jakobsson,Sweden Women's,2.681396153,2,18,-0.6813961530000001
Eva Van Deursen,SD Eibar,0.457266062,0,6,-0.457266062
Eva Van Deursen,TSV Bayer 04 Leverkusen,0.6844174000000001,1,4,0.31558259999999994
Evaeverson Lemos da Silva Brandão,Bastia,2.886665245,2,26,-0.8866652450000001
Evann Guessand,Nantes,0.0638497,0,1,-0.0638497
Eve Perisset,Chelsea FCW,0.234836333,0,2,-0.234836333
Eve Perisset,France Women's,1.642189895,1,4,-0.642189895
Eveliina Summanen,Tottenham Hotspur Women,0.6774662340000001,1,11,0.32253376599999994
Eveliina Summanen,WNT Finland,0.252205324,0,4,-0.252205324
Evelyn Ijeh,AC Milan W,2.988063425,3,27,0.011936575000000005
Evelyne Viens,AS Roma W,8.24326358,13,67,4.756736419999999
Evelyne Viens,Canada Women's,0.373378059,0,3,-0.373378059
Everaldo Marques da Silva,Brazil,0.099737824,0,5,-0.099737824
Evgeny Makarenko,Ukraine,0.027891653,0,1,-0.027891653
Evidence Makgopa,South Africa,1.925988071,1,13,-0.9259880709999999
Ewa Pajor,Poland Women's,1.635246217,1,9,-0.635246217
Ewa Pajor,VfL Wolfsburg WFC,12.9071287,18,68,5.0928713000000005
Ewelina Kamczyk,Poland Women's,0.207903199,0,4,-0.207903199
Ewerthon Henrique de Souza,Real Zaragoza,0.570138736,0,8,-0.570138736
Exequiel Alejandro Palacios,Argentina,0.11486078,0,1,-0.11486078
Exequiel Alejandro Palacios,Bayer Leverkusen,3.118682906,4,21,0.8813170939999999
Ezequiel Iván Lavezzi,Paris Saint-Germain,1.385103515,2,13,0.614896485
Ezequiel Marcelo Garay,Racing Santander,0.87428148,0,3,-0.87428148
Ezequiel Marcelo Garay,Valencia,0.8317245600000001,1,2,0.16827543999999994
Ezequiel Muñoz,Genoa,0.497569683,0,8,-0.497569683
Ezgjan Alioski,North Macedonia,0.95454622,1,3,0.04545378
Fabian Delph,England,0.062803044,0,3,-0.062803044
Fabian Delph,Manchester City,0.3280142015,2,13,1.6719857985
Fabian Frei,FSV Mainz 05,0.5268027965000001,0,11,-0.5268027965000001
Fabian Holland,Darmstadt 98,0.07522314549999999,0,3,-0.07522314549999999
Fabian Johnson,Borussia Mönchengladbach,3.216066643,6,26,2.783933357
Fabian Lukas Schär,Hoffenheim,1.363856601,1,18,-0.36385660099999995
Fabian Lukas Schär,RC Deportivo La Coruña,0.72262741,0,3,-0.72262741
Fabian Lukas Schär,Switzerland,2.846968126,2,13,-0.8469681260000002
Fabian Lustenberger,Hertha Berlin,0.683433381,1,10,0.31656661900000005
Fabian Rieder,Switzerland,0.061014414,0,1,-0.061014414
Fabien Camus,Troyes,4.307174021,5,65,0.6928259790000002
Fabien Lemoine,Saint-Étienne,0.489485696,0,19,-0.489485696
Fabienne Dongus,Hoffenheim W,1.4729880629999998,2,11,0.5270119370000002
Fabienne Humm,Switzerland Women's,0.0159189,0,1,-0.0159189
Fabio Borini,Sunderland,4.846411479,5,49,0.15358852099999964
Fabio Capello,Juventus,0.016805176,0,1,-0.016805176
Fabio Celestini,Getafe,0.330463128,0,3,-0.330463128
Fabio Daprelà,Palermo,0.10657481,0,1,-0.10657481
Fabio Quagliarella,Sampdoria,4.2508545065,3,51,-1.2508545064999996
Fabio Quagliarella,Torino,6.462900374,5,50,-1.4629003740000002
Fabiola Villalobos Morales,Costa Rica Women's,0.5291733599999999,0,4,-0.5291733599999999
Fabián Ariel Orellana Valenzuela,Celta Vigo,8.6828337145,7,79,-1.6828337144999992
Fabián Ariel Orellana Valenzuela,Eibar,0.604914424,0,10,-0.604914424
Fabián Ariel Orellana Valenzuela,Granada,0.2015415,0,1,-0.2015415
Fabián Ariel Orellana Valenzuela,Real Valladolid,0.09255478,0,2,-0.09255478
Fabián Ariel Orellana Valenzuela,Xerez,0.225345045,0,3,-0.225345045
Fabián Cornelio Balbuena González,Paraguay,0.471037488,0,4,-0.471037488
Fabián Larry Estoyanoff Poggio,Cádiz,0.134324113,0,2,-0.134324113
Fabián Larry Estoyanoff Poggio,RC Deportivo La Coruña,0.7629301909999999,0,2,-0.7629301909999999
Fabián Ruiz Peña,Paris Saint-Germain,1.773647645,2,18,0.22635235499999995
Fabián Ruiz Peña,Real Betis,0.274832978,0,8,-0.274832978
Fabián Ruiz Peña,Spain,1.349474123,2,18,0.650525877
Fabricio Coloccini,Newcastle United,0.934357777,1,10,0.065642223
Fabricio Coloccini,RC Deportivo La Coruña,0.069863888,0,2,-0.069863888
Fabrizio Cacciatore,Chievo,1.5718509809999999,1,10,-0.5718509809999999
Facinet Conte,Guinea,0.22692905000000002,0,2,-0.22692905000000002
Facundo Farías,Inter Miami,0.655935456,2,10,1.344064544
Facundo Pellistri Rebollo,Uruguay,1.00835143,1,4,-0.008351430000000049
Facundo Sebastián Roncaglia,Celta Vigo,0.12634271,0,1,-0.12634271
Facundo Sebastián Roncaglia,Fiorentina,0.209908047,1,11,0.790091953
Facundo Sebastián Roncaglia,Osasuna,0.046214667,0,2,-0.046214667
Fahad Mosaed Al Muwallad Al Harbi,Saudi Arabia,0.7953191399999999,0,2,-0.7953191399999999
Faisal Salum Abdalla,Tanzania,0.010949957,0,1,-0.010949957
Fakhreddine Ben Youssef,Tunisia,1.334946669,1,7,-0.33494666900000003
Falaye Sacko,Saint-Étienne,0.07546519,0,1,-0.07546519
Fali Candé,Guinea-Bissau,0.12446932599999999,0,4,-0.12446932599999999
Fali Candé,Metz,0.12247684,0,1,-0.12247684
Fallou Diagne,Rennes,2.860330511,5,17,2.139669489
Famana Quizera,Guinea-Bissau,0.102352895,0,4,-0.102352895
Famara Diedhiou,Senegal,0.35421636,1,3,0.64578364
Faouzi Ghoulam,Napoli,0.6229445385,0,22,-0.6229445385
Fara Williams,Reading WFC,17.0063792685,19,164,1.9936207314999983
Fares Chaïbi,Algeria,0.24090942599999998,0,3,-0.24090942599999998
Fares Chaïbi,Eintracht Frankfurt,0.301715918,0,5,-0.301715918
Fares Chaïbi,Toulouse,0.159317243,0,3,-0.159317243
Farid El Melali,Angers,0.090781219,0,2,-0.090781219
Faride Alidou,FC Köln,0.07171263,0,1,-0.07171263
Farès Bahlouli,AS Monaco,0.174781487,1,6,0.825218513
Fashion Sakala,Zambia,0.4491798365,0,2,-0.4491798365
Fatima Zahra Tagnaout,Morocco Women's,0.05457996,0,1,-0.05457996
Fatoumata Kanteh Cham,Villarreal,2.946284408,3,34,0.05371559200000009
Faustino Marcos Alberto Rojo,Argentina,0.1308396,1,2,0.8691603999999999
Faustino Marcos Alberto Rojo,Manchester United,0.4211925305,0,8,-0.4211925305
Fausto Rossi,Real Valladolid,0.325830252,1,3,0.674169748
Faye Bryson,Bristol City WFC,0.301901149,1,6,0.698098851
Faye Bryson,Everton LFC,0.09842451799999999,0,2,-0.09842451799999999
Fayçal Fajr,Elche,0.072597366,0,2,-0.072597366
Fayçal Fajr,Getafe,0.092846103,0,3,-0.092846103
Fayçal Fajr,RC Deportivo La Coruña,2.821717181,5,48,2.178282819
Federica Cafferata,Juventus W,0.089335023,0,3,-0.089335023
Federica Veritti,Napoli W,0.045373395,0,1,-0.045373395
Federico Barba,Empoli,0.25134422,0,3,-0.25134422
Federico Barba,VfB Stuttgart,0.06013424,1,1,0.93986576
Federico Bernardeschi,Fiorentina,3.392171196,2,54,-1.392171196
Federico Bernardeschi,Italy,1.586411051,2,6,0.413588949
Federico Bernardeschi,Toronto FC,0.103183843,0,2,-0.103183843
Federico Bikoro Akieme Nchama,Equatorial Guinea,0.026580386,0,1,-0.026580386
Federico Bonazzoli,Sampdoria,0.017786829,0,1,-0.017786829
Federico Chiesa,Italy,1.410090146,2,24,0.5899098540000001
Federico Dimarco,Italy,0.061368471,0,2,-0.061368471
Federico Dionisi,Frosinone,6.168259142,9,86,2.831740858
Federico Fernández,Swansea City,1.851480294,1,17,-0.8514802939999999
Federico Gallego Revetria,NorthEast United,0.03264426,0,1,-0.03264426
Federico Julián Fazio,Sevilla,0.050480675,0,1,-0.050480675
Federico Mattiello,Chievo,0.19091029,0,3,-0.19091029
Federico Nicolás Cartabia,Córdoba CF,0.192835815,0,4,-0.192835815
Federico Nicolás Cartabia,RC Deportivo La Coruña,2.250914396,3,52,0.7490856039999998
Federico Peluso,Sassuolo,1.756146853,1,19,-0.756146853
Federico Piovaccari,Eibar,0.31418106,0,2,-0.31418106
Federico Ricca Rostagnol,Málaga,0.174377145,1,2,0.825622855
Federico Santiago Valverde Dipetta,RC Deportivo La Coruña,0.01080626,0,1,-0.01080626
Federico Santiago Valverde Dipetta,Real Madrid,0.433959019,1,6,0.566040981
Federico Santiago Valverde Dipetta,Uruguay,2.491972931,3,24,0.5080270690000002
Federico Vico Villegas,Córdoba CF,0.047718503,0,1,-0.047718503
Federico Viviani,Hellas Verona,1.395798294,3,32,1.604201706
Feliciano João Jone,Mozambique,0.0979062,0,1,-0.0979062
Felicitas Rauch,Germany Women's,0.153900351,0,4,-0.153900351
Felicitas Rauch,VfL Wolfsburg WFC,0.21984997,0,1,-0.21984997
Felicity Gibbons,Brighton & Hove Albion WFC,2.005006892,0,16,-2.005006892
Felipe Abdiel Baloy Ramírez,Panama,0.18162483,1,1,0.81837517
Felipe Anderson Pereira Gomes,Lazio,4.353876276,7,50,2.6461237239999997
Felipe Augusto de Almeida Monteiro,Atlético Madrid,0.377026764,0,3,-0.377026764
Felipe Dias da Silva dal Belo,Udinese,1.6375100420000002,1,11,-0.6375100420000002
Felipe Mattioni Rohde,Mallorca,0.109925839,0,2,-0.109925839
Felipe Melo de Carvalho,Inter Milan,1.787784971,1,23,-0.787784971
Felipe Melo de Carvalho,Racing Santander,0.10850586000000001,0,2,-0.10850586000000001
Felipe Salvador Caicedo Corozo,Espanyol,7.146344732,8,44,0.8536552679999998
Felipe Salvador Caicedo Corozo,Levante UD,0.34781338,1,3,0.6521866199999999
Felix Dja Ettien Yohou,Levante UD,0.03441644,0,1,-0.03441644
Felix Eduardo Torres Caicedo,Ecuador,0.560627631,0,6,-0.560627631
Felix Klaus,Hannover 96,1.260015726,1,19,-0.260015726
Felix Kroos,Werder Bremen,1.154957115,0,7,-1.154957115
Felix Platte,Darmstadt 98,0.324079794,0,4,-0.324079794
Felix Wiedwald,Werder Bremen,0.075145826,0,1,-0.075145826
Fenna Kalma,VfL Wolfsburg WFC,5.022460137,3,33,-2.0224601370000004
Ferdi Erenay Kadıoğlu,Turkey,0.107152796,0,2,-0.107152796
Ferjani Sassi,Tunisia,1.007248231,1,6,-0.007248230999999938
Fermin Lopez Marin,Spain,0.057825703000000006,0,2,-0.057825703000000006
Fern Whelan,Brighton & Hove Albion WFC,1.1186138259999998,0,5,-1.1186138259999998
Fernando Amorebieta Mardaras,Athletic Club,0.029094739,0,1,-0.029094739
Fernando Damián Tissone,Mallorca,0.019776888,0,1,-0.019776888
Fernando Damián Tissone,Málaga,0.22112503900000002,0,8,-0.22112503900000002
Fernando De Napoli,Napoli,0.157168685,0,4,-0.157168685
Fernando Francisco Reges,Manchester City,2.722578445,2,16,-0.7225784449999999
Fernando Francisco Reges,Sevilla,0.09072575,0,1,-0.09072575
Fernando Javier Saucedo Pereyra,Bolivia,0.037968565,0,1,-0.037968565
Fernando José Torres Sanz,Atlético Madrid,9.1380509635,13,70,3.8619490365000004
Fernando Llorente Torres,Athletic Club,3.01348579,2,16,-1.0134857899999998
Fernando Llorente Torres,Sevilla,5.384517492,4,31,-1.3845174919999996
Fernando Lucas Martins,Sampdoria,2.811116728,4,48,1.188883272
Fernando Luiz Rosa,Manchester City,1.704670199,2,28,0.29532980100000006
Fernando Luiz Roza,Brazil,0.178191396,0,3,-0.178191396
Fernando Luiz Roza,Manchester City,0.0407733,0,2,-0.0407733
Fernando Miguel Fernández Escribano,Málaga,0.01858548,0,1,-0.01858548
Fernando Miguel Fernández Escribano,Real Betis,0.23599225000000001,0,2,-0.23599225000000001
Fernando Morientes Sánchez,AS Monaco,0.031422757,0,1,-0.031422757
Fernando Morientes Sánchez,Valencia,0.182482286,0,2,-0.182482286
Fernando Navarro i Corbacho,Mallorca,0.08302972,0,2,-0.08302972
Fernando Navarro i Corbacho,RC Deportivo La Coruña,0.014090132,0,1,-0.014090132
Fernando Navarro i Corbacho,Sevilla,0.01635406,0,1,-0.01635406
Fernando Rubén Gago,Real Madrid,0.068862452,0,4,-0.068862452
Fernando Soriano Marco,Almería,0.36159933499999997,0,5,-0.36159933499999997
Fernando Soriano Marco,Osasuna,0.034146562,0,1,-0.034146562
Fernando Varela Ramos,Mallorca,0.179831611,0,4,-0.179831611
Fernando Varela Ramos,Real Betis,0.036301296999999996,0,2,-0.036301296999999996
Fernando de Lacerda Gomes,Guinea-Bissau,0.073872451,0,2,-0.073872451
Ferrán Corominas Telechea,Elche,0.070544995,0,1,-0.070544995
Ferrán Corominas Telechea,Espanyol,1.877803777,2,7,0.12219622299999999
Ferrán Torres García,Spain,2.700877173,5,17,2.299122827
Ffion Morgan,Bristol City WFC,1.410790055,1,12,-0.4107900550000001
Fiamma Iannuzzi,Valencia CF,4.546601452,2,49,-2.546601452
Fidel Escobar Mendieta,Panama,0.037727434,0,1,-0.037727434
Filip Helander,Hellas Verona,0.676730239,2,6,1.3232697610000002
Filip Kostić,Serbia,1.143608476,0,5,-1.143608476
Filip Kostić,VfB Stuttgart,4.496420232,5,47,0.5035797679999998
Filip Mladenović,FC Köln,0.7458042485,0,13,-0.7458042485
Filip Mladenović,Serbia,0.03710216,0,1,-0.03710216
Filip Yavorov Krastev,LAFC,0.016140321,0,1,-0.016140321
Filip Đorđević,Lazio,3.658996975,3,20,-0.658996975
Filipe Luís Kasmirski,Atlético Madrid,1.213510142,1,12,-0.21351014200000007
Filipe Luís Kasmirski,Brazil,0.021452257,0,1,-0.021452257
Filipe Luís Kasmirski,RC Deportivo La Coruña,0.0083593745,0,1,-0.0083593745
Filippo Falco,Bologna,0.141092609,0,4,-0.141092609
Filippo Inzaghi,AC Milan,0.262747805,2,2,1.737252195
Filippo Porcari,Carpi,0.040725977,0,2,-0.040725977
Fin Bartels,Werder Bremen,5.796370051,8,43,2.2036299489999998
Finn Ole Becker,Hoffenheim,0.033533495,0,1,-0.033533495
Fiona Brown,Scotland W,0.060756747,0,1,-0.060756747
Firas Tariq Nasser Al Albirakan,Saudi Arabia,0.172961447,0,2,-0.172961447
Fiston Kalala Mayele,Congo DR,0.7176914799999999,0,5,-0.7176914799999999
Flaminia Simonetti,FC Internazionale Milano W,1.78334351,2,15,0.2166564900000001
Flaminia Simonetti,Italy Women's,0.7405260899999999,0,3,-0.7405260899999999
Flavia Lorena Benítez,Argentina Women's,0.130869359,0,4,-0.130869359
Flavien Tait,Rennes,0.18884575,1,1,0.81115425
Florea Dumitrache,Romania,0.48348281000000004,1,2,0.51651719
Florence Allen,Bristol City WFC,0.71071659,0,2,-0.71071659
Florencia Soledad Jaimes,Argentina Women's,0.41128109199999996,0,3,-0.41128109199999996
Florent Balmont,Lille,0.961782161,0,30,-0.961782161
Florent Mollet,Montpellier,0.038306873,0,1,-0.038306873
Florent Mollet,Nantes,0.01949538,0,1,-0.01949538
Florent Sinama-Pongolle,Atlético Madrid,0.04175531,0,1,-0.04175531
Florent Sinama-Pongolle,Real Zaragoza,0.15241128,0,1,-0.15241128
Florent Sinama-Pongolle,Recreativo Huelva,0.822198497,0,4,-0.822198497
Florentin Pogba,Saint-Étienne,0.606765915,0,10,-0.606765915
Florian Grillitsch,Austria,0.2453114275,0,6,-0.2453114275
Florian Grillitsch,Werder Bremen,1.9592417145,1,28,-0.9592417145000001
Florian Grégoire Claude Lejeune,Deportivo Alavés,0.026113095,0,1,-0.026113095
Florian Grégoire Claude Lejeune,Eibar,0.08679686,0,2,-0.08679686
Florian Jungwirth,Darmstadt 98,0.273094819,0,8,-0.273094819
Florian Klein,VfB Stuttgart,0.60714573,0,14,-0.60714573
Florian Kohls,Hertha Berlin,0.014760561,0,1,-0.014760561
Florian Marange,Bastia,0.044078055000000005,0,2,-0.044078055000000005
Florian Neuhaus,Borussia Mönchengladbach,0.048108857,0,1,-0.048108857
Florian Niederlechner,FSV Mainz 05,1.21607657,0,5,-1.21607657
Florian Pick,FC Heidenheim,0.01895031,0,1,-0.01895031
Florian Raspentino,Bastia,0.7901255500000001,1,8,0.20987444999999993
Florian Sotoca,Lens,0.129610932,0,2,-0.129610932
Florian Sotoca,Montpellier,0.069148585,0,1,-0.069148585
Florian Tardieu,Troyes,0.768228469,1,2,0.23177153100000003
Florian Thauvin,Marseille,0.254479131,0,6,-0.254479131
Florian Thauvin,Newcastle United,0.45637017,0,8,-0.45637017
Florian Thauvin,Olympique de Marseille,1.2588185299999999,2,11,0.7411814700000001
Florian Wirtz,Bayer Leverkusen,8.469940788,11,71,2.5300592119999994
Florian Wirtz,Germany,0.650647893,2,8,1.349352107
Florin Andone,Córdoba CF,0.25858760000000003,0,2,-0.25858760000000003
Florin Andone,RC Deportivo La Coruña,0.5867881979999999,0,6,-0.5867881979999999
Florinel Teodor Coman,Romania,0.07198238,0,2,-0.07198238
Floyd Ayité,Bastia,6.012186708,7,69,0.9878132920000002
Folarin Balogun,Stade de Reims,0.75024666,1,6,0.24975334000000005
Folarin Balogun,United States,0.59203933,2,5,1.40796067
Foued Kadir,Real Betis,0.45659317600000005,0,10,-0.45659317600000005
Fousseni Diabaté,Mali,0.083219342,0,2,-0.083219342
Fraizer Campbell,Crystal Palace,0.69655192,0,4,-0.69655192
Fran Karačić,Australia,0.0466854605,0,3,-0.0466854605
Francesc Aday Benítez Caraballo,Girona,0.03395539,0,1,-0.03395539
Francesc Fàbregas i Soler,Barcelona,14.956967384,20,113,5.043032616
Francesc Fàbregas i Soler,Chelsea,4.645213191,5,48,0.35478680900000015
Francesca Claire Tagliaferri,North Carolina Courage,0.192408522,0,2,-0.192408522
Francesca Kirby,Chelsea FCW,22.943925968,26,139,3.0560740320000015
Francesca Kirby,England Women's,0.763717848,3,9,2.2362821520000002
Francesco Acerbi,Italy,0.06765029,0,1,-0.06765029
Francesco Acerbi,Sassuolo,2.083339969,4,14,1.9166600310000002
Francesco Lodi,Udinese,1.256631162,1,25,-0.2566311619999999
Francesco Magnanelli,Sassuolo,0.482485441,1,18,0.517514559
Francesco Romano,Napoli,0.062714277,0,2,-0.062714277
Francesco Totti,AS Roma,2.3950494239999998,5,22,2.6049505760000002
Francis Henry Lee,England,0.354646342,0,3,-0.354646342
Francis Jeffers,Everton,0.135051482,0,2,-0.135051482
Francis Joseph Coquelin,Arsenal,0.200205742,0,9,-0.200205742
Francis Joseph Coquelin,Valencia,0.026129711,0,1,-0.026129711
Francis Joseph Coquelin,Villarreal,0.11800504,0,1,-0.11800504
Francisca Alejandra Lara Lara,Chile Women's,1.00127622,0,5,-1.00127622
Francisca Alejandra Lara Lara,Villarreal,0.832415363,1,9,0.16758463700000004
Francisca Ordega,Nigeria Women's,0.41365472000000003,0,6,-0.41365472000000003
Francisca Ordega,Washington Spirit,1.297492767,1,6,-0.29749276700000005
Francisca Ramos Ribeiro Nazareth Sousa,Portugal Women's,1.413486295,1,10,-0.413486295
Francisco Alcácer García,Barcelona,6.582323738,9,31,2.4176762619999996
Francisco Alcácer García,Valencia,14.279330991,14,68,-0.27933099100000014
Francisco Andrés Silva Gajardo,Osasuna,0.015330428,0,1,-0.015330428
Francisco António Machado Mota de Castro Trincão,Barcelona,1.725254179,3,20,1.274745821
Francisco Bonet Serrano,Real Madrid,0.035052553,0,1,-0.035052553
Francisco David Sousa Franquelo,Getafe,0.144155284,0,2,-0.144155284
Francisco Femenía Far,Hércules,0.20896462899999999,0,3,-0.20896462899999999
Francisco Fernandes Conceição,Portugal,0.7801635659999999,1,5,0.21983643400000008
Francisco Javier Calvo Quesada,Costa Rica,0.34338628400000004,1,3,0.656613716
Francisco Javier Casquero Paredes,Getafe,0.111390896,0,4,-0.111390896
Francisco Javier Casquero Paredes,Racing Santander,0.7539362,1,1,0.24606380000000005
Francisco Javier García Fernández,Osasuna,0.06176912,0,2,-0.06176912
Francisco Javier Hernández González,Odisha,5.259438342,6,49,0.7405616579999998
Francisco Javier Hidalgo Gómez,Levante UD,0.037699763,0,1,-0.037699763
Francisco Javier Yeste Navarro,Athletic Club,0.6374631695,1,7,0.36253683049999996
Francisco Jesús Pérez Malia,Racing Santander,0.0780667,0,1,-0.0780667
Francisco Jiménez Tejada,RC Deportivo La Coruña,0.349956123,0,2,-0.349956123
Francisco José Beltrán Peinado,Celta Vigo,0.168563282,0,3,-0.168563282
Francisco José Maldonado Collantes,Sporting Gijón,0.28856539800000003,1,3,0.711434602
Francisco José Molinero Calderón,Atlético Madrid,0.048858687,0,1,-0.048858687
Francisco José Molinero Calderón,Real Betis,0.401034922,0,6,-0.401034922
Francisco José Olivas Alba,Real Valladolid,0.40566395499999996,1,2,0.594336045
Francisco José Perdomo Borges,Las Palmas,0.348312683,0,4,-0.348312683
Francisco José Sota Bernard,East Bengal,0.7214671356,0,13,-0.7214671356
Francisco José Sánchez Rodríguez,Sevilla,0.190207075,0,3,-0.190207075
Francisco Manuel Rico Castro,Eibar,0.01865694,0,1,-0.01865694
Francisco Manuel Rico Castro,Granada,2.092259935,3,16,0.907740065
Francisco Manuel Vélez Jiménez,Almería,0.12938732,0,1,-0.12938732
Francisco Medina Luna,Granada,1.281483777,2,11,0.718516223
Francisco Medina Luna,Rayo Vallecano,0.445312735,0,14,-0.445312735
Francisco Miguel Varela Martín,Real Betis,0.279647233,0,6,-0.279647233
Francisco Montañés Claverías,Espanyol,0.262286995,0,3,-0.262286995
Francisco Montañés Claverías,Real Zaragoza,0.386255998,1,3,0.613744002
Francisco Portillo Soler,Málaga,0.044505153,0,1,-0.044505153
Francisco Portillo Soler,Real Betis,0.25780305000000003,0,5,-0.25780305000000003
Francisco Puñal Martínez,Osasuna,0.241307517,0,3,-0.241307517
Francisco Román Alarcón Suárez,Málaga,0.706134807,0,4,-0.706134807
Francisco Román Alarcón Suárez,Real Madrid,5.247141095,3,52,-2.247141095
Francisco Román Alarcón Suárez,Spain,1.080921895,1,10,-0.08092189499999991
Francisco Salinas Fernández,Athletic Club,0.015399198,0,1,-0.015399198
Francisco Sebastián Nadal Martorell,Levante UD,0.05514772,0,1,-0.05514772
Francisco das Chagas Marinho,Brazil,0.081200502,0,2,-0.081200502
Franck Bilal Ribéry,Bayern Munich,2.039727984,2,18,-0.039727984000000216
Franck Honorat,Borussia Mönchengladbach,0.08301496,0,1,-0.08301496
Franck Honorat,OGC Nice,0.067347714,0,2,-0.067347714
Franck Honorat,Stade Brestois,0.241626887,1,3,0.758373113
Franck Queudrue,Middlesbrough,0.08877772,0,1,-0.08877772
Franck Signorino,Stade de Reims,0.023174208,0,1,-0.023174208
Franck Tabanou,Saint-Étienne,0.08385126500000001,0,4,-0.08385126500000001
Franck Yannick Kessié,Côte d'Ivoire,2.198160763,3,11,0.8018392369999998
Franco Brienza,Bologna,2.37314722,3,41,0.6268527800000001
Franco Damián Vázquez,Palermo,7.652437485,8,106,0.3475625149999999
Franco Damián Vázquez,Rayo Vallecano,0.044022635,0,1,-0.044022635
Franco Damián Vázquez,Sevilla,1.288936288,1,9,-0.28893628799999993
Franco Matías Di Santo,Schalke 04,2.082982822,2,23,-0.08298282199999996
Franco Zanelatto Téllez,Peru,0.033951495,0,1,-0.033951495
Franco Zuculini,Real Zaragoza,0.015887003,0,1,-0.015887003
Franculino Gluda Djú,Guinea-Bissau,0.15840221,0,2,-0.15840221
Franjo Prce,East Bengal,1.715654303,1,8,-0.715654303
Frank Lampard,Chelsea,0.8501028399999999,1,4,0.14989716000000008
Frank Magri,Cameroon,0.629514673,1,6,0.37048532700000003
Frank Onyeka,Nigeria,0.41206018899999997,0,6,-0.41206018899999997
Frankie Amaya,New York Red Bulls,0.021632891,0,1,-0.021632891
Frankie Brown,Bristol City WFC,0.162582233,0,6,-0.162582233
Franky Vercauteren,Belgium,0.611060216,0,3,-0.611060216
Frannie Crouse,North Carolina Courage,0.38458748,1,2,0.61541252
František Veselý,Czechoslovakia,0.888436007,0,5,-0.888436007
Franz Beckenbauer,Germany,0.230021373,0,4,-0.230021373
Franz Beckenbauer,NY Cosmos,0.046872160999999996,0,2,-0.046872160999999996
Franziska Harsch,Hoffenheim W,1.3682315219999999,0,11,-1.3682315219999999
Franziska Kett,Bayern München W,0.160637857,0,4,-0.160637857
Franziska Mai,Nürnberg W,1.039388623,1,11,-0.03938862300000001
François Bellugou,Lorient,0.19820866399999998,0,3,-0.19820866399999998
François Clerc,Saint-Étienne,0.152511695,0,5,-0.152511695
François Kamano,Bastia,3.8088141254,3,41,-0.8088141254000001
François Kamano,Guinea,0.053227507,0,1,-0.053227507
François Modesto,Bastia,0.48187783500000003,0,8,-0.48187783500000003
Frederico Rodrigues Santos,Brazil,0.430738665,0,3,-0.430738665
Frederik Hillesborg Sørensen,FC Köln,0.46115368399999995,0,4,-0.46115368399999995
Frederik Rønnow,Union Berlin,0.17187439999999998,0,2,-0.17187439999999998
Frederike Kempe,RB Leipzig W,0.364108098,2,8,1.635891902
Frederikke Thøgersen,FC Internazionale Milano W,0.6070279160000001,0,7,-0.6070279160000001
Fredrik Ljungberg,Arsenal,5.611654935,4,49,-1.6116549349999998
Fredson Câmara Pereira,Espanyol,0.102106193,0,3,-0.102106193
Fredy Alejandro Guarín Vásquez,Inter Milan,1.844168235,1,29,-0.8441682349999999
Fredy Hinestroza Arias,Getafe,0.45847382000000003,0,2,-0.45847382000000003
Freja Olofsson,Real Madrid CF W,0.023084886,0,1,-0.023084886
Frenkie de Jong,Barcelona,5.17566414,3,18,-2.1756641400000003
Frenkie de Jong,Netherlands,0.776938246,1,2,0.22306175399999995
Freya Gregory,Aston Villa,0.577906767,1,6,0.422093233
Freya Gregory,Aston Villa W,0.1229416,0,1,-0.1229416
Freya Gregory,Birmingham City WFC,0.037740316,0,1,-0.037740316
Frida Maanum,Arsenal WFC,3.5994459279999997,3,41,-0.5994459279999997
Frida Maanum,Norway Women's,2.160818318,3,23,0.839181682
Fridolina Rolfö,Barcelona WFC,2.772891197,5,8,2.227108803
Fridolina Rolfö,Sweden Women's,6.187173528,7,43,0.8128264720000002
Frédéric Bulot,Stade de Reims,1.114464735,1,20,-0.1144647350000001
Frédéric Guilbert,Bordeaux,0.5624275910000001,0,10,-0.5624275910000001
Frédéric Guilbert,Strasbourg,0.117883224,0,3,-0.117883224
Frédéric Oumar Kanouté,Sevilla,3.871125152,4,24,0.12887484800000015
Frédéric Oumar Kanouté,Tottenham Hotspur,0.25964249899999997,0,4,-0.25964249899999997
Fuka Nagano,Japan Women's,0.043177299,0,2,-0.043177299
Fuka Nagano,Liverpool WFC,0.180885341,0,6,-0.180885341
Fynn Arkenberg,Hannover 96,0.052139934,0,1,-0.052139934
Fyodor Smolov,Celta Vigo,0.71421541,1,3,0.28578459
Fyodor Smolov,Russia,1.608472857,1,4,-0.608472857
Fábio Alexandre da Silva Coentrão,AS Monaco,1.144265763,3,10,1.855734237
Fábio Henrique Tavares,AS Monaco,5.6794310260000005,6,28,0.3205689739999995
Fábio Henrique Tavares,Liverpool,0.016036646,0,1,-0.016036646
Fábio Pereira da Silva,Nantes,0.15576585,0,1,-0.15576585
Fábio Ricardo Gomes Fonseca,Málaga,0.035083013999999996,0,2,-0.035083013999999996
Fátima Alexandra Figueira Pinto,Portugal Women's,0.47136981899999997,0,7,-0.47136981899999997
Félix Marrero Morán,Las Palmas,0.03646568,0,1,-0.03646568
Férébory Doré,Angers,1.145379066,0,11,-1.145379066
Ga-Ram Chun,Korea Republic Women's,0.015788807,0,1,-0.015788807
Gabriel Alejandro Milito,Barcelona,1.047698191,1,15,-0.047698191000000056
Gabriel Alejandro Milito,Real Zaragoza,1.668271751,2,5,0.331728249
Gabriel Alejandro Paletta,Atalanta,0.520333348,1,9,0.479666652
Gabriel Alejandro Villamíl Cortéz,Bolivia,0.21764326,0,3,-0.21764326
Gabriel Andrei Torje,Espanyol,0.050395541,0,2,-0.050395541
Gabriel Andrei Torje,Granada,0.07065645300000001,0,2,-0.07065645300000001
Gabriel Antoine Obertan,Newcastle United,0.15996971999999998,0,3,-0.15996971999999998
Gabriel Appelt Pires,Leganés,0.695271018,1,8,0.304728982
Gabriel Armando de Abreu,Arsenal,1.19096373,1,12,-0.19096373
Gabriel Armando de Abreu,Valencia,0.513072473,1,4,0.48692752699999997
Gabriel Arturo Torres Tejada,Panama,0.22225863,0,1,-0.22225863
Gabriel Boschilia,AS Monaco,0.294439628,0,2,-0.294439628
Gabriel Fernando de Jesus,Brazil,2.35179488,0,12,-2.35179488
Gabriel Fernández Arenas,Atlético Madrid,1.470896592,2,28,0.5291034080000001
Gabriel Fernández Arenas,Getafe,0.015486829,0,1,-0.015486829
Gabriel Fernández Arenas,Real Zaragoza,0.009617406,0,1,-0.009617406
Gabriel Francisco García de la Torre,Barcelona,0.06624722999999999,0,2,-0.06624722999999999
Gabriel Gudmundsson,Lille,0.406142605,0,3,-0.406142605
Gabriel Humberto Calderón,Argentina U20,0.22343906000000002,0,2,-0.22343906000000002
Gabriel Imuetinyan Agbonlahor,Aston Villa,0.9985699619999999,1,11,0.0014300380000000779
Gabriel Iván Mercado,Argentina,0.29732683,1,1,0.70267317
Gabriel Iván Mercado,Sevilla,0.260415398,1,2,0.739584602
Gabriel Moisés Antunes da Silva,Carpi,0.683991576,0,10,-0.683991576
Gabriel Moisés Antunes da Silva,Genoa,0.183454508,0,3,-0.183454508
Gabriel Omar Batistuta,Fiorentina,0.21140269,1,3,0.78859731
Gabriel Teodoro Martinelli Silva,Brazil,1.31703913,1,5,-0.31703912999999995
Gabriela Antonia García Segura,Atletico Madrid W,4.525930457,2,39,-2.5259304570000003
Gabriela Guillén Álvarez,Costa Rica Women's,0.013328804,0,1,-0.013328804
Gabriela Nunes da Silva,Levante UD Femenino,9.226479916,11,50,1.7735200839999994
Gabrielle Carle,Washington Spirit,0.0594011255,0,2,-0.0594011255
Gabrielle George,Everton LFC,2.049491502,1,27,-1.049491502
Gabrielle George,Manchester United W,0.03930405,0,1,-0.03930405
Gabrielle Onguene,Cameroon W,1.696033741,1,10,-0.6960337409999999
Gabrielle Robinson,KC Current,0.23884466999999998,0,4,-0.23884466999999998
Gadji Celi Carmen Junior Tallo,Lille,3.678887354,0,36,-3.678887354
Gaelle Enganamouit,Cameroon W,0.12322535200000001,0,6,-0.12322535200000001
Gaetano Letizia,Carpi,0.813895135,1,23,0.186104865
Gaetano Monachello,Atalanta,1.278518319,0,15,-1.278518319
Gaia Apicella,Pomigliano,1.4099108550000001,1,6,-0.40991085500000013
Gaizka Garitano Aguirre,Real Sociedad,0.034987174,0,1,-0.034987174
Gaizka Toquero Pinedo,Athletic Club,0.500208509,1,5,0.499791491
Gaku Shibasaki,Getafe,0.099649981,1,3,0.900350019
Gaku Shibasaki,Japan,0.036452215,0,1,-0.036452215
Gani Ahmed Nigam,NorthEast United,0.013253829,0,1,-0.013253829
Garang Kuol,Australia,0.2036745,0,1,-0.2036745
Garazi Facila,Athletic Club Bilbao,0.038495425,0,1,-0.038495425
Gareth Barry,Aston Villa,0.028850652,0,1,-0.028850652
Gareth Barry,Everton,1.315377162,0,17,-1.315377162
Gareth Frank Bale,Real Madrid,11.2007848425,24,112,12.7992151575
Gareth Frank Bale,Wales,2.403932298,1,12,-1.403932298
Gareth McAuley,West Bromwich Albion,1.176365747,1,8,-0.17636574699999996
Garry Mendes Rodrigues,Cape Verde Islands,0.9662581619999999,1,9,0.03374183800000008
Garry Mendes Rodrigues,Elche,0.260372029,0,4,-0.260372029
Gary Alexis Medel Soto,Inter Milan,0.4618735906,1,12,0.5381264094
Gary Alexis Medel Soto,Sevilla,0.0397736433,0,3,-0.0397736433
Gary Cahill,Chelsea,1.308248917,2,14,0.691751083
Gary Hooper,Norwich City,0.12095121,0,1,-0.12095121
Gary Lineker,England,0.7046762499999999,1,2,0.2953237500000001
Gary Michael Stevens,England,0.023631582,0,1,-0.023631582
Gary Naysmith,Everton,0.036593463,0,1,-0.036593463
Gary O''Neil,Norwich City,0.6525803600000001,0,11,-0.6525803600000001
Gary Speed,Newcastle United,0.01747878,0,1,-0.01747878
Gaspar Gálvez Burgos,Albacete,0.0077150036,0,1,-0.0077150036
Gastón Alexis Silva Perdomo,Torino,0.23353812699999998,0,7,-0.23353812699999998
Gastón Brugman,Palermo,0.8169330045000001,0,16,-0.8169330045000001
Gastón Exequiel Ramírez Pereyra,Southampton,0.045273308,0,1,-0.045273308
Gaurav Bora,Odisha,0.35332583199999995,0,2,-0.35332583199999995
Gauthier Hein,Auxerre,0.33982064700000003,0,4,-0.33982064700000003
Gaël Angoula,Angers,0.032832453,0,2,-0.032832453
Gaël Clichy,Arsenal,0.049925063,0,1,-0.049925063
Gaël Clichy,Manchester City,0.037383629,0,2,-0.037383629
Gaël Danic,Bastia,3.428235971,5,41,1.5717640290000001
Gaël Kakuta,Congo DR,0.317761564,0,8,-0.317761564
Gaël Kakuta,Lens,0.11036067,0,1,-0.11036067
Gaël Kakuta,Rayo Vallecano,0.076465642,0,2,-0.076465642
Gaëtan Bussmann,FSV Mainz 05,0.470335786,1,7,0.5296642140000001
Gaëtan Charbonnier,Stade de Reims,1.409702306,4,22,2.590297694
Gaëtan Laborde,Bordeaux,0.10783698,0,1,-0.10783698
Gaëtan Laborde,OGC Nice,0.60891312,1,2,0.39108688
Gaëtan Laborde,Rennes,0.397354845,1,5,0.602645155
Gaëtan Perrin,Auxerre,0.017805649,0,1,-0.017805649
Gaëtan Perrin,Lyon,0.71725051,1,2,0.28274949000000005
Gaëtane Thiney,France Women's,0.690108527,0,7,-0.690108527
Gedeon Kalulu Kyatengwa,Congo DR,0.8511658449999999,1,2,0.14883415500000008
Gedeon Kalulu Kyatengwa,Lorient,0.029072573,0,1,-0.029072573
Gema Gili Giner,Sevilla FC,2.445862172,5,23,2.554137828
Gema Soliveres Cholbi,Real Betis Balompié,1.0051020085,1,22,-0.005102008499999977
Gemma Bonner,Liverpool WFC,1.734121579,3,17,1.265878421
Gemma Bonner,Manchester City WFC,4.954588589,5,34,0.0454114109999999
Gemma Evans,Bristol City WFC,0.843003232,2,7,1.156996768
Gemma Evans,Wales W,0.07176682,0,1,-0.07176682
Gemma Suzanne Davison,Reading WFC,1.718070727,2,17,0.28192927300000004
Gemma Suzanne Davison,Tottenham Hotspur Women,1.473873553,1,20,-0.473873553
Gen Shōji,Japan,0.01100546,0,1,-0.01100546
Geneviève Ngo Mbeleck,Cameroon W,0.015026416,0,1,-0.015026416
Genki Haraguchi,Hertha Berlin,2.757650514,2,31,-0.7576505139999998
Genki Haraguchi,Japan,0.38089225400000004,1,3,0.619107746
Gennaro Sardo,Chievo,0.13976632,1,2,0.86023368
Geny Cipriano Catamo,Mozambique,0.971482993,1,4,0.02851700700000004
Geoff Cameron,Stoke City,1.2005052059999999,0,16,-1.2005052059999999
Geoffrey Charles Hurst,England,0.083224873,0,2,-0.083224873
Geoffrey Kondogbia,Inter Milan,1.8495515955,1,38,-0.8495515954999999
Geoffrey Kondogbia,Sevilla,0.015489993,0,1,-0.015489993
Geoffrey Kondogbia,Valencia,0.061908581000000004,0,2,-0.061908581000000004
Georg Niedermeier,VfB Stuttgart,1.670567815,3,10,1.329432185
Georg Schwarzenbeck,Germany,0.078303203,0,3,-0.078303203
George Boateng,Middlesbrough,0.022966545,0,1,-0.022966545
George Lucas Coser,Celta Vigo,0.02245798,0,1,-0.02245798
Georges Grün,Belgium,0.11223436,0,4,-0.11223436
Georges Mikautadze,Georgia,2.07888395,3,6,0.9211160500000002
Georges-Kévin Nkoudou Mbida,Cameroon,0.703687247,0,7,-0.703687247
Georges-Kévin Nkoudou Mbida,Marseille,0.882071169,0,10,-0.882071169
Georges-Kévin Nkoudou Mbida,Olympique de Marseille,3.136503502,5,38,1.863496498
Georgia Brougham,Birmingham City WFC,0.23307222500000002,0,3,-0.23307222500000002
Georgia Brougham,Everton LFC,0.49066632199999993,0,6,-0.49066632199999993
Georgia Evans,Yeovil Town LFC,0.068645371,0,5,-0.068645371
Georgia Mullett,Aston Villa W,0.06261798,0,1,-0.06261798
Georgia Stanway,Bayern München W,3.576445003,6,39,2.423554997
Georgia Stanway,England Women's,6.061357489,5,44,-1.0613574889999997
Georgia Stanway,Manchester City WFC,17.834581588,21,161,3.165418412000001
Georgia Wilson,Bristol City WFC,0.21199216599999998,0,2,-0.21199216599999998
Georginio Wijnaldum,Liverpool,0.03277511,0,1,-0.03277511
Georginio Wijnaldum,Netherlands,1.886070531,3,10,1.113929469
Georginio Wijnaldum,Newcastle United,7.711669046,11,54,3.288330954
Georginio Wijnaldum,Paris Saint-Germain,1.4636583380000001,1,11,-0.4636583380000001
Georgios Vlachos,Panathinaikos,0.018254196,0,1,-0.018254196
Georgiy Sudakov,Ukraine,0.420917418,0,9,-0.420917418
Gerard Deulofeu Lázaro,Barcelona,1.047185222,1,8,-0.04718522199999997
Gerard Deulofeu Lázaro,Everton,1.900878879,2,12,0.09912112100000003
Gerard Gumbau Garriga,Leganés,0.022571469,0,1,-0.022571469
Gerard Moreno Balaguero,Espanyol,7.517961312,8,58,0.48203868800000027
Gerard Moreno Balaguero,Spain,4.051344609,2,18,-2.051344609
Gerard Moreno Balaguero,Villarreal,1.292881926,1,11,-0.29288192599999996
Gerard Piqué Bernabéu,Barcelona,28.014218365,25,182,-3.0142183650000014
Gerard Piqué Bernabéu,Spain,2.0019600979999996,1,9,-1.0019600979999996
Gerardo Daniel Arteaga Zamora,Mexico,0.212105141,1,3,0.787894859
Gerd Kische,German DR,0.047462765,0,1,-0.047462765
Gerhard Müller,Germany,0.796841676,1,5,0.203158324
Germanpreet Singh,Chennaiyin,1.452864819,1,13,-0.452864819
Germán Alejandro Pezzella,Argentina,0.067461761,0,2,-0.067461761
Germán Alejandro Pezzella,Real Betis,1.8183872920000002,3,17,1.1816127079999998
Germán Gustavo Denis,Atalanta,4.306191354,4,25,-0.3061913540000001
Germán Sánchez Barahona,Granada,0.029613078,0,1,-0.029613078
Gernot Trauner,Austria,0.14902498,1,1,0.85097502
Gerrie Mühren,Ajax,0.971954043,0,14,-0.971954043
Gerrit Holtmann,Darmstadt 98,0.03647728,0,1,-0.03647728
Gerson Torres Barrantes,Costa Rica,0.011146735,0,1,-0.011146735
Gervais Lombe Yao Kouassi,AS Roma,3.820564685,6,27,2.179435315
Geum-Min Lee,Brighton & Hove Albion WFC,2.805174905,5,24,2.194825095
Geum-Min Lee,Korea Republic Women's,1.086942917,0,11,-1.086942917
Geum-Min Lee,Manchester City WFC,0.3882752,1,1,0.6117248
Geyse da Silva Ferreira,Brazil Women's,0.352020234,0,5,-0.352020234
Geyse da Silva Ferreira,Manchester United W,3.676495652,1,41,-2.676495652
Gheorghe Craioveanu,Getafe,0.013994161,0,1,-0.013994161
Gheorghe Tataru,Romania,0.065557188,0,2,-0.065557188
Ghilane Chalali,Tunisia,0.029223481,0,1,-0.029223481
Ghislain Konan,Côte d'Ivoire,0.0398816,0,1,-0.0398816
Ghizlane Chebbak,FC Levante Badalona,1.098773575,2,25,0.9012264249999999
Ghizlane Chebbak,Morocco Women's,0.892361398,0,5,-0.892361398
Ghoutia Karchouni,FC Internazionale Milano W,2.3183990925,1,30,-1.3183990925
Gia Corley,Hoffenheim W,2.32244601,2,20,-0.32244601000000017
Giacomo Bonaventura,AC Milan,8.309576516,6,106,-2.309576516
Giacomo Raspadori,Italy,0.132101248,0,2,-0.132101248
Giada Greggi,AS Roma W,2.556427717,4,35,1.443572283
Giada Greggi,Italy Women's,0.22427534300000002,0,3,-0.22427534300000002
Giada Lopez,Sampdoria W,0.14647008,0,1,-0.14647008
Giada Pondini,Sassuolo W,0.282283828,0,6,-0.282283828
Giampaolo Pazzini,Hellas Verona,10.750761371,6,79,-4.750761370999999
Giampiero Pinzi,Chievo,0.147235824,0,3,-0.147235824
Gian-Luca Waldschmidt,Eintracht Frankfurt,0.590517232,0,5,-0.590517232
Giancarlo González Castro,Costa Rica,0.24335853999999998,0,2,-0.24335853999999998
Giancarlo González Castro,Palermo,0.38780851400000005,2,4,1.612191486
Giancarlo Marocchi,Juventus W,0.03439626,0,2,-0.03439626
Gianfranco Bedin,Inter Milan,0.19730402400000002,0,4,-0.19730402400000002
Gianluca Lapadula Vargas,Peru,0.678997306,0,8,-0.678997306
Gianluca Scamacca,Italy,0.668291024,0,6,-0.668291024
Gianluca Zambrotta,Barcelona,0.8779156250000001,3,22,2.122084375
Gianna Rackow,RB Leipzig W,0.857804282,0,7,-0.857804282
Gianni Rivera,Italy,0.016159952,0,1,-0.016159952
Gianpaolo Bellini,Atalanta,0.9013206290000001,1,6,0.0986793709999999
Gianpietro Marchetti,Juventus,0.0120024355,0,1,-0.0120024355
Gideon Jung,Hamburger SV,0.581985227,0,9,-0.581985227
Gift Nyakno Monday,Costa Adeje Tenerife,3.269099071,6,36,2.730900929
Gilbert Gianelli Imbula Wanga,Stoke City,0.8447784540000001,2,21,1.155221546
Gilberto Aparecido da Silva,Arsenal,2.629389802,4,31,1.370610198
Gilberto Moraes Junior,Fiorentina,0.28867228300000003,0,4,-0.28867228300000003
Gilberto Moraes Junior,Hellas Verona,0.210979643,0,3,-0.210979643
Gildo Lourenço Vilanculos,Mozambique,0.09300802,0,3,-0.09300802
Gilles Cioni,Bastia,0.063613948,0,3,-0.063613948
Gilles Sunu,Angers,3.677718499,2,46,-1.677718499
Gilly Louise Scarlett Flaherty,West Ham United LFC,3.642752536,1,30,-2.642752536
Gilson Benchimol Tavares,Cape Verde Islands,0.401760366,1,6,0.598239634
Gina-Maria Chmielinski,Napoli W,3.010620659,1,49,-2.010620659
Giorgi Chakvetadze,Georgia,0.09418185000000001,0,2,-0.09418185000000001
Giorgi Kochorashvili,Georgia,0.542609623,0,5,-0.542609623
Giorgia Spinelli,Fiorentina W,0.395646225,0,2,-0.395646225
Giorgian Daniel De Arrascaeta Benedetti,Uruguay,3.210899378,4,8,0.7891006219999999
Giorgio Chiellini,Italy,0.08658323500000001,0,2,-0.08658323500000001
Giorgio Chiellini,Juventus,1.4760967365,1,15,-0.47609673649999995
Giorgio Chinaglia,NY Cosmos,0.6165886,1,3,0.38341139999999996
Giorgios Seitaridis,Atlético Madrid,0.015982684,0,1,-0.015982684
Giovana Queiroz Costa,Madrid CFF,4.867849806,9,43,4.132150194
Giovani Lo Celso,Argentina,0.7992172799999999,0,3,-0.7992172799999999
Giovani Lo Celso,Real Betis,0.394232032,1,6,0.605767968
Giovani dos Santos Ramírez,Barcelona,2.877491664,3,22,0.1225083360000001
Giovani dos Santos Ramírez,Villarreal,0.42819355400000003,0,2,-0.42819355400000003
Giovanna Hoffmann,Germany Women's,0.346004477,0,5,-0.346004477
Giovanna Hoffmann,SC Freiburg,1.324430391,1,14,-0.32443039099999993
Giovanni Di Lorenzo,Italy,0.650031933,0,7,-0.650031933
Giovanni Francini,Napoli,0.352014927,0,3,-0.352014927
Giovanni Marchese,Genoa,0.19522292800000002,0,4,-0.19522292800000002
Giovanni Reyna,United States,0.147862629,0,3,-0.147862629
Giovanni van Bronckhorst,Barcelona,0.908842712,0,21,-0.908842712
Giovanni-Guy Yann Sio,Rennes,9.837415586,7,71,-2.8374155860000005
Giulia Dragoni,Barcelona WFC,0.169185006,0,2,-0.169185006
Giulia Dragoni,Italy Women's,0.041023932,0,1,-0.041023932
Giulia Giacobbo,Napoli W,1.187332003,1,10,-0.18733200300000008
Giulia Gwinn,Bayern München W,1.452507784,3,16,1.547492216
Giulia Gwinn,Germany Women's,1.033004319,1,16,-0.033004319000000004
Giulia Rizzon,Como W,0.948663898,1,7,0.05133610200000005
Giulio Donati,Bayer Leverkusen,0.084338973,0,3,-0.084338973
Giulio Migliaccio,Atalanta,0.21786224999999998,0,3,-0.21786224999999998
Giuseppe Bruscolotti,Napoli,0.051370654,0,2,-0.051370654
Giuseppe Pezzella,Palermo,0.050057806999999996,0,2,-0.050057806999999996
Giuseppe Rossi,Fiorentina,1.20196382,0,16,-1.20196382
Giuseppe Rossi,Levante UD,4.384683581,6,33,1.615316419
Giuseppe Rossi,Villarreal,0.8365086589999999,0,9,-0.8365086589999999
Giuseppe Vives,Torino,0.9031545009999999,1,16,0.09684549900000006
Giuseppe Volpecina,Napoli,0.0841768,1,1,0.9158232
Glan Martins,Goa,0.486456136,0,15,-0.486456136
Gleison Bremer Silva Nascimento,Brazil,0.50001335,0,1,-0.50001335
Glen Johnson,Chelsea,0.055574594000000005,0,2,-0.055574594000000005
Glen Johnson,Stoke City,1.32572334,0,18,-1.32572334
Glen Kamara,Finland,0.068970524,0,1,-0.068970524
Glenn Hoddle,England,0.07371007099999999,0,2,-0.07371007099999999
Glenn Murray,AFC Bournemouth,3.740233378,3,25,-0.7402333780000001
Glenn Murray,Crystal Palace,0.7059805100000001,0,2,-0.7059805100000001
Glenn Whelan,Stoke City,0.25069412350000003,0,11,-0.25069412350000003
Gloria Marinelli,AC Milan W,3.078575176,2,26,-1.0785751760000002
Gloriana Jesus Villalobos Vega,Costa Rica Women's,0.126741143,0,2,-0.126741143
Glódís Perla Viggósdóttir,Bayern München W,2.490396113,1,15,-1.490396113
Glódís Perla Viggósdóttir,Iceland Women's,1.526800641,1,8,-0.5268006409999999
Gnaly Maxwell Cornet,Lyon,4.025195998,8,30,3.974804002
Gnégnéri Yaya Touré,Barcelona,2.597980558,3,39,0.40201944199999984
Gnégnéri Yaya Touré,Manchester City,6.124703987,6,74,-0.12470398700000018
Godfred Donsah,Bologna,1.022964724,2,16,0.9770352760000001
Gojko Kačar,Hamburger SV,0.917857422,1,8,0.08214257800000002
Gonzalo Alejandro Jara Reyes,FSV Mainz 05,0.0202517,0,1,-0.0202517
Gonzalo Ariel Montiel,Argentina,2.308530608,3,4,0.6914693920000001
Gonzalo Castro Irizábal,Mallorca,0.24781839,0,8,-0.24781839
Gonzalo Castro Irizábal,Málaga,1.281272803,1,21,-0.281272803
Gonzalo Castro Irizábal,Real Sociedad,0.67888996,3,9,2.3211100399999998
Gonzalo Castro Randon,Borussia Dortmund,1.4312937175,3,19,1.5687062825
Gonzalo Colsa Albendea,Racing Santander,0.135170212,0,3,-0.135170212
Gonzalo Escalante,Eibar,3.31436803,3,34,-0.3143680299999998
Gonzalo Gerardo Higuaín,Argentina,0.47268568,0,3,-0.47268568
Gonzalo Gerardo Higuaín,Juventus,0.080585134,0,3,-0.080585134
Gonzalo Gerardo Higuaín,Napoli,23.869408502,36,182,12.130591498000001
Gonzalo Gerardo Higuaín,Real Madrid,1.2433318610000001,2,11,0.7566681389999999
Gonzalo Javier Rodríguez,Fiorentina,1.054307311,4,11,2.945692689
Gonzalo Jordy Plata Jiménez,Ecuador,0.17823757699999998,0,2,-0.17823757699999998
Gonzalo Julián Melero Manzanares,Huesca,0.05678786,0,1,-0.05678786
Gonzalo Julián Melero Manzanares,Levante UD,0.66860752,1,4,0.33139248
Gonçalo Bernardo Inácio,Portugal,0.042683173,0,1,-0.042683173
Gonçalo Manuel Ganchinho Guedes,Portugal,0.409395652,0,6,-0.409395652
Gonçalo Manuel Ganchinho Guedes,Valencia,0.722735872,0,8,-0.722735872
Gonçalo Matias Ramos,Portugal,1.637403204,3,8,1.362596796
Gonçalo Mendes Paciencia,Bochum,0.088234074,0,1,-0.088234074
Goran Karanović,Angers,0.685406172,1,6,0.314593828
Goran Pandev,Genoa,2.726050835,0,17,-2.726050835
Goran Pandev,Inter Milan,0.113261834,0,1,-0.113261834
Goran Pandev,North Macedonia,0.17182613300000002,1,2,0.828173867
Gorka Elustondo Urkola,Athletic Club,0.199777761,1,3,0.800222239
Gorka Elustondo Urkola,Real Sociedad,0.065203086,0,1,-0.065203086
Gotoku Sakai,Hamburger SV,0.431942147,0,11,-0.431942147
Gotoku Sakai,Japan,0.048262667,0,1,-0.048262667
Grace Chanda,Madrid CFF,1.2184321699999998,1,2,-0.21843216999999981
Grace Clinton,England Women's,0.828313969,0,3,-0.828313969
Grace Clinton,Everton LFC,0.09858699700000001,0,2,-0.09858699700000001
Grace Clinton,Tottenham Hotspur Women,3.250716043,4,41,0.7492839569999998
Grace Fisk,Liverpool WFC,0.9560023719999999,1,8,0.043997628000000066
Grace Fisk,West Ham United LFC,0.34823423,0,3,-0.34823423
Grace Joanna Ella Jale,New Zealand Women's,0.119167306,0,1,-0.119167306
Grady Diangana,Congo DR,0.815252604,1,3,0.184747396
Graeme Le Saux,Southampton,0.130244925,0,4,-0.130244925
Graham Dorrans,Norwich City,0.7600260105,0,16,-0.7600260105
Graham Stuart,Charlton Athletic,0.433387876,0,3,-0.433387876
Granit Xhaka,Bayer Leverkusen,1.749578972,3,44,1.250421028
Granit Xhaka,Borussia Mönchengladbach,2.316292943,3,33,0.6837070569999999
Granit Xhaka,Switzerland,0.7480263885,1,18,0.25197361149999997
Grant Campbell Hanley,Scotland,0.41611012,0,3,-0.41611012
Grant-Leon Ranos,Borussia Mönchengladbach,0.040838834,0,1,-0.040838834
Graziano Pellè,Southampton,8.3167894665,11,82,2.6832105335000005
Greg Stewart,Jamshedpur,7.092133593,11,62,3.907866407
Gregoire Defrel,Sassuolo,5.736524144,7,52,1.2634758560000003
Gregory van der Wiel,Paris Saint-Germain,0.899354563,2,8,1.1006454369999998
Greis Domi,Pomigliano,0.182319355,0,2,-0.182319355
Grejohn Kyei,Clermont Foot,1.2073382,1,2,-0.20733819999999992
Grejohn Kyei,Stade de Reims,3.279239497,3,20,-0.27923949699999984
Greta Adami,AC Milan W,0.050653424,0,3,-0.050653424
Greta Di Luzio,Como W,0.029787801,0,1,-0.029787801
Greta Stegemann,SC Freiburg,0.008091893,0,1,-0.008091893
Griedge Mbock Bathy Nka,France Women's,0.47751634000000004,1,3,0.52248366
Grischa Prömel,Hoffenheim,0.17433664,0,1,-0.17433664
Grzegorz Krychowiak,Poland,0.811115398,1,7,0.188884602
Grzegorz Krychowiak,Sevilla,2.040306929,0,23,-2.040306929
Grégory Bourillon,Angers,0.117510266,1,3,0.882489734
Grégory Pujol,Gazélec Ajaccio,2.904553393,5,28,2.095446607
Guangtai Jiang,Everton,0.22301716,0,2,-0.22301716
Gue-Sung Cho,South Korea,1.108963112,2,8,0.8910368879999999
Guessouma Fofana,Mauritania,0.16285786,0,1,-0.16285786
Guglielmo Stendardo,Atalanta,0.845224601,1,6,0.15477539900000004
Guido Buchwald,VfB Stuttgart,0.049128316,0,1,-0.049128316
Guido Hernán Pizarro,Sevilla,0.19139212,1,3,0.8086078800000001
Guido Marcelo Carrillo,AS Monaco,7.011357017,4,48,-3.011357017
Guido Marcelo Carrillo,Elche,0.20375328,0,2,-0.20375328
Guido Marcelo Carrillo,Leganés,0.08991502,0,1,-0.08991502
Guilherme Antonio Arana Lopes,Brazil,0.033692002,0,1,-0.033692002
Guilherme Antonio Arana Lopes,Sevilla,0.036551345,0,1,-0.036551345
Guilherme Magdalena Siqueira,Atlético Madrid,0.012791236,0,1,-0.012791236
Guilherme Magdalena Siqueira,Granada,1.72689247,2,3,0.2731075300000001
Guilherme Magdalena Siqueira,Valencia,0.390957978,0,5,-0.390957978
Guilherme Oliveira Santos,Almería,0.038724504,0,2,-0.038724504
Guilherme dos Santos Torres,RC Deportivo La Coruña,0.09689098,0,4,-0.09689098
Guilherme dos Santos Torres,Udinese,0.126706807,0,6,-0.126706807
Guillaume Gillet,Nantes,1.3958912675,1,22,-0.3958912674999999
Guillermo Alfonso Maripán Loaysa,AS Monaco,0.04031223,0,1,-0.04031223
Guillermo Luis Franco Farquarson,Villarreal,0.38129428000000004,0,2,-0.38129428000000004
Guillermo Martínez Ayala,Mexico,0.46774429,0,3,-0.46774429
Guillermo Varela Olivera,Manchester United,0.02511012,0,1,-0.02511012
Guirane N''Daw,Real Zaragoza,0.04320452,0,1,-0.04320452
Gun Nathalie Björn,Chelsea FCW,0.516099034,1,5,0.483900966
Gun Nathalie Björn,Everton LFC,0.9906040300000001,1,3,0.00939596999999992
Gun Nathalie Björn,Sweden Women's,3.170545434,1,21,-2.170545434
Gunnar Gren,Sweden,0.025518654,0,1,-0.025518654
Gunnhildur Yrsa Jónsdóttir,Iceland Women's,0.308315286,0,3,-0.308315286
Gunnhildur Yrsa Jónsdóttir,Utah Royals,0.614481591,0,7,-0.614481591
Gurjinder Kumar,NorthEast United,0.7900907964999999,0,12,-0.7900907964999999
Gurkirat Singh,Mumbai City,0.143080341,0,4,-0.143080341
Guro Bergsvand,Brighton & Hove Albion WFC,1.07516534,1,7,-0.07516534000000008
Guro Reiten,Chelsea FCW,13.632886469,13,86,-0.6328864690000007
Guro Reiten,Norway Women's,3.44071049,5,21,1.5592895100000002
Gustavo Adolfo Puerta Molano,Bayer Leverkusen,0.057887336,0,2,-0.057887336
Gustavo Adrián López Pablo,Celta Vigo,0.458368655,1,2,0.541631345
Gustavo Adrián Ramos Vásquez,Borussia Dortmund,6.070017732,9,38,2.929982268
Gustavo Daniel Cabral Cáceres,Celta Vigo,0.371767187,0,6,-0.371767187
Gustavo Enrique Reggi,Levante UD,0.468616082,0,3,-0.468616082
Gustavo Fabrice Sangaré,Burkina Faso,0.082294434,0,1,-0.082294434
Gustavo Nery De Sá Da Silva,Real Zaragoza,0.056493945,0,1,-0.056493945
Guðný Árnadóttir,AC Milan W,0.19891182699999999,0,3,-0.19891182699999999
Guðrún Arnardóttir,Iceland Women's,0.284509517,0,3,-0.284509517
Gylfi Þór Sigurðsson,Iceland,2.04767484,1,10,-1.04767484
Gylfi Þór Sigurðsson,Swansea City,7.866628333,11,89,3.1333716669999996
György Garics,Darmstadt 98,0.09313526899999999,0,3,-0.09313526899999999
Gélson da Conceição Tavares Fernandes,Rennes,0.666088225,1,9,0.333911775
Géraldine Reuteler,Eintracht Frankfurt W,3.203800396,2,24,-1.203800396
Géraldine Reuteler,Switzerland Women's,1.344699779,2,16,0.6553002210000001
Gérson de Oliveira Nunes,Brazil,0.469198049,1,12,0.5308019509999999
"Gérémi Sorele N""Djitap Fotso",Chelsea,0.13068522,0,3,-0.13068522
Gökhan İnler,Leicester City,0.035455816,0,2,-0.035455816
Günter Netzer,Germany,0.029714562,0,1,-0.029714562
Habibou Mouhamadou Diallo,Senegal,1.221433076,2,5,0.7785669239999999
Habibou Mouhamadou Diallo,Strasbourg,0.840823115,0,8,-0.840823115
Hafrún Rakel Halldórsdóttir,Iceland Women's,0.02736398,0,1,-0.02736398
Hailie Mace,KC Current,1.067372355,0,15,-1.067372355
Haji Wright,United States,0.846012756,1,8,0.15398724399999997
Hakan Çalhanoğlu,Bayer Leverkusen,6.669348729,3,86,-3.669348729
Hakan Çalhanoğlu,Turkey,0.469567929,1,11,0.530432071
Hakim Ziyech,Morocco,2.284980938,3,27,0.7150190620000001
Haley Bugeja,FC Internazionale Milano W,3.838326271,4,31,0.16167372899999988
Haley Hopkins,North Carolina Courage,1.105157939,1,14,-0.10515793899999992
Haley Jean McCutcheon,Houston Dash,0.07864181,0,1,-0.07864181
Haley Jean McCutcheon,Orlando Pride,2.535581278,1,15,-1.535581278
Haley Marie Thomas,Duisburg WFC,0.28948352,0,1,-0.28948352
Hali Moriah Candido Long,Philippines Women's,0.056456685,0,1,-0.056456685
Halicharan Narzary,Hyderabad,0.9992040789999999,1,4,0.0007959210000001438
Halicharan Narzary,SC Delhi,0.04053356,0,1,-0.04053356
Halil Altıntop,Augsburg,1.4736850989999999,1,14,-0.4736850989999999
Halimatu Ibrahim Ayinde,Nigeria Women's,0.167591632,0,5,-0.167591632
Hamari Traoré,Mali,0.854476182,1,3,0.14552381800000003
Hamari Traoré,Rennes,0.390783508,1,4,0.609216492
Hamari Traoré,Stade de Reims,0.59092869,2,20,1.4090713099999999
Hamdi Fathi,Egypt,0.537656725,0,7,-0.537656725
Hamdi Nagguez,Tunisia,0.06846576,0,1,-0.06846576
Hamit Altıntop,Bayern Munich,0.14468758199999998,0,3,-0.14468758199999998
Hamza Rafia,Tunisia,0.34868193,1,1,0.6513180700000001
Hamza Sakhi,Auxerre,0.061904132,0,1,-0.061904132
Han-Noah Massengo,Auxerre,0.034075767,0,1,-0.034075767
Hanane Aït El Haj,Morocco Women's,0.057164415,0,2,-0.057164415
Hanna Erica Maria Glas,Sweden Women's,0.063747819,0,3,-0.063747819
Hanna Németh,SV Werder Bremen,1.100490453,0,6,-1.100490453
Hanna Ulrika Bennison,Everton LFC,0.652890566,1,14,0.34710943400000005
Hanna Ulrika Bennison,Sweden Women's,0.87385082,2,3,1.12614918
Hannah Betfort,Portland Thorns,1.977717361,2,15,0.022282638999999937
Hannah Cain,Everton LFC,3.527549638,2,34,-1.527549638
Hannah Cain,Leicester City WFC,0.127591074,0,3,-0.127591074
Hannah Cain,Wales W,0.66270199,1,2,0.33729801000000004
Hannah Eurlings,Belgium Women's,0.247103246,1,3,0.752896754
Hannah Godfrey,Tottenham Hotspur Women,0.778967144,0,6,-0.778967144
Hannah Jayne Blundell,Chelsea FCW,2.023149944,2,20,-0.023149944000000033
Hannah Jayne Blundell,Manchester United W,0.712929529,0,11,-0.712929529
Hannah Short,Yeovil Town LFC,0.848980552,0,6,-0.848980552
Hannah Wilkinson,New Zealand Women's,1.031024546,1,9,-0.03102454600000004
Hans Dorfner,Bayern Munich,0.019193148,0,1,-0.019193148
Hans-Jürgen Kreische,German DR,0.6617655,0,1,-0.6617655
Hans-Peter Briegel,Germany,0.074651308,0,2,-0.074651308
Hansi Flick,Bayern Munich,0.129372273,0,2,-0.129372273
Hany Mukhtar,Nashville SC,0.135616363,0,2,-0.135616363
Hapsatou Malado Diallo,SD Eibar,0.330944729,0,4,-0.330944729
Harald Irmscher,German DR,0.015821658,0,1,-0.015821658
Haris Medunjanin,RC Deportivo La Coruña,0.31700362,0,4,-0.31700362
Haris Medunjanin,Real Valladolid,0.061174437,0,1,-0.061174437
Haris Seferović,Eintracht Frankfurt,5.350552164,3,58,-2.3505521639999998
Haris Seferović,Real Sociedad,0.07719383,0,2,-0.07719383
Haris Seferović,Switzerland,1.296546795,3,15,1.703453205
Harmanjot Singh Khabra,Kerala Blasters,0.750349456,1,9,0.24965054399999997
Harold Michael ''Mike' England,Seattle Sounders,0.18822082,0,2,-0.18822082
Harriet Scott,Birmingham City WFC,1.394733038,0,20,-1.394733038
Harry Arter,AFC Bournemouth,1.1329475635,1,36,-0.13294756349999992
Harry Kane,Bayern Munich,0.710867772,1,3,0.28913222800000005
Harry Kane,England,14.61407649,17,62,2.3859235099999996
Harry Kane,Tottenham Hotspur,21.068008785500002,25,159,3.931991214499998
Harry Kewell,Liverpool,0.423692317,1,7,0.576307683
Harry Maguire,England,2.329738292,3,26,0.670261708
Harry Souttar,Australia,0.063817374,0,1,-0.063817374
Harry Wilson,Wales,0.27609705,0,3,-0.27609705
Hasret Kayikci,SC Freiburg,3.464861216,3,42,-0.4648612160000001
Hassan Khalid Al Heidos,Qatar,0.016374031,0,1,-0.016374031
Hassane Kamara,Stade de Reims,0.018452015,0,1,-0.018452015
Hatem Ben Arfa,Lille,0.13486624,0,1,-0.13486624
Hatem Ben Arfa,OGC Nice,10.421176138,17,92,6.578823862
Hattan Babhir,Saudi Arabia,0.39561874,0,6,-0.39561874
Havana Solaun,Houston Dash,0.19450444,0,1,-0.19450444
Havana Solaun,Jamaica Women's,0.298306133,1,3,0.701693867
Havana Solaun,Washington Spirit,0.201965604,0,5,-0.201965604
Hawa Cissoko,West Ham United LFC,1.05383221,1,5,-0.053832209999999936
Hayley Emma Raso,Australia Women's,3.408960552,3,14,-0.4089605519999999
Hayley Emma Raso,Everton LFC,5.04188221,5,35,-0.04188220999999981
Hayley Emma Raso,Portland Thorns,2.275559513,2,15,-0.27555951300000014
Hayley Emma Raso,Real Madrid CF W,5.355309564,4,38,-1.3553095639999997
Hayley Ladd,Birmingham City WFC,0.8748145359999999,2,13,1.125185464
Hayley Ladd,Manchester United,1.639741028,1,15,-0.639741028
Hayley Ladd,Manchester United W,1.739785189,2,16,0.260214811
Hayley Lauder,Scotland W,0.017317727,0,1,-0.017317727
Haythem Jouini,Tunisia,0.59260937,0,3,-0.59260937
Heather O''Reilly,North Carolina Courage,0.093386434,0,1,-0.093386434
Heather Payne,Bristol City WFC,0.34590166,0,3,-0.34590166
Heather Payne,Everton LFC,0.644513726,0,5,-0.644513726
Heather Payne,Republic of Ireland Women's,0.16309904,0,1,-0.16309904
Hedwiges Maduro,Valencia,0.41814922,1,3,0.58185078
Hee-Chan Hwang,South Korea,0.8389676020000001,1,8,0.1610323979999999
Heiko Westermann,Real Betis,1.6453838459999999,1,15,-0.6453838459999999
Heinz Flohe,Germany,0.0725560495,0,3,-0.0725560495
Hellen Nga'ndwe Chanda,Zambia W,0.048835058,0,1,-0.048835058
Hemeya Tanjy,Mauritania,0.25852903,0,4,-0.25852903
Hendry Antonay,Odisha,0.053620417000000004,0,2,-0.053620417000000004
Henoc Inonga Baka,Congo DR,0.797422274,1,2,0.202577726
Henok Goitom,Almería,0.176125647,0,3,-0.176125647
Henok Goitom,Getafe,0.298451174,0,4,-0.298451174
Henok Goitom,Real Valladolid,0.019702278,0,1,-0.019702278
Henri Bedimo Nsamè,Lyon,0.1086161175,0,6,-0.1086161175
Henri Bienvenu Ntsama,Troyes,0.748291848,0,5,-0.748291848
Henri Camara,Wolverhampton Wanderers,0.026932793,0,1,-0.026932793
Henri Saivet,Bordeaux,1.357779131,2,29,0.642220869
Henrietta Csiszár,FC Internazionale Milano W,3.0915021609999997,1,32,-2.0915021609999997
Henriette Akaba,Cameroon W,0.23828769,0,1,-0.23828769
Henrik Dalsgaard,Denmark,0.023606118,0,1,-0.023606118
Henrik Larsson,Barcelona,5.873259258,5,24,-0.873259258
Henrik Pedersen,Bolton Wanderers,0.048150834,1,1,0.951849166
Henrikh Mkhitaryan,Borussia Dortmund,9.167213229,11,78,1.8327867710000003
Henry Josué Martín Mex,Mexico,0.778895645,1,4,0.22110435500000003
Heorhii Tsitaishvili,Georgia,0.22726923799999998,0,3,-0.22726923799999998
Hermann Hreidarsson,Charlton Athletic,0.165547284,0,2,-0.165547284
Hernán Arsenio Pérez González,Espanyol,5.2994723200000005,7,50,1.7005276799999995
Hernán Daniel Santana Trujillo,Las Palmas,0.41295686600000003,1,9,0.587043134
Hernán Daniel Santana Trujillo,NorthEast United,1.8871767625,1,35,-0.8871767625
Hernán Darío Bernardello,Almería,0.07923470199999999,0,2,-0.07923470199999999
Hernán Edgardo Díaz,River Plate,0.022005284,0,1,-0.022005284
Hernán Jorge Crespo,AC Milan,0.9956248259999999,2,3,1.0043751740000002
Hernán Jorge Crespo,Chelsea,0.126580046,1,3,0.873419954
Hernâni Jorge Santos Fortes,Levante UD,0.244801072,0,2,-0.244801072
Hervin Scicchitano Ongenda,Paris Saint-Germain,0.862390604,1,5,0.137609396
Hervé Bazile,Caen,0.8037402339999999,0,11,-0.8037402339999999
Hervé Bazile,Stade Malherbe Caen,1.145786434,0,22,-1.145786434
Heung-Min Son,Bayer Leverkusen,0.66567978,0,2,-0.66567978
Heung-Min Son,South Korea,2.536448694,2,23,-0.5364486940000002
Heung-Min Son,Tottenham Hotspur,3.48777295,4,41,0.5122270499999999
Hichem Boudaoui,Algeria,0.185891884,0,3,-0.185891884
Hichem Boudaoui,OGC Nice,0.01863943,0,1,-0.01863943
Hidemasa Morita,Japan,0.124164362,0,3,-0.124164362
Hikaru Naomoto,Japan Women's,0.589906119,1,7,0.410093881
Hildah Tholakele Magaia,South Africa Women's,1.245630866,2,6,0.754369134
Himad Abdelli,Angers,0.20833575,0,4,-0.20833575
Hina Sugita,Japan Women's,0.915637765,0,7,-0.915637765
Hina Sugita,Portland Thorns,5.04047316,6,27,0.9595268399999997
Hinata Miyazawa,Japan Women's,1.390297122,5,13,3.6097028780000002
Hinata Miyazawa,Manchester United W,1.379869884,1,19,-0.3798698840000001
Hira Mondal,East Bengal,0.209793776,0,8,-0.209793776
Hiram Boateng,Crystal Palace,0.028741227,0,1,-0.028741227
Hiroki Sakai,Hannover 96,0.578029955,1,11,0.421970045
Hiroki Sakai,Japan,0.550692565,0,3,-0.550692565
Hiroshi Kiyotake,Hannover 96,3.2611428140000003,5,28,1.7388571859999997
Hirving Rodrigo Lozano Bahena,Mexico,1.1413572269999999,1,18,-0.14135722699999986
Hitesh Sharma,Hyderabad,0.429413113,0,5,-0.429413113
Hitesh Sharma,SC Delhi,0.025666406,0,1,-0.025666406
Hlín Eiríksdóttir,Iceland Women's,0.31517816,1,1,0.68482184
Holger Badstuber,Bayern Munich,0.141762352,0,2,-0.141762352
Honoka Hayashi,Japan Women's,0.438223694,1,3,0.5617763060000001
Honoka Hayashi,West Ham United LFC,1.6152219620000001,2,13,0.3847780379999999
Honoka Yonei,SD Eibar,0.313818602,0,10,-0.313818602
Hormipam Ruivah,Kerala Blasters,0.020814965,0,1,-0.020814965
Hotaru Yamaguchi,Hannover 96,0.073679949,0,3,-0.073679949
Houboulang Mendes,Lorient,0.017762246,0,1,-0.017762246
Houssem Aouar,Algeria,0.14563425,0,1,-0.14563425
Houssem Aouar,Lyon,0.050195385,0,1,-0.050195385
Hugo Adnan Boumous,ATK Mohun Bagan,1.3346525200000001,3,10,1.6653474799999999
Hugo Adnan Boumous,Mohun Bagan Super Giant,1.43481107,2,12,0.5651889299999999
Hugo Alejandro Sotil Yerén,Barcelona,0.44418266,1,2,0.5558173399999999
Hugo Alvez,Argentina U20,0.801588951,1,3,0.19841104899999995
Hugo Ayala Castro,Mexico,0.06965513,0,1,-0.06965513
Hugo Ekitike,Eintracht Frankfurt,0.237604027,1,3,0.7623959730000001
Hugo Ekitike,Paris Saint-Germain,2.265770854,2,19,-0.2657708539999999
Hugo Ekitike,Stade de Reims,0.140963894,0,2,-0.140963894
Hugo Magnetti,Stade Brestois,0.013027189,0,1,-0.013027189
Hugo Mallo Novegil,Celta Vigo,0.784471441,1,14,0.215528559
Hugo Mariano Pavone,Real Betis,0.14008932,0,1,-0.14008932
Hugo Miguel Almeida Costa Lopes,Granada,0.301948712,0,11,-0.301948712
Hugo Miguel Pereira de Almeida,Hannover 96,0.9590905279999999,1,14,0.04090947200000006
Hugo Perotti,Boca Juniors,0.11894733,0,1,-0.11894733
Hugo Rodriguez,Stade de Reims,0.034462947,0,1,-0.034462947
Hussain Al Mogahwi,Saudi Arabia,0.110855169,0,4,-0.110855169
Hwa-Yeon Son,Korea Republic Women's,0.342921566,0,2,-0.342921566
Hye-Ji Hong,Korea Republic Women's,0.09198476,0,1,-0.09198476
Hye-Ri Kim,Korea Republic Women's,0.021140372,0,1,-0.021140372
Hyo-Joo Choo,Korea Republic Women's,0.089900665,0,1,-0.089900665
Håvard Nordtveit,Borussia Mönchengladbach,1.01030708,4,22,2.98969292
Héctor Adolfo Enrique,Argentina,0.198405415,0,4,-0.198405415
Héctor Alfredo Moreno Herrera,Espanyol,0.088921726,0,1,-0.088921726
Héctor Alfredo Moreno Herrera,Mexico,0.30808042,0,3,-0.30808042
Héctor Bellerín Moruno,Arsenal,0.707749524,1,13,0.292250476
Héctor Berenguel del Piño,Mallorca,0.09790774,0,1,-0.09790774
Héctor Casimiro Yazalde,Argentina,0.053704124,0,1,-0.053704124
Héctor Font Romero,Real Valladolid,0.019336345,0,1,-0.019336345
Héctor Hernández García,Mexico,0.565451286,0,3,-0.565451286
Héctor Hernández Ortega,Real Sociedad,0.331055849,0,4,-0.331055849
Héctor Junior Firpo Adames,Barcelona,0.899070171,1,4,0.10092982900000003
Héctor Junior Firpo Adames,Real Betis,0.49600897,1,2,0.50399103
Héctor Miguel Herrera López,Atlético Madrid,0.105925374,0,1,-0.105925374
Héctor Miguel Herrera López,Mexico,0.287926531,0,5,-0.287926531
Héctor Rodas Ramírez,Odisha,0.96005434,2,10,1.0399456599999999
Hélder Filipe Oliveira Lopes,Las Palmas,0.041127048,0,2,-0.041127048
Hélder Manuel Marques Postiga,Real Zaragoza,0.18324701200000001,0,3,-0.18324701200000001
Hélder Manuel Marques Postiga,Tottenham Hotspur,0.255949808,0,5,-0.255949808
Hélder Manuel Marques Postiga,Valencia,0.354003275,2,3,1.645996725
Hélder Miguel Do Rosario Data,Málaga,0.022960758,0,1,-0.022960758
Hélder Wander Sousa Azevedo Costa,AS Monaco,3.756817044,3,24,-0.7568170439999999
Hörður Björgvin Magnússon,Iceland,0.13106495299999998,0,2,-0.13106495299999998
Hải Yến Phạm,Vietnam Women's,0.045162078,0,1,-0.045162078
Iago Amaral Borduchi,Augsburg,0.10686676,0,1,-0.10686676
Iago Aspas Juncal,Celta Vigo,14.8670206395,17,102,2.1329793605000003
Iago Aspas Juncal,Spain,1.296018724,1,5,-0.29601872400000007
Iago Falqué Silva,AS Roma,1.5330152350000001,2,16,0.46698476499999986
Iago Falqué Silva,Rayo Vallecano,0.141476755,0,2,-0.141476755
Ian González Nieto,Getafe,0.24839391,0,1,-0.24839391
Ian Harte,Leeds United,0.05853229,0,2,-0.05853229
Ianis Hagi,Romania,0.06795937099999999,0,2,-0.06795937099999999
Ibai Gómez Pérez,Athletic Club,0.296525657,1,4,0.703474343
Ibai Gómez Pérez,Deportivo Alavés,0.6636024925,1,7,0.33639750749999997
Ibrahim Abdallah Hamad,Tanzania,0.07435004,0,1,-0.07435004
Ibrahim Afellay,Barcelona,0.598334189,0,11,-0.598334189
Ibrahim Afellay,Stoke City,2.3786983525,2,39,-0.37869835249999984
Ibrahim Amadou,Lille,1.11159948,1,13,-0.11159947999999997
Ibrahim Blati Touré,Burkina Faso,0.09426823,0,1,-0.09426823
Ibrahim Diakité,Guinea,0.080343165,0,1,-0.080343165
Ibrahim Sangaré,Côte d'Ivoire,0.31211271199999996,0,5,-0.31211271199999996
Ibrahim Sissoko,Mali,0.104664944,0,1,-0.104664944
Ibrahima Konaté,France,0.22140916,0,2,-0.22140916
Ibrahima Koné,Lorient,0.19259436,0,2,-0.19259436
Ibrahima Mbaye,Bologna,0.37305997199999996,0,5,-0.37305997199999996
Ibrahima Niane,Angers,0.25058785,0,2,-0.25058785
Ibrahima Sissoko,Strasbourg,0.020829061,0,1,-0.020829061
Ibrahima Traoré,Borussia Mönchengladbach,2.694123535,3,41,0.3058764649999999
Ibtissam Jraïdi,Morocco Women's,0.368515711,1,5,0.631484289
Ibán Salvador Edu,Equatorial Guinea,0.13608837899999998,1,2,0.863911621
Iddrisu Baba Mohammed,Ghana,0.124804255,0,2,-0.124804255
Iddrisu Baba Mohammed,Mallorca,0.19237635,0,1,-0.19237635
Idrissa Gana Gueye,Aston Villa,1.068308275,0,30,-1.068308275
Idrissa Gana Gueye,Paris Saint-Germain,0.968577077,0,17,-0.968577077
Idrissa Gana Gueye,Senegal,0.439998232,0,6,-0.439998232
Idrissa Gueye,Senegal,0.04482597,0,1,-0.04482597
Idrissa Thiam,Mauritania,0.22974195200000003,0,4,-0.22974195200000003
Ifeoma Onumonu,NJ/NY Gotham FC,1.313705496,0,7,-1.313705496
Ifeoma Onumonu,Nigeria Women's,0.37488474800000005,0,4,-0.37488474800000005
Ifeoma Onumonu,Portland Thorns,0.09491553,0,1,-0.09491553
Ignacio Camacho Barnola,Málaga,2.291820927,2,25,-0.29182092699999984
Ignacio Cases Mora,Sporting Gijón,1.675334176,1,24,-0.675334176
Ignacio Ferri Julià,Eintracht Frankfurt,0.18252592,0,2,-0.18252592
Ignacio Insa Bohigues,Celta Vigo,0.28721476,1,1,0.71278524
Ignacio Javier Gómez Novo,Sporting Gijón,0.046818349,0,2,-0.046818349
Ignacio Monreal Eraso,Arsenal,1.15081751,0,13,-1.15081751
Ignacio Monreal Eraso,Osasuna,0.054676935,0,1,-0.054676935
Ignacio Monreal Eraso,Real Sociedad,0.222199463,0,2,-0.222199463
Ignatius Kpene Ganago,Nantes,0.389075257,1,5,0.610924743
Ignazio Abate,AC Milan,0.289541439,1,4,0.710458561
Igor Angulo Albóniga,Mumbai City,8.523156111,10,51,1.4768438889999995
Igor Bubnjić,Carpi,0.7023740350000001,0,9,-0.7023740350000001
Igor Diveev,Russia,0.099101976,0,1,-0.099101976
Igor Gabilondo del Campo,Athletic Club,0.166760816,0,3,-0.166760816
Igor Gurinovich,Soviet Union U20,0.036207773,0,1,-0.036207773
Igor Lichnovsky Osorio,Chile,0.144070735,0,2,-0.144070735
Igor Ponomarev,Soviet Union U20,0.10926774,1,3,0.89073226
Igor Zubeldia Elorza,Real Sociedad,0.019320287,0,1,-0.019320287
Ijeoma Esther Okoronkwo,Costa Adeje Tenerife,2.535649074,2,13,-0.5356490740000002
Ike Ugbo,Troyes,0.38170273,1,3,0.61829727
Ikechi Anya,Watford,0.57555446,0,10,-0.57555446
Ikechukwu Uche,Getafe,0.580313281,0,5,-0.580313281
Ikechukwu Uche,Granada,0.046262566,0,1,-0.046262566
Ikechukwu Uche,Málaga,0.031766087,0,1,-0.031766087
Ikechukwu Uche,Recreativo Huelva,0.23188179,0,3,-0.23188179
Iker Muniain Goñi,Athletic Club,3.522175285,3,31,-0.5221752849999999
Ikoma Loïs Openda,Lens,0.706485432,0,8,-0.706485432
Ikoma Loïs Openda,RB Leipzig,1.218508221,2,6,0.781491779
Ilan Kebbal,Stade de Reims,0.06343236,0,1,-0.06343236
Ilaria Mauro,Italy Women's,0.100676984,0,2,-0.100676984
Ildo Enrique Maneiro Ghezzi,Uruguay,0.12431426000000001,0,3,-0.12431426000000001
Iliman Ndiaye,Senegal,0.30338986,1,3,0.69661014
Illia Zabarnyi,Ukraine,0.34909934,0,2,-0.34909934
Ilya Kutepov,Russia,0.26877823,0,1,-0.26877823
Iman Basafa,Bengaluru,1.149515731,1,6,-0.14951573099999993
Iman Beney,Switzerland Women's,0.372367305,0,6,-0.372367305
Imani Dorsey,NJ/NY Gotham FC,1.941001468,3,12,1.058998532
Imanol Agirretxe Arruti,Real Sociedad,9.329121967,15,51,5.670878032999999
Imran Khan,NorthEast United,0.66071675,0,13,-0.66071675
In-Beom Hwang,South Korea,0.170931125,0,6,-0.170931125
Indiah-Paige Janita Riley,New Zealand Women's,0.360174561,0,3,-0.360174561
Inessa Kaagman,Brighton & Hove Albion WFC,5.507960894,8,39,2.492039106
Inessa Kaagman,Everton LFC,5.942373985,5,58,-0.9423739849999997
Infren David da Conceição Matola,Mozambique,0.017974751,0,1,-0.017974751
Inge Ejderstedt,Sweden,0.2806425,0,2,-0.2806425
Ingibjörg Sigurðardóttir,Duisburg WFC,0.070024036,0,1,-0.070024036
Ingibjörg Sigurðardóttir,Iceland Women's,0.22561568999999998,0,2,-0.22561568999999998
Ingrid Filippa Angeldal,Manchester City WFC,1.258226604,0,14,-1.258226604
Ingrid Filippa Angeldal,Sweden Women's,3.815379058,4,35,0.184620942
Ingrid Moe Wold,Everton LFC,0.181577817,0,6,-0.181577817
Ingrid Moe Wold,Norway Women's,0.175361044,0,4,-0.175361044
Ingrid Syrstad Engen,Barcelona WFC,0.335515134,0,5,-0.335515134
Ingrid Syrstad Engen,Norway Women's,1.533440211,1,10,-0.533440211
Iniabasi Anefiok Umotong,Brighton & Hove Albion WFC,6.4259932135,3,52,-3.4259932135
Inès Belloumou,Bayern München W,0.088435071,0,2,-0.088435071
Inès Jauréna,Washington Spirit,0.365731344,0,5,-0.365731344
Ioan Viorel Ganea,Wolverhampton Wanderers,0.440805434,1,3,0.559194566
Ion Vélez Martínez,Athletic Club,0.14131847,0,1,-0.14131847
Irene Guerrero Sanmartín,Manchester United W,0.025587866,0,1,-0.025587866
Irene Guerrero Sanmartín,Spain Women's,0.549581891,0,6,-0.549581891
Irene Oguiza,Athletic Club Bilbao,0.479918005,1,3,0.520081995
Irene Paredes Hernandez,Barcelona WFC,1.217555423,0,16,-1.217555423
Irene Paredes Hernandez,Spain Women's,3.161745508,2,29,-1.161745508
Irene Santi,FC Internazionale Milano W,0.092718646,0,1,-0.092718646
Irina Priscilla Uribe García,FC Levante Badalona,4.306107446,5,34,0.6938925539999996
Iriney Santos Da Silva,Almería,0.08218657,0,2,-0.08218657
Iriney Santos Da Silva,Celta Vigo,0.036423004999999994,0,2,-0.036423004999999994
Iris Arnaiz Gil,Real Sociedad de Fútbol,0.281547115,0,9,-0.281547115
Iris Madeleine Rabot,Pomigliano,2.993481117,2,25,-0.993481117
Isaac Ajayi Success,Granada,4.9725111295,6,58,1.0274888705
Isaac Cofie,Carpi,1.071081123,0,24,-1.071081123
Isaac Kiese Thelin,Bordeaux,0.609083155,0,6,-0.609083155
Isaac Vanmalsawma Chhakchhuak,Odisha,0.445665356,0,8,-0.445665356
Isabel Corte Peláez,CD Sporting de Huelva,1.8564958074999998,1,19,-0.8564958074999998
Isabel Denise Rodriguez,KC Current,0.761953169,3,8,2.238046831
Isabel Álvarez Tenorio,Granada W,0.222274023,1,6,0.777725977
Isabell Herlovsen,Norway Women's,1.343534671,2,7,0.656465329
Isabella Briede,San Diego Wave,0.736647771,1,5,0.263352229
Isabella D'Aquila,Portland Thorns,1.417734075,0,16,-1.417734075
Isabella Hobson,Everton LFC,0.073564075,1,1,0.926435925
Isak Vanlalruatfela,Odisha,0.240617933,1,4,0.759382067
Ishan Pandita,Jamshedpur,3.1377327090000002,3,22,-0.13773270900000023
Isibeal Atkinson,West Ham United LFC,0.603188482,0,6,-0.603188482
Isidoro Díaz Mejia,Mexico,0.14678988,0,1,-0.14678988
Isidoro San José Pozo,Real Madrid,0.01992668,0,1,-0.01992668
Isidro Díaz González,Real Madrid,0.06706037,0,1,-0.06706037
Islam Slimani,Algeria,0.103660063,0,2,-0.103660063
Islam Slimani,Stade Brestois,0.9305519299999999,0,2,-0.9305519299999999
Ismaeel Mohammad Mohammad,Qatar,0.307858726,0,2,-0.307858726
Ismael Bennacer,Algeria,0.05028259,0,1,-0.05028259
Ismael Koné,Canada,1.9351661839999998,2,7,0.06483381600000016
Ismael López Blanco,Sporting Gijón,1.684921927,2,19,0.315078073
Ismael Marchal Razquín,Gimnàstic Tarragona,0.16334775,0,1,-0.16334775
Ismael Saibari,Morocco,0.18909244,0,1,-0.18909244
Ismael Urzáiz Aranda,Athletic Club,0.16454606,0,1,-0.16454606
Ismail Jakobs,Senegal,0.323425743,0,3,-0.323425743
Ismaily Gonçalves dos Santos,Lille,0.084818795,0,1,-0.084818795
Ismaël Gharbi,Paris Saint-Germain,0.19116965,0,3,-0.19116965
Ismaël Tiémoko Diomandé,Saint-Étienne,0.093614424,0,4,-0.093614424
Ismaël Tiémoko Diomandé,Stade Malherbe Caen,0.014675048,0,1,-0.014675048
Ismaël Traoré,Angers,1.470278223,1,13,-0.470278223
Ismaïla Sarr,Senegal,3.156849768,2,20,-1.1568497679999998
Isobel Mary Christiansen,Everton LFC,4.066664079,6,27,1.9333359210000003
Issa Cissokho,Genoa,0.047454942,0,1,-0.047454942
Issa Diop,Toulouse,0.692452678,1,6,0.307547322
Issa Kabore,Burkina Faso,0.13469607,0,1,-0.13469607
Issa Kabore,Troyes,0.021689555,0,1,-0.021689555
Issam Jebali,Tunisia,0.654071603,0,3,-0.654071603
Issiaga Sylla,Gazélec Ajaccio,1.19399039,0,23,-1.19399039
Issiaga Sylla,Guinea,0.032691196,0,1,-0.032691196
Issiaga Sylla,Toulouse,0.2003255,0,1,-0.2003255
Issiar Dia,Gazélec Ajaccio,0.486045955,0,6,-0.486045955
Issoufou Dayo,Burkina Faso,0.303027359,0,2,-0.303027359
Itxaso Uriarte Santamaría,Athletic Club Bilbao,0.318085663,0,9,-0.318085663
Itziar Gastearena Artola,Granada W,0.196097306,0,2,-0.196097306
Itziar Pinillos Moreno,Madrid CFF,0.74612859,1,11,0.25387141
Ivan Gennaro Gattuso,AC Milan,0.016480979,0,1,-0.016480979
Ivan Hrdlicka,Czechoslovakia,0.020525727,0,1,-0.020525727
Ivan Ilić,Serbia,0.037979541,0,2,-0.037979541
Ivan Obradović,Real Zaragoza,0.19222309,0,1,-0.19222309
Ivan Perišić,Croatia,5.149478935,6,51,0.8505210649999997
Ivan Perišić,Inter Milan,7.7866179905,7,71,-0.7866179904999999
Ivan Perišić,Wolfsburg,0.205546122,1,3,0.794453878
Ivan Radovanović,Chievo,0.423618854,0,18,-0.423618854
Ivan Rakitić,Barcelona,17.114875177000002,25,205,7.885124822999998
Ivan Rakitić,Croatia,2.462573196,3,17,0.5374268039999999
Ivan Rakitić,Sevilla,0.763929212,1,7,0.23607078800000003
Ivan Ricardo Neves Abreu Cavaleiro,AS Monaco,1.242959109,1,14,-0.24295910900000006
Ivan Ricardo Neves Abreu Cavaleiro,RC Deportivo La Coruña,0.18481746000000002,0,2,-0.18481746000000002
Ivan Schranz,Slovakia,1.025085926,3,5,1.974914074
Ivan Strinić,Napoli,0.071385381,0,3,-0.071385381
Ivan Toney,England,0.8344548540000001,1,2,0.16554514599999992
Ivana Andrés Sanz,Real Madrid CF W,2.084601363,2,17,-0.08460136299999998
Ivana Andrés Sanz,Spain Women's,0.460390302,0,4,-0.460390302
Ivana Ferreira Fuso,Manchester United W,0.249790189,0,3,-0.249790189
Ivano Bonetti,Juventus,0.03101153,0,1,-0.03101153
Ivaylo Chochev,Palermo,2.302142153,0,29,-2.302142153
Iver Tobias Rørvik Fossum,Hannover 96,0.7679157329999999,0,13,-0.7679157329999999
Ivica Olić,Bayern Munich,1.080851102,0,4,-1.080851102
Ivica Olić,Hamburger SV,0.25418057,0,5,-0.25418057
Ivo Iličević,Hamburger SV,4.12710975,4,43,-0.1271097499999998
Ivonne Chacón,Colombia Women's,0.17544353099999999,0,3,-0.17544353099999999
Ivonne Chacón,Valencia CF,4.480353733,6,26,1.5196462669999997
Iván Alejo Peralta,Cádiz,0.19069508,0,1,-0.19069508
Iván Bolado Palacios,Racing Santander,0.034096953,0,1,-0.034096953
Iván Campo Ramos,Bolton Wanderers,0.447179626,1,2,0.552820374
Iván Daniel Alonso Vallejo,Espanyol,0.06823172599999999,0,2,-0.06823172599999999
Iván Daniel Alonso Vallejo,Real Murcia CF,0.966295759,1,5,0.033704241000000024
Iván De la Peña López,Espanyol,0.677093418,2,5,1.3229065819999999
Iván Garrido González,Goa,1.60187895,1,5,-0.6018789499999999
Iván Helguera Bujía,Real Madrid,0.08132821,0,1,-0.08132821
Iván Helguera Bujía,Valencia,0.020821016,0,1,-0.020821016
Iván Hernández Soto,Sporting Gijón,0.14396399699999998,0,2,-0.14396399699999998
Iván López Mendoza,Levante UD,0.137309386,0,6,-0.137309386
Iván López Álvarez,Getafe,0.14213724,0,1,-0.14213724
Iván López Álvarez,Levante UD,0.085396332,0,3,-0.085396332
Iván Ramis Barrios,Eibar,0.59744196,0,9,-0.59744196
Iván Ramis Barrios,Levante UD,0.031897575,0,1,-0.031897575
Iván Ramis Barrios,Mallorca,0.066607852,0,2,-0.066607852
Iván Rodrigo Piris Leguizamón,Udinese,0.083373131,0,4,-0.083373131
Iván Sánchez Rico Soto,Getafe,0.06587845,0,1,-0.06587845
Iván Sánchez Rico Soto,RC Deportivo La Coruña,0.957076528,0,14,-0.957076528
Izarne Sarasola Beain,Real Sociedad de Fútbol,0.28479884,0,6,-0.28479884
Izet Hajrović,Eibar,0.042664085,0,1,-0.042664085
Iñaki Descarga Retegi,Levante UD,0.023453608,0,1,-0.023453608
Iñaki Williams Arthuer,Athletic Club,6.116824347,9,64,2.8831756530000003
Iñaki Williams Arthuer,Ghana,0.353252986,0,3,-0.353252986
Iñigo Córdoba Kerejeta,Athletic Club,0.46235037,0,2,-0.46235037
Iñigo Pérez Soto,Osasuna,0.027293859,0,1,-0.027293859
Ja-Cheol Koo,Augsburg,3.623943246,8,40,4.376056754
Ja-Cheol Koo,South Korea,0.042929053,0,1,-0.042929053
Jaap Stam,AC Milan,0.1952627,0,2,-0.1952627
Jaba Kankava,Stade de Reims,0.57391267,0,11,-0.57391267
Jacek Góralski,Poland,0.018827025,0,1,-0.018827025
Jacinta Galabadaarachchi,West Ham United LFC,0.631394632,0,9,-0.631394632
Jacinto Muondo Dala,Angola,1.597872181,4,9,2.402127819
Jack Colback,Newcastle United,1.2119227865,1,16,-0.21192278649999996
Jack Frank Porteous Cork,Swansea City,0.899977979,1,19,0.10002202100000002
Jack Grealish,Aston Villa,1.022300998,1,16,-0.02230099799999996
Jack Grealish,England,0.6230999,1,3,0.37690009999999996
Jack Hendry,Scotland,0.122248945,0,3,-0.122248945
Jack Maher,Nashville SC,0.08871231,0,1,-0.08871231
Jack Rodwell,Sunderland,2.876698624,1,27,-1.8766986239999999
Jack Wilshere,Arsenal,0.5152723,0,1,-0.5152723
Jackichand Singh,East Bengal,0.167195501,0,3,-0.167195501
Jackie Groenen,Manchester United,1.926309481,0,18,-1.926309481
Jackie Groenen,Manchester United W,0.498694808,0,5,-0.498694808
Jackie Groenen,Netherlands Women's,0.780073323,1,9,0.21992667700000001
Jackson Arley Martínez Valencia,Atlético Madrid,2.347071832,2,26,-0.34707183200000014
Jackson Gabriel Porozo Vernaza,Ecuador,0.03657438,0,1,-0.03657438
Jackson Irvine,Australia,0.244894153,0,3,-0.244894153
Jacob Mendy,Gambia,0.041732185,0,1,-0.041732185
Jacob Shaffelburg,Canada,0.470418409,1,5,0.529581591
Jacob Shaffelburg,Nashville SC,0.10269336,0,1,-0.10269336
Jacopo Sala,Hellas Verona,0.425920645,0,11,-0.425920645
Jacqueline Anne Hand,New Zealand Women's,0.314992119,0,4,-0.314992119
Jacqueline Meißner,SGS Essen 19/68,2.629555822,1,22,-1.629555822
Jacqueline Owusu,Real Sociedad de Fútbol,1.846855687,2,10,0.1531443130000001
Jacques François Moubandje,Toulouse,0.083804225,0,4,-0.083804225
Jacques Zoua Daogari,Gazélec Ajaccio,4.8576615389999995,4,48,-0.8576615389999995
Jacques-Alaixys Romao,Marseille,0.14263476,0,3,-0.14263476
Jacques-Alaixys Romao,Olympique de Marseille,0.45177877,1,6,0.54822123
Jade Bailey,Chelsea FCW,0.014977109,0,1,-0.014977109
Jade Bailey,Liverpool WFC,0.633200608,0,10,-0.633200608
Jade Bailey,Reading WFC,0.5980226,0,4,-0.5980226
Jade Moore,England Women's,0.182783154,0,5,-0.182783154
Jade Moore,Reading WFC,4.375532397,5,38,0.6244676030000003
Jadon Sancho,England,0.7321283,0,1,-0.7321283
Jae-Sung Lee,FSV Mainz 05,0.110384643,0,2,-0.110384643
Jae-Sung Lee,South Korea,0.345781206,0,6,-0.345781206
Jaedyn Reese Shaw,San Diego Wave,5.272136532,6,45,0.7278634679999998
Jaelene McKenzie Daniels,North Carolina Courage,0.187905556,0,3,-0.187905556
Jaelin Marie Howell,Racing Louisville FC,1.434250179,0,18,-1.434250179
Jaime Gavilán Martínez,Getafe,0.036645688,0,1,-0.036645688
Jaime Mata Arnaiz,Getafe,1.794262045,2,4,0.20573795500000003
Jaime Romero Gómez,Granada,0.018803887,0,1,-0.018803887
Jair Ventura Filho,Brazil,3.577738342,7,14,3.422261658
Jair da Costa,Inter Milan,0.027124789,0,1,-0.027124789
Jairo Izquierdo González,Cádiz,0.044642612,0,1,-0.044642612
Jairo Samperio Bustara,FSV Mainz 05,4.118332888299999,7,39,2.8816671117000006
Jairo Samperio Bustara,Sevilla,0.0631714,0,1,-0.0631714
Jaka Bijol,Slovenia,0.048782196,0,1,-0.048782196
Jakub Błaszczykowski,Borussia Dortmund,0.24313658999999999,0,3,-0.24313658999999999
Jakub Błaszczykowski,Fiorentina,0.604176347,2,8,1.3958236529999999
Jakub Jankto,Czech Republic,0.233309443,0,3,-0.233309443
Jakub Kamiński,Poland,0.440550235,0,4,-0.440550235
Jakub Moder,Poland,0.547300867,0,4,-0.547300867
Jakub Piotr Kiwior,Poland,0.28673462499999997,0,3,-0.28673462499999997
Jakub Piotrowski,Poland,0.297006557,0,2,-0.297006557
Jakub Świerczok,Poland,0.17334339,0,1,-0.17334339
Jamaal Lascelles,Newcastle United,0.615704291,2,4,1.3842957089999999
Jamal Musiala,Bayern Munich,0.054273088,0,1,-0.054273088
Jamal Musiala,Germany,2.436269865,3,21,0.5637301350000001
Jamel Saihi,Montpellier,0.329649967,0,7,-0.329649967
James Collins,West Ham United,1.0067939479999999,0,13,-1.0067939479999999
James David Rodríguez Rubio,Colombia,1.311888955,1,11,-0.3118889549999999
James David Rodríguez Rubio,Real Madrid,3.475816798,8,48,4.524183202
James Forrest,Scotland,0.13851075,0,1,-0.13851075
James Gillen Robertson,Seattle Sounders,0.174698456,1,3,0.825301544
James Gomez,Gambia,0.070787564,0,1,-0.070787564
James McArthur,Crystal Palace,1.51415323,2,16,0.48584677
James McCarthy,Everton,0.8525581385,2,17,1.1474418615
James McClean,West Bromwich Albion,2.715600395,2,31,-0.7156003950000001
James Morrison,West Bromwich Albion,2.125485526,3,24,0.8745144740000002
James Philip Milner,Liverpool,4.156044547,5,41,0.8439554530000004
James Scowcroft,Leicester City,0.034763288,0,1,-0.034763288
James Tomkins,West Ham United,0.5734603970000001,0,8,-0.5734603970000001
James Ward-Prowse,Southampton,2.215818229,2,29,-0.21581822899999992
Jamie Jermaine Bynoe-Gittens,Borussia Dortmund,0.140698162,0,3,-0.140698162
Jamie Leweling,VfB Stuttgart,0.09997955,0,1,-0.09997955
Jamie Redknapp,Tottenham Hotspur,0.101489086,1,3,0.898510914
Jamie Vardy,England,0.27325772,0,3,-0.27325772
Jamie Vardy,Leicester City,20.446907914,24,118,3.5530920859999995
Jamie-Lee Napier,Birmingham City WFC,2.074896927,1,13,-1.0748969270000002
Jamie-Lee Napier,Bristol City WFC,0.846739408,0,11,-0.846739408
Jamiro Gregory Monteiro Alvarenga,Cape Verde Islands,0.57296605,1,3,0.42703395
Jan Bednarek,Poland,0.7193462,1,4,0.28065379999999995
Jan Bořil,Czech Republic,0.18321523,0,1,-0.18321523
Jan Ceulemans,Belgium,0.075267759,0,3,-0.075267759
Jan Kirchhoff,Sunderland,1.057182604,0,9,-1.057182604
Jan Kliment,VfB Stuttgart,0.118425028,1,3,0.881574972
Jan Mlakar,Slovenia,0.11840956999999999,0,2,-0.11840956999999999
Jan Morávek,Augsburg,0.677952968,1,6,0.32204703199999996
Jan Rosenthal,Darmstadt 98,1.548272352,0,17,-1.548272352
Jan Vertonghen,Belgium,0.788710164,1,5,0.21128983599999995
Jan Vertonghen,Tottenham Hotspur,0.957880637,0,10,-0.957880637
Jan-Ingwer Callsen-Bracker,Augsburg,0.237239957,1,5,0.762760043
Jana Feldkamp,Hoffenheim W,2.9829415115,2,14,-0.9829415115
Jana Fernandez Velasco,Barcelona WFC,0.5366752539999999,0,4,-0.5366752539999999
Jana Fernandez Velasco,Spain Women's,0.076655064,0,2,-0.076655064
Jana Radosavljević,Duisburg WFC,0.227265805,1,5,0.772734195
Jane Ross,Manchester United,2.965760189,2,14,-0.965760189
Jane Ross,Manchester United W,0.670906943,1,4,0.329093057
Jane Ross,West Ham United LFC,7.012982167,7,40,-0.012982166999999656
Janek Sternberg,Werder Bremen,0.11102985300000001,0,2,-0.11102985300000001
Janice Cayman,Belgium Women's,1.017983487,2,10,0.982016513
Janice Cayman,Leicester City WFC,2.7587529330000002,4,24,1.2412470669999998
Janik Haberer,Union Berlin,0.015466551,0,1,-0.015466551
Janina Hechler,Köln,0.045560974000000004,0,3,-0.045560974000000004
Janina Minge,Germany Women's,0.7977189899999999,1,2,0.2022810100000001
Janina Minge,SC Freiburg,3.733721772,3,36,-0.733721772
Janine Elizabeth Beckie,Manchester City WFC,8.506771148,5,63,-3.5067711480000003
Janine Elizabeth Beckie,NJ/NY Gotham FC,0.646318733,0,9,-0.646318733
Janine Elizabeth Sonis,Canada Women's,1.9609987309999999,0,17,-1.9609987309999999
Janine Elizabeth Sonis,Manchester City WFC,0.06983805,0,1,-0.06983805
Janine van Wyk,South Africa Women's,0.012716403,0,1,-0.012716403
Janni Arnth-Jensen,Arsenal WFC,0.468111735,1,3,0.5318882650000001
Janni Thomsen,Denmark Women's,0.980445182,1,13,0.01955481800000003
Jannick Buyla Sam,Equatorial Guinea,0.1699745,1,1,0.8300255
Jannik Vestergaard,Denmark,1.026080946,0,10,-1.026080946
Jannik Vestergaard,Werder Bremen,2.606467692,2,34,-0.6064676919999998
Janou Levels,TSV Bayer 04 Leverkusen,1.266562064,1,16,-0.26656206399999993
Jaroslav Plašil,Bordeaux,1.230755442,3,20,1.769244558
Jaroslav Plašil,Osasuna,0.054681372,0,1,-0.054681372
Jasir Asani,Albania,0.073032213,0,4,-0.073032213
Jasmin Kurtič,Atalanta,2.7438472755,2,41,-0.7438472754999998
Jasmin Sehan,SV Werder Bremen,1.233936279,2,8,0.7660637210000001
Jasmine Matthews,Bristol City WFC,0.723042431,0,6,-0.723042431
Jasmine Matthews,Liverpool WFC,0.62567678,0,4,-0.62567678
Jasmyne Spencer,Angel City,1.197598308,1,13,-0.1975983079999999
Jasmyne Spencer,OL Reign,2.16840882,1,8,-1.1684088199999998
Jason Berthomier,Clermont Foot,0.147076338,0,2,-0.147076338
Jason Denayer,Belgium,0.03543574,0,1,-0.03543574
Jason Joseph Euell,Charlton Athletic,0.139736012,0,2,-0.139736012
Jason Puncheon,Crystal Palace,3.752612274,2,53,-1.752612274
Jason Roberts,Portsmouth,0.0064588953,0,1,-0.0064588953
Jassina Blom,Costa Adeje Tenerife,5.484230305,6,47,0.5157696950000004
Jaume Vicent Costa Jordá,Villarreal,0.585331039,1,6,0.41466896099999995
Javad Nekounam,Osasuna,0.28792808200000003,0,8,-0.28792808200000003
Javi Castellano Betancor,Las Palmas,0.01966738,0,1,-0.01966738
Javier Alejandro Mascherano,Argentina,0.02642823,0,1,-0.02642823
Javier Alejandro Mascherano,Barcelona,2.118059325,1,26,-1.118059325
Javier Baraja Vegas,Real Valladolid,0.028318278,0,1,-0.028318278
Javier Camuñas Gallego,Osasuna,0.047846105,0,1,-0.047846105
Javier Camuñas Gallego,RC Deportivo La Coruña,0.09407624,0,1,-0.09407624
Javier Camuñas Gallego,Recreativo Huelva,0.23199106,0,2,-0.23199106
Javier Camuñas Gallego,Villarreal,0.029174786,0,1,-0.029174786
Javier Del Pino González,CD Numancia de Soria,0.050572803,0,2,-0.050572803
Javier Eraso Goñi,Athletic Club,2.224241327,2,12,-0.2242413270000001
Javier Eraso Goñi,Leganés,0.167839762,0,3,-0.167839762
Javier Espinosa González,Almería,0.080742635,0,1,-0.080742635
Javier Espinosa González,Villarreal,0.15461637,0,1,-0.15461637
Javier Fuego Martínez,Espanyol,0.04303897,0,1,-0.04303897
Javier Fuego Martínez,Levante UD,0.0144876465,0,1,-0.0144876465
Javier Fuego Martínez,Rayo Vallecano,0.175685945,0,4,-0.175685945
Javier Fuego Martínez,Valencia,0.228297844,0,6,-0.228297844
Javier Fuego Martínez,Villarreal,0.017002676,0,1,-0.017002676
Javier García Portillo,Gimnàstic Tarragona,0.275504207,0,4,-0.275504207
Javier Garrido Behovide,Las Palmas,0.03861137,0,1,-0.03861137
Javier Guerra Rodríguez,Rayo Vallecano,11.4158264935,12,71,0.5841735065000009
Javier Guerra Rodríguez,Real Valladolid,1.360929334,1,5,-0.36092933399999994
Javier Hernández Balcázar,Bayer Leverkusen,10.632554376,17,64,6.367445624
Javier Hernández Balcázar,Manchester United,0.248859194,0,2,-0.248859194
Javier Hernández Balcázar,Mexico,0.551829668,1,6,0.448170332
Javier Hernández Balcázar,Sevilla,0.561724,0,1,-0.561724
Javier Ignacio Aquino Carmona,Villarreal,0.34631205,0,1,-0.34631205
Javier Lara Grande,Eibar,0.08585487,0,3,-0.08585487
Javier López Rodríguez,Espanyol,0.177024172,0,6,-0.177024172
Javier Manquillo Gaitán,Marseille,0.044386088000000004,0,2,-0.044386088000000004
Javier Manquillo Gaitán,Olympique de Marseille,0.441575403,0,5,-0.441575403
Javier Martínez Aginaga,Athletic Club,0.654964638,0,8,-0.654964638
Javier Martínez Aginaga,Bayern Munich,2.047528731,1,16,-1.0475287309999999
Javier Matías Pastore,Paris Saint-Germain,2.3539111249999998,2,20,-0.35391112499999977
Javier Márquez Moreno,Espanyol,0.060258667,0,3,-0.060258667
Javier Márquez Moreno,Granada,1.335744989,0,28,-1.335744989
Javier Ontiveros Parra,Huesca,0.016188642,0,1,-0.016188642
Javier Ontiveros Parra,Málaga,0.013897327,0,1,-0.013897327
Javier Ontiveros Parra,Villarreal,0.015394991,0,1,-0.015394991
Javier Paredes Arango,Getafe,0.010438577,0,1,-0.010438577
Javier Paredes Arango,Real Zaragoza,0.06760561,0,1,-0.06760561
Javier Pedro Saviola Fernández,Barcelona,1.935623465,2,11,0.06437653500000007
Javier Pedro Saviola Fernández,Sevilla,0.48515103,0,2,-0.48515103
Javier Rodríguez Venta,Villarreal,0.06545271,0,1,-0.06545271
Javier Siverio Toro,Hyderabad,5.732229295,6,37,0.2677707050000002
Javier Siverio Toro,SC Delhi,0.0748331,1,1,0.9251669
Javier Sánchez de Felipe,Real Valladolid,0.159024491,0,2,-0.159024491
Javiera Matilde Grez Valenzuela,Chile Women's,0.5088015800000001,0,4,-0.5088015800000001
Jawad El Yamiq,Morocco,0.08910682,0,1,-0.08910682
Jay Rodriguez,Southampton,1.1301973675,0,15,-1.1301973675
Jayde Yuk Fun Riviere,Manchester United W,0.101998421,0,4,-0.101998421
Jayden Adams,South Africa,0.09336821,0,1,-0.09336821
Jayesh Dilip Rane,Bengaluru,0.728344685,1,14,0.27165531499999995
Jeakson Singh Thaunaojam,Kerala Blasters,1.776426361,1,13,-0.776426361
Jean Carlos Francisco Deza Sánchez,Montpellier,0.1239634276,0,4,-0.1239634276
Jean Emile Junior Onana Onana,Bordeaux,0.16773233399999998,0,2,-0.16773233399999998
Jean Michaël Seri,Côte d'Ivoire,0.038373391,0,2,-0.038373391
Jean Michaël Seri,OGC Nice,3.984052293,3,51,-0.984052293
Jean Mota Oliveira de Sousa,Inter Miami,0.04357787,0,1,-0.04357787
Jean Pierre Nsamé,Angers,0.029174786,0,1,-0.029174786
Jean Thierry Lazare Amani,Côte d'Ivoire,0.018650431,0,1,-0.018650431
Jean Vincent,France,0.053939115,0,1,-0.053939115
Jean-Armel Kana-Biyik,Toulouse,1.096310838,2,9,0.903689162
Jean-Charles Castelletto,Cameroon,1.00478606,2,3,0.99521394
Jean-Charles Castelletto,Nantes,0.130862616,0,3,-0.130862616
Jean-Christophe Bahebeck,Saint-Étienne,3.639066526,1,27,-2.639066526
Jean-Clair Todibo,OGC Nice,0.06755414,0,1,-0.06755414
Jean-Daniel Akpa Akpro,Toulouse,1.303939239,1,20,-0.30393923899999997
Jean-Eric Maxim Choupo-Moting,Cameroon,0.5446267899999999,1,3,0.4553732100000001
Jean-Eric Maxim Choupo-Moting,Schalke 04,3.596191417,6,50,2.403808583
Jean-Kevin Duverne,Stade Brestois,0.06794175,0,1,-0.06794175
Jean-Kévin Augustin,Paris Saint-Germain,1.145102158,1,9,-0.14510215800000004
Jean-Mattéo Bahoya Négoce,Angers,0.164981552,0,3,-0.164981552
Jean-Philippe Krasso,Côte d'Ivoire,1.034822746,1,7,-0.034822745999999904
Jean-Philippe Krasso,Saint-Étienne,0.031135615,0,1,-0.031135615
Jean-Ricner Bellegarde,Strasbourg,0.16797187800000002,0,4,-0.16797187800000002
Jean-Sylvain Claude Babin,Granada,1.243745429,3,14,1.756254571
Jean-Sylvain Claude Babin,Sporting Gijón,0.044803966,0,1,-0.044803966
Jean-Victor Makengo,Stade Malherbe Caen,0.0259095105,0,2,-0.0259095105
Jeannette Yango,Cameroon W,0.049075253,0,3,-0.049075253
Jeff Louis,Caen,0.305445371,0,7,-0.305445371
Jeff Louis,Stade Malherbe Caen,1.09442408,1,13,-0.09442408000000002
Jefferson Agustín Farfán Guadalupe,Peru,0.697126879,0,4,-0.697126879
Jefferson Andrés Lerma Solís,Colombia,0.532679688,2,10,1.467320312
Jefferson Andrés Lerma Solís,Levante UD,2.3456381285,1,39,-1.3456381285
Jefferson Anilson Silva Encada,Guinea-Bissau,0.039990491,0,2,-0.039990491
Jefferson Antonio Montero Vite,Real Betis,0.031399599,0,2,-0.031399599
Jefferson Antonio Montero Vite,Swansea City,2.029478743,0,21,-2.029478743
Jefferson Brenes Rojas,Costa Rica,0.041851558,0,1,-0.041851558
Jefferson David Savarino Quintero,Venezuela,0.76046705,0,1,-0.76046705
Jeffren Isaac Suárez Bermúdez,Barcelona,1.573875879,3,10,1.426124121
Jeffrey Astle,England,0.20631084,0,1,-0.20631084
Jeffrey Gouweleeuw,Augsburg,0.73998321,0,2,-0.73998321
Jeffrey Schlupp,Leicester City,2.328492076,1,25,-1.3284920759999999
Jeison Fabián Murillo Cerón,Inter Milan,1.984432205,2,21,0.01556779499999994
Jeleaugh Rosa,Duisburg WFC,0.0209332,0,1,-0.0209332
Jelena Canković,Chelsea FCW,0.5860293089999999,0,7,-0.5860293089999999
Jelena Prvulovic,Duisburg WFC,0.610529205,0,9,-0.610529205
Jemerson de Jesus Nascimento,AS Monaco,0.06533986,0,1,-0.06533986
Jemma Elizabeth Purfield,Bristol City WFC,0.371626295,1,10,0.628373705
Jemma Elizabeth Purfield,Liverpool WFC,0.047465816,0,1,-0.047465816
Jenna Bike,Chicago Red Stars,0.26567356599999997,0,5,-0.26567356599999997
Jenna Clark,Liverpool WFC,1.093564616,1,9,-0.0935646160000001
Jenna Nighswonger,NJ/NY Gotham FC,4.3145501215,3,40,-1.3145501215
Jenna Winebrenner,KC Current,0.026319135,0,1,-0.026319135
Jennifer Hermoso Fuentes,Spain Women's,6.546210052999999,6,38,-0.5462100529999994
Jennifer Miley Falk,Sweden Women's,0.7539362,0,1,-0.7539362
Jennifer Onyi Echegini,Juventus W,5.633089632,10,31,4.366910368
Jennifer Patricia Beattie,Arsenal WFC,1.8329076290000001,2,10,0.16709237099999985
Jennifer Patricia Beattie,Manchester City WFC,1.631100115,1,14,-0.631100115
Jennifer Patricia Beattie,Scotland W,0.54897643,1,3,0.45102357000000004
Jenny Danielsson,WNT Finland,0.04604351,0,1,-0.04604351
Jenny Hipp,RB Leipzig W,2.2896374045,2,24,-0.2896374045000001
Jens Hegeler,Hertha Berlin,0.74241242,0,13,-0.74241242
Jens Stryger Larsen,Denmark,0.042940371000000005,0,2,-0.042940371000000005
Jens-Lys Michel Cajuste,Stade de Reims,0.064137034,0,1,-0.064137034
Jeong-Ho Hong,Augsburg,1.592365292,2,15,0.407634708
Jerdy Schouten,Netherlands,0.18481383,0,1,-0.18481383
Jere Juhani Uronen,Charlotte,0.013120734,0,1,-0.013120734
Jeremain Lens,Sunderland,1.9358213005,3,28,1.0641786995
Jeremie Boga,Côte d'Ivoire,0.06836465,0,1,-0.06836465
Jeremie Boga,Granada,0.13785292,0,1,-0.13785292
Jeremie Boga,Rennes,2.1979408449999998,3,21,0.8020591550000002
Jeremie Frimpong,Bayer Leverkusen,9.122500807,9,56,-0.12250080699999977
Jeremie Frimpong,Netherlands,0.20835051,0,2,-0.20835051
Jeremy Doku,Belgium,0.746383429,0,8,-0.746383429
Jeremy Leonel Sarmiento Morante,Ecuador,0.57670544,1,7,0.42329456
Jeremy Toljan,Hoffenheim,0.606030461,1,6,0.393969539
Jermain Defoe,Sunderland,13.720946518,15,88,1.2790534820000001
Jermain Defoe,Tottenham Hotspur,0.245024684,0,3,-0.245024684
Jermaine Pennant,Leeds United,0.112083166,0,2,-0.112083166
Jermaine Pennant,Liverpool,0.06226435,0,1,-0.06226435
Jermaine Seoposenwe,South Africa Women's,0.159113393,0,4,-0.159113393
Jerry Lalrinzuala,Chennaiyin,0.286796661,0,6,-0.286796661
Jerry Mawihmingthanga,Odisha,2.084759252,3,22,0.915240748
Jerry Uche Mbakogu,Carpi,6.125535427,2,35,-4.125535427
Jerónimo Figueroa Cabrera,Las Palmas,1.538162818,0,18,-1.538162818
Jesper Lindstrøm,Denmark,0.5001197900000001,0,3,-0.5001197900000001
Jesse Lingard,England,1.3162628029999999,1,16,-0.31626280299999987
Jesse Lingard,Manchester United,3.132120703,4,31,0.867879297
Jessel Carneiro,Kerala Blasters,0.312498305,0,6,-0.312498305
Jessic Ngankam,FSV Mainz 05,0.040724125,0,1,-0.040724125
Jessica Anne Clarke,Liverpool WFC,3.585538946,1,28,-2.585538946
Jessica Carter,Chelsea FCW,1.124251563,1,7,-0.12425156300000006
Jessica Dahiana Martínez Villagra,FC Levante Badalona,6.155973248,8,66,1.8440267520000004
Jessica De Filippo,CD Sporting de Huelva,1.7342920210000001,1,23,-0.7342920210000001
Jessica Fishlock,OL Reign,1.284041548,0,11,-1.284041548
Jessica Fishlock,Reading WFC,2.074453028,2,34,-0.0744530280000002
Jessica Fishlock,Seattle Reign,3.361845239,4,43,0.638154761
Jessica Fishlock,Wales W,0.780827886,1,4,0.21917211400000003
Jessica May,Nürnberg W,0.215561123,0,5,-0.215561123
Jessica McDonald,North Carolina Courage,7.578084612,3,39,-4.578084612
Jessica McDonald,Racing Louisville FC,0.655045831,0,4,-0.655045831
Jessica McDonald,United States Women's,0.303652005,0,2,-0.303652005
Jessica Naz,Tottenham Hotspur Women,3.114217422,3,27,-0.11421742199999985
Jessica Park,England Women's,0.15082358,0,1,-0.15082358
Jessica Park,Manchester City WFC,3.8562042475,4,34,0.14379575249999998
Jessica Sigsworth,Manchester United,2.385554026,1,14,-1.3855540259999999
Jessica Sigsworth,Manchester United W,1.73338369,4,10,2.26661631
Jessica Ziu,West Ham United LFC,1.766795985,0,12,-1.766795985
Jessie Alexandra Fleming,Canada Women's,0.513317504,1,3,0.486682496
Jessie Alexandra Fleming,Chelsea FCW,2.16045883,1,12,-1.16045883
Jessika Rebecca Macayan Cowart,Philippines Women's,0.033877786,0,1,-0.033877786
Jessy Pi,Troyes,1.8682658735,3,54,1.1317341265
Jesus Antonio de la Cruz Gallego,Barcelona,0.03756534,0,1,-0.03756534
Jesé Rodríguez Ruiz,Las Palmas,0.256414505,0,2,-0.256414505
Jesé Rodríguez Ruiz,Real Betis,0.448502976,0,2,-0.448502976
Jesé Rodríguez Ruiz,Real Madrid,2.958590466,6,22,3.041409534
Jesús Abdallah Castillo Molina,Peru,0.023380443,0,1,-0.023380443
Jesús Capitán Prada,Real Betis,0.01505557,0,1,-0.01505557
Jesús Daniel Gallardo Vasconcelos,Mexico,0.190248425,0,2,-0.190248425
Jesús David Murillo Largacha,LAFC,0.24344181,0,2,-0.24344181
Jesús Gámez Duarte,Atlético Madrid,0.067474269,0,2,-0.067474269
Jesús Joaquín Fernández Sáez de la Torre,AC Milan,0.0305232355,0,2,-0.0305232355
Jesús Joaquín Fernández Sáez de la Torre,Genoa,2.080700235,6,37,3.919299765
Jesús Joaquín Fernández Sáez de la Torre,Sevilla,0.047583647,0,1,-0.047583647
Jesús Navas González,Manchester City,2.629182186,0,31,-2.629182186
Jesús Navas González,Sevilla,1.337275101,2,15,0.6627248990000001
Jesús Perera López,Celta Vigo,0.08631629,0,1,-0.08631629
Jesús Rueda Ambrosio,Real Valladolid,0.06211163,0,1,-0.06211163
Jewison Bennette,Costa Rica,0.03330088,0,1,-0.03330088
Jhon Adolfo Arias Andrade,Colombia,0.295132293,0,7,-0.295132293
Jhon Andrés Córdoba Copete,Colombia,1.468776765,2,11,0.5312232349999999
Jhon Andrés Córdoba Copete,Espanyol,0.09511304,0,1,-0.09511304
Jhon Andrés Córdoba Copete,FSV Mainz 05,4.96453278,5,30,0.03546722000000013
Jhonder Leonel Cádiz Fernández,Venezuela,0.9898282350000001,2,4,1.010171765
Ji-Sung Park,Manchester United,0.20727083,0,1,-0.20727083
Jiahui Lou,China PR Women's,0.13309136,0,1,-0.13309136
Jiali Tang,FC Levante Badalona,0.915893953,1,10,0.08410604700000002
Jihai Sun,Manchester City,0.025359647,0,1,-0.025359647
Jill Janssens,Belgium Women's,0.144419586,0,2,-0.144419586
Jill Janssens,Hoffenheim W,3.903668216,3,25,-0.9036682159999998
Jill Johanna Wilhelmina Baijings,Bayern München W,0.712469749,0,12,-0.712469749
Jill Roord,Arsenal WFC,9.058795008,9,64,-0.05879500800000059
Jill Roord,Manchester City WFC,4.590387344,6,27,1.4096126560000002
Jill Roord,Netherlands Women's,4.754209417,6,35,1.2457905829999998
Jill Scott,England Women's,1.69521075,1,14,-0.69521075
Jill Scott,Everton LFC,1.159855347,2,11,0.8401446530000001
Jill Scott,Manchester City WFC,4.5482964225,1,37,-3.5482964225
Jillienne Aguilera,Chicago Red Stars,0.503001536,0,4,-0.503001536
Jiloan Hamad,Hoffenheim,0.563706327,1,4,0.436293673
Jim Allevinah,Clermont Foot,0.067846814,0,2,-0.067846814
Jimena López Fuentes,Valencia CF,0.764502748,1,9,0.23549725200000005
Jimmy Briand,Guingamp,8.4907385775,7,65,-1.4907385775000002
Jimmy Cabot,Lorient,0.8153140640000001,1,11,0.18468593599999994
Jimmy Cabot,Troyes,1.418548155,3,20,1.581451845
Jimmy McAlister,Seattle Sounders,0.03592233,0,1,-0.03592233
Jin-Su Kim,Hoffenheim,0.18074422,0,7,-0.18074422
Jin-Su Kim,South Korea,0.25194842,0,3,-0.25194842
Jirí Jarošík,Real Zaragoza,0.165654112,0,2,-0.165654112
Jitendra Singh,Jamshedpur,0.6737655300000001,0,11,-0.6737655300000001
Joachim Andersen,Denmark,0.5711880500000001,0,8,-0.5711880500000001
Joakim Mæhle,Denmark,1.6791130859999999,2,13,0.32088691400000013
Joan Capdevila Méndez,RC Deportivo La Coruña,0.06286267400000001,0,2,-0.06286267400000001
Joan Capdevila Méndez,Villarreal,0.28316039,0,3,-0.28316039
Joan Jordán Moreno,Eibar,0.159513962,0,3,-0.159513962
Joan Jordán Moreno,Espanyol,0.468445164,1,9,0.531554836
Joan Jordán Moreno,Sevilla,0.116608301,0,3,-0.116608301
Joan Sastre Vanrell,Mallorca,0.016471535,0,1,-0.016471535
Joan Verdú Fernández,Espanyol,0.647511576,0,8,-0.647511576
Joan Verdú Fernández,Fiorentina,0.217220825,1,4,0.7827791749999999
Joan Verdú Fernández,Levante UD,1.235636086,1,9,-0.23563608599999997
Joan Verdú Fernández,RC Deportivo La Coruña,0.203273001,0,4,-0.203273001
Joan Verdú Fernández,Real Betis,0.014427388,0,1,-0.014427388
Joana Filipa Gaspar Silva Marchão,Portugal Women's,0.161942613,0,5,-0.161942613
Joanna Lohman,Washington Spirit,0.31893326,0,2,-0.31893326
Joanna Tynnilä,WNT Finland,0.060653849,0,2,-0.060653849
Joaquín Fernández Moreno,Real Valladolid,0.03130246,0,1,-0.03130246
Joaquín José Marín Ruiz,Rayo Vallecano,1.054667545,0,18,-1.054667545
Joaquín Oscar Larrivey,Celta Vigo,0.72852061,1,4,0.27147939
Joaquín Oscar Larrivey,Rayo Vallecano,0.205669143,0,3,-0.205669143
Joaquín Sánchez Rodríguez,Málaga,0.016267309,0,1,-0.016267309
Joaquín Sánchez Rodríguez,Real Betis,4.258245925,3,33,-1.2582459249999998
Joaquín Sánchez Rodríguez,Valencia,0.297390323,0,5,-0.297390323
Jobby Justin,Chennaiyin,1.27220704,0,5,-1.27220704
Jocky Scott,Seattle Sounders,0.477985957,0,4,-0.477985957
Jodel Dossou,Clermont Foot,0.756852335,1,3,0.24314766499999996
Jodie Brett,Brighton & Hove Albion WFC,1.263488324,1,7,-0.2634883240000001
Jodie Hutton,Aston Villa,0.575332856,0,6,-0.575332856
Jodie Taylor,England Women's,1.8533767300000001,1,6,-0.8533767300000001
Jodie Taylor,OL Reign,5.328292465,4,19,-1.3282924649999996
Jody Brown,Jamaica Women's,0.40332559,0,2,-0.40332559
Jody Craddock,Wolverhampton Wanderers,0.22499922,0,1,-0.22499922
Joe Allen,Liverpool,1.3505470039999998,2,12,0.6494529960000002
Joe Allen,Wales,0.133102681,0,4,-0.133102681
Joe Aribo,Nigeria,0.05014289,0,1,-0.05014289
Joe Cole,Chelsea,0.05688453,0,1,-0.05688453
Joe Gomez,Liverpool,0.014755701,0,1,-0.014755701
Joe Ledley,Crystal Palace,0.42160667399999996,1,7,0.578393326
Joe Rodon,Wales,0.033698373,0,1,-0.033698373
Joe Zoherliana,NorthEast United,0.160705438,0,3,-0.160705438
Joel Chukwuma Obi,Torino,0.26095645,1,3,0.73904355
Joel Gerezgiher,Eintracht Frankfurt,0.254848011,0,4,-0.254848011
Joel Joseph Chianese,Hyderabad,2.745020512,4,15,1.254979488
Joel Nathaniel Campbell Samuels,Arsenal,2.225318172,3,20,0.7746818279999999
Joel Nathaniel Campbell Samuels,Costa Rica,0.216087643,0,4,-0.216087643
Joel Pohjanpalo,Finland,1.056334608,1,7,-0.05633460800000001
Joel Ward,Crystal Palace,1.218354174,2,17,0.7816458260000001
Joelinton Cassio Apolinário de Lira,Hoffenheim,0.13128449,0,2,-0.13128449
Joelle Anderson,Houston Dash,2.809036822,1,26,-1.809036822
Joelle Wedemeyer,VfL Wolfsburg WFC,1.01689392,2,10,0.98310608
Joey Barton,Manchester City,0.054921437000000004,0,2,-0.054921437000000004
Joey Veerman,Netherlands,0.266719392,0,2,-0.266719392
Jofre González Mateu,Levante UD,0.12785605,1,1,0.87214395
Johan Andrés Mojica Palacio,Colombia,0.103180497,0,2,-0.103180497
Johan Andrés Mojica Palacio,Girona,0.11447739,0,1,-0.11447739
Johan Audel,Nantes,3.180138403,2,32,-1.180138403
Johan Bakayoko,Belgium,0.333355726,0,3,-0.333355726
Johan Cruyff,Ajax,1.418126431,2,13,0.5818735690000001
Johan Cruyff,Barcelona,0.443403653,1,7,0.5565963469999999
Johan Cruyff,Netherlands,1.5510261570000001,3,9,1.4489738429999999
Johan Danon Djourou-Gbadjere,Hamburger SV,0.997513631,2,8,1.002486369
Johan Felipe Vásquez Ibarra,Mexico,0.254914205,0,5,-0.254914205
Johan Gastien,Clermont Foot,0.660282622,1,4,0.339717378
Johan Martial,Troyes,0.10703595,0,1,-0.10703595
Johan Neeskens,Ajax,0.390999184,0,8,-0.390999184
Johan Neeskens,Netherlands,1.77597418,3,21,1.22402582
Johann Berg Guðmunds­son,Iceland,0.0532465625,0,3,-0.0532465625
Johanna Rytting-Kaneryd,Chelsea FCW,3.379518114,4,22,0.6204818859999999
Johanna Rytting-Kaneryd,Sweden Women's,1.043527578,0,11,-1.043527578
Johannes Anthonius Bernardus Metgod,Real Madrid,0.11569870400000001,0,2,-0.11569870400000001
Johannes Flum,Eintracht Frankfurt,0.133386537,0,2,-0.133386537
Johannes Geis,Schalke 04,2.620203029,2,44,-0.6202030289999998
Johannes van den Bergh,Hertha Berlin,0.10733214,0,1,-0.10733214
John Aloisi,Osasuna,0.100762213,0,2,-0.100762213
John Anthony Brooks,Hertha Berlin,1.163612359,1,9,-0.16361235900000004
John Arne Semundseth Riise,Liverpool,0.9122898030000001,0,9,-0.9122898030000001
John Guidetti,Celta Vigo,5.8287650200000005,7,33,1.1712349799999995
John Guidetti,Deportivo Alavés,0.12347558,1,1,0.87652442
John Guidetti,Sweden,0.036569428,0,1,-0.036569428
John McGinn,Scotland,0.98527789,0,7,-0.98527789
John Michael Nchekwube Obinna,Chelsea,0.785626101,0,7,-0.785626101
John O''Shea,Sunderland,0.483745522,0,8,-0.483745522
John Stones,England,2.280030318,2,16,-0.2800303180000001
John Stones,Everton,0.833359948,0,8,-0.833359948
John Terry,Chelsea,1.220429517,1,11,-0.2204295169999999
John Tolkin,New York Red Bulls,0.08429059,0,1,-0.08429059
John Tshibumbu,Gazélec Ajaccio,3.695949102,3,32,-0.6959491020000002
John Yeboah Zamora,Ecuador,0.890351188,1,4,0.10964881199999998
Johnnie Jackson,Tottenham Hotspur,0.04306325,0,1,-0.04306325
Johnny Rep,Ajax,0.469545393,1,5,0.530454607
Johnny Rep,Netherlands,2.070079893,1,13,-1.070079893
Joleon Lescott,Aston Villa,2.162184704,2,11,-0.16218470399999996
Jon Ansotegi Gorostola,Eibar,0.34388822,0,4,-0.34388822
Jon Ansotegi Gorostola,Real Sociedad,0.050146695,0,1,-0.050146695
Jon Aurtenetxe Borde,Athletic Club,0.11516172,0,1,-0.11516172
Jon Bautista Orgilles,Real Sociedad,0.359904646,1,6,0.6400953540000001
Jon Dahl Tomasson,AC Milan,0.7475352,1,1,0.25246480000000004
Jon Errasti Zabalete,Eibar,0.098608084,0,1,-0.098608084
Jon Gorenc Stankovič,Slovenia,0.0415371,0,1,-0.0415371
Jon Mikel Aramburu Mejías,Venezuela,0.025615599,0,1,-0.025615599
Jon Moncayola Tollar,Osasuna,0.231385988,0,4,-0.231385988
Jonas Gonçalves Oliveira,Valencia,0.344506921,0,8,-0.344506921
Jonas Hector,FC Köln,0.618760878,0,10,-0.618760878
Jonas Hector,Germany,0.23979619000000002,0,2,-0.23979619000000002
Jonas Hofmann,Bayer Leverkusen,6.456568212,4,62,-2.4565682119999996
Jonas Hofmann,Borussia Dortmund,0.560270154,1,6,0.439729846
Jonas Hofmann,Borussia Mönchengladbach,0.993951379,0,10,-0.993951379
Jonas Hofmann,Germany,0.13167478,0,1,-0.13167478
Jonas Martin,Montpellier,3.730710953,4,31,0.269289047
Jonas Martin,Rennes,0.053362379,0,2,-0.053362379
Jonas Older Wind,Denmark,0.916209752,0,9,-0.916209752
Jonas Older Wind,Wolfsburg,0.628113668,0,6,-0.628113668
Jonas Olsson,West Bromwich Albion,0.983633998,1,6,0.016366002000000046
Jonatan Lillebror Johansson,Charlton Athletic,0.14055663899999998,0,3,-0.14055663899999998
Jonatan Soriano Casas,Espanyol,0.021278318,0,1,-0.021278318
Jonathan Bamba,Lille,1.625587594,2,9,0.37441240600000003
Jonathan Bamba,Saint-Étienne,0.770327479,1,9,0.22967252100000002
Jonathan Brison,Saint-Étienne,0.008514812,0,1,-0.008514812
Jonathan Buatu Mananga,Angola,0.64249694,0,3,-0.64249694
Jonathan Calleri,Espanyol,0.04487017,0,1,-0.04487017
Jonathan Calleri,Las Palmas,1.559276401,1,8,-0.559276401
Jonathan Calleri,Osasuna,0.478539107,0,5,-0.478539107
Jonathan Castro Otto,Celta Vigo,1.697238645,2,17,0.3027613549999999
Jonathan Clauss,Lens,0.22988294999999997,0,3,-0.22988294999999997
Jonathan Clauss,Marseille,0.273292504,0,2,-0.273292504
Jonathan Clauss,Olympique de Marseille,0.143038,0,1,-0.143038
Jonathan David,Canada,3.6643433069999998,4,18,0.33565669300000023
Jonathan David,Lille,2.824075842,2,14,-0.8240758420000001
Jonathan Delaplace,Caen,0.16278109600000001,0,4,-0.16278109600000001
Jonathan Delaplace,Stade Malherbe Caen,0.872514004,0,14,-0.872514004
Jonathan Douglas,Blackburn Rovers,0.02560037,0,1,-0.02560037
Jonathan Grant Evans,West Bromwich Albion,2.325607756,1,9,-1.3256077560000001
Jonathan Howson,Norwich City,2.4809518379999997,3,35,0.5190481620000003
Jonathan Javier Rodríguez Portillo,RC Deportivo La Coruña,1.526647621,0,19,-1.526647621
Jonathan Ludovic Biabiany,Inter Milan,1.672231141,1,20,-0.6722311409999999
Jonathan Martins-Pereira,Guingamp,0.36140090300000005,0,5,-0.36140090300000005
Jonathan Martins-Pereira,Troyes,0.15070318000000002,0,2,-0.15070318000000002
Jonathan Osorio,Canada,0.36282147,0,3,-0.36282147
Jonathan Pereira Rodríguez,Racing Santander,0.522734213,1,4,0.477265787
Jonathan Pereira Rodríguez,Real Betis,0.194511916,0,2,-0.194511916
Jonathan Pereira Rodríguez,Villarreal,0.21921666,0,1,-0.21921666
Jonathan Rodríguez Menéndez,Deportivo Alavés,0.034930605,0,1,-0.034930605
Jonathan Rodríguez Menéndez,Málaga,0.22921422,1,1,0.77078578
Jonathan Rodríguez Menéndez,Sporting Gijón,3.6050513525,5,56,1.3949486475000001
Jonathan Schmid,Hoffenheim,2.603336427,4,20,1.396663573
Jonathan Sesma González,Cádiz,0.413809998,0,3,-0.413809998
Jonathan Sesma González,Real Valladolid,0.851030102,0,5,-0.851030102
Jonathan Tah,Bayer Leverkusen,3.318737162,4,41,0.6812628379999999
Jonathan Tah,Germany,0.029259931,0,1,-0.029259931
Jonathan Viera Ramos,Las Palmas,9.924417696999999,10,90,0.0755823030000009
Jonathan Viera Ramos,Rayo Vallecano,0.111553553,0,2,-0.111553553
Jonathan Walters,Stoke City,4.750797178,5,33,0.249202822
Jonathan de Guzmán,Carpi,0.80228214,1,2,0.19771786000000002
Jonathan de Guzmán,Mallorca,0.102546164,0,2,-0.102546164
Jonathan dos Santos Ramírez,Barcelona,0.036478638,0,2,-0.036478638
Jonathan dos Santos Ramírez,Villarreal,1.569804283,0,20,-1.569804283
Jonathas Cristian de Jesus,Elche,0.017969046,0,1,-0.017969046
Jonathas Cristian de Jesus,Odisha,6.3000127699999995,8,34,1.6999872300000005
Jonathas Cristian de Jesus,Real Sociedad,7.55992726,7,58,-0.5599272600000003
Jone Amezaga,Athletic Club Bilbao,3.270443219,5,15,1.7295567809999999
Jonhatan Montiel Caballero,Rayo Vallecano,0.056418421999999996,0,2,-0.056418421999999996
Joni Ensio Kauko,ATK Mohun Bagan,2.0691607000000003,2,16,-0.0691607000000003
Joni Ensio Kauko,Finland,0.056899514,0,2,-0.056899514
Joni Ensio Kauko,Mohun Bagan Super Giant,1.940038986,1,16,-0.940038986
Jonjo Shelvey,Newcastle United,0.9375629695000001,0,22,-0.9375629695000001
Jonjo Shelvey,Swansea City,2.113002412,1,35,-1.1130024120000002
Jonjoe Kenny,Everton,0.116181895,0,1,-0.116181895
Jonna Ann-Charlotte Andersson,Chelsea FCW,2.801824889,0,33,-2.801824889
Jonna Ann-Charlotte Andersson,Sweden Women's,0.6510228659999999,1,4,0.3489771340000001
Jonna Brengel,Eintracht Frankfurt W,0.20546734,0,1,-0.20546734
Jonás Manuel Gutiérrez,Mallorca,0.790008826,0,2,-0.790008826
Jonás Manuel Gutiérrez,RC Deportivo La Coruña,0.19375498,0,3,-0.19375498
Joo-Ho Park,Borussia Dortmund,0.34952887,0,3,-0.34952887
Joona Toivio,Finland,0.021947917,0,1,-0.021947917
Jordan Adéoti,Caen,0.125684593,0,3,-0.125684593
Jordan Adéoti,Stade Malherbe Caen,0.551636225,0,5,-0.551636225
Jordan Amavi,Aston Villa,0.3214469355,0,4,-0.3214469355
Jordan Ayew,Aston Villa,5.2355660695,7,61,1.7644339305
Jordan Ayew,Ghana,1.621158591,2,4,0.3788414090000001
Jordan Brian Henderson,England,1.375657873,2,8,0.624342127
Jordan Brian Henderson,Liverpool,2.119602908,2,28,-0.11960290800000006
Jordan Elisabeth Baggett,Racing Louisville FC,0.5447541739999999,1,3,0.4552458260000001
Jordan Ferri,Lyon,1.8695773765,2,32,0.1304226234999999
Jordan Leborgne,Caen,0.328843385,0,4,-0.328843385
Jordan Leborgne,Stade Malherbe Caen,0.207715055,0,4,-0.207715055
Jordan Lyden,Aston Villa,0.040450793,0,1,-0.040450793
Jordan Murray,Jamshedpur,3.98151028,4,33,0.01848971999999982
Jordan Nobbs,Arsenal WFC,13.879300428,18,96,4.1206995719999995
Jordan Nobbs,Aston Villa W,2.667658,2,23,-0.6676579999999999
Jordan Veretout,Aston Villa,0.710407582,0,20,-0.710407582
Jordan Veretout,Marseille,0.025268713,0,1,-0.025268713
Jordan Veretout,Olympique de Marseille,0.061303742,0,1,-0.061303742
Jordi Alba Ramos,Barcelona,11.8413012485,12,97,0.15869875149999935
Jordi Alba Ramos,Inter Miami,0.18160696,1,1,0.81839304
Jordi Alba Ramos,Spain,0.283309749,0,6,-0.283309749
Jordi Alba Ramos,Valencia,0.091961313,0,2,-0.091961313
Jordi Amat Maas,Rayo Vallecano,0.09209508500000001,0,2,-0.09209508500000001
Jordi Amat Maas,Swansea City,0.17735337,0,1,-0.17735337
Jordi Figueras Montel,Real Betis,0.049341515,0,1,-0.049341515
Jordi Gómez García-Penche,Sunderland,0.07595604,0,2,-0.07595604
Jordi López Felpeto,Sevilla,0.008891906,0,1,-0.008891906
Jordi Xumetra Feliu,Levante UD,1.101018089,0,8,-1.101018089
Jordon Ibe,Liverpool,1.736566324,1,30,-0.736566324
Jordon Mutch,Crystal Palace,1.484525257,0,16,-1.484525257
Jordy Clasie,Southampton,0.6169196275,0,14,-0.6169196275
Jordy Josué Caicedo Medina,Ecuador,1.0458106600000001,1,3,-0.045810660000000114
Jordyn Listro,Orlando Pride,0.05699562,0,1,-0.05699562
Jordyn Pamela Huitema,Canada Women's,0.809727629,0,13,-0.809727629
Jordyn Pamela Huitema,Seattle Reign,6.278491574,5,39,-1.2784915740000002
Jorelyn Andrea Daniela Carabalí Martínez,Brighton & Hove Albion WFC,0.558058721,0,7,-0.558058721
Jorelyn Andrea Daniela Carabalí Martínez,Colombia Women's,0.34400876999999996,0,2,-0.34400876999999996
Jorge Alberto Francisco Valdano Castellano,Argentina,0.929765759,1,7,0.07023424099999998
Jorge Andrés Carrascal Guardo,Colombia,0.06977261,0,1,-0.06977261
Jorge Andújar Moreno,Levante UD,0.147528804,0,4,-0.147528804
Jorge Andújar Moreno,Sevilla,3.200844981,2,36,-1.200844981
Jorge Benítez,Boca Juniors,0.01929476,0,1,-0.01929476
Jorge De Frutos Sebastián,Levante UD,0.233507937,0,2,-0.233507937
Jorge Eduardo Sánchez Ramos,Mexico,0.317508648,0,4,-0.317508648
Jorge Fernández Armas,Las Palmas,0.050229684999999996,0,2,-0.050229684999999996
Jorge Franco Alviz,Deportivo Alavés,0.18598095,0,1,-0.18598095
Jorge Franco Alviz,Espanyol,3.615005519,1,30,-2.615005519
Jorge Franco Alviz,Sporting Gijón,0.08534932,0,1,-0.08534932
Jorge Gonzalez Diaz,Getafe,0.22394149,0,1,-0.22394149
Jorge José de Amorim Campos,Brazil,0.12813532,0,1,-0.12813532
Jorge Luis Burruchaga,Argentina,0.5185343554999999,1,8,0.48146564450000007
Jorge Luiz Frello Filho,Italy,1.49259535,1,2,-0.49259535
Jorge Luiz Frello Filho,Napoli,0.186460448,0,6,-0.186460448
Jorge López Montaña,Racing Santander,0.048361948,0,2,-0.048361948
Jorge López Montaña,Real Zaragoza,0.040240154,1,1,0.959759846
Jorge Manuel Almeida Gomes de Andrade,RC Deportivo La Coruña,0.16727263,0,1,-0.16727263
Jorge Meré Pérez,Sporting Gijón,0.860714996,0,8,-0.860714996
Jorge Molina Vidal,Getafe,1.4653699519999999,0,7,-1.4653699519999999
Jorge Molina Vidal,Granada,0.08093802,1,1,0.91906198
Jorge Molina Vidal,Real Betis,4.170098785,2,26,-2.1700987850000004
Jorge Ortiz Mendoza,Goa,5.701534669,8,60,2.298465331
Jorge Pulido Mayoral,Rayo Vallecano,0.03945045,0,1,-0.03945045
Jorge Resurrección Merodio,Atlético Madrid,3.8706610955,5,54,1.1293389045
Jorge Resurrección Merodio,Spain,1.449194533,0,9,-1.449194533
Jorge Rolando Pereyra Díaz,Kerala Blasters,7.414787473,8,37,0.5852125270000004
Jorge Sammir Cruz Campos,Getafe,0.021123644,0,1,-0.021123644
Joris Chotard,Montpellier,0.31546783,0,1,-0.31546783
Joris Gnagnon,Rennes,0.058750929,0,3,-0.058750929
Joris Kayembe Ditu,Congo DR,0.7391287,1,1,0.26087130000000003
Joris Marveaux,Montpellier,0.86212645,1,4,0.13787355
Josanne Potter,Reading WFC,1.370990698,1,11,-0.37099069799999995
Jose Luis Martí Soler,Mallorca,0.124724629,0,3,-0.124724629
Jose María Movilla Cubero,Real Zaragoza,0.014255288,0,1,-0.014255288
Joseba Andoni Etxeberria Lizardi,Athletic Club,0.18500997,0,2,-0.18500997
Joseba Garmendia Elorriaga,Athletic Club,0.329578298,0,3,-0.329578298
Joseba Llorente Etxarri,Osasuna,0.96006761,1,4,0.03993239000000004
Joseba Llorente Etxarri,Real Valladolid,0.5627809730000001,1,4,0.4372190269999999
Joseba Llorente Etxarri,Villarreal,1.1474380599999998,3,3,1.8525619400000002
Joseba Zaldúa Bengoetxea,Leganés,0.019815676,0,1,-0.019815676
Joseba Zaldúa Bengoetxea,Real Sociedad,0.068846957,0,2,-0.068846957
Josef Alexander Martínez Mencia,Inter Miami,0.694703783,0,5,-0.694703783
Josef Alexander Martínez Mencia,Torino,3.666031733,3,35,-0.6660317330000001
Joseff Morrell,Wales,0.021469621,0,1,-0.021469621
Josefine Hasbo,Denmark Women's,0.282800555,0,3,-0.282800555
Josefine Schaller,RB Leipzig W,0.374044194,0,6,-0.374044194
Josep Señé Escudero,Celta Vigo,0.15403181,0,2,-0.15403181
Joseph Alfred Duncan,Sassuolo,1.839319001,1,39,-0.839319001
Joseph Paintsil,Ghana,0.40235928,0,1,-0.40235928
Joseph Phillip Yobo,Everton,0.06429982,0,1,-0.06429982
Joseph Scally,Borussia Mönchengladbach,0.013547415,0,1,-0.013547415
Joseph Scally,United States,0.01062992,0,1,-0.01062992
Josh Onomah,Tottenham Hotspur,0.21202490599999999,0,3,-0.21202490599999999
Josh Risdon,Australia,0.051820904,0,1,-0.051820904
Josha Mamadou Karaboue Vagnoman,VfB Stuttgart,0.3896594,0,1,-0.3896594
Joshua Kimmich,Bayern Munich,0.335756403,0,8,-0.335756403
Joshua Kimmich,Germany,1.243902955,0,18,-1.243902955
Joshua King,AFC Bournemouth,7.013875049,6,56,-1.0138750490000001
Joshua Sargent,United States,0.488495286,0,5,-0.488495286
Josie Green,Leicester City WFC,0.072454359,0,2,-0.072454359
Josie Green,Tottenham Hotspur Women,1.27390165,0,21,-1.27390165
Josie Green,Wales W,0.554599194,0,3,-0.554599194
Josimar Alcócer,Costa Rica,0.015388032,1,1,0.984611968
Josip Drmic,Borussia Mönchengladbach,0.997808765,1,8,0.002191234999999958
Josip Drmic,Hamburger SV,1.569179714,1,7,-0.5691797139999999
Josip Drmic,Switzerland,0.443110881,1,4,0.556889119
Josip Iličić,Fiorentina,8.762529369,13,74,4.237470631000001
Josip Iličić,Slovenia,0.81915374,0,2,-0.81915374
Josip Juranović,Croatia,0.068601338,0,2,-0.068601338
Josip Pivarić,Croatia,0.786114188,0,3,-0.786114188
Josip Radošević,Eibar,0.018773487,0,1,-0.018773487
Josip Stanišić,Bayer Leverkusen,0.6813324239999999,3,10,2.318667576
Josip Stanišić,Croatia,0.464756043,0,2,-0.464756043
Josip Šutalo,Croatia,0.28079134,0,1,-0.28079134
Josu Sarriegi Zumárraga,Deportivo Alavés,0.041895885,0,1,-0.041895885
Josuha Guilavogui,Wolfsburg,1.6605906875,2,24,0.33940931249999995
José Adoni Cifuentes Charcopa,Ecuador,0.018031033,0,1,-0.018031033
José Alberto Cañas Ruiz Herrera,Real Betis,0.015691325,0,1,-0.015691325
José Alejandro Suárez Martín,Levante UD,0.037126828,0,1,-0.037126828
José Andrés Guardado Hernández,Mexico,0.646324946,0,8,-0.646324946
José Andrés Guardado Hernández,RC Deportivo La Coruña,0.122263386,0,3,-0.122263386
José Andrés Guardado Hernández,Real Betis,0.05358793,0,2,-0.05358793
José Andrés Guardado Hernández,Valencia,0.175835394,0,5,-0.175835394
José Andrés Martínez Torres,Venezuela,0.275788462,0,4,-0.275788462
José Antonio Caro Martínez,Real Betis,0.200980817,0,2,-0.200980817
José Antonio Delgado Villar,Real Betis,0.066381146,0,3,-0.066381146
José Antonio Dorado Ramírez,Rayo Vallecano,0.06862697,0,1,-0.06862697
José Antonio Dorado Ramírez,Real Betis,0.03704831,0,1,-0.03704831
José Antonio García Calvo,Real Valladolid,0.020134473,0,1,-0.020134473
José Antonio García Rabasco,Almería,0.031794645,0,1,-0.031794645
José Antonio García Rabasco,Levante UD,2.442159238,2,25,-0.4421592379999999
José Antonio Miranda Boacho,Equatorial Guinea,0.090233339,1,3,0.909766661
José Antonio Miranda Boacho,Getafe,0.105689704,0,1,-0.105689704
José Antonio Reyes Calderón,Arsenal,1.933407209,2,22,0.06659279099999993
José Antonio Reyes Calderón,Atlético Madrid,0.161813427,0,6,-0.161813427
José Antonio Reyes Calderón,Real Madrid,0.03005911,0,1,-0.03005911
José Antonio Reyes Calderón,Sevilla,2.409389896,1,24,-1.409389896
José Antonio Rodríguez Díaz,Granada,0.293435304,0,5,-0.293435304
José Antonio Salguero García,Real Madrid,0.083824564,0,2,-0.083824564
José Carlos Fernández Vázquez,Rayo Vallecano,0.068890116,0,3,-0.068890116
José Carlos de Araújo Nunes,Mallorca,0.311084412,1,3,0.688915588
José Correia,Guinea-Bissau,0.340123369,1,4,0.6598766309999999
José Diogo Dalot Teixeira,Portugal,0.100881035,0,4,-0.100881035
José Edmílson Gomes de Moraes,Barcelona,1.1770796425,0,20,-1.1770796425
José Edmílson Gomes de Moraes,Real Zaragoza,0.011894919,0,1,-0.011894919
José Eduardo Albácar Gallego,Elche,0.06628777,0,1,-0.06628777
José Eduardo Rosa Vale de Castro,RC Deportivo La Coruña,0.168477887,0,3,-0.168477887
José Eduardo Rosa Vale de Castro,Rayo Vallecano,0.617338675,2,10,1.382661325
José Ely de Miranda,Brazil,0.39457005700000003,0,7,-0.39457005700000003
José Ernesto Sosa,Atlético Madrid,0.09508682,0,1,-0.09508682
José Fajardo Nelson,Panama,0.924955091,2,8,1.075044909
José Guimarães Dirceu,Brazil,0.059326144,0,2,-0.059326144
José Holebas,Watford,0.858011925,0,13,-0.858011925
José Ignacio Fernández Iglesias,Real Madrid,0.356978119,0,6,-0.356978119
José Ignacio Fernández Iglesias,Spain,0.03411312,1,1,0.96588688
José Ignacio Martínez García,Rayo Vallecano,0.765382942,0,15,-0.765382942
José Ignacio Martínez García,Real Valladolid,0.08739941650000001,0,4,-0.08739941650000001
José Ignacio Peleteiro Ramallo,Eibar,0.920811107,0,14,-0.920811107
José Isidoro Gómez Torres,Real Betis,0.19112274,0,1,-0.19112274
José Javier Barkero Saludes,CD Numancia de Soria,0.07875443,1,1,0.92124557
José Javier Barkero Saludes,Levante UD,1.9916511959999998,1,6,-0.9916511959999998
José Joaquín Moreno Verdú,Villarreal,0.31245767,0,3,-0.31245767
José João Altafini,Juventus,0.21398191,0,3,-0.21398191
José Leonardo Ulloa,Leicester City,5.699124992,6,33,0.3008750080000002
José Luis Brown,Argentina,0.095762816,1,2,0.904237184
José Luis Cuciuffo,Argentina,0.013477263,0,1,-0.013477263
José Luis Espinosa Arroyo,ATK Mohun Bagan,0.05008278,0,1,-0.05008278
José Luis Espinosa Arroyo,Mohun Bagan Super Giant,0.035413247,0,1,-0.035413247
José Luis García del Pozo,Granada,0.027537223,0,1,-0.027537223
José Luis García del Pozo,Leganés,0.17329461999999998,0,2,-0.17329461999999998
José Luis García del Pozo,Málaga,2.0919962795,0,38,-2.0919962795
José Luis Gayà Peña,Spain,0.15037884299999998,0,3,-0.15037884299999998
José Luis Gayà Peña,Valencia,0.7333742209999999,0,7,-0.7333742209999999
José Luis Morales Nogales,Levante UD,6.4040682345,8,82,1.5959317654999996
José Luis Moreno Barroso,Villarreal,0.0599659,0,1,-0.0599659
José Luis Pavoni,River Plate,0.03444152,0,1,-0.03444152
José Luis Rodríguez Francis,Panama,0.24253869600000003,0,5,-0.24253869600000003
José Luis Sanmartín Mato,Deportivo Alavés,0.1365661,0,4,-0.1365661
José Luis Sanmartín Mato,RC Deportivo La Coruña,0.567231867,1,4,0.43276813300000005
José Luis Sanmartín Mato,Spain,0.262635126,0,3,-0.262635126
José Luis Sanmartín Mato,Stoke City,2.38282188,4,29,1.6171781200000002
José Manuel Arnáiz Díaz,Osasuna,0.116072026,1,2,0.883927974
José Manuel Casado Bizcocho,Rayo Vallecano,0.028566524,0,1,-0.028566524
José Manuel Fontán Mondragón,Celta Vigo,0.028459888,0,1,-0.028459888
José Manuel González Ortiz,Recreativo Huelva,0.044774417,0,1,-0.044774417
José Manuel Jiménez Ortiz,Almería,0.029055016,0,2,-0.029055016
José Manuel Jiménez Ortiz,Getafe,0.016001428,0,1,-0.016001428
José Manuel Jurado Marín,Atlético Madrid,0.35444003300000004,0,6,-0.35444003300000004
José Manuel Jurado Marín,Espanyol,0.25580395,0,3,-0.25580395
José Manuel Jurado Marín,Watford,1.674510801,0,36,-1.674510801
José Manuel Rueda Sampedro,Barcelona,0.093357794,0,1,-0.093357794
José Marcelo Salas Melinao,River Plate,0.425974506,0,4,-0.425974506
José Maria Gutiérrez Hernández,Real Madrid,0.187730641,0,4,-0.187730641
José Martín Cáceres Silva,Barcelona,0.048132103,0,1,-0.048132103
José Martín Cáceres Silva,Juventus,0.085000957,0,2,-0.085000957
José Martín Cáceres Silva,Sevilla,0.26617504000000003,0,3,-0.26617504000000003
José Martín Cáceres Silva,Uruguay,0.947139784,0,7,-0.947139784
José Martínez Sánchez,Real Madrid,0.255903864,0,4,-0.255903864
José María Callejón Bueno,Espanyol,0.242023865,0,3,-0.242023865
José María Callejón Bueno,Napoli,8.307086841,7,64,-1.3070868410000003
José María Calvo,Gimnàstic Tarragona,0.07352145,0,1,-0.07352145
José María Giménez de Vargas,Atlético Madrid,2.036094682,1,17,-1.0360946819999999
José María Giménez de Vargas,Uruguay,1.58427017,1,12,-0.5842701699999999
José María Martín-Bejarano Serrano,Levante UD,0.555346123,0,13,-0.555346123
José María Romero Poyón,Real Betis,0.44852317,1,2,0.5514768299999999
José María Romero Poyón,Villarreal,0.09959211,0,1,-0.09959211
José Mauri,AC Milan,0.282465266,0,7,-0.282465266
José Miguel da Rocha Fonte,Portugal,0.296171689,0,4,-0.296171689
José Miguel da Rocha Fonte,Southampton,2.878885028,2,24,-0.878885028
José Nabil Onva Adjugu,Equatorial Guinea,0.121651776,0,1,-0.121651776
José Ndong Machín Dicombo,Equatorial Guinea,0.07039311300000001,0,2,-0.07039311300000001
José Ortiz Bernal,Almería,0.35140989,0,2,-0.35140989
José Paolo Guerrero Gonzáles,Peru,1.579409102,1,11,-0.5794091020000001
José Paulo Bezzera Maciel Júnior,Barcelona,8.514855065999999,9,43,0.4851449340000009
José Paulo Bezzera Maciel Júnior,Brazil,1.81450166,1,6,-0.8145016599999999
José Ramiro Funes Mori,Everton,2.679419827,4,24,1.3205801730000002
José Ramiro Funes Mori,Villarreal,0.013115073,0,1,-0.013115073
José Ramón Alexanko Ventosa,Barcelona,0.771054638,0,4,-0.771054638
José Raúl Baena Urdiales,Espanyol,0.126857276,0,3,-0.126857276
José Raúl Baena Urdiales,Rayo Vallecano,0.940906966,1,10,0.05909303399999999
José Raúl Gutiérrez Parejo,Elche,0.008633067,0,1,-0.008633067
José Rodolfo Pires Ribeiro,Sampdoria,0.629673592,0,11,-0.629673592
José Rodríguez Martínez,RC Deportivo La Coruña,0.26409367,0,1,-0.26409367
José Romero Urtasun,Osasuna,0.09812622,0,1,-0.09812622
José Salomón Rondón Giménez,Málaga,0.462801951,2,5,1.5371980490000001
José Salomón Rondón Giménez,Venezuela,3.025736803,4,19,0.974263197
José Salomón Rondón Giménez,West Bromwich Albion,9.278961016,9,72,-0.27896101600000023
José Verdú Nicolás,RC Deportivo La Coruña,0.07797471,0,1,-0.07797471
José Vicente Gómez Umpiérrez,Las Palmas,0.3046217075,1,8,0.6953782925
José Ángel Crespo Rincón,Rayo Vallecano,0.028610636,0,1,-0.028610636
José Ángel Córdoba Chambers,Panama,0.030843824,0,1,-0.030843824
José Ángel Gómez Campaña,Levante UD,0.77169626,1,7,0.22830373999999998
José Ángel Pozo la Rosa,Rayo Vallecano,0.15281379,0,1,-0.15281379
José Ángel Rivero Gutiérrez,Las Palmas,0.011493534,0,1,-0.011493534
José Ángel Valdés Díaz,Eibar,0.192025755,0,5,-0.192025755
José Ángel Valdés Díaz,Sporting Gijón,0.018491326,0,1,-0.018491326
Jovana Damnjanović,Bayern München W,5.228576466,8,23,2.771423534
Jovane Eduardo Borges Cabral,Cape Verde Islands,0.768162938,0,9,-0.768162938
Jovani Francisco Welch Lopez,Panama,0.060867037,0,3,-0.060867037
Joy Ebinemiere Bokiri,CD Sporting de Huelva,0.03242099,0,1,-0.03242099
Joyner Lourenco,East Bengal,0.010214978,0,1,-0.010214978
Jozabed Sánchez Ruiz,Celta Vigo,0.14622802,0,1,-0.14622802
Jozabed Sánchez Ruiz,Rayo Vallecano,4.578551768,9,45,4.421448232
Jozef Adamec,Czechoslovakia,0.043967914,0,2,-0.043967914
João Fernando Nelo,Celta Vigo,0.826878848,1,5,0.173121152
João Filipe Iria Santos Moutinho,AS Monaco,1.121038601,1,22,-0.12103860099999997
João Filipe Iria Santos Moutinho,Portugal,0.104178663,0,3,-0.104178663
João Félix Sequeira,Atlético Madrid,0.21002963200000002,0,4,-0.21002963200000002
João Félix Sequeira,Portugal,1.7922839640000001,1,19,-0.7922839640000001
João Maria Lobo Alves Palhinha Gonçalves,Portugal,0.380472944,0,11,-0.380472944
João Miranda de Souza Filho,Atlético Madrid,0.423918515,0,4,-0.423918515
João Miranda de Souza Filho,Brazil,0.08447387,0,1,-0.08447387
João Miranda de Souza Filho,Inter Milan,1.324327064,1,10,-0.324327064
João Mário Naval da Costa Eduardo,Portugal,0.04724082,0,1,-0.04724082
João Neves,Portugal,0.033964157,0,1,-0.033964157
João Paulo Moreira Fernandes,Cape Verde Islands,0.22879715,0,4,-0.22879715
João Pedro Cavaco Cancelo,Portugal,0.33695272499999995,0,4,-0.33695272499999995
João Pedro Cavaco Cancelo,Valencia,1.161552206,1,11,-0.1615522060000001
João Pedro Neves Filipe,Real Valladolid,0.02913738,0,1,-0.02913738
João Victor Gomes da Silva,Brazil,0.043790746,0,1,-0.043790746
João Victor de Albuquerque Bruno,Hyderabad,3.61143423,6,25,2.38856577
João Victor de Albuquerque Bruno,Mallorca,0.3705556,0,1,-0.3705556
João Victor de Albuquerque Bruno,SC Delhi,0.050681774,0,1,-0.050681774
Joël Andre Job Matip,Schalke 04,3.486555857,3,31,-0.4865558569999999
Joško Gvardiol,Croatia,0.807668368,1,7,0.19233163200000003
Juan Alberto Andreu Alvarado,Real Betis,0.06427958,1,1,0.93572042
Juan Alberto Barbas Martínez,Argentina U20,0.0793371,0,1,-0.0793371
Juan Antonio González Fernández,Hyderabad,1.094100789,0,10,-1.094100789
Juan Antonio González Fernández,SC Delhi,0.0850159,0,1,-0.0850159
Juan Antonio Rodríguez Villamuela,Getafe,1.3333544503,0,20,-1.3333544503
Juan Antonio Rodríguez Villamuela,RC Deportivo La Coruña,0.38436132799999995,1,4,0.615638672
Juan Bernat Velasco,Bayern Munich,0.779647553,0,9,-0.779647553
Juan Bernat Velasco,Paris Saint-Germain,1.1545376699999998,1,7,-0.15453766999999985
Juan Camilo Hernández Suárez,Getafe,0.26817345000000004,0,2,-0.26817345000000004
Juan Camilo Hernández Suárez,Huesca,0.484846966,1,2,0.515153034
Juan Camilo Hernández Suárez,Mallorca,0.10349760599999999,0,2,-0.10349760599999999
Juan Camilo Zúñiga Mosquera,Bologna,0.206401863,0,8,-0.206401863
Juan Carlos,CD Numancia de Soria,0.033395622,0,1,-0.033395622
Juan Carlos Paredes Reasco,Watford,0.170218521,0,5,-0.170218521
Juan Carlos Pérez López,Barcelona,0.248412981,1,2,0.751587019
Juan Carlos Pérez López,Málaga,2.486744362,1,16,-1.486744362
Juan Carlos Pérez López,Real Betis,0.216458141,0,2,-0.216458141
Juan Carlos Pérez Rojo,Barcelona,0.08501409,0,1,-0.08501409
Juan Carlos Real Ruiz,Huesca,0.08922868,0,1,-0.08922868
Juan Carlos Valerón Santana,Las Palmas,0.036597844,0,1,-0.036597844
Juan Cruz Ochoa López,Real Murcia CF,0.277817497,1,2,0.722182503
Juan Daniel Forlín,Espanyol,0.09625700999999999,0,2,-0.09625700999999999
Juan Domínguez Lamas,RC Deportivo La Coruña,0.30089786599999996,0,5,-0.30089786599999996
Juan Emmanuel Culio,Las Palmas,0.11427469300000001,0,5,-0.11427469300000001
Juan Fernando Arango Sáenz,Mallorca,0.129436861,0,3,-0.129436861
Juan Fernando Quintero Paniagua,Colombia,0.29067884899999996,1,9,0.709321151
Juan Fernando Quintero Paniagua,Rennes,0.939055662,1,16,0.06094433799999999
Juan Francisco García García,Levante UD,0.370301945,0,7,-0.370301945
Juan Francisco Martínez Modesto,Osasuna,0.49186591599999996,0,4,-0.49186591599999996
Juan Francisco Martínez Modesto,Tenerife,0.192211462,0,4,-0.192211462
Juan Francisco Moreno Fuertes,Leganés,0.029371809999999998,0,2,-0.029371809999999998
Juan Francisco Moreno Fuertes,RC Deportivo La Coruña,0.634391273,1,22,0.365608727
Juan Francisco Torres Belén,Atlético Madrid,1.512294059,1,11,-0.512294059
Juan Francisco Torres Belén,Espanyol,0.05079516,0,1,-0.05079516
Juan Francisco Torres Belén,Osasuna,0.095562056,0,1,-0.095562056
Juan Guilherme Nunes Jesus,Inter Milan,0.195339814,0,4,-0.195339814
Juan Guillermo Cuadrado Bello,Chelsea,0.023504542,0,1,-0.023504542
Juan Guillermo Cuadrado Bello,Colombia,1.1223095815000002,2,7,0.8776904184999998
Juan Guillermo Cuadrado Bello,Juventus,2.997603125,4,36,1.002396875
Juan Gómez González,Real Madrid,0.21834743,0,2,-0.21834743
Juan Ignacio Gómez Taleb,Hellas Verona,3.365148107,1,36,-2.365148107
Juan Isaac Cuenca López,Barcelona,1.430940434,2,13,0.569059566
Juan Isaac Cuenca López,Granada,1.028574986,2,10,0.971425014
Juan Isaac Cuenca López,RC Deportivo La Coruña,0.29347005,0,1,-0.29347005
Juan Jesús Gutiérrez Robles,Almería,0.248921197,0,2,-0.248921197
Juan José Expósito Ruíz,Racing Santander,0.018344544,0,1,-0.018344544
Juan José López,River Plate,0.410659258,0,4,-0.410659258
Juan José Meza,Argentina U20,0.060955923,0,1,-0.060955923
Juan José Óscar Siafá Etoha,Equatorial Guinea,0.018292699,0,1,-0.018292699
Juan Luis Gómez López,Levante UD,0.033488844,0,1,-0.033488844
Juan Luis Hens Lorite,Tenerife,0.019989887,0,1,-0.019989887
Juan Manuel Asensi Ripoll,Barcelona,0.927695744,3,6,2.072304256
Juan Manuel Gómez Sánchez,Levante UD,0.14729457,0,1,-0.14729457
Juan Manuel Gómez Sánchez,Recreativo Huelva,0.131564144,0,2,-0.131564144
Juan Manuel Iturbe Arévalo,AFC Bournemouth,0.04029881,0,1,-0.04029881
Juan Manuel Iturbe Arévalo,AS Roma,0.716998677,1,9,0.283001323
Juan Manuel Mata García,Chelsea,0.8288639369999999,0,3,-0.8288639369999999
Juan Manuel Mata García,Manchester United,7.00234105,6,58,-1.00234105
Juan Manuel Mata García,Valencia,0.576162105,0,5,-0.576162105
Juan Manuel Ortiz Palazón,Almería,0.216464435,0,2,-0.216464435
Juan Manuel Vargas Risco,Real Betis,0.725848841,2,18,1.274151159
Juan Martin Mujica,Uruguay,0.13835,0,4,-0.13835
Juan Miguel Jiménez López,Málaga,0.4620452,1,1,0.5379548000000001
Juan Miguel Jiménez López,Real Betis,0.4050549,0,2,-0.4050549
Juan Miguel Jiménez López,Real Sociedad,1.373806186,2,8,0.6261938140000001
Juan Miguel Jiménez López,Southampton,0.810757742,0,6,-0.810757742
Juan Muñoz Muñoz,Sevilla,1.145776503,1,6,-0.145776503
Juan Pablo Añor Acosta,Málaga,3.407222401,4,38,0.5927775990000002
Juan Pablo Vargas Campos,Costa Rica,0.30084497,0,1,-0.30084497
Juan Pablo Ángel Arango,Aston Villa,0.822269548,0,9,-0.822269548
Juan Pedro Ramírez López,Girona,0.207926776,0,3,-0.207926776
Juan Rafael Fuentes Hernández,Espanyol,0.014421267,0,1,-0.014421267
Juan Román Riquelme,Villarreal,0.088481568,0,2,-0.088481568
Juan Torres Ruiz,Getafe,1.141561755,1,8,-0.1415617549999999
Juan Torres Ruiz,Granada,0.06302212,0,1,-0.06302212
Juan Torres Ruiz,Sevilla,0.07852898,0,1,-0.07852898
Juan Valera Espín,Getafe,0.15985908599999998,1,2,0.840140914
Juan Ángel Albín Leites,Espanyol,0.23944347,0,1,-0.23944347
Juan Ángel Albín Leites,Getafe,0.751899657,1,8,0.24810034299999995
Jubal Rocha Mendes Junior,Auxerre,0.08737232,0,1,-0.08737232
Jude Bellingham,England,2.068724901,4,12,1.931275099
Judith Steinert,SC Freiburg,1.20720607,0,16,-1.20720607
Jule Brand,Germany Women's,1.809194675,2,18,0.19080532499999991
Jule Brand,VfL Wolfsburg WFC,5.603713508,4,44,-1.6037135080000002
Jules Iloki,Nantes,2.4941421249999998,1,18,-1.4941421249999998
Jules Koundé,France,1.130428265,1,6,-0.13042826499999993
Jules Koundé,Sevilla,0.24187608,0,3,-0.24187608
Jules Olivier Ntcham,Cameroon,0.137431461,0,6,-0.137431461
Jules Olivier Ntcham,Genoa,0.978665449,0,23,-0.978665449
Julia Aguado,Real Betis Balompié,4.8550335780000005,4,33,-0.8550335780000005
Julia Angela Grosso,Canada Women's,0.089928296,0,3,-0.089928296
Julia Angela Grosso,Juventus W,4.201896932,6,46,1.7981030679999996
Julia Debitzki,SGS Essen 19/68,0.19686007,0,2,-0.19686007
Julia Hickelsberger Füller,Austria Women's,0.743591589,0,10,-0.743591589
Julia Hickelsberger Füller,Hoffenheim W,1.319971842,1,11,-0.31997184199999995
Julia Karlenäs,Como W,4.6120537225,6,44,1.3879462775000002
Julia Landenberger,RB Leipzig W,0.404158237,0,5,-0.404158237
Julia Mora Tobías,FC Levante Badalona,0.41544446,1,1,0.58455554
Julia Nicole Lester,Racing Louisville FC,0.035147693,0,1,-0.035147693
Julia Simic,West Ham United LFC,1.536201152,2,14,0.46379884799999993
Julia Stierli,Switzerland Women's,0.07242246699999999,0,2,-0.07242246699999999
Julia Zigiotti-Olme,Brighton & Hove Albion WFC,0.535218605,0,11,-0.535218605
Julia Zigiotti-Olme,Sweden Women's,1.167673997,1,6,-0.16767399700000007
Julian Baumgartlinger,FSV Mainz 05,1.104103557,2,13,0.895896443
Julian Brandt,Bayer Leverkusen,4.079283208,9,30,4.920716792
Julian Brandt,Borussia Dortmund,0.111196691,0,2,-0.111196691
Julian Brandt,Germany,0.333916346,0,4,-0.333916346
Julian Chabot,FC Köln,0.23319172999999999,0,2,-0.23319172999999999
Julian Draxler,Germany,0.578128371,0,6,-0.578128371
Julian Draxler,Paris Saint-Germain,0.16243846,0,2,-0.16243846
Julian Draxler,Schalke 04,0.641050821,1,10,0.358949179
Julian Draxler,Wolfsburg,3.971996736,5,34,1.028003264
Julian Jeanvier,Auxerre,0.109150305,0,1,-0.109150305
Julian Jeanvier,Guinea,0.439218428,0,4,-0.439218428
Julian Korb,Borussia Mönchengladbach,0.603473766,1,5,0.396526234
Julian Palmieri,Bastia,1.366174964,2,17,0.633825036
Julian Ryerson,Borussia Dortmund,0.25773972,1,2,0.74226028
Julian Schieber,Borussia Dortmund,0.052650813,0,1,-0.052650813
Julian Schieber,Hertha Berlin,0.073868639,0,2,-0.073868639
Julian Weigl,Borussia Dortmund,0.33395432199999997,0,9,-0.33395432199999997
Juliana Aparecida Paulino Cardozo,SD Eibar,0.641842522,0,9,-0.641842522
Juliane Wirtz,SV Werder Bremen,3.240386869,1,18,-2.240386869
Juliano Haus Belletti,Barcelona,0.7427912603,0,13,-0.7427912603
Julie Aune Jorde,TSV Bayer 04 Leverkusen,0.095144777,1,2,0.904855223
Julie Beth Ertz,Angel City,0.904652267,1,8,0.09534773299999999
Julie Beth Ertz,Chicago Red Stars,0.797555831,0,3,-0.797555831
Julie Beth Ertz,United States Women's,2.408908952,1,21,-1.408908952
Julie Biesmans,Bristol City WFC,0.421223892,0,8,-0.421223892
Julie Blakstad,Manchester City WFC,0.089410745,0,1,-0.089410745
Julie Blakstad,Norway Women's,0.10474848,1,1,0.89525152
Julie Doyle,Orlando Pride,1.8274257660000002,2,17,0.17257423399999983
Julie Nelson,Northern Ireland W,0.2409379,1,1,0.7590621
Julie Piga,AC Milan W,0.8634742009999999,0,13,-0.8634742009999999
Julie Thibaud,Leicester City WFC,0.602952972,0,5,-0.602952972
Julien Bègue,Guingamp,0.344902745,0,2,-0.344902745
Julien Cardy,Guingamp,0.636447711,0,5,-0.636447711
Julien Escudé,Sevilla,0.073901996,0,1,-0.073901996
Julien Féret,Caen,0.7018506735,2,9,1.2981493265
Julien Féret,Stade Malherbe Caen,2.2966830435,2,24,-0.29668304349999985
Julien Rodriguez,AS Monaco,0.17235142,0,1,-0.17235142
Julien Romain,Bastia,0.151890242,2,2,1.848109758
Juliette Kemppi,Bristol City WFC,0.5757451955,1,7,0.42425480449999997
Juliette Kemppi,WNT Finland,0.060756747,0,1,-0.060756747
Julio Alberto Moreno Casas,Barcelona,0.027478318,0,2,-0.027478318
Julio Alberto Temistocles Baylón Aragones,Peru,0.015432963,0,1,-0.015432963
Julio César Cortés Lagos,Uruguay,0.094672074,0,4,-0.094672074
Julio César Enciso Espínola,Paraguay,0.881083673,1,14,0.11891632699999999
Julio César Morales Araújo,Uruguay,0.47741157,0,1,-0.47741157
Julio César Toresani,Boca Juniors,0.20392416,1,1,0.79607584
Julio Jorge Olarticoechea,Argentina,0.059747588,0,1,-0.059747588
Julio Álvarez Mosquera,Almería,0.117874533,0,2,-0.117874533
Julián Andrés Quiñones Quiñones,Mexico,0.789361161,0,8,-0.789361161
Julián Malatini,Werder Bremen,0.05154897,0,1,-0.05154897
Julián de Guzmán,RC Deportivo La Coruña,0.032566308,0,2,-0.032566308
Julián Álvarez,Argentina,3.952283267,7,21,3.047716733
Jun Endo,Angel City,2.213620553,3,16,0.7863794469999998
Jun Endo,Japan Women's,0.482021294,1,4,0.5179787060000001
Junichi Inamoto,Fulham,0.026289377,0,1,-0.026289377
Junior Stanislas,AFC Bournemouth,3.845567681,3,46,-0.8455676809999999
Junya Ito,Japan,0.20924024000000002,0,2,-0.20924024000000002
Junya Ito,Stade de Reims,0.210585105,0,2,-0.210585105
Juraj Kucka,AC Milan,3.74321062,1,51,-2.74321062
Juraj Kucka,Slovakia,0.734954914,0,13,-0.734954914
Jure Balkovec,Slovenia,0.74516124,0,1,-0.74516124
Jurriën David Norman Timber,Netherlands,0.01948011,0,1,-0.01948011
Jussiê Ferreira Vieira,Bordeaux,0.226709318,0,2,-0.226709318
Just Louis Fontaine,France,0.768572866,1,6,0.23142713400000003
Justin Gideon Njinmah,Werder Bremen,0.124486774,0,1,-0.124486774
Justin Kluivert,OGC Nice,0.105832451,0,2,-0.105832451
Justin Meram,Charlotte,0.025049994,0,1,-0.025049994
Justine Kvaleng Kielland,Norway Women's,0.0461908,0,1,-0.0461908
Justine Vanhaevermaet,Belgium Women's,1.092117032,2,6,0.907882968
Justine Vanhaevermaet,Everton LFC,3.589845184,1,13,-2.589845184
Jutta Rantala,Leicester City WFC,5.33886583,5,54,-0.3388658299999996
Júlia Bartel Hogado,Barcelona WFC,0.29965112,0,1,-0.29965112
Jérémie Aliadière,Arsenal,0.828941753,0,7,-0.828941753
Jérémie Bréchet,Gazélec Ajaccio,0.013305233,0,1,-0.013305233
Jérémy Bela,Angola,0.073613256,0,1,-0.073613256
Jérémy Clément,Saint-Étienne,0.025742637,0,1,-0.025742637
Jérémy Mathieu,Barcelona,2.221596233,3,22,0.7784037669999999
Jérémy Mathieu,Valencia,0.072776197,0,3,-0.072776197
Jérémy Morel,Lyon,0.490284165,0,9,-0.490284165
Jérémy Ménez,AC Milan,1.551209333,2,6,0.4487906669999999
Jérémy Pied,OGC Nice,1.1941813940000001,0,21,-1.1941813940000001
Jérémy Sorbon,Guingamp,0.969645359,2,8,1.030354641
Jérémy Toulalan,AS Monaco,0.15233561099999998,0,6,-0.15233561099999998
Jérôme Boateng,Bayern Munich,0.2685180155,0,8,-0.2685180155
Jérôme Boateng,Germany,0.065101802,0,3,-0.065101802
Jérôme Gondorf,Darmstadt 98,2.0022614340000002,3,22,0.9977385659999998
Jérôme Le Moigne,Gazélec Ajaccio,0.742191097,0,13,-0.742191097
Jérôme Roussillon,Montpellier,1.0962185003,3,16,1.9037814997
Jéssica da Silva,Portugal Women's,1.501084174,1,14,-0.501084174
Jón Daði Böðvarsson,Iceland,0.039093353,0,1,-0.039093353
Jörg Heinrich,Fiorentina,0.052200012,0,1,-0.052200012
Júlia Bianchi,Chicago Red Stars,0.625274639,0,15,-0.625274639
Júlio César Clement Baptista,Real Madrid,0.17123653,0,1,-0.17123653
Júnior Enrique Díaz Campbell,Darmstadt 98,0.16484986059999998,0,5,-0.16484986059999998
Júnior Leonardo Moreno Borrero,Cincinnati,0.02103202,0,1,-0.02103202
Júnior Wakalibille Lago,Mallorca,0.092939034,0,1,-0.092939034
Jürgen Grabowski,Germany,0.7419327179999999,0,2,-0.7419327179999999
Jürgen Pommerenke,German DR,0.011810365,0,1,-0.011810365
Jürgen Sparwasser,German DR,0.388372621,1,4,0.611627379
Kaan Ayhan,Turkey,0.42330486300000003,0,6,-0.42330486300000003
Kacper Urbanski,Poland,0.122033898,0,2,-0.122033898
Kadeisha Buchanan,Canada Women's,0.79294104,1,3,0.20705896000000001
Kadeisha Buchanan,Chelsea FCW,0.33247221000000005,1,2,0.66752779
Kadidiatou Diani,France Women's,9.495028325,7,51,-2.495028325
Kaheim Dixon,Jamaica,0.086954326,0,2,-0.086954326
Kahiser Lenis Navarro,Panama,0.42504330999999995,0,3,-0.42504330999999995
Kai Havertz,Germany,6.812708061,6,35,-0.8127080610000004
Kaitlyn Prior Parcell,Duisburg WFC,0.18575271799999998,0,3,-0.18575271799999998
Kaja Eržen,Fiorentina W,0.225148275,0,9,-0.225148275
Kaleigh Kurtz,North Carolina Courage,0.719194826,0,10,-0.719194826
Kaleigh Riehl,San Diego Wave,0.112771665,0,2,-0.112771665
Kalidou Koulibaly,Napoli,0.943081417,0,5,-0.943081417
Kalidou Koulibaly,Senegal,1.168545811,2,5,0.831454189
Kalifa Coulibaly,Nantes,0.49683384,0,2,-0.49683384
Kalu Uche,Almería,0.062065599,0,2,-0.062065599
Kalu Uche,Levante UD,0.05265438,0,1,-0.05265438
Kalvin Phillips,England,0.123187836,0,4,-0.123187836
Kamaldeen Sulemana,Ghana,0.041679703,0,1,-0.041679703
Kamaldeen Sulemana,Rennes,0.26252308199999996,0,3,-0.26252308199999996
Kamil Glik,Poland,0.292717436,0,5,-0.292717436
Kamil Glik,Torino,1.822618883,0,20,-1.822618883
Kamil Grosicki,Poland,0.36864351900000003,0,6,-0.36864351900000003
Kamil Grosicki,Rennes,4.819841704,9,52,4.180158296
Kamil Wilczek,Carpi,0.34909962299999997,0,5,-0.34909962299999997
Kamila Dubcová,AC Milan W,4.7189943979999995,3,29,-1.7189943979999995
Kamory Doumbia,Mali,0.584117045,0,9,-0.584117045
Kang-In Lee,South Korea,0.156986738,0,5,-0.156986738
Kanga Gauthier Akalé,Recreativo Huelva,0.24633737,0,1,-0.24633737
Kanjana Sungngoen,Thailand W,0.203698475,1,4,0.7963015250000001
Kaoru Mitoma,Japan,0.8034478300000001,0,2,-0.8034478300000001
Kara Bathmann,Duisburg WFC,0.72331727,1,8,0.27668273
Karabo Dhlamini,South Africa Women's,0.042535909999999996,0,2,-0.042535909999999996
Karen Araya,Chile Women's,0.134108846,0,6,-0.134108846
Karen Araya,Madrid CFF,5.728710653,7,73,1.2712893469999997
Karen Holmgaard,Denmark Women's,0.75731415,0,5,-0.75731415
Karen Holmgaard,Everton LFC,0.848629174,2,7,1.151370826
Karen Julia Carney,Chelsea FCW,2.35566934,1,17,-1.35566934
Karen Julia Carney,England Women's,0.047227443,0,2,-0.047227443
Karim Ansarifard,Iran,0.9007652389999999,1,4,0.09923476100000006
Karim Azamoum,Troyes,1.040276998,2,14,0.959723002
Karim Bellarabi,Bayer Leverkusen,5.476760279,6,72,0.5232397210000004
Karim Benzema,France,2.85382239,4,11,1.14617761
Karim Benzema,Real Madrid,24.734578073,31,157,6.2654219269999984
Karim El Ahmadi Al Aroos,Morocco,0.014299841,0,1,-0.014299841
Karim Konaté,Côte d'Ivoire,0.5090025970000001,0,3,-0.5090025970000001
Karim Laribi,Sassuolo,0.40661590799999997,0,10,-0.40661590799999997
Karim Onisiwo,Austria,0.08493185,0,1,-0.08493185
Karim Onisiwo,FSV Mainz 05,1.235778529,1,15,-0.23577852900000007
Karim Rekik,Olympique de Marseille,0.644161801,1,5,0.355838199
Karin Lundin,Fiorentina W,3.226418249,1,25,-2.226418249
Karina Sævik,Norway Women's,1.355395749,0,9,-1.355395749
Karl Allgöwer,VfB Stuttgart,0.173701049,0,5,-0.173701049
Karl Brillant Toko Ekambi,Cameroon,1.26013649,1,8,-0.26013649000000005
Karl Brillant Toko Ekambi,Lyon,0.266849281,0,5,-0.266849281
Karl Brillant Toko Ekambi,Rennes,0.401594017,1,4,0.5984059829999999
Karl Brillant Toko Ekambi,Villarreal,0.230879217,1,4,0.769120783
Karl-Heinz Rummenigge,Germany,0.85684815,1,2,0.14315184999999997
Karol Dobiaš,Czechoslovakia,0.120493578,0,4,-0.120493578
Karol Jokl,Czechoslovakia,0.137660588,0,6,-0.137660588
Karol Linetty,Poland,0.49697491,1,3,0.50302509
Karol Świderski,Charlotte,0.28659804,0,2,-0.28659804
Karol Świderski,Poland,0.760742859,0,7,-0.760742859
Karólína Lea Vilhjálmsdóttir,Iceland Women's,0.53194995,1,9,0.46805005
Karólína Lea Vilhjálmsdóttir,TSV Bayer 04 Leverkusen,3.318240506,5,32,1.681759494
Kasey Palmer,Jamaica,0.061255488999999996,0,2,-0.061255488999999996
Kasper Dolberg,Denmark,2.024078943,3,11,0.9759210569999999
Kasper Dolberg,OGC Nice,0.585040389,0,3,-0.585040389
Kassandra Ndoutou Eboa Missipo,Sassuolo W,1.147347142,1,17,-0.1473471420000001
Katarzyna Białoszewska,CD Sporting de Huelva,0.053486988,0,1,-0.053486988
Katarzyna Konat,CD Sporting de Huelva,0.274601319,1,5,0.7253986809999999
Kate Del Fava,KC Current,1.133952692,0,9,-1.133952692
Kate Longhurst,West Ham United LFC,4.124491132,2,31,-2.124491132
Kate Natkiel,Brighton & Hove Albion WFC,1.067453023,0,19,-1.067453023
Katerina Svitková,West Ham United LFC,1.378548009,3,13,1.621451991
Katharina Baunach,West Ham United LFC,0.704698321,3,8,2.295301679
Katharina Naschenweng,Austria Women's,0.342819267,1,4,0.657180733
Katharina Naschenweng,Bayern München W,0.992721769,3,10,2.007278231
Katharina Piljić,SGS Essen 19/68,0.5574622340000001,0,12,-0.5574622340000001
Katharina Schiechtl,Austria Women's,0.367556517,1,2,0.632443483
Kathellen Sousa Feitoza,Brazil Women's,0.21380227,0,2,-0.21380227
Kathellen Sousa Feitoza,Real Madrid CF W,1.195232109,1,7,-0.195232109
Katherine Lineth Castillo Macías,Panama Women's,0.022263428,0,1,-0.022263428
Katherine Nicole Stengel,NJ/NY Gotham FC,1.170093768,3,7,1.829906232
Katherine Reynolds,Portland Thorns,0.263355298,1,2,0.736644702
Kathleen Naughton,Houston Dash,0.12886164,0,2,-0.12886164
Kathrin Julia Hendrich,Germany Women's,0.4996521,0,2,-0.4996521
Kathrin Julia Hendrich,VfL Wolfsburg WFC,0.081316429,0,4,-0.081316429
Kathrine Møller Kühl,Denmark Women's,0.544067,0,6,-0.544067
Kathrine Møller Kühl,Everton LFC,0.442223483,0,6,-0.442223483
Katie Bowen,FC Internazionale Milano W,0.797200386,0,7,-0.797200386
Katie Bowen,New Zealand Women's,0.2267257,0,3,-0.2267257
Katie Bowen,Utah Royals,0.140223775,0,5,-0.140223775
Katie McCabe,Arsenal WFC,8.901259364,12,104,3.0987406360000005
Katie McCabe,Republic of Ireland Women's,0.822908702,1,6,0.177091298
Katie Robinson,Brighton & Hove Albion WFC,1.447644664,3,13,1.552355336
Katie Robinson,Bristol City WFC,0.5342316549999999,0,4,-0.5342316549999999
Katie Rood,Bristol City WFC,0.10950595,1,1,0.89049405
Katie Stengel,Utah Royals,1.878553277,4,14,2.121446723
Katie Zelem,Manchester United,4.396867896,5,34,0.6031321040000002
Katie Zelem,Manchester United W,3.859490431,3,38,-0.8594904310000002
Katja Snoeijs,Everton LFC,3.474458324,3,25,-0.474458324
Katja Snoeijs,Netherlands Women's,0.23616864999999998,1,2,0.76383135
Katla Tryggvadóttir,Iceland Women's,0.239476375,0,3,-0.239476375
Katlyn Alicia Johnson Carreón,Angel City,3.216432018,3,17,-0.2164320179999999
Katlyn Alicia Johnson Carreón,NJ/NY Gotham FC,0.347825793,0,2,-0.347825793
Katrina Gorry,Australia Women's,1.26841129,1,13,-0.26841128999999997
Katrina Gorry,Utah Royals,0.477107597,0,8,-0.477107597
Katrina Gorry,West Ham United LFC,0.5502552589999999,0,9,-0.5502552589999999
Katrina Jacqueline Rivera Guillou,Philippines Women's,0.143340288,0,3,-0.143340288
Katrine Veje,Arsenal WFC,0.277648712,0,5,-0.277648712
Katrine Veje,Denmark Women's,0.149387463,0,4,-0.149387463
Katrine Veje,Everton LFC,0.076335078,0,3,-0.076335078
Kayla Fischer,Racing Louisville FC,1.064519298,0,16,-1.064519298
Kayla Joan Zophia Adamek,Poland Women's,0.030234342,0,1,-0.030234342
Kayla McCoy,Jamaica Women's,0.09566819,0,1,-0.09566819
Kayla McCoy,Villarreal,6.056696038,11,39,4.943303962
Kayla Sharples,Chicago Red Stars,0.6097650729999999,1,5,0.39023492700000006
Kayleigh Anne Marie Barton,Wales W,0.09506438,0,1,-0.09506438
Kayleigh Green,Brighton & Hove Albion WFC,7.5366152115,4,66,-3.5366152115
Kazuki Nagasawa,FC Köln,0.20389047,0,1,-0.20389047
Kealia Ohai,Houston Dash,1.6756153870000001,2,8,0.3243846129999999
Keanu Baccus,Australia,0.048584398,0,1,-0.048584398
Keira Walsh,Barcelona WFC,0.9865068189999999,1,12,0.013493181000000076
Keira Walsh,England Women's,0.6576423459999999,1,15,0.34235765400000007
Keira Walsh,Manchester City WFC,1.165458216,5,30,3.834541784
Keisham Reagan Singh,Chennaiyin,0.135658598,0,6,-0.135658598
Keisuke Honda,AC Milan,3.968742581,1,48,-2.968742581
Keisuke Honda,Japan,0.911820093,1,4,0.088179907
Keita Baldé Diao,Lazio,5.507061053,4,63,-1.5070610530000002
Keita Baldé Diao,Senegal,0.0716196,0,1,-0.0716196
Kelechi Promise Iheanacho,Manchester City,3.8087565239999996,8,29,4.191243476
Kelechi Promise Iheanacho,Nigeria,1.138265922,1,7,-0.13826592199999999
Kelley Maureen O'Hara,NJ/NY Gotham FC,0.9294281520000001,0,10,-0.9294281520000001
Kelley Maureen O'Hara,United States Women's,0.76046705,0,1,-0.76046705
Kelley Maureen O'Hara,Utah Royals,0.37203782,1,3,0.6279621799999999
Kelli Hubly,Portland Thorns,1.237685363,1,10,-0.23768536299999998
Kelsey Turnbow,San Diego Wave,0.40444446,0,2,-0.40444446
Kenan Karaman,Hannover 96,4.285661863,3,44,-1.2856618629999996
Kenan Karaman,Turkey,0.40199373,0,2,-0.40199373
Kenan Kodro,Real Valladolid,0.03199863,0,1,-0.03199863
Kenan Yildiz,Turkey,1.026209477,0,11,-1.026209477
Kendall Jamaal Waston Manley,Costa Rica,0.30847161,1,2,0.69152839
Kennedy Amutenya,Namibia,0.442424939,0,6,-0.442424939
Kennedy Bakircioglu,Racing Santander,0.084840365,0,3,-0.084840365
Kennedy Musonda,Zambia,0.116451284,0,2,-0.116451284
Kenneth Josiah Omeruo,Nigeria,0.7795895829999999,1,2,0.22041041700000008
Kenneth McLean,Scotland,0.015536731,0,1,-0.015536731
Kenny Miller,Wolverhampton Wanderers,0.09440127599999999,0,3,-0.09440127599999999
Kenny Rocha Santos,Cape Verde Islands,0.284690137,0,4,-0.284690137
Kenny Sansom,England,0.035078548,0,1,-0.035078548
Kenti Robles Salas,Real Madrid CF W,0.110301842,0,5,-0.110301842
Kenza Dali,Aston Villa W,1.835640865,1,27,-0.835640865
Kenza Dali,France Women's,1.439642702,1,13,-0.439642702
Kenza Dali,West Ham United LFC,5.822287412,5,53,-0.8222874119999997
Kerlly Lizeth Real Carranza,Valencia CF,0.30192107900000004,0,8,-0.30192107900000004
Kerolin Nicoli Israel Ferraz,Brazil Women's,0.548928745,0,7,-0.548928745
Kerolin Nicoli Israel Ferraz,North Carolina Courage,8.231627706,10,61,1.7683722940000006
Kerry Abello,Orlando Pride,2.427128665,1,28,-1.4271286650000001
Kerstin Bogenschütz,Nürnberg W,0.013104629,0,1,-0.013104629
Kerstin Yasmijn Casparij,Manchester City WFC,0.26706448,0,3,-0.26706448
Kerstin Yasmijn Casparij,Netherlands Women's,0.052683275,0,1,-0.052683275
Kerwin Calderón Vargas,Charlotte,0.355673257,1,3,0.6443267429999999
Kerys Harrop,Birmingham City WFC,3.0725207,3,17,-0.0725207000000001
Kerys Harrop,Tottenham Hotspur Women,0.39186473299999997,1,5,0.608135267
Kethna Louis,Haiti Women's,0.06625126,0,1,-0.06625126
Kevin Csoboth,Hungary,0.40414282,1,2,0.59585718
Kevin Cyril Davies,Bolton Wanderers,0.886311804,0,7,-0.886311804
Kevin Danso,Austria,0.064242885,0,1,-0.064242885
Kevin Danso,Lens,0.09616816,0,2,-0.09616816
Kevin De Bruyne,Belgium,2.21577916,3,35,0.7842208400000001
Kevin De Bruyne,Manchester City,4.075734622,7,48,2.9242653780000003
Kevin De Bruyne,Wolfsburg,0.411304216,0,4,-0.411304216
Kevin Duvan Castaño Gil,Colombia,0.21329583000000002,0,2,-0.21329583000000002
Kevin Gameiro,Atlético Madrid,0.025295358,0,1,-0.025295358
Kevin Gameiro,Sevilla,17.670090009,17,76,-0.670090008999999
Kevin Gameiro,Strasbourg,1.339696287,2,6,0.660303713
Kevin Gameiro,Valencia,0.628722337,1,4,0.371277663
Kevin Großkreutz,Borussia Dortmund,0.017346948,0,1,-0.017346948
Kevin Großkreutz,VfB Stuttgart,0.662281083,0,6,-0.662281083
Kevin José Rodríguez Cortez,Ecuador,0.48732785700000003,1,6,0.512672143
Kevin Kampl,Bayer Leverkusen,1.966879872,3,27,1.033120128
Kevin Kuranyi,Hoffenheim,1.9887487035,0,10,-1.9887487035
Kevin Lasagna,Carpi,3.8151226979999997,5,42,1.1848773020000003
Kevin Lenini Gonçalves Pereira de Pina,Cape Verde Islands,0.195624675,1,5,0.804375325
Kevin Linford Stewart,Liverpool,0.22355884,0,5,-0.22355884
Kevin Martín García Martínez,Mallorca,0.034301218,0,1,-0.034301218
Kevin Mbabu,Newcastle United,0.017870493,0,1,-0.017870493
Kevin Mbabu,Switzerland,0.186002826,0,2,-0.186002826
Kevin Mirallas,Everton,3.715411018,4,41,0.2845889819999998
Kevin Nisbet,Scotland,0.11267849499999999,0,2,-0.11267849499999999
Kevin Nolan,Bolton Wanderers,0.29846914,0,4,-0.29846914
Kevin Paredes,Wolfsburg,0.126394111,0,2,-0.126394111
Kevin Phillips,Southampton,0.207155075,0,3,-0.207155075
Kevin Strootman,AS Roma,0.22115461,0,2,-0.22115461
Kevin Stöger,Bochum,0.033180054,0,1,-0.033180054
Kevin Toner,Aston Villa,0.077300381,0,2,-0.077300381
Kevin Vogt,FC Köln,0.495071394,0,8,-0.495071394
Kevin Volland,AS Monaco,0.10590744,1,1,0.89409256
Kevin Volland,Hoffenheim,7.868162488,8,63,0.1318375119999997
Kevin Wimmer,Tottenham Hotspur,0.26521683,0,1,-0.26521683
Kevin-Prince Boateng,AC Milan,0.437295861,1,6,0.562704139
Kevin-Prince Boateng,Barcelona,0.052155784999999996,0,2,-0.052155784999999996
Kevin-Prince Boateng,Las Palmas,0.516357108,0,6,-0.516357108
Keysher Fuller Spence,Costa Rica,0.25621959,1,3,0.7437804100000001
Khadija Monifa Shaw,Jamaica Women's,0.949470259,0,19,-0.949470259
Khadija Monifa Shaw,Manchester City WFC,12.476491497,21,80,8.523508503
Khadim Diaw,Mauritania,0.017843056,0,1,-0.017843056
Khalid Boutaïb,Gazélec Ajaccio,5.1808348330000005,5,52,-0.18083483300000047
Khalid Boutaïb,Morocco,0.5330303049999999,1,4,0.4669696950000001
Khangembam Bidyashagar Singh,Bengaluru,0.10056185000000001,0,2,-0.10056185000000001
Khassa Camara,Hyderabad,0.817808987,1,2,0.18219101299999996
Khassa Camara,NorthEast United,0.500066582,1,12,0.499933418
Kholosa Biyana,South Africa Women's,0.210238578,0,7,-0.210238578
Khouma El Hadji Babacar,Fiorentina,5.069085271,5,30,-0.06908527099999962
Khuliso Johnson Mudau,South Africa,0.36275208000000003,0,2,-0.36275208000000003
Khumanthem Ninthoinganba Meetei,Chennaiyin,0.444542533,1,8,0.555457467
Khvicha Kvaratskhelia,Georgia,0.66800031,1,6,0.33199968999999996
Khéphren Thuram-Ulien,OGC Nice,0.246280705,0,3,-0.246280705
Kialonda Gaspar,Angola,0.120078522,0,2,-0.120078522
Kiara Shaelene Pickett,North Carolina Courage,0.029185323,0,1,-0.029185323
Kieffer Roberto Francisco Moore,Wales,1.41641954,1,12,-0.4164195399999999
Kiera Skeels,Bristol City WFC,0.231560468,0,3,-0.231560468
Kieran Gibbs,Arsenal,0.77160359,1,5,0.22839641
Kieran Richardson,Aston Villa,0.241019447,0,7,-0.241019447
Kieran Tierney,Scotland,0.011043501,0,1,-0.011043501
Kieran Trippier,Atlético Madrid,0.0274109,0,1,-0.0274109
Kieran Trippier,England,1.176267635,2,7,0.8237323649999999
Kieran Trippier,Tottenham Hotspur,0.636211634,1,2,0.363788366
Kiersten Dallstream,OL Reign,0.37587617500000003,0,2,-0.37587617500000003
Kika van Es,Everton LFC,0.023240762,0,1,-0.023240762
Kiko Seike,Japan Women's,0.277766266,0,3,-0.277766266
Kiliann Sildillia,Freiburg,0.11130098299999999,0,2,-0.11130098299999999
Kim Little,Arsenal WFC,16.973231915,19,75,2.0267680850000005
Kim Little,Scotland W,0.48988155,1,1,0.51011845
Kings Kangwa,Zambia,0.27495737200000003,1,3,0.725042628
Kingsley Coman,Bayern Munich,3.583121465,4,36,0.41687853499999994
Kingsley Coman,France,1.243015746,0,6,-1.243015746
Kingsley Coman,Juventus,0.33191233,0,3,-0.33191233
Kirsten Davis,Racing Louisville FC,5.3698193739999995,4,38,-1.3698193739999995
Kirsty Barton,Brighton & Hove Albion WFC,0.1987449735,0,7,-0.1987449735
Kirsty Hanson,Aston Villa W,2.224120639,0,22,-2.224120639
Kirsty Hanson,Manchester United,3.791393275,4,21,0.2086067250000001
Kirsty Hanson,Manchester United W,3.0599956550000003,4,24,0.9400043449999997
Kirsty Linnett,Liverpool WFC,2.493360046,1,27,-1.4933600459999998
Kirsty McGuinness,Northern Ireland W,0.035432457,0,2,-0.035432457
Kirsty Smith,Manchester United,0.023137618,0,1,-0.023137618
Kirsty Smith,Manchester United W,0.085900254,0,2,-0.085900254
Kirsty Smith,West Ham United LFC,1.692923978,1,11,-0.692923978
Kirstyn Pearce,Reading WFC,0.928618939,1,7,0.07138106099999997
Kit Graham,Tottenham Hotspur Women,5.4449465815,4,80,-1.4449465815
Kiyan Nassiri Giri,ATK Mohun Bagan,0.49274336,0,3,-0.49274336
Kiyan Nassiri Giri,Mohun Bagan Super Giant,0.488711752,3,5,2.511288248
Klaas-Jan Huntelaar,Schalke 04,12.508218005,12,73,-0.5082180049999998
Klara Bühl,Bayern München W,4.713287738,4,38,-0.713287738
Klara Bühl,Germany Women's,4.725258312,3,49,-1.7252583120000002
Klara Melissa Kössler,Hoffenheim W,2.977880778,5,22,2.022119222
Klaudia Jedlińska,Poland Women's,0.01674449,0,1,-0.01674449
Klaudia Słowińska,Poland Women's,0.046971373,0,1,-0.046971373
Klaus Augenthaler,Bayern Munich,0.054842302,0,2,-0.054842302
Klaus Gjasula,Albania,0.32179009399999997,1,2,0.678209906
Klára Cahynová,Sevilla FC,1.390343656,2,16,0.609656344
Kléper Laveran Lima Ferreira,Portugal,0.73875437,2,8,1.26124563
Kléper Laveran Lima Ferreira,Real Madrid,2.1004127425,2,19,-0.1004127425000001
Ko Itakura,Borussia Mönchengladbach,0.076794125,0,1,-0.076794125
Ko Itakura,Japan,0.20114147,0,3,-0.20114147
Kobbie Mainoo,England,0.287847165,0,5,-0.287847165
Kolbeinn Sigþórsson,Nantes,3.37467482,3,34,-0.3746748200000001
Kolo Habib Touré,Arsenal,2.7201442179999997,1,16,-1.7201442179999997
Kolo Habib Touré,Liverpool,0.246111849,1,4,0.753888151
Komal Thatal,Jamshedpur,0.888168152,1,10,0.11183184800000001
Komnen Andrić,Clermont Foot,0.096866329,0,2,-0.096866329
Konrad De La Fuente,Olympique de Marseille,0.29389378,0,1,-0.29389378
Konrad Laimer,Austria,0.47742329299999997,0,4,-0.47742329299999997
Konrad Laimer,Bayern Munich,0.135068565,0,2,-0.135068565
Konsham Chinglensana Singh,Hyderabad,1.1385447,1,4,-0.13854469999999997
Konstantin Engel,Ingolstadt,0.020904686,0,2,-0.020904686
Konstantin Rausch,Darmstadt 98,3.504336505,2,39,-1.504336505
Konstantinos Eleftherakis,Panathinaikos,0.040238312,0,2,-0.040238312
Konstantinos Manolas,AS Roma,1.1557775399999999,2,17,0.8442224600000001
Konstantinos Stafylidis,Augsburg,0.365201935,1,10,0.634798065
Korina Lara Janež,RB Leipzig W,0.093561589,0,4,-0.093561589
Kosovare Asllani,AC Milan W,5.2589255475,6,34,0.7410744525000004
Kosovare Asllani,Sweden Women's,5.399998804,7,38,1.600001196
Kouadio Emmanuel Koné,Borussia Mönchengladbach,0.019301645,0,1,-0.019301645
Kristen Edmonds,NJ/NY Gotham FC,0.198627542,0,3,-0.198627542
Kristen Edmonds,Orlando Pride,0.32183648,1,2,0.67816352
Kristen Hamilton,KC Current,2.864611074,2,18,-0.8646110739999999
Kristen Hamilton,North Carolina Courage,2.766914838,1,18,-1.766914838
Kristen McNabb,San Diego Wave,0.573581345,1,7,0.426418655
Kristie Mewis,NJ/NY Gotham FC,1.600049949,0,24,-1.600049949
Kristie Mewis,United States Women's,0.74516124,1,1,0.25483876000000005
Kristie Mewis,West Ham United LFC,0.134292793,0,3,-0.134292793
Kristin Demann,VfL Wolfsburg WFC,0.062994451,0,2,-0.062994451
Kristin Kögel,TSV Bayer 04 Leverkusen,2.373338508,5,38,2.626661492
Kristine Leine,Reading WFC,2.018341914,1,7,-1.018341914
Kristine Minde,Norway Women's,0.058911372,0,1,-0.058911372
Kristjan Asllani,Albania,0.446670492,0,8,-0.446670492
Kristoffer Olsson,Sweden,0.05695515,0,1,-0.05695515
Krisztián Vadócz,Osasuna,0.28635787,0,2,-0.28635787
Krystian Bielik,Poland,0.14775328199999999,0,2,-0.14775328199999999
Krzysztof Piątek,Poland,0.539613346,1,3,0.460386654
Krépin Diatta,Senegal,0.350304359,0,5,-0.350304359
Kumi Yokoyama,Japan Women's,0.158603658,0,5,-0.158603658
Kurt Happy Zouma,Chelsea,1.516652805,1,16,-0.5166528050000001
Kwadwo Asamoah,Juventus,1.087039203,0,10,-1.087039203
Kwadwo Duah,Switzerland,0.5242684830000001,1,4,0.47573151699999994
Kyah Pam Simon,Houston Dash,0.8302370609999999,0,9,-0.8302370609999999
Kyle Bartley,Swansea City,0.097680763,0,2,-0.097680763
Kyle Naughton,Swansea City,0.342489112,0,9,-0.342489112
Kyle Walker,Tottenham Hotspur,0.964171772,1,20,0.03582822799999996
Kylian Mbappé Lottin,AS Monaco,0.348146931,1,5,0.651853069
Kylian Mbappé Lottin,France,13.081629425000001,14,79,0.9183705749999991
Kylian Mbappé Lottin,Paris Saint-Germain,33.7637516245,49,222,15.236248375499997
Kylie Strom,Orlando Pride,1.56254425,1,8,-0.56254425
Kyra Carusa,Republic of Ireland Women's,1.535455948,0,7,-1.535455948
Kyra Carusa,San Diego Wave,1.3266794130000001,2,10,0.6733205869999999
Kyra Lillee Cooney-Cross,Arsenal WFC,0.14157039300000002,0,4,-0.14157039300000002
Kyra Lillee Cooney-Cross,Australia Women's,0.17443888400000002,0,5,-0.17443888400000002
Kyra Spitzner,RB Leipzig W,0.16931441,0,1,-0.16931441
Kyriakos Papadopoulos,Bayer Leverkusen,1.6778096370000002,0,12,-1.6778096370000002
Kyung-Won Kwon,South Korea,0.015519492,0,1,-0.015519492
Kévin Bérigaud,Montpellier,2.993056258,3,22,0.0069437419999998085
Kévin Daniel Van Den Kerkhof,Algeria,0.210586556,0,2,-0.210586556
Kévin Malcuit,Saint-Étienne,0.056889809,0,2,-0.056889809
Kévin Mayi,Gazélec Ajaccio,2.085165215,3,30,0.914834785
Kévin Monnet-Paquet,Saint-Étienne,4.230723682,2,44,-2.230723682
Kévin Soni,Bordeaux,0.014478167,0,1,-0.014478167
Kévin Théophile-Catherine,Saint-Étienne,0.580423346,1,7,0.419576654
Lacina Traoré,AS Monaco,3.70621329,3,18,-0.70621329
Ladislav Krejčí,Czech Republic,0.25268849699999996,0,5,-0.25268849699999996
Ladislav Kuna,Czechoslovakia,0.56178597,0,4,-0.56178597
Ladislav Petráš,Czechoslovakia,0.55213964,1,3,0.44786035999999996
Laia Aleixandri López,Manchester City WFC,1.376385475,1,14,-0.37638547499999997
Laia Aleixandri López,Spain Women's,0.18044895,0,3,-0.18044895
Laia Balleste,CD Sporting de Huelva,1.9372655735,3,21,1.0627344265
Laia Codina Panedas,Arsenal WFC,0.330992974,0,3,-0.330992974
Laia Codina Panedas,Spain Women's,0.64576857,1,3,0.35423143
Lajos Satmareanu,Romania,0.011708437,0,1,-0.011708437
Laldanmawia Ralte,NorthEast United,3.543098623,4,10,0.4569013769999999
Laldinliana Renthlei,Jamshedpur,0.2818961185,0,7,-0.2818961185
Lalengmawia Ralte,Mumbai City,0.520880606,0,14,-0.520880606
Lalhmangaihsanga Ralte,Goa,0.070183233,0,2,-0.070183233
Lalhrezuala Sailung,Odisha,0.011469185,0,1,-0.011469185
Lalkhawpuimawia Lalkhawpuimawia,NorthEast United,1.985820572,0,16,-1.985820572
Lallianzuala Chhangte,Chennaiyin,1.437994172,1,16,-0.437994172
Lallianzuala Chhangte,Mumbai City,0.588615019,0,10,-0.588615019
Lalrinliana Hnamte,East Bengal,1.227997509,1,14,-0.22799750899999993
Lalruatthara Lalruatthara,Odisha,0.044677299000000004,0,2,-0.044677299000000004
Lalthathanga Khawlhring,Kerala Blasters,0.651536019,0,16,-0.651536019
Lameck Banda,Zambia,0.140168689,0,5,-0.140168689
Lamine Camara,Senegal,0.132118356,2,3,1.8678816440000001
Lamine Koné,Lorient,0.972372554,0,11,-0.972372554
Lamine Koné,Sunderland,1.6224955699999999,2,10,0.3775044300000001
Lamine Sakho,Leeds United,0.150477704,0,2,-0.150477704
Lamine Yamal Nasraoui Ebana,Spain,1.518998098,1,18,-0.518998098
Lana Clelland,Sassuolo W,7.2641516515,9,62,1.7358483485000002
Lana Clelland,Scotland W,0.040431153,1,1,0.959568847
Langella Gabriella,Napoli W,0.035489243,0,1,-0.035489243
Lara Marti,RB Leipzig W,0.029938008000000002,0,2,-0.029938008000000002
Lara Marti,TSV Bayer 04 Leverkusen,0.019128343,0,1,-0.019128343
Lara Prašnikar,Eintracht Frankfurt W,5.596523177,4,45,-1.596523177
Lara Sophie Schmidt,Nürnberg W,1.225797671,2,9,0.774202329
Laros Duarte,Cape Verde Islands,0.7539362,0,1,-0.7539362
Lars Bender,Bayer Leverkusen,0.993386915,1,11,0.0066130850000000185
Lars Christian Jacobsen,Guingamp,0.285843944,0,3,-0.285843944
Lars Edi Stindl,Borussia Mönchengladbach,8.818595722,7,67,-1.8185957219999995
Lassana Coulibaly,Bastia,0.39065439500000004,1,11,0.6093456049999999
Lassana Coulibaly,Mali,0.023632461,0,1,-0.023632461
Lassana Diarra,Marseille,0.027618423,0,1,-0.027618423
Lassana Diarra,Olympique de Marseille,0.38947622,1,9,0.6105237800000001
Lassana Diarra,Real Madrid,0.0147184115,0,1,-0.0147184115
Lasse Schöne,Denmark,0.891987456,0,5,-0.891987456
Lassine Sinayoko,Auxerre,0.26672771500000003,1,4,0.733272285
Lassine Sinayoko,Mali,1.482530438,3,9,1.517469562
Laura Agard,Fiorentina W,0.646340801,1,5,0.353659199
Laura Bourgouin,Pomigliano,0.6143757519999999,0,6,-0.6143757519999999
Laura Camino Fernández,SD Eibar,2.217115566,3,25,0.7828844340000001
Laura Coombs,England Women's,0.207047288,0,3,-0.207047288
Laura Coombs,Liverpool WFC,1.417907202,0,26,-1.417907202
Laura Coombs,Manchester City WFC,5.824072304,5,41,-0.8240723040000004
Laura Domínguez Rojo,Madrid CFF,1.87821113,1,18,-0.87821113
Laura Donhauser,Köln,0.043584723,0,1,-0.043584723
Laura Feiersinger,AS Roma W,2.412826614,4,19,1.587173386
Laura Feiersinger,Austria Women's,0.217333065,0,4,-0.217333065
Laura Freigang,Eintracht Frankfurt W,8.947345295,9,55,0.052654705000000135
Laura Freigang,Germany Women's,0.440691893,0,3,-0.440691893
Laura Fusetti,AC Milan W,0.031343833,0,1,-0.031343833
Laura Madison Blindkilde Brown,Aston Villa W,0.729053045,0,4,-0.729053045
Laura Madison Blindkilde Brown,Manchester City WFC,1.380198633,1,8,-0.380198633
Laura Martínez González,FC Levante Badalona,0.794452841,1,13,0.20554715899999998
Laura Pucks,SGS Essen 19/68,1.008860634,0,11,-1.008860634
Laura Pérez Martín,Granada W,3.6250532570000003,5,23,1.3749467429999997
Laura Rafferty,Brighton & Hove Albion WFC,1.499367302,1,4,-0.499367302
Laura Rafferty,Bristol City WFC,0.193067144,0,2,-0.193067144
Laura Requena Sánchez,Granada W,5.7683323390000005,6,40,0.23166766099999947
Laura Vetterlein,West Ham United LFC,0.76166976,1,10,0.23833024000000003
Laura Vogt,Köln,0.952148493,0,12,-0.952148493
Laura Wienroither,Arsenal WFC,0.077443596,0,2,-0.077443596
Laureano Bisan-Etame Mayer,Arsenal,0.569602138,0,7,-0.569602138
Laureano Sanabria Ruiz,RC Deportivo La Coruña,0.126621576,0,2,-0.126621576
Lauren Barnes,OL Reign,0.028662866000000002,0,2,-0.028662866000000002
Lauren Barnes,Seattle Reign,0.122852598,0,2,-0.122852598
Lauren Bruton,Reading WFC,5.615023249,6,35,0.38497675099999995
Lauren Eduarda Leal Costa,Brazil Women's,0.033941384,0,1,-0.033941384
Lauren Hemp,England Women's,5.723676486,5,36,-0.7236764859999996
Lauren Hemp,Manchester City WFC,20.652584064,24,137,3.347415936000001
Lauren James,Chelsea FCW,6.1843186,13,61,6.8156814
Lauren James,England Women's,3.133444158,5,24,1.866555842
Lauren James,Manchester United,3.572804493,6,35,2.427195507
Lauren James,Manchester United W,2.909334622,2,15,-0.9093346219999998
Lauren Kaskie,Chicago Red Stars,0.129061984,0,2,-0.129061984
Lauren Milliet,Racing Louisville FC,0.223331192,0,6,-0.223331192
Lauren Wade,Northern Ireland W,0.367628986,0,8,-0.367628986
Laurent Abergel,Lorient,0.019058572,0,1,-0.019058572
Laurent Courtois,Levante UD,0.017841151,0,1,-0.017841151
Laurent Dos Santos,Guingamp,0.017512755,0,1,-0.017512755
Laurent Koscielny,Arsenal,3.319095172,4,20,0.6809048280000001
Laurent Robert,Newcastle United,0.877130602,1,6,0.12286939799999996
Laureta Elmazi,SGS Essen 19/68,3.104392836,5,30,1.8956071639999998
Lautaro Javier Martínez,Argentina,4.821691793,6,26,1.1783082069999997
Layvin Kurzawa,AS Monaco,1.290229829,1,4,-0.29022982900000005
Layvin Kurzawa,Paris Saint-Germain,1.346043427,3,16,1.653956573
Lazar Samardžić,Serbia,0.044258516,0,1,-0.044258516
Lazaros Christodoulopoulos,Sampdoria,0.372229227,1,6,0.627770773
Lea Schüller,Bayern München W,12.593365813,11,67,-1.5933658130000001
Lea Schüller,Germany Women's,3.477776369,5,19,1.5222236310000001
Leah Galton,Manchester United,4.482745167,4,32,-0.48274516700000003
Leah Galton,Manchester United W,7.91274355,8,45,0.08725644999999993
Leah Williamson,Arsenal WFC,4.1235378415,3,40,-1.1235378415000001
Leah Williamson,England Women's,0.96100762,0,3,-0.96100762
Leander D''Cunha,Goa,0.019254275,0,1,-0.019254275
Leander Dendoncker,Belgium,0.175253891,0,2,-0.175253891
Leandra Little,Liverpool WFC,0.38148783799999997,0,5,-0.38148783799999997
Leandro Andrés Gioda,Xerez,0.17885531,0,3,-0.17885531
Leandro Bacuna,Aston Villa,2.017680894,1,32,-1.0176808940000002
Leandro Barreiro Martins,FSV Mainz 05,0.158204081,0,2,-0.158204081
Leandro Damião da Silva dos Santos,Real Betis,0.68768434,0,6,-0.68768434
Leandro Daniel Cabrera Sasía,Getafe,0.049240034,0,1,-0.049240034
Leandro Daniel Paredes,Argentina,2.389879382,2,7,-0.38987938200000016
Leandro Daniel Paredes,Empoli,1.4345351352,2,53,0.5654648648
Leandro Daniel Paredes,Paris Saint-Germain,0.285020622,1,6,0.714979378
Leandro Greco,Hellas Verona,0.6319619949999999,1,11,0.36803800500000006
Leandro Putaro,Wolfsburg,0.22055908,0,1,-0.22055908
Leandro Trossard,Belgium,0.199760808,0,5,-0.199760808
Leanne Crichton,Scotland W,0.06466315,0,1,-0.06466315
Leanne Kiernan,Liverpool WFC,2.137670719,5,15,2.862329281
Leanne Kiernan,West Ham United LFC,3.223487597,3,28,-0.2234875970000001
Ledley King,Tottenham Hotspur,0.08796351,0,1,-0.08796351
Lee Carsley,Everton,0.013135573,0,1,-0.013135573
Lee Cattermole,Sunderland,0.8042978,0,10,-0.8042978
Lee Hendrie,Aston Villa,0.012518238,0,1,-0.012518238
Lee Naylor,Wolverhampton Wanderers,0.07612466000000001,0,2,-0.07612466000000001
Lee Tomlin,AFC Bournemouth,0.299222571,0,4,-0.299222571
Leela Egli,SC Freiburg,1.068844796,2,5,0.931155204
Lei Wu,Espanyol,0.193400344,1,3,0.8065996559999999
Leicy Maria Santos Herrera,Atletico Madrid W,3.910573073,6,34,2.089426927
Leicy Maria Santos Herrera,Colombia Women's,0.538015459,1,9,0.46198454099999997
Leigh-Anne Robe,Liverpool WFC,0.107167486,0,5,-0.107167486
Leighton Baines,Everton,1.261955065,2,8,0.738044935
Leila Ouahabi El Ouahabi,Manchester City WFC,1.331767347,1,11,-0.331767347
Leila Ouahabi El Ouahabi,Spain Women's,0.065896878,0,3,-0.065896878
Leila Wandeler,Switzerland Women's,0.064849534,0,3,-0.064849534
Leire Baños Indakoetxea,Levante UD Femenino,1.623813889,1,17,-0.623813889
Lena Lattwein,Germany Women's,0.380159094,1,3,0.6198409060000001
Lena Lattwein,VfL Wolfsburg WFC,1.225051538,3,15,1.774948462
Lena Oberdorf,Germany Women's,0.5381472190000001,0,7,-0.5381472190000001
Lena Oberdorf,VfL Wolfsburg WFC,2.844120335,5,26,2.155879665
Lena Ostermeier,SGS Essen 19/68,0.317545838,1,7,0.682454162
Lena Petermann,Leicester City WFC,4.143913028,5,32,0.856086972
Lena Silano,Washington Spirit,0.616036251,0,8,-0.616036251
Lena-Sophie Uebach,Köln,0.024700057,0,1,-0.024700057
Lenny Nangis,Lille,0.336685206,0,10,-0.336685206
Lenny Rodrigues,ATK Mohun Bagan,0.16820121999999998,0,5,-0.16820121999999998
Lenny Rodrigues,Mohun Bagan Super Giant,0.030723322,0,2,-0.030723322
Leo Leroy,Montpellier,0.041482102,0,1,-0.041482102
Leon Aderemi Balogun,FSV Mainz 05,1.104202731,1,13,-0.10420273099999999
Leon Aderemi Balogun,Nigeria,0.200179125,0,3,-0.200179125
Leon Andreasen,Hannover 96,2.3034055895,2,19,-0.3034055895000001
Leon Augustine Asokan,Bengaluru,0.024863038,0,1,-0.024863038
Leon Britton,Swansea City,0.152145332,0,5,-0.152145332
Leon Goretzka,Bayern Munich,0.426682568,1,4,0.5733174320000001
Leon Goretzka,Germany,1.215851807,1,11,-0.21585180699999995
Leon Goretzka,Schalke 04,2.644497714,1,37,-1.6444977139999999
Leon Osman,Everton,0.30534786999999997,0,3,-0.30534786999999997
Leonardo Bittencourt,FC Köln,4.332643066,3,38,-1.3326430660000002
Leonardo Bittencourt,Werder Bremen,0.101408953,0,2,-0.101408953
Leonardo Blanchard,Frosinone,2.26341125,3,21,0.7365887500000001
Leonardo Bonucci,Italy,2.2172262899999997,3,7,0.7827737100000003
Leonardo Bonucci,Juventus,1.9832037015,3,26,1.0167962985
Leonardo Campana Romero,Inter Miami,0.913472321,1,7,0.08652767900000002
Leonardo Carrilho Baptistão,Espanyol,0.861824175,0,9,-0.861824175
Leonardo Carrilho Baptistão,Rayo Vallecano,0.260554594,0,4,-0.260554594
Leonardo Carrilho Baptistão,Villarreal,2.936393897,3,32,0.06360610300000014
Leonardo Daniel Ponzio,Real Zaragoza,0.100888012,0,4,-0.100888012
Leonardo Julián Balerdi Rossa,Marseille,0.06528533,0,1,-0.06528533
Leonardo Julián Balerdi Rossa,Olympique de Marseille,0.07160006,0,1,-0.07160006
Leonardo Pavoletti,Genoa,9.281329436,14,67,4.718670564
Leonardo Rubén Astrada,River Plate,0.029787142,0,1,-0.029787142
Leonardo Spinazzola,Italy,0.713853723,0,7,-0.713853723
Leonidas Stergiou,VfB Stuttgart,0.013667348,0,1,-0.013667348
Leonie Maier,Arsenal WFC,0.696992948,0,10,-0.696992948
Leonie Maier,Hoffenheim W,0.130213523,0,2,-0.130213523
Leroy Fer,Swansea City,0.28752904,0,5,-0.28752904
Leroy Sané,Bayern Munich,0.20084674600000002,0,3,-0.20084674600000002
Leroy Sané,Germany,0.51722418,0,11,-0.51722418
Leroy Sané,Schalke 04,5.577078192,8,68,2.422921808
Leslie Ferdinand,Leicester City,0.03201344,0,1,-0.03201344
Letícia Santos de Oliveira,Brazil Women's,0.015433788,0,1,-0.015433788
Letícia Santos de Oliveira,Eintracht Frankfurt W,0.1555825,0,1,-0.1555825
Levan Mchedlidze,Empoli,0.9325075310000001,0,11,-0.9325075310000001
Levin Mete Öztunali,Werder Bremen,1.587041831,1,24,-0.5870418310000001
Lewis Grabban,AFC Bournemouth,1.39580482,0,15,-1.39580482
Lewis Grabban,Norwich City,1.120822895,1,4,-0.1208228950000001
Lewis Harry Holtby,Hamburger SV,2.376154534,3,32,0.6238454660000001
Lewis Morgan,Scotland,0.11201552,0,1,-0.11201552
Leyre Secades Catalá,Levante UD Femenino,0.13554701,0,1,-0.13554701
Li Yang,China PR Women's,0.767088361,0,6,-0.767088361
Lia Wälti,Arsenal WFC,1.448617115,0,16,-1.448617115
Lia Wälti,Switzerland Women's,0.054978266,0,3,-0.054978266
Liam Millar,Canada,1.203417064,0,6,-1.203417064
Libby Bance,Brighton & Hove Albion WFC,0.05050426,0,1,-0.05050426
Libor Kozák,Aston Villa,0.7684333,0,6,-0.7684333
Liced Carolina Serna Flórez,Valencia CF,0.228877377,0,9,-0.228877377
Lieke Martens,Netherlands Women's,4.445038939,3,36,-1.4450389389999998
Lilian Brassier,Stade Brestois,0.053322535000000004,0,2,-0.053322535000000004
Lilla Turányi,TSV Bayer 04 Leverkusen,1.748331671,1,15,-0.7483316710000001
Lilli Purtscheller,SGS Essen 19/68,2.102050708,4,23,1.8979492919999998
Lily Agg,Republic of Ireland Women's,0.021097241,0,1,-0.021097241
Lily Nabet,Angel City,0.292071742,0,3,-0.292071742
Lily Woodham,Reading WFC,0.142670741,0,3,-0.142670741
Lily Woodham,Wales W,0.049168263,0,1,-0.049168263
Lina Hausicke,SV Werder Bremen,2.798428001,4,18,1.201571999
Lina Magull,Bayern München W,1.531335269,0,12,-1.531335269
Lina Magull,FC Internazionale Milano W,8.240058748,9,37,0.7599412520000008
Lina Magull,Germany Women's,4.232384908,5,25,0.7676150919999998
Lina Mona Andréa Hurtig,Arsenal WFC,0.91933662,1,5,0.08066337999999995
Lina Mona Andréa Hurtig,Sweden Women's,4.007384982,4,16,-0.007384981999999596
Lina Yang,China PR Women's,0.111208672,0,4,-0.111208672
Linda Brigitta Sembrant,Bayern München W,0.958062505,1,6,0.04193749499999999
Linda Brigitta Sembrant,Juventus W,0.09587792,0,1,-0.09587792
Linda Brigitta Sembrant,Sweden Women's,1.364691469,2,9,0.635308531
Linda Dallmann,Bayern München W,7.414108014,7,31,-0.41410801399999997
Linda Dallmann,Germany Women's,1.7602668399999999,1,12,-0.7602668399999999
Linda Lizeth Caicedo Alegría,Colombia Women's,0.628745109,2,8,1.371254891
Linda Lizeth Caicedo Alegría,Real Madrid CF W,6.299329463,5,49,-1.2993294630000003
Linda Maserame Motlhalo,Houston Dash,0.024385577,0,2,-0.024385577
Linda Maserame Motlhalo,South Africa Women's,0.6078761490000001,1,4,0.3921238509999999
Linda Sällström,WNT Finland,0.517336087,1,7,0.482663913
Lindsay Rose,Lorient,0.314749893,0,5,-0.314749893
Lindsay Rose,Lyon,0.08772939,0,1,-0.08772939
Lindsey Kimberley Thomas,Juventus W,3.643185063,8,18,4.356814937
Lindsey Michelle Heaps,United States Women's,3.9715260765,5,23,1.0284739235
Lindsey Michelle Horan,Portland Thorns,3.042349664,5,19,1.957650336
Lineth Beerensteyn,Juventus W,10.302250486,7,63,-3.302250486
Lineth Beerensteyn,Netherlands Women's,3.755528409,2,28,-1.755528409
Lineth Cedeno,Panama Women's,0.467488537,1,2,0.5325114630000001
Linyan Zhang,China PR Women's,0.223046066,0,3,-0.223046066
Linyan Zhang,Tottenham Hotspur Women,0.11634886,0,1,-0.11634886
Lionel Andrés Messi Cuccittini,Argentina,13.000481114,11,66,-2.0004811139999994
Lionel Andrés Messi Cuccittini,Barcelona,345.7911009585,476,2366,130.2088990415
Lionel Andrés Messi Cuccittini,Inter Miami,2.310421866,1,20,-1.310421866
Lionel Andrés Messi Cuccittini,Paris Saint-Germain,24.2965753105,22,218,-2.2965753104999997
Lionel Mathis,Guingamp,0.437565899,0,11,-0.437565899
Lionel Mpasi-Nzau,Congo DR,0.7539362,1,1,0.24606380000000005
Lionello Manfredonia,Juventus,0.690897095,0,5,-0.690897095
Liridon Krasniqi,Odisha,0.78994807,0,5,-0.78994807
Lisa Alborghetti,FC Internazionale Milano W,0.44842673499999997,0,8,-0.44842673499999997
Lisa Boattin,Italy Women's,0.488107658,0,9,-0.488107658
Lisa Boattin,Juventus W,1.601950133,2,23,0.3980498669999999
Lisa De Vanna,Australia Women's,0.12798412,0,1,-0.12798412
Lisa Doorn,Hoffenheim W,0.931509028,0,7,-0.931509028
Lisa Evans,Arsenal WFC,4.419587076,5,25,0.580412924
Lisa Evans,Bristol City WFC,0.30554867,0,1,-0.30554867
Lisa Evans,Scotland W,0.085628675,0,2,-0.085628675
Lisa Evans,West Ham United LFC,0.274463752,1,6,0.725536248
Lisa Fjeldstad Naalsund,Manchester United W,0.9236002130000001,2,12,1.076399787
Lisa Josten,Duisburg WFC,0.44916743000000003,0,10,-0.44916743000000003
Lisa Josten,SV Werder Bremen,0.39210936799999996,0,6,-0.39210936799999996
Lisa Karl,SC Freiburg,0.920169455,1,5,0.07983054499999997
Lisa Kolb,SC Freiburg,1.2155479949999999,2,12,0.7844520050000001
Lisa Makas,Austria Women's,0.33703038399999996,0,2,-0.33703038399999996
Lisa-Marie Utland,Norway Women's,1.374270408,1,7,-0.3742704080000001
Lisa-Marie Utland,Reading WFC,0.7651475600000001,1,5,0.23485243999999994
Lisandro Martínez,Argentina,1.066455457,1,6,-0.066455457
Lisann Kaut,Hoffenheim W,0.119085128,0,6,-0.119085128
Lisanne Gräwe,Eintracht Frankfurt W,1.3275447418,1,24,-0.32754474179999993
Liston Colaco,ATK Mohun Bagan,4.2621854005,3,43,-1.2621854005
Liston Colaco,Mohun Bagan Super Giant,3.0166008415,5,41,1.9833991585000001
Liucija Vaitukaitytė,Como W,1.329656047,0,16,-1.329656047
Livia Brunmair,Nürnberg W,0.0154738,0,1,-0.0154738
Loide António Augusto,Angola,0.04740061,0,1,-0.04740061
Lois Joel,West Ham United LFC,0.035055782,0,2,-0.035055782
Loreen Bender,TSV Bayer 04 Leverkusen,1.046300891,2,12,0.953699109
Loren Dykes,Bristol City WFC,0.220021543,0,2,-0.220021543
Lorena Bedoya Durango,Colombia Women's,0.23246268949999999,0,7,-0.23246268949999999
Lorena Navarro Domínguez,Real Sociedad de Fútbol,1.344956562,0,20,-1.344956562
Lorenz Assignon,Rennes,0.10028082,0,1,-0.10028082
Lorenzo Ariaudo,Empoli,0.17696883,0,2,-0.17696883
Lorenzo Crisetig,Bologna,0.047797449,0,2,-0.047797449
Lorenzo De Silvestri,Sampdoria,2.2276558730000002,1,12,-1.2276558730000002
Lorenzo Insigne,Italy,1.607339394,2,19,0.39266060599999997
Lorenzo Insigne,Napoli,9.78704767,12,135,2.2129523300000002
Lorenzo Insigne,Toronto FC,0.376357142,0,4,-0.376357142
Lorenzo Jesús Morón García,Real Betis,1.034569289,2,10,0.965430711
Lorenzo Lollo,Carpi,3.1381742607,3,36,-0.13817426070000005
Lorenzo Pasciuti,Carpi,0.645864717,2,6,1.354135283
Lorenzo Pellegrini,Italy,0.735924217,0,7,-0.735924217
Lorenzo Pellegrini,Sassuolo,1.890153735,3,24,1.109846265
Lorenzo Tonelli,Empoli,0.7842798150000001,2,7,1.215720185
Loreta Kullashi,Sassuolo W,6.950507313,7,50,0.04949268699999987
Lorik Agim Cana,Nantes,0.530976855,0,9,-0.530976855
Lossémy Karaboué,Troyes,1.194128557,0,24,-1.194128557
Lothar Kurbjuweit,German DR,0.148966907,0,5,-0.148966907
Lothar Matthäus,Germany,0.065699778,0,2,-0.065699778
Lotta Cordes,Köln,0.258507166,0,5,-0.258507166
Louis Poggi,Gazélec Ajaccio,0.55268663,0,10,-0.55268663
Louis Saha,Fulham,0.055962626,0,1,-0.055962626
Louis Saha,Manchester United,0.363815761,1,2,0.636184239
Louis Schaub,Austria,0.124179,0,2,-0.124179
Louise Quinn,Arsenal WFC,2.027484255,1,15,-1.027484255
Louise Quinn,Republic of Ireland Women's,0.2693369,0,2,-0.2693369
Loukas Vyntra,Levante UD,0.07934192,1,1,0.92065808
Lovro Majer,Croatia,1.379996192,2,7,0.6200038080000001
Lovro Majer,Rennes,0.19633907750000001,0,4,-0.19633907750000001
Lovro Majer,Wolfsburg,0.036325753,0,1,-0.036325753
Loïc Négo,Hungary,0.024853658,0,1,-0.024853658
Loïc Perrin,Saint-Étienne,2.4997025010000002,3,17,0.5002974989999998
Loïc Rémy,Chelsea,2.033806235,1,13,-1.0338062350000001
Lo’eau LaBonta,KC Current,1.316479011,2,18,0.683520989
Lo’eau LaBonta,Utah Royals,0.061480823000000004,0,2,-0.061480823000000004
Luana Bertolucci Paixão,Brazil Women's,0.427480372,0,8,-0.427480372
Luana Bühler,Switzerland Women's,0.039150447,0,1,-0.039150447
Luana Bühler,Tottenham Hotspur Women,0.639605634,0,4,-0.639605634
Luany Vitória da Silva Rosa,Madrid CFF,7.19634121,6,46,-1.19634121
Lubambo Musonda,Zambia,0.017512755,0,1,-0.017512755
Luc Castaignos,Eintracht Frankfurt,2.041278563,4,17,1.958721437
Luc Rollet De Fougerolles,Canada,0.14172511,0,1,-0.14172511
Luca Antonelli,AC Milan,1.7418656220000002,3,19,1.2581343779999998
Luca Bittante,Empoli,0.03628122,0,2,-0.03628122
Luca Caldirola,Darmstadt 98,2.948058648,0,16,-2.948058648
Luca Cigarini,Atalanta,3.68857868,2,43,-1.68857868
Luca Fusi,Napoli,0.13686845,0,1,-0.13686845
Luca Maria Graf,RB Leipzig W,0.320712897,0,7,-0.320712897
Luca Marrone,Carpi,0.25144015200000003,1,5,0.748559848
Luca Marrone,Hellas Verona,0.447980803,0,8,-0.447980803
Luca Martinelli,Empoli,0.13135347,0,1,-0.13135347
Luca Netz,Borussia Mönchengladbach,0.15298042,0,1,-0.15298042
Luca Paganini,Frosinone,2.213619803,2,26,-0.21361980299999983
Luca Pfeiffer,Darmstadt 98,0.26891406,0,3,-0.26891406
Luca Rigoni,Genoa,3.035091047,3,24,-0.035091046999999875
Luca Rigoni,Palermo,1.390219782,1,11,-0.39021978199999996
Luca Rizzo,Bologna,1.500725597,0,18,-1.500725597
Luca Rossettini,Bologna,1.395379666,3,14,1.604620334
Luca Sangalli Fuentes,Real Sociedad,0.04844907,0,2,-0.04844907
Luca Siligardi,Hellas Verona,2.7958160145,2,46,-0.7958160145000002
Luca Toni,Hellas Verona,10.2185207254,6,62,-4.2185207253999994
Lucas Ariel Boyé,Celta Vigo,0.41681597,0,1,-0.41681597
Lucas Ariel Boyé,Elche,0.41987763,0,2,-0.41987763
Lucas Ariel Ocampos,Marseille,0.19017400899999998,0,6,-0.19017400899999998
Lucas Ariel Ocampos,Olympique de Marseille,2.502287901,1,16,-1.5022879009999999
Lucas Ariel Ocampos,Sevilla,0.476441263,0,8,-0.476441263
Lucas Deaux,Nantes,0.40431331400000003,0,4,-0.40431331400000003
Lucas Digne,AS Roma,1.010698401,3,16,1.989301599
Lucas Digne,Barcelona,0.707600935,0,7,-0.707600935
Lucas Digne,France,0.024165655,0,1,-0.024165655
Lucas Hernández Pi,France,0.395989239,0,5,-0.395989239
Lucas Höler,Freiburg,0.31464769200000003,0,3,-0.31464769200000003
Lucas Lima Linhares,New York Red Bulls,0.064779066,0,2,-0.064779066
Lucas Matías Licht,Getafe,0.010169556,0,1,-0.010169556
Lucas Nahuel Castro,Chievo,3.29412883,3,44,-0.29412883
Lucas Neill,Blackburn Rovers,0.032072317,0,1,-0.032072317
Lucas Perrin,Strasbourg,0.072856486,0,1,-0.072856486
Lucas Pezzini Leiva,Liverpool,0.541338591,0,10,-0.541338591
Lucas Pérez Martínez,Deportivo Alavés,0.37789816,0,4,-0.37789816
Lucas Pérez Martínez,RC Deportivo La Coruña,13.174435813,19,104,5.8255641869999994
Lucas René Olaza Catrofe,Celta Vigo,0.23626202000000002,1,3,0.7637379799999999
Lucas René Olaza Catrofe,Real Valladolid,0.08318464,0,1,-0.08318464
Lucas Rodrigo Biglia,Argentina,0.122807424,0,2,-0.122807424
Lucas Rodrigo Biglia,Lazio,2.606019747,4,18,1.393980253
Lucas Rodrigues Moura da Silva,Paris Saint-Germain,7.664502902,9,62,1.3354970980000003
Lucas Rodrigues Moura da Silva,Tottenham Hotspur,0.30846351,0,2,-0.30846351
Lucas Silva Borges,Marseille,0.121779301,0,3,-0.121779301
Lucas Silva Borges,Olympique de Marseille,0.452803004,0,9,-0.452803004
Lucas Silva Melo,Eintracht Frankfurt,0.041608516,0,1,-0.041608516
Lucas Tolentino Coelho de Lima,Brazil,2.7682816519999998,2,15,-0.7682816519999998
Lucas Tolentino Coelho de Lima,Lyon,0.320568104,1,3,0.679431896
Lucas Torreira Di Pascua,Uruguay,0.044231985,0,2,-0.044231985
Lucas Vázquez Iglesias,Espanyol,0.034766376,0,1,-0.034766376
Lucas Vázquez Iglesias,Real Madrid,3.834802102,5,28,1.1651978980000002
Lucia Di Guglielmo,AS Roma W,1.318116053,4,14,2.681883947
Lucia Di Guglielmo,Italy Women's,0.353375657,0,7,-0.353375657
Lucia Leon,Tottenham Hotspur Women,0.515999911,1,4,0.484000089
Lucia Pastrenge,Como W,0.763536142,0,9,-0.763536142
Luciano Fabián Monzón,Real Betis,0.070450105,1,1,0.929549895
Luciano Federico Acosta,Cincinnati,0.03195598,0,1,-0.03195598
Luciano Martín Galletti,Atlético Madrid,0.180965278,0,6,-0.180965278
Luciano Sola,Napoli,0.028804878,0,1,-0.028804878
Luciano Vietto,Atlético Madrid,3.110387637,1,25,-2.110387637
Luciano Vietto,Sevilla,0.24399289600000001,0,3,-0.24399289600000001
Luciano Vietto,Villarreal,0.669094488,1,5,0.33090551199999996
Lucienne Reichardt,West Ham United LFC,0.451883832,0,8,-0.451883832
Lucimar da Silva Ferreira,Inter Milan,0.03031395,0,1,-0.03031395
Lucy Bronze,Barcelona WFC,2.148996307,1,16,-1.148996307
Lucy Bronze,England Women's,2.63592365,4,26,1.36407635
Lucy Bronze,Manchester City WFC,2.269908812,2,30,-0.26990881200000016
Lucy Hope,Bristol City WFC,4.7193191599999995,7,39,2.2806808400000005
Lucy Hope,Everton LFC,7.656398737,9,60,1.343601263
Lucy Parker,Aston Villa W,0.71549835,1,5,0.28450165000000005
Lucy Parry,Liverpool WFC,0.027233217,0,1,-0.027233217
Lucy Quinn,Birmingham City WFC,1.829432119,1,16,-0.829432119
Lucy Quinn,Tottenham Hotspur Women,1.27525437,3,12,1.72474563
Lucy Staniforth,Aston Villa W,0.151531285,0,7,-0.151531285
Lucy Staniforth,Birmingham City WFC,4.435163235,3,69,-1.435163235
Lucy Staniforth,Manchester United,0.333635046,0,8,-0.333635046
Lucy Staniforth,Manchester United W,0.643839871,0,8,-0.643839871
Lucy Whipp,Birmingham City WFC,1.030726293,1,10,-0.03072629300000007
Lucía Corrales Álvarez,Barcelona WFC,0.10972147,0,1,-0.10972147
Lucía García Córdoba,Manchester United W,4.768786491,3,40,-1.7687864910000002
Lucía García Córdoba,Spain Women's,1.7763891440000001,2,11,0.22361085599999986
Lucía Gómez García,Villarreal,0.7351650310000001,1,9,0.2648349689999999
Lucía Martínez González,Granada W,0.082973481,0,5,-0.082973481
Lucía María Rodríguez Herrero,Sevilla FC,0.08861550900000001,0,5,-0.08861550900000001
Lucía Moral Ruiz,Atletico Madrid W,1.360174238,2,13,0.6398257620000001
Lucía Pardo Méndez,Madrid CFF,3.994074059,2,48,-1.994074059
Lucía Romero Marco,Villarreal,0.17055383,0,5,-0.17055383
Ludmila da Silva,Atletico Madrid W,6.21315743,3,29,-3.21315743
Ludmila da Silva,Brazil Women's,0.60441975,0,3,-0.60441975
Ludovic Baal,Rennes,0.11581281,0,1,-0.11581281
Ludovic Blas,Guingamp,0.835109607,1,11,0.16489039299999997
Ludovic Blas,Nantes,1.441947597,2,11,0.558052403
Ludovic Delporte,Osasuna,0.088975234,0,3,-0.088975234
Ludovic Giuly,Barcelona,5.331351567,6,37,0.6686484330000004
Ludovic Lamine Sané,Bordeaux,0.15764083699999998,0,3,-0.15764083699999998
Ludwig Augustinsson,Sweden,0.6610111009999999,1,4,0.33898889900000007
Ludwig Kögl,Bayern Munich,0.550203139,0,3,-0.550203139
Luigi De Agostini,Juventus W,0.02019964,0,1,-0.02019964
Luigi Riva,Italy,0.364349719,0,6,-0.364349719
Luis Alberto Cubilla Almeida,Uruguay,0.409345415,1,3,0.590654585
Luis Alberto Romero Alconchel,Málaga,0.09666744,0,1,-0.09666744
Luis Alberto Romero Alconchel,RC Deportivo La Coruña,7.552547195,6,79,-1.5525471949999998
Luis Alberto Suárez Díaz,Atlético Madrid,0.314464558,0,3,-0.314464558
Luis Alberto Suárez Díaz,Barcelona,105.4984506555,136,613,30.501549344500006
Luis Alberto Suárez Díaz,Uruguay,3.413663219,4,22,0.586336781
Luis Antonio Valencia Mosquera,Manchester United,0.269488171,0,5,-0.269488171
Luis Carlos Correia Pinto,Huesca,0.016900029,0,1,-0.016900029
Luis Carlos Correia Pinto,RC Deportivo La Coruña,0.347683432,0,8,-0.347683432
Luis Carlos Ovalle Victoria,Panama,0.009617406,0,1,-0.009617406
Luis Eduardo Delgado Pacheco,Córdoba CF,0.09084095,0,2,-0.09084095
Luis Ezequiel Ávila,Huesca,0.018218076,0,1,-0.018218076
Luis Fernando Díaz Marulanda,Colombia,1.74043156,2,9,0.25956844
Luis Fernando Haquín Lopez,Bolivia,0.022326544,0,1,-0.022326544
Luis Fernando Muriel Fruto,Colombia,0.881968805,1,2,0.11803119500000003
Luis Fernando Muriel Fruto,Sampdoria,6.0109940644,6,56,-0.01099406440000017
Luis Fernando Muriel Fruto,Sevilla,1.382230185,2,13,0.6177698149999999
Luis Fernández Gutiérrez,Real Betis,0.009133565,0,1,-0.009133565
Luis Francisco Romo Barrón,Mexico,0.390231035,0,6,-0.390231035
Luis García Fernández,Espanyol,0.117860395,0,4,-0.117860395
Luis Gerardo Chávez Magallón,Mexico,0.707019542,1,17,0.29298045800000005
Luis Hernández Rodríguez,Málaga,0.031923722,0,1,-0.031923722
Luis Hernández Rodríguez,Sporting Gijón,0.8109841170000001,0,9,-0.8109841170000001
Luis Jan Piers Advíncula Castrillón,Peru,0.0567372145,0,3,-0.0567372145
Luis Javier García Sanz,Liverpool,0.056107904,0,2,-0.056107904
Luis Javier Suárez Charris,Granada,0.060595752,0,2,-0.060595752
Luis Jesús Rioja González,Deportivo Alavés,1.123736465,2,3,0.8762635350000001
Luis Manuel Rubiales Béjar,Levante UD,0.12021846,0,1,-0.12021846
Luis Miguel Nlavo Asue,Equatorial Guinea,0.44238017,0,3,-0.44238017
Luis Morán Sánchez,Sporting Gijón,0.026495215,0,1,-0.026495215
Luis Prieto Zalbidegoitia,Real Valladolid,0.17378280200000001,0,3,-0.17378280200000001
Luisa Guttenberger,Nürnberg W,0.307272355,0,6,-0.307272355
Luiz Adriano de Souza da Silva,AC Milan,3.8656037839999997,4,26,0.1343962160000003
Luiz Gustavo Dias,Wolfsburg,2.624097843,1,23,-1.624097843
Luka Ivanušec,Croatia,0.029541776,0,1,-0.029541776
Luka Jović,Serbia,0.29455157099999996,1,3,0.705448429
Luka Lochoshvili,Georgia,0.06881554,0,1,-0.06881554
Luka Modrić,Croatia,5.877601868,7,27,1.1223981319999998
Luka Modrić,Real Madrid,2.782514001,3,50,0.21748599899999999
Luka Sučić,Croatia,0.362208667,0,3,-0.362208667
Lukas Fröde,Werder Bremen,0.04514549,0,1,-0.04514549
Lukas Hinterseer,Ingolstadt,4.623465444,6,30,1.3765345560000002
Lukas Klünter,FC Köln,0.14120135,0,1,-0.14120135
Lukas Kübler,Freiburg,0.019052552,0,1,-0.019052552
Lukas Rupp,VfB Stuttgart,4.2464314325,5,39,0.7535685675000003
Luke Shaw,England,0.408442765,1,6,0.591557235
Luke Shaw,Manchester United,0.053035222,0,1,-0.053035222
Lukáš Haraslín,Slovakia,0.868900387,0,11,-0.868900387
Lukáš Masopust,Czech Republic,0.037890088,0,1,-0.037890088
Lukáš Provod,Czech Republic,0.10963197499999999,1,3,0.890368025
Lushomo Mweemba,Zambia W,0.11627504,1,1,0.88372496
Luuk de Jong,Netherlands,0.8396032600000001,1,2,0.16039673999999993
Luuk de Jong,Sevilla,0.874076214,1,5,0.12592378599999998
Luís Antônio Corrêa da Costa,Brazil,0.33326668000000004,0,3,-0.33326668000000004
Luís Boa Morte Pereira,Fulham,0.286235976,0,2,-0.286235976
Luís Carlos Almeida da Cunha,Manchester United,0.04786592,0,1,-0.04786592
Luís Carlos Almeida da Cunha,Valencia,0.180600082,0,2,-0.180600082
Luís Eduardo Schmidt,Real Betis,0.291006157,0,4,-0.291006157
Luís Fabiano Clemente,Sevilla,1.395202155,1,15,-0.395202155
Luís Miguel Afonso Fernandes,Espanyol,0.53616394,0,2,-0.53616394
Luís Miguel Afonso Fernandes,RC Deportivo La Coruña,0.881488666,2,4,1.118511334
Luís Miguel Brito Garcia Monteiro,Valencia,0.016688412,0,1,-0.016688412
Lydia Andrade,RB Leipzig W,3.104401943,4,22,0.895598057
Lyndon Dykes,Scotland,0.867444696,0,6,-0.867444696
Lynn Raenie Williams,North Carolina Courage,10.269412647,7,51,-3.2694126469999993
Lynn Williams Biyendolo,NJ/NY Gotham FC,9.854770287000001,8,87,-1.854770287000001
Lynn Williams Biyendolo,United States Women's,1.161008201,0,9,-1.161008201
Lynn Wilms,Netherlands Women's,0.102328249,0,3,-0.102328249
Lynn Wilms,VfL Wolfsburg WFC,0.612148449,0,14,-0.612148449
László Bénes,Slovakia,0.14899905,0,1,-0.14899905
László Kleinheisler,Hungary,0.014760561,0,1,-0.014760561
László Kleinheisler,Werder Bremen,0.3207830265,0,4,-0.3207830265
Léa Le Garrec,Brighton & Hove Albion WFC,1.699742048,1,36,-0.6997420480000001
Léa Le Garrec,France Women's,0.1095852735,1,5,0.8904147265
Léandre Griffit,Southampton,0.009524352,0,1,-0.009524352
Léo Dubois,Nantes,0.493926678,0,11,-0.493926678
Lévy Koffi Djidji,Nantes,0.669396703,0,6,-0.669396703
Lúcia Catarina Sousa Alves,Portugal Women's,0.20625514,0,2,-0.20625514
M''Baye Babacar Niang,AC Milan,5.015888137,5,38,-0.015888137000000135
M''Baye Babacar Niang,Auxerre,0.20305672,0,2,-0.20305672
M''Baye Babacar Niang,Bordeaux,0.041779328000000004,0,2,-0.041779328000000004
M'Baye Babacar Niang,Senegal,1.434392171,1,8,-0.43439217100000005
MacDonald Mariga Wanyama,Real Sociedad,0.03319706,0,1,-0.03319706
Macarena Portales Nieto,Valencia CF,2.863600973,2,28,-0.863600973
Maciej Rybus,Poland,0.15610239,0,1,-0.15610239
Mackenzie Arnold,Australia Women's,0.7539362,0,1,-0.7539362
Mackenzie Pluck,Angel City,0.019162914,0,1,-0.019162914
Maddi Torre Larrañaga,Athletic Club Bilbao,2.025743465,1,18,-1.0257434650000001
Maddie Ann Pokorny,Racing Louisville FC,0.366532827,0,6,-0.366532827
Madeleine Steck,Nürnberg W,0.618662763,0,9,-0.618662763
Madelen Fatimma Maria Janogy,Fiorentina W,3.558968979,7,21,3.441031021
Madelen Fatimma Maria Janogy,Sweden Women's,1.6015396149999999,1,10,-0.6015396149999999
Madelyn Desiano,Houston Dash,0.11143915,0,1,-0.11143915
Madison Haley,Brighton & Hove Albion WFC,2.656869627,2,15,-0.6568696269999998
Madison Hammond,Angel City,1.8850301699999998,1,11,-0.8850301699999998
Madison Pogarch,San Diego Wave,0.317100109,1,4,0.6828998909999999
Madison Tiernan,NJ/NY Gotham FC,0.084746536,0,2,-0.084746536
Magdalena Lilly Eriksson,Bayern München W,0.943591879,4,10,3.056408121
Magdalena Lilly Eriksson,Chelsea FCW,9.283122843000001,4,66,-5.283122843000001
Magdalena Lilly Eriksson,Sweden Women's,3.4592074029999997,1,21,-2.4592074029999997
Magomed Ozdoev,Russia,0.454147594,0,4,-0.454147594
Mahamadou Diarra,Real Madrid,0.286557412,0,5,-0.286557412
Mahamane El-Hadj Traoré,OGC Nice,1.84998718,2,8,0.15001281999999994
Mahdi Camara,Saint-Étienne,0.085014805,0,2,-0.085014805
Mahmoud Dahoud,Borussia Mönchengladbach,2.761968494,5,40,2.238031506
Mahmoud Hamada,Egypt,0.7539362,1,1,0.24606380000000005
Mahmoud Ibrahim Hassan,Egypt,1.010947733,1,14,-0.01094773300000007
Maicon Douglas Sisenando,AS Roma,0.758247792,1,11,0.24175220799999997
Maicon Douglas Sisenando,Inter Milan,0.012992993,0,1,-0.012992993
Maika Hamano,Chelsea FCW,2.363041638,2,14,-0.3630416379999999
Maika Hamano,Japan Women's,0.013722681,0,1,-0.013722681
Maike Berentzen,SGS Essen 19/68,0.877579201,0,7,-0.877579201
Maisie Symonds,Brighton & Hove Albion WFC,0.43939794,0,9,-0.43939794
Maisy Barker,West Ham United LFC,0.014446847,0,1,-0.014446847
Maitane López Millán,NJ/NY Gotham FC,0.269498986,1,3,0.730501014
Maite Oroz Areta,Real Madrid CF W,2.2714465759999998,5,17,2.7285534240000002
Maite Zubieta Aranbarri,Athletic Club Bilbao,1.01485092,0,21,-1.01485092
Maja Jelčić,FC Internazionale Milano W,3.494025357,1,16,-2.494025357
Maja Sternad,SV Werder Bremen,2.48498427,2,22,-0.48498427
Majeed Ashimeru,Ghana,0.025820775,0,1,-0.025820775
Makan Winkle Chote,Goa,0.811927464,1,12,0.18807253599999996
Makenzy Doniak,San Diego Wave,3.547936802,3,33,-0.5479368020000002
Makoto Hasebe,Eintracht Frankfurt,0.19521610299999997,1,7,0.8047838970000001
Makoto Hasebe,Japan,0.03791805,0,1,-0.03791805
Malcom Filipe Silva de Oliveira,Barcelona,1.375069283,1,9,-0.375069283
Malcom Filipe Silva de Oliveira,Bordeaux,0.81859052,1,10,0.18140948
Malia Berkely,North Carolina Courage,0.155421684,0,4,-0.155421684
Malia Grace Steinmetz,New Zealand Women's,0.209108156,0,5,-0.209108156
Malik Tillman,United States,0.06258918,0,1,-0.06258918
Malin Gut,Arsenal WFC,0.36907397399999997,0,4,-0.36907397399999997
Mallory Diane Swanson,Chicago Red Stars,1.700821442,1,9,-0.7008214420000001
Mallory Diane Swanson,United States Women's,0.87386449,1,4,0.12613551
Mallory Eubanks,Washington Spirit,0.049979309,0,2,-0.049979309
Mallory Pugh,Washington Spirit,0.966633919,1,7,0.03336608100000005
Mallory Weber,Portland Thorns,0.48573302700000004,0,3,-0.48573302700000004
Malo Gusto,Lyon,0.012688727,0,1,-0.012688727
Mama Samba Baldé,Guinea-Bissau,0.20115685,0,3,-0.20115685
Mama Samba Baldé,Troyes,0.414103193,2,6,1.5858968070000001
Mamadou Koné,Leganés,0.09562088,0,2,-0.09562088
Mamadou Koné,Racing Santander,0.069109295,0,2,-0.069109295
Mamadou N''Diaye,Montpellier,0.040675866,0,2,-0.040675866
Mamadou Sakho,Liverpool,1.369074751,1,6,-0.3690747510000001
Mamadou Sylla Diallo,Espanyol,1.451614397,0,8,-1.451614397
Mame Biram Diouf,Senegal,0.22711695,0,2,-0.22711695
Mame Biram Diouf,Stoke City,4.205189227,5,32,0.794810773
Mamello Makhabane,South Africa Women's,0.03950583,0,1,-0.03950583
Mana Dembélé,Guingamp,1.521586542,0,14,-1.521586542
Mana Iwabuchi,Aston Villa,1.299644545,2,11,0.700355455
Mana Iwabuchi,Japan Women's,0.585623214,1,8,0.41437678600000005
Manaka Matsukubo,North Carolina Courage,0.746693729,1,10,0.253306271
Mandar Rao Desai,Mumbai City,0.074364129,0,2,-0.074364129
Manjou Wilde,Köln,0.301384787,0,6,-0.301384787
Manoel Francisco dos Santos,Brazil,1.065426454,0,10,-1.065426454
Manolo Gabbiadini,Napoli,3.4163455105,5,30,1.5836544895000002
Manuel Agudo Durán,Barcelona,0.28315046,0,1,-0.28315046
Manuel Agudo Durán,Celta Vigo,11.03736636,12,93,0.96263364
Manuel Agudo Durán,Granada,0.09045163,0,1,-0.09045163
Manuel Agudo Durán,Sevilla,0.06429982,0,1,-0.06429982
Manuel Alejandro García Sánchez,Deportivo Alavés,0.597867763,0,3,-0.597867763
Manuel Castellano Castro,Eibar,0.268881105,0,4,-0.268881105
Manuel Gaspar Haro,Málaga,0.019204639,0,1,-0.019204639
Manuel Gulde,Freiburg,0.42932695,1,2,0.57067305
Manuel Henrique Tavares Fernandes,Portugal,0.031725065999999996,0,2,-0.031725065999999996
Manuel Henrique Tavares Fernandes,Valencia,0.017168194,0,1,-0.017168194
Manuel Jesús Arana Rodríguez,Racing Santander,0.056673552,0,4,-0.056673552
Manuel Jesús Ortiz Toribio,Osasuna,0.036651226,0,2,-0.036651226
Manuel Jesús Vázquez Florido,Real Betis,0.165040353,0,2,-0.165040353
Manuel Lanzarote Bruno,Espanyol,0.07409562,0,1,-0.07409562
Manuel Lanzini,West Ham United,3.814146344,5,48,1.185853656
Manuel Locatelli,Italy,1.712971381,2,6,0.287028619
Manuel Luís da Silva Cafumana,Angola,0.037369721,0,2,-0.037369721
Manuel Marouan da Costa Trinidade,Morocco,0.06496154700000001,0,2,-0.06496154700000001
Manuel Neuer,Bayern Munich,0.7539362,1,1,0.24606380000000005
Manuel Obafemi Akanji,Switzerland,4.139322129,2,14,-2.139322129
Manuel Onwu Villafranca,Osasuna,0.013795818,0,1,-0.013795818
Manuel Pablo García Díaz,RC Deportivo La Coruña,0.283328556,0,3,-0.283328556
Manuel Pasqual,Fiorentina,0.477709128,0,5,-0.477709128
Manuel Pucciarelli,Empoli,6.645187402,6,58,-0.6451874020000004
Manuel Rolando Iturra Urrutia,Granada,0.012391905,0,1,-0.012391905
Manuel Rolando Iturra Urrutia,Udinese,0.690640143,0,4,-0.690640143
Manuel Schmiedebach,Hannover 96,0.6861573830000001,1,11,0.31384261699999993
Manuel Trigueros Muñoz,Villarreal,1.4854604825,3,36,1.5145395175
Manuel Ugarte Ribeiro,Uruguay,1.0182719310000001,1,5,-0.01827193100000013
Manuel Velázquez Villaverde,Real Madrid,0.43952696,0,2,-0.43952696
Manuel del Moral Fernández,Eibar,0.00918709,0,1,-0.00918709
Manuel del Moral Fernández,Getafe,1.4748676405,3,12,1.5251323595
Manuel del Moral Fernández,Sevilla,0.861575929,0,8,-0.861575929
Manuela Giugliano,AS Roma W,10.5560072705,10,91,-0.5560072705000003
Manuela Giugliano,Italy Women's,0.447007542,0,12,-0.447007542
Manuela Sciabica,Sassuolo W,0.962960864,2,7,1.037039136
Manuela Vanegas Cataño,Colombia Women's,0.256860252,1,5,0.7431397479999999
Manuela Vanegas Cataño,Real Sociedad de Fútbol,1.087482525,1,15,-0.08748252499999998
Manvir Singh,ATK Mohun Bagan,3.027830398,4,26,0.9721696020000001
Manvir Singh,Mohun Bagan Super Giant,2.1995352155,2,20,-0.19953521550000008
Manvir Singh,NorthEast United,0.009251133,0,1,-0.009251133
Mapou Yanga-Mbiwa,Lyon,1.0371887069999999,2,7,0.9628112930000001
Mapula Nomvula Kgoale,South Africa Women's,0.016081607,0,1,-0.016081607
Mar Imbergamo,Villarreal,0.040270492,0,1,-0.040270492
Mara Alber,Hoffenheim W,3.674284274,6,38,2.325715726
Marc Albrighton,Leicester City,2.708526351,2,42,-0.7085263510000002
Marc Bartra Aregall,Barcelona,3.209955491,4,22,0.7900445089999999
Marc Bartra Aregall,Real Betis,0.053362045000000004,0,2,-0.053362045000000004
Marc Bertrán Vilanova,Osasuna,0.020852994,0,1,-0.020852994
Marc Cucurella Saseta,Eibar,0.4922196,1,2,0.5077804
Marc Cucurella Saseta,Getafe,0.174073419,0,3,-0.174073419
Marc Cucurella Saseta,Spain,0.02906043,0,1,-0.02906043
Marc Guehi,England,0.194585178,0,2,-0.194585178
Marc Muniesa Martínez,Girona,0.018929133,0,1,-0.018929133
Marc Muniesa Martínez,Stoke City,0.071968264,0,3,-0.071968264
Marc Pugh,AFC Bournemouth,2.979936885,3,22,0.02006311500000013
Marc Roca Junqué,Espanyol,0.093548032,0,3,-0.093548032
Marc Stendera,Eintracht Frankfurt,2.120705112,2,39,-0.120705112
Marc Torrejón Moya,Espanyol,0.35186369500000003,0,2,-0.35186369500000003
Marc Torrejón Moya,Racing Santander,0.07479477,0,1,-0.07479477
Marc-André ter Stegen,Barcelona,0.06737323,0,1,-0.06737323
Marcel Büchel,Empoli,1.067201698,2,36,0.9327983019999999
Marcel Halstenberg,Germany,0.061708674,0,1,-0.061708674
Marcel Hartel,FC Köln,0.34642131600000003,0,4,-0.34642131600000003
Marcel Heller,Darmstadt 98,3.199106209,6,32,2.800893791
Marcel Risse,FC Köln,2.044663173,3,45,0.955336827
Marcel Sabitzer,Austria,1.8055539360000001,1,23,-0.8055539360000001
Marcel Sabitzer,Borussia Dortmund,0.1387795,0,2,-0.1387795
Marcel Schmelzer,Borussia Dortmund,0.951056579,0,21,-0.951056579
Marcel Schäfer,Wolfsburg,0.789651871,1,12,0.210348129
Marcel Tisserand,Toulouse,1.154487244,1,10,-0.15448724400000002
Marcelino Ignacio Nuñez Espinoza,Chile,0.08178718900000001,0,3,-0.08178718900000001
Marcello Gazzola,Sassuolo,0.22446305500000002,0,2,-0.22446305500000002
Marcello Trotta,Sassuolo,1.794299251,1,12,-0.794299251
Marcelo Alfonso Díaz Rojas,Celta Vigo,0.503506097,0,12,-0.503506097
Marcelo Alfonso Díaz Rojas,Hamburger SV,0.342856783,0,9,-0.342856783
Marcelo Amado Djaló Taritolay,Guinea-Bissau,0.028306356,0,1,-0.028306356
Marcelo Antônio Guedes Filho,Hannover 96,0.830867504,1,7,0.16913249600000002
Marcelo Brozović,Croatia,2.489442369,2,14,-0.4894423689999998
Marcelo Brozović,Inter Milan,3.6513312845,4,56,0.3486687155000001
Marcelo Daniel Gallardo,River Plate,0.430707446,0,8,-0.430707446
Marcelo Leite Pereira,NorthEast United,1.239998972,1,15,-0.23999897199999998
Marcelo Ribeiro dos Santos,East Bengal,1.62265001,0,18,-1.62265001
Marcelo Vieira da Silva Júnior,Brazil,0.07140662,0,4,-0.07140662
Marcelo Vieira da Silva Júnior,Real Madrid,3.7247601565,4,40,0.2752398435000001
Marcial Manuel Pina Morales,Barcelona,0.097750924,0,3,-0.097750924
Marciano Sanca Tchami,Guinea-Bissau,0.15474724,0,2,-0.15474724
Marcin Ryszard Wasilewski,Leicester City,0.041340843,0,1,-0.041340843
Marco Andreolli,Sevilla,0.34930851,0,3,-0.34930851
Marco Antonio Ortega Cotano,Gimnàstic Tarragona,0.023736194,0,1,-0.023736194
Marco Antônio De Mattos Filho,Udinese,0.503472834,0,9,-0.503472834
Marco Asensio Willemsen,Espanyol,6.862239817,4,59,-2.862239817
Marco Asensio Willemsen,Real Madrid,1.051011498,1,7,-0.051011498000000044
Marco Asensio Willemsen,Spain,1.32016834,1,13,-0.32016833999999994
Marco Benassi,Torino,3.194703575,3,47,-0.19470357500000013
Marco Borriello,Atalanta,3.272772637,4,26,0.7272273629999999
Marco Borriello,Carpi,2.651804032,4,29,1.3481959680000002
Marco Crimi,Carpi,0.36855854,0,8,-0.36855854
Marco D''Alessandro,Atalanta,1.642073404,3,14,1.357926596
Marco Gastón Ruben Rodríguez,Recreativo Huelva,0.452352876,2,5,1.547647124
Marco Gastón Ruben Rodríguez,Villarreal,0.175625726,0,4,-0.175625726
Marco Höger,Schalke 04,0.189724897,0,2,-0.189724897
Marco Jhonfai Fabián De La Mora,Eintracht Frankfurt,0.812665148,0,19,-0.812665148
Marco Jhonfai Fabián De La Mora,Mexico,0.015981596,0,1,-0.015981596
Marco Parolo,Lazio,5.357020993,3,56,-2.357020993
Marco Reus,Borussia Dortmund,9.265179653,12,64,2.7348203469999994
Marco Reus,Germany,0.507090275,1,6,0.49290972499999997
Marco Russ,Eintracht Frankfurt,2.4342589897,3,22,0.5657410103
Marco Sahanek,NorthEast United,0.7835904380000001,1,15,0.21640956199999994
Marco Sailer,Darmstadt 98,0.9110927600000001,1,6,0.08890723999999994
Marco Verratti,Italy,0.252100227,0,4,-0.252100227
Marco Verratti,Paris Saint-Germain,0.954241081,1,11,0.045758918999999953
Marco Zambelli,Empoli,0.027590385,0,1,-0.027590385
Marco van Ginkel,Stoke City,0.662537127,0,10,-0.662537127
Marcos Alberto Angeleri,Málaga,0.297162096,0,4,-0.297162096
Marcos Alonso Mendoza,Fiorentina,3.6402775825,3,56,-0.6402775825
Marcos Alonso Peña,Barcelona,0.600680201,1,7,0.39931979900000003
Marcos André de Sousa Mendonça,Real Valladolid,0.12911746999999998,0,2,-0.12911746999999998
Marcos Antonio Senna da Silva,Villarreal,1.7486839609999998,2,7,0.2513160390000002
Marcos Aoás Corrêa,Brazil,0.9525914539999999,0,3,-0.9525914539999999
Marcos Aoás Corrêa,Paris Saint-Germain,5.8330769149999995,6,38,0.16692308500000053
Marcos Danilo Ureña Porras,Costa Rica,0.10658619800000001,0,2,-0.10658619800000001
Marcos Evangelista de Moraes,AC Milan,0.027924646,0,1,-0.027924646
Marcos García Barreno,Villarreal,0.11445793,1,1,0.88554207
Marcos Gullón Ferrera,Racing Santander,0.29770705,0,1,-0.29770705
Marcos Javier Acuña,Argentina,0.179022114,0,4,-0.179022114
Marcos Johan López Lanfranco,Peru,0.018097853,0,1,-0.018097853
Marcos Llorente Moreno,Atlético Madrid,0.5011619979999999,0,4,-0.5011619979999999
Marcos Llorente Moreno,Deportivo Alavés,0.196805749,0,2,-0.196805749
Marcos Llorente Moreno,Spain,0.527447345,0,5,-0.527447345
Marcos Paulo Mesquita Lopes,AS Monaco,0.78927139,0,3,-0.78927139
Marcos Paulo Mesquita Lopes,Lille,0.98435408,2,20,1.0156459199999999
Marcos Paulo Mesquita Lopes,Troyes,0.678264607,0,5,-0.678264607
Marcos Sebastián Aguirre,Real Valladolid,0.035333447,0,1,-0.035333447
Marcus Allbäck,Aston Villa,0.37046263,0,2,-0.37046263
Marcus Andreas Danielsson,Sweden,0.41124514,0,1,-0.41124514
Marcus Bent,Leicester City,0.06769184,0,2,-0.06769184
Marcus Berg,Sweden,3.23702075,0,17,-3.23702075
Marcus Coco,Guingamp,2.241865069,1,22,-1.2418650690000002
Marcus Coco,Nantes,0.10558412,0,3,-0.10558412
Marcus Rashford,England,3.153974423,4,18,0.8460255769999998
Marcus Rashford,Manchester United,2.350156294,5,16,2.649843706
Marcus Thuram,France,1.848298139,1,14,-0.848298139
Marek Hamšík,Napoli,6.4815110699,6,84,-0.4815110698999998
Marek Hamšík,Slovakia,0.133056346,0,4,-0.133056346
Maren Nævdal Mjelde,Chelsea FCW,4.9919304175,6,27,1.0080695825000001
Maren Nævdal Mjelde,Norway Women's,1.640308015,1,10,-0.640308015
Margaret Belemu,Zambia W,0.025575925,0,1,-0.025575925
Margaret Purce,NJ/NY Gotham FC,5.740990114,4,35,-1.7409901139999997
Margaret Purce,Portland Thorns,0.069974957,0,3,-0.069974957
Margherita Monnecchi,Como W,3.70176217,1,52,-2.70176217
Mari Ward,Bristol City WFC,0.569988888,0,4,-0.569988888
Maria Eduarda Ferreira Sampaio,Brazil Women's,0.11644275000000001,0,2,-0.11644275000000001
Maria Edwards,SGS Essen 19/68,0.22175281600000002,0,4,-0.22175281600000002
Maria Estella del Valle,Costa Adeje Tenerife,0.49475699,2,4,1.50524301
Maria Guadalupe Sanchez Morales,Houston Dash,3.326697702,4,32,0.6733022979999999
Maria Inmaculada Gabarro Romero,Sevilla FC,8.594003837,6,85,-2.5940038370000007
Maria Luisa Filangeri,Sassuolo W,0.441296544,0,4,-0.441296544
Maria Morena Gianfico,Napoli W,0.537327317,0,6,-0.537327317
Maria Thorisdottir,Brighton & Hove Albion WFC,0.15178622,0,2,-0.15178622
Maria Thorisdottir,Chelsea FCW,0.223099481,1,4,0.776900519
Maria Thorisdottir,Manchester United,0.17879097,0,2,-0.17879097
Maria Thorisdottir,Manchester United W,0.038423102,0,1,-0.038423102
Maria Thorisdottir,Norway Women's,0.27067035,0,2,-0.27067035
Mariam Abdulai Toloba,Belgium Women's,0.464311162,0,5,-0.464311162
Mariana Cerro,Athletic Club Bilbao,1.437561112,2,21,0.562438888
Mariana De Los Angeles Benavidez,Costa Rica Women's,0.020881549,0,1,-0.020881549
Mariana Valeria Larroquette,Argentina Women's,0.648816578,0,9,-0.648816578
Mariana Valeria Larroquette,Orlando Pride,0.47130467,1,3,0.52869533
Marianela Szymanowski Alonso,Pomigliano,1.3040424800000001,2,18,0.6959575199999999
Mariano Andrés Pernía,Atlético Madrid,0.031211843000000003,0,2,-0.031211843000000003
Mariano Andrés Pernía,Getafe,0.011503143,1,1,0.988496857
Mariano Díaz Mejía,Real Madrid,0.10625847,1,1,0.89374153
Mariano Ferreira Filho,Sevilla,0.667801765,0,11,-0.667801765
Marie Detruyer,Belgium Women's,0.48111612,0,1,-0.48111612
Marie Minnaert,Belgium Women's,0.150801761,0,2,-0.150801761
Marie Müller,SC Freiburg,1.556423755,1,18,-0.556423755
Marie Therese Höbinger,Austria Women's,0.04247293,0,1,-0.04247293
Marie Therese Höbinger,Liverpool WFC,1.879454635,5,26,3.120545365
Marie-Antoinette Katoto,France Women's,2.729105117,3,12,0.270894883
Mariela Del Carmen Coronel,Argentina Women's,0.022517983,0,1,-0.022517983
Marija Banušić,Napoli W,5.589627095,3,39,-2.589627095
Marina Georgieva,Austria Women's,0.18931616,0,2,-0.18931616
Marina Georgieva,Fiorentina W,1.26782469,0,6,-1.26782469
Marina Hegering,Germany Women's,1.531346637,0,9,-1.531346637
Marina Hegering,VfL Wolfsburg WFC,1.596864941,2,18,0.403135059
Marina Martí Serna,Valencia CF,2.34199473,2,33,-0.34199473000000014
Marina Rivas,Madrid CFF,0.124901591,0,2,-0.124901591
Marina Scholz,Nürnberg W,0.083529099,0,3,-0.083529099
Mario Alberto Kempes Chiodi,River Plate,0.03845101,0,1,-0.03845101
Mario Barwuah Balotelli,AC Milan,3.73259128,1,43,-2.73259128
Mario Bermejo Castanedo,Celta Vigo,0.46821744299999996,1,3,0.5317825570000001
Mario Bermejo Castanedo,Xerez,0.324058448,1,4,0.6759415520000001
Mario Bertini,Inter Milan,0.016172176,0,1,-0.016172176
Mario Frustalupi,Inter Milan,0.054375112,0,1,-0.054375112
Mario Gaspar Pérez Martínez,Villarreal,2.669949877,2,42,-0.6699498770000001
Mario Gavranović,Switzerland,2.091774433,3,6,0.9082255670000001
Mario González Gutiérrez,LAFC,0.15203339,0,1,-0.15203339
Mario Gutiérrez Cotelo,Getafe,0.095797144,0,3,-0.095797144
Mario Gómez García,Bayern Munich,1.551930506,1,6,-0.5519305059999999
Mario Gómez García,Germany,1.8507816099999999,0,6,-1.8507816099999999
Mario Götze,Bayern Munich,2.81218216,3,17,0.18781784000000012
Mario Götze,Eintracht Frankfurt,0.139256932,0,2,-0.139256932
Mario Götze,Germany,0.0779947,0,1,-0.0779947
Mario Hermoso Canseco,Atlético Madrid,0.29000577,0,1,-0.29000577
Mario Lemina,Juventus,0.272885693,2,5,1.727114307
Mario Lemina,Marseille,0.16567020999999998,0,2,-0.16567020999999998
Mario Lemina,Olympique de Marseille,0.23881554700000002,0,4,-0.23881554700000002
Mario Mandžukić,Atlético Madrid,0.76046705,1,1,0.23953294999999997
Mario Mandžukić,Bayern Munich,1.289697424,1,5,-0.2896974240000001
Mario Mandžukić,Croatia,3.374857811,3,12,-0.37485781100000004
Mario Mandžukić,Juventus,8.534801163000001,11,41,2.465198836999999
Mario Martínez Rubio,CD Numancia de Soria,0.149709131,1,2,0.850290869
Mario Melchiot,Chelsea,0.3512906,0,1,-0.3512906
Mario Mitaj,Albania,0.034496132,0,1,-0.034496132
Mario Pašalić,AS Monaco,2.6542983380000003,3,20,0.34570166199999974
Mario Pašalić,Croatia,1.6789108000000001,2,9,0.32108919999999985
Mario Pašalić,Elche,0.153721987,0,2,-0.153721987
Mario Suárez Mata,Atlético Madrid,0.039973281,0,2,-0.039973281
Mario Suárez Mata,Fiorentina,0.39892188,1,7,0.6010781199999999
Mario Suárez Mata,Mallorca,0.056307633999999995,0,2,-0.056307633999999995
Mario Suárez Mata,Watford,0.41997843500000004,0,9,-0.41997843500000004
Mario Vrančić,Darmstadt 98,1.889043609,2,14,0.11095639099999999
Marion Torrent,France Women's,0.281100072,0,4,-0.281100072
Marios Oikonomou,Bologna,0.377829875,0,5,-0.377829875
Maris Verpakovskis,Getafe,0.26926705,0,1,-0.26926705
Marisa Ewers,Aston Villa,0.381452183,0,9,-0.381452183
Marisa Ewers,Birmingham City WFC,0.174712115,0,5,-0.174712115
Marisa Marie DiGrande,Houston Dash,1.240180818,0,20,-1.240180818
Marissa Callaghan,Northern Ireland W,0.030175265,0,1,-0.030175265
Marissa Maeve Sheva,Washington Spirit,0.265965604,0,2,-0.265965604
Marius Bülter,Hoffenheim,0.018551625,0,1,-0.018551625
Marius Stankevičius,Valencia,0.021319892,0,1,-0.021319892
Marius Wolf,Borussia Dortmund,0.12834431,0,1,-0.12834431
Marius Wolf,Hannover 96,0.030335274,0,1,-0.030335274
Mark Anthony Kaye,Canada,0.041322827,0,1,-0.041322827
Mark Dennis González Hoffmann,Albacete,0.385741726,1,5,0.614258274
Mark Dennis González Hoffmann,Real Betis,0.138048535,1,2,0.861951465
Mark Kennedy,Wolverhampton Wanderers,0.070283179,0,2,-0.070283179
Mark Kinsella,Aston Villa,0.0134297395,0,1,-0.0134297395
Mark Noble,West Ham United,4.407514079,7,34,2.5924859209999997
Mark Pembridge,Everton,0.042312701,0,2,-0.042312701
Mark Uth,Hoffenheim,5.3035156699999995,8,33,2.6964843300000005
Mark Viduka,Leeds United,0.0153399175,0,1,-0.0153399175
Mark Zothanpuia,Hyderabad,0.014256541,0,1,-0.014256541
Mark van Bommel,Barcelona,0.969013621,0,17,-0.969013621
Mark van Bommel,Bayern Munich,0.087434524,0,4,-0.087434524
Markel Bergara Larrañaga,Real Sociedad,1.242865858,1,17,-0.24286585800000005
Markel Susaeta Laskurain,Athletic Club,4.6256524820000005,6,46,1.3743475179999995
Marko Arnautović,Austria,2.133506907,2,12,-0.13350690700000012
Marko Arnautović,Stoke City,10.16843919,11,72,0.8315608099999992
Marko Baša,Lille,1.274426718,0,15,-1.274426718
Marko Grujić,Serbia,0.011256559,0,1,-0.011256559
Marko Lešković,Kerala Blasters,2.292103746,0,18,-2.292103746
Marko Livaja,Croatia,1.440272847,1,7,-0.4402728469999999
Marko Livaja,Empoli,0.805926847,1,16,0.19407315300000005
Marko Marin,Sevilla,0.07730794,0,1,-0.07730794
Marko Pjaca,Croatia,0.015791118,0,1,-0.015791118
Marko Rog,Sevilla,0.01865694,0,1,-0.01865694
Markus Babbel,Blackburn Rovers,0.06779334,0,1,-0.06779334
Markus Feulner,Augsburg,0.7737385330000001,1,13,0.22626146699999994
Markus Rosenberg,Racing Santander,0.11082858200000001,0,2,-0.11082858200000001
Markus Suttner,Ingolstadt,0.5671847265000001,0,20,-0.5671847265000001
Marleen Schimmer,Köln,3.540884428,4,43,0.45911557199999997
Marlene Müller,RB Leipzig W,3.113654033,1,21,-2.113654033
Marlon Frey,Bayer Leverkusen,0.58328572,0,9,-0.58328572
Marouane Chamakh,Crystal Palace,0.303493752,0,2,-0.303493752
Marouane Fellaini-Bakkioui,Belgium,0.648530376,1,5,0.35146962400000004
Marouane Fellaini-Bakkioui,Manchester United,3.502628908,1,22,-2.502628908
Marshall Nyasha Munetsi,Stade de Reims,0.6223079899999999,0,5,-0.6223079899999999
Marta Alexandra Cox Villarreal,Panama Women's,0.329519218,1,8,0.670480782
Marta Cardona De Miguel,Atletico Madrid W,2.14304307,1,13,-1.14304307
Marta Cardona De Miguel,Spain Women's,0.576226685,1,5,0.42377331500000004
Marta Carrasco García,Granada W,0.764866307,0,6,-0.764866307
Marta Carro Nolasco,Valencia CF,1.6315137069999999,0,17,-1.6315137069999999
Marta Cazalla Garcia,Hoffenheim W,2.231513618,4,19,1.7684863819999999
Marta Corredera Rueda,Spain Women's,0.10741629,0,6,-0.10741629
Marta Mascarello,AC Milan W,1.7549144779999999,2,19,0.2450855220000001
Marta Pandini,FC Internazionale Milano W,0.557079193,0,8,-0.557079193
Marta San Adrián Rocandio,Athletic Club Bilbao,2.2032269225,2,24,-0.20322692249999985
Marta Torrejón Moya,Barcelona WFC,5.825337629,8,39,2.174662371
Marta Torrejón Moya,Spain Women's,0.22010585,0,3,-0.22010585
Marta Vieira da Silva,Orlando Pride,4.160295423,2,25,-2.160295423
Marta Vieira da Silva Veiga,Brazil Women's,1.9513845989999998,2,8,0.04861540100000017
Marta Vieira da Silva Veiga,Orlando Pride,5.653880083,4,33,-1.6538800829999998
Marten de Roon,Atalanta,0.796401102,1,20,0.20359889799999997
Marten de Roon,Netherlands,0.030625472,0,1,-0.030625472
Martha Harris,Manchester United,0.195789193,0,5,-0.195789193
Martha Harris,Manchester United W,0.291939741,0,5,-0.291939741
Martha Tembo,Zambia W,0.023736194,0,1,-0.023736194
Martha Thomas,Tottenham Hotspur Women,6.369574868,7,46,0.630425132
Martha Thomas,West Ham United LFC,10.105857449,8,76,-2.105857449
Martin Andresen,Blackburn Rovers,0.03556634,0,1,-0.03556634
Martin Baturina,Croatia,0.0899079,0,1,-0.0899079
Martin Braithwaite Christensen,Barcelona,6.820051379,3,35,-3.8200513789999997
Martin Braithwaite Christensen,Denmark,2.297171264,1,21,-1.2971712640000002
Martin Braithwaite Christensen,Leganés,0.690227845,1,3,0.309772155
Martin Braithwaite Christensen,Toulouse,15.235486056,11,108,-4.235486055999999
Martin Harnik,VfB Stuttgart,4.949163839,2,32,-2.9491638389999997
Martin Hinteregger,Austria,0.1419936355,0,3,-0.1419936355
Martin Hinteregger,Borussia Mönchengladbach,0.149602592,0,4,-0.149602592
Martin Hoffmann,German DR,0.018810933,0,1,-0.018810933
Martin Hongla Yma II,Cameroon,0.08084158,0,1,-0.08084158
Martin Kelly,Crystal Palace,0.021968724,0,1,-0.021968724
Martin Keown,Arsenal,0.1208242,0,1,-0.1208242
Martin Koscelník,Slovakia,0.088969015,0,1,-0.088969015
Martin Olsson,Norwich City,0.204098932,1,7,0.795901068
Martin Petrov,Atlético Madrid,0.126759986,0,4,-0.126759986
Martin Stanford Peters,England,0.155507368,0,4,-0.155507368
Martin Terrier,Rennes,0.380839532,0,4,-0.380839532
Martin Ødegaard,Real Sociedad,0.284212246,0,6,-0.284212246
Martin Škrtel,Liverpool,0.619776134,1,10,0.380223866
Martina Brustia,Sampdoria W,0.24379042,0,1,-0.24379042
Martina Di Bari,Napoli W,0.22506388100000002,0,4,-0.22506388100000002
Martina Fernández,Barcelona WFC,3.2709303839999997,1,19,-2.2709303839999997
Martina Fusini,Pomigliano,0.28506005700000003,0,8,-0.28506005700000003
Martina Lenzini,Juventus W,0.333096388,0,6,-0.333096388
Martina Piemonte,Everton LFC,4.717942777,3,32,-1.7179427770000002
Martina Piemonte,Italy Women's,0.88445996,1,9,0.11554003999999996
Martina Rosucci,Italy Women's,0.13170238,0,1,-0.13170238
Martina Tomaselli,AS Roma W,0.88315922,2,4,1.11684078
Martina Toniolo,Fiorentina W,0.42046924799999996,0,6,-0.42046924799999996
Martina Zanoli,Como W,0.06939150399999999,0,3,-0.06939150399999999
Martina Zanoli,Fiorentina W,0.052987825,0,1,-0.052987825
Martyna Wiankowska,Köln,3.687461619,4,24,0.312538381
Martyna Wiankowska,Poland Women's,0.187697208,1,2,0.812302792
Martí Crespí Pascual,Mallorca,0.03183727,0,1,-0.03183727
Martín Alejandro Cardetti,River Plate,0.20197102,0,1,-0.20197102
Martín Gastón Demichelis,Manchester City,0.51746027,0,5,-0.51746027
Martín Gastón Demichelis,Málaga,0.12920983,0,1,-0.12920983
Martín Mauricio Astudillo,Osasuna,0.050815798,0,2,-0.050815798
Martín Maximiliano Mantovani,Leganés,0.32493266,0,1,-0.32493266
Martín Merquelanz Castellanos,Real Sociedad,0.039243124,0,1,-0.039243124
Martín Montoya Torralbo,Barcelona,0.385810122,0,7,-0.385810122
Martín Montoya Torralbo,Real Betis,0.028410131,0,1,-0.028410131
Martín Palermo,Boca Juniors,0.406076265,1,2,0.593923735
Martín Zubimendi Ibáñez,Real Sociedad,0.09857029,0,1,-0.09857029
Marvin Emnes,Swansea City,0.025039196,0,1,-0.025039196
Marvin Friedrich,Borussia Mönchengladbach,0.18378694099999998,0,4,-0.18378694099999998
Marvin Gakpa,Lorient,0.016780289,0,1,-0.016780289
Marvin Martin,Lille,0.259289243,0,5,-0.259289243
Marvin Matip,Ingolstadt,2.575511233,2,25,-0.5755112329999998
Marvin Plattenhardt,Germany,0.026543347,0,1,-0.026543347
Marvin Plattenhardt,Hertha Berlin,0.8105610249999999,2,14,1.189438975
Marvin Schulz,Borussia Mönchengladbach,0.013549474,0,1,-0.013549474
Marwan Attia Fahim Ghallab,Egypt,0.029572769,0,2,-0.029572769
Marwan Mohsen,Egypt,0.329641834,0,6,-0.329641834
Mary Alice Vignola,Angel City,2.412920089,3,26,0.587079911
Mary Boio Fowler,Australia Women's,3.104253957,2,15,-1.104253957
Mary Boio Fowler,Manchester City WFC,2.534434282,4,24,1.4655657180000001
Maryan Wisnieski,France,0.081295185,0,1,-0.081295185
María  Molina Molero,Valencia CF,1.402056422,1,13,-0.402056422
María Catalina Usme Pineda,Colombia Women's,1.158691593,2,8,0.8413084070000001
María Cienfuegos Baragaño,CD Sporting de Huelva,0.222889329,1,10,0.777110671
María Florencia Bonsegundo,Argentina Women's,1.258279215,1,10,-0.25827921499999995
María Francesca Caldentey Oliver,Barcelona WFC,9.355383605,10,63,0.6446163949999999
María Francesca Caldentey Oliver,Spain Women's,6.396738501,4,39,-2.3967385009999997
María Gabaldón Romero,Levante UD Femenino,0.046503447,0,2,-0.046503447
María Jiménez,Real Betis Balompié,0.567082053,1,8,0.43291794699999997
María José Pérez,Costa Adeje Tenerife,2.633182374,1,22,-1.633182374
María José Urrutia Sánchez,Chile Women's,0.566914471,1,8,0.43308552899999997
María Llompart Pons,Villarreal,3.163328854,3,31,-0.16332885399999997
María Luisa García Antolín,Real Madrid CF W,0.373331506,0,4,-0.373331506
María Méndez Fernández,Levante UD Femenino,1.699784002,3,8,1.300215998
María Méndez Fernández,Spain Women's,0.25833805,0,2,-0.25833805
María Paula Coto González,Costa Rica Women's,0.32839746000000003,0,3,-0.32839746000000003
María Paula Salas,Costa Rica Women's,0.028658058,0,1,-0.028658058
María Pilar León Cebrián,Barcelona WFC,0.224118679,1,8,0.775881321
María Pilar León Cebrián,Spain Women's,0.50459,0,4,-0.50459
María Pérez,Sevilla FC,0.7502186319999999,1,12,0.24978136800000006
María Ruiz Gámez,CD Sporting de Huelva,1.726434188,0,18,-1.726434188
María Victoria Losada Gómez,Brighton & Hove Albion WFC,0.925204819,1,8,0.07479518100000004
María Victoria Losada Gómez,Spain Women's,0.037837733,0,1,-0.037837733
María de Alharilla Casado Morente,Levante UD Femenino,0.179210513,0,3,-0.179210513
María de los Ángeles Carrión Egido,Real Betis Balompié,1.4461212095,2,14,0.5538787905
Mashoor Shereef Thangalakath,NorthEast United,0.27091631,1,5,0.72908369
Mason Mount,England,1.002329715,0,11,-1.002329715
Masoud Shojaei Soleimani,Osasuna,0.15291352400000002,0,3,-0.15291352400000002
Massadio Haïdara,Lens,0.073011144,0,2,-0.073011144
Massadio Haïdara,Newcastle United,0.045652537,0,3,-0.045652537
Massimiliano Carlini,Frosinone,0.223583634,0,4,-0.223583634
Massimo Crippa,Napoli,0.14732019200000002,0,5,-0.14732019200000002
Massimo Gobbi,Chievo,0.6578379925,0,14,-0.6578379925
Massimo Maccarone,Empoli,10.495643802,13,82,2.504356198
Massimo Maccarone,Middlesbrough,0.76046705,1,1,0.23953294999999997
Mate Bilić,Sporting Gijón,0.311434418,0,5,-0.311434418
Mateo Ezequiel García,Las Palmas,0.100184985,0,1,-0.100184985
Mateo Kovačić,Croatia,1.82363784,0,18,-1.82363784
Mateo Kovačić,Real Madrid,1.175601081,0,11,-1.175601081
Mateo Pablo Musacchio,Villarreal,0.5892993519999999,1,5,0.41070064800000006
Mateo Retegui,Italy,0.46232356799999996,0,4,-0.46232356799999996
Mateus Cardoso Lemos Martins,Lyon,0.054622762,0,1,-0.054622762
Mateusz Andrzej Klich,Poland,0.01710437,0,1,-0.01710437
Mateusz Bogusz,LAFC,0.057575638,0,2,-0.057575638
Mateusz Wieteska,Clermont Foot,0.03451581,0,1,-0.03451581
Matheus Dória Macedo,Granada,0.20950501,0,2,-0.20950501
Matheus Luiz Nunes,Portugal,0.194624226,0,2,-0.194624226
Mathew Leckie,Australia,1.113712702,1,10,-0.11371270199999994
Mathew Leckie,Ingolstadt,4.5222582645000005,3,40,-1.5222582645000005
Mathias Autret,Auxerre,0.024978869,0,1,-0.024978869
Mathias Coureur,NorthEast United,1.4012820346,1,21,-0.4012820345999999
Mathias Jensen,Denmark,0.151261196,0,4,-0.151261196
Mathias Jørgensen Jatta,Denmark,0.25545344,1,1,0.7445465600000001
Mathias Pereira Lage,Stade Brestois,0.041627917,0,1,-0.041627917
Mathieu Bodmer,OGC Nice,0.374071578,1,4,0.625928422
Mathieu Choiniere,Canada,0.7539362,1,1,0.24606380000000005
Mathieu Debuchy,Arsenal,0.052368596,0,1,-0.052368596
Mathieu Debuchy,Bordeaux,0.41992454,0,4,-0.41992454
Mathieu Deplagne,Montpellier,0.272442054,0,6,-0.272442054
Mathieu Flamini,Arsenal,0.7163001965,0,7,-0.7163001965
Mathieu Valbuena,Lyon,2.90199158,1,41,-1.9019915799999998
Mathis Rayan Cherki,Lyon,0.14545922,0,2,-0.14545922
Mathys Tel,Bayern Munich,0.065566312,0,2,-0.065566312
Mathías Adalberto Villasanti Rolón,Paraguay,0.202694565,0,3,-0.202694565
Mathías Olivera Miramontes,Getafe,0.1377704,0,1,-0.1377704
Mathías Olivera Miramontes,Uruguay,0.7607352890000001,1,6,0.2392647109999999
Matilda Liv Vinberg,Tottenham Hotspur Women,1.295396311,1,11,-0.29539631099999997
Matilde Lundorf Skovsen,Brighton & Hove Albion WFC,0.514576754,0,7,-0.514576754
Matilde Lundorf Skovsen,Como W,0.18200949,0,3,-0.18200949
Mato Jajalo,Palermo,1.029499713,0,20,-1.029499713
Mats Hummels,Borussia Dortmund,1.718355867,2,12,0.2816441329999999
Mats Hummels,Germany,1.4848219710000001,0,11,-1.4848219710000001
Matt Grimes,Swansea City,0.045079336,0,1,-0.045079336
Matt Holland,Charlton Athletic,0.0073035425,0,1,-0.0073035425
Matt Jansen,Blackburn Rovers,0.103552374,0,2,-0.103552374
Matt Jarvis,Norwich City,1.102563565,1,10,-0.10256356500000008
Matt Miazga,Cincinnati,0.22869483499999999,0,2,-0.22869483499999999
Matt Ritchie,AFC Bournemouth,4.818328509,4,79,-0.8183285089999996
Matt Targett,Southampton,0.19546131800000002,0,3,-0.19546131800000002
Matteo Bianchetti,Hellas Verona,1.3821388149999998,1,7,-0.3821388149999998
Matteo Brighi,Bologna,2.119899582,0,24,-2.119899582
Matteo Ciofani,Frosinone,0.15295203400000001,0,4,-0.15295203400000001
Matteo Contini,Real Zaragoza,0.056168042,0,1,-0.056168042
Matteo Darmian,Italy,0.19222309,0,1,-0.19222309
Matteo Darmian,Manchester United,0.247603234,1,7,0.7523967659999999
Matteo Fedele,Carpi,0.749205489,0,11,-0.749205489
Matteo Mancosu,Bologna,0.176286075,1,2,0.8237139250000001
Matteo Mancosu,Carpi,2.44272501,1,10,-1.4427250100000002
Matteo Pessina,Italy,0.62690161,2,4,1.37309839
Matteo Politano,Sassuolo,2.682530914,5,43,2.317469086
Matthew Pennington,Everton,0.17231486999999998,0,2,-0.17231486999999998
Matthew Upson,Birmingham City,0.43622942,0,2,-0.43622942
Matthias Ginter,Borussia Dortmund,1.138923253,3,17,1.861076747
Matthias Ginter,Germany,0.14316265,0,1,-0.14316265
Matthias Lehmann,FC Köln,0.678545411,0,14,-0.678545411
Matthias Ostrzolek,Hamburger SV,0.312326944,0,12,-0.312326944
Matthias Zimmermann,VfB Stuttgart,0.01367958,0,1,-0.01367958
Matthieu Saunier,Troyes,0.924161294,0,8,-0.924161294
Matthijs de Ligt,Netherlands,1.1417631240000001,0,4,-1.1417631240000001
Mattia Cassani,Sampdoria,0.290749227,0,3,-0.290749227
Mattia De Sciglio,AC Milan,0.3604023505,0,13,-0.3604023505
Mattia Destro,Bologna,9.5689584956,8,67,-1.5689584956000004
Mattia Zaccagni,Hellas Verona,0.06701904,0,2,-0.06701904
Mattia Zaccagni,Italy,0.14144484,1,2,0.85855516
Mattias Svanberg,Wolfsburg,0.11800583099999999,0,3,-0.11800583099999999
Matty Cash,Poland,0.038248673,0,1,-0.038248673
Mattéo Guendouzi Olié,Marseille,0.130011017,0,3,-0.130011017
Mattéo Guendouzi Olié,Olympique de Marseille,0.23017099600000002,0,5,-0.23017099600000002
Matías Aguirregaray Guruceaga,Las Palmas,0.20898808,0,2,-0.20898808
Matías Agustín Silvestre,Sampdoria,0.559237795,0,4,-0.559237795
Matías Ariel Fernández Fernández,Fiorentina,0.979949444,1,25,0.020050556000000053
Matías Ariel Fernández Fernández,Villarreal,0.8427317080000001,1,3,0.15726829199999992
Matías David Espinoza Acosta,Paraguay,0.028878758,0,1,-0.028878758
Matías Ezequiel Vargas Martín,Espanyol,0.020631762,0,1,-0.020631762
Matías Nahuel Leiva Esquivel,Real Betis,0.044786707,0,1,-0.044786707
Matías Nahuel Leiva Esquivel,Villarreal,0.825046241,0,10,-0.825046241
Matías Nicolás Pavoni,Cádiz,0.17640615,0,1,-0.17640615
Matías Nicolás Rojas Romero,Paraguay,0.021095153,0,1,-0.021095153
Matías Nicolás Viña Susperreguy,Uruguay,0.10362427399999999,1,2,0.896375726
Matías Vecino Falero,Fiorentina,1.746236292,2,48,0.2537637079999999
Matías Vecino Falero,Uruguay,0.25010411,0,5,-0.25010411
Matúš Bero,Bochum,0.222672834,0,2,-0.222672834
Matúš Bero,Slovakia,0.011427595,0,1,-0.011427595
Matěj Jurásek,Czech Republic,0.125237104,0,4,-0.125237104
Maurice Multhaup,Ingolstadt,0.454538014,0,2,-0.454538014
Mauricio Andrés Cuero Castillo,Levante UD,0.516779453,0,10,-0.516779453
Mauricio Aníbal Isla Isla,Marseille,0.29211232,2,2,1.70788768
Mauricio Aníbal Isla Isla,Olympique de Marseille,0.508772688,0,6,-0.508772688
Mauricio Lemos Merladet,Las Palmas,0.29859036299999997,0,8,-0.29859036299999997
Mauricio Ricardo Pinilla Ferreira,Atalanta,4.713640014,5,43,0.2863599859999999
Mauricio Roberto Pochettino Trossero,Espanyol,0.19049726,0,2,-0.19049726
Mauricio Taricco,Tottenham Hotspur,0.018886693,0,1,-0.018886693
Maurizio Domizzi,Udinese,0.073960304,0,1,-0.073960304
Maurizio Gaudino,VfB Stuttgart,0.0179957,1,1,0.9820043
Maurizio Lanzaro,Real Zaragoza,0.051542312,0,1,-0.051542312
Mauro Bellugi,Inter Milan,0.018767014,0,1,-0.018767014
Mauro Daniel Rodrigues Teixeira,Guinea-Bissau,0.07981742,0,2,-0.07981742
Mauro Emanuel Icardi Rivero,Inter Milan,11.816043996,16,59,4.183956004000001
Mauro Emanuel Icardi Rivero,Paris Saint-Germain,3.012505179,2,15,-1.0125051790000001
Mauro Javier Dos Santos,Eibar,0.909530422,0,11,-0.909530422
Mauro Matías Zárate,Fiorentina,3.683402177,3,40,-0.683402177
Mauro Matías Zárate,West Ham United,2.255699081,4,30,1.744300919
Mauro Wilney Arambarri Rosa,Bordeaux,0.247207818,0,2,-0.247207818
Mauro Wilney Arambarri Rosa,Getafe,0.336342112,0,7,-0.336342112
Maurício dos Santos Nascimento,Lazio,0.731596777,0,10,-0.731596777
Max Christiansen,Ingolstadt,0.5663113895,0,17,-0.5663113895
Max Finkgräfe,FC Köln,0.11004216,0,1,-0.11004216
Max Kruse,Wolfsburg,7.609104466,6,61,-1.6091044659999998
Max Meyer,Schalke 04,5.0952365760000005,5,46,-0.09523657600000046
Max-Alain Gradel,AFC Bournemouth,1.87248203,1,18,-0.87248203
Max-Alain Gradel,Côte d'Ivoire,0.761372906,0,6,-0.761372906
Maxence Caqueret,Lyon,0.14018892700000002,0,2,-0.14018892700000002
Maxence Lacroix,Wolfsburg,0.26263702,1,1,0.73736298
Maxime Barthelmé,Lorient,1.567539371,0,20,-1.567539371
Maxime Gonalons,Clermont Foot,0.022536505,0,1,-0.022536505
Maxime Gonalons,Lyon,1.270850916,0,23,-1.270850916
Maxime Le Marchand,OGC Nice,0.618405968,1,6,0.38159403199999997
Maxime Poundjé,Bordeaux,0.0462401155,0,4,-0.0462401155
Maximilian Arnold,Wolfsburg,1.887954219,3,28,1.112045781
Maximilian Beier,Hoffenheim,0.629674917,1,6,0.370325083
Maximilian Eggestein,Werder Bremen,0.100590573,0,2,-0.100590573
Maximilian Mittelstädt,Germany,0.172629931,0,5,-0.172629931
Maximilian Mittelstädt,Hertha Berlin,0.06061471,0,1,-0.06061471
Maximilian Mittelstädt,VfB Stuttgart,0.036660824,0,1,-0.036660824
Maximiliane Rall,Bayern München W,0.097918645,0,1,-0.097918645
Maximiliano Eduardo Meza,Argentina,0.5598324100000001,0,3,-0.5598324100000001
Maximiliano Gastón López,Barcelona,0.15874323699999998,0,2,-0.15874323699999998
Maximiliano Gastón López,Torino,5.284088452,4,26,-1.2840884519999998
Maximiliano Gómez González,Celta Vigo,1.394842,1,6,-0.3948419999999999
Maximiliano Gómez González,Uruguay,0.09017979,0,2,-0.09017979
Maximiliano Gómez González,Valencia,1.7040810149999999,3,7,1.2959189850000001
Maximiliano Javier Araújo Vilches,Uruguay,0.917817519,2,11,1.082182481
Maximiliano Nicol Moralez,Atalanta,3.610455607,1,26,-2.610455607
Maximiliano Rubén Rodríguez,Atlético Madrid,1.454060599,3,14,1.545939401
Maximiliano Rubén Rodríguez,Espanyol,0.058241293,0,1,-0.058241293
Maxwell Scherrer Cabelino Andrade,Barcelona,0.5788933795,0,12,-0.5788933795
Maxwell Scherrer Cabelino Andrade,Paris Saint-Germain,1.195859035,3,10,1.804140965
Maya Le Tissier,Brighton & Hove Albion WFC,1.087763211,1,13,-0.08776321099999995
Maya Le Tissier,Manchester United W,1.399272448,2,10,0.6007275519999999
Maya Yoshida,Japan,0.990308145,0,3,-0.990308145
Maya Yoshida,Southampton,0.57100332,1,2,0.42899668
Mayra Tatiana Ramírez Ramírez,Chelsea FCW,2.052269478,3,12,0.9477305220000001
Mayra Tatiana Ramírez Ramírez,Colombia Women's,0.922780793,0,12,-0.922780793
Mayra Tatiana Ramírez Ramírez,Levante UD Femenino,2.563861155,6,18,3.436138845
Mayumi Pacheco,Aston Villa W,1.222605366,1,8,-0.22260536600000003
Mayumi Pacheco,Reading WFC,0.27645405,0,6,-0.27645405
Mayumi Pacheco,West Ham United LFC,0.82270679,0,6,-0.82270679
Maéva Clemaron,Everton LFC,0.912786209,0,12,-0.912786209
Maëlle Antonia Garbino,Juventus W,3.787587531,3,36,-0.7875875309999998
Maëlle Lakrar,France Women's,2.593582577,2,11,-0.5935825769999998
Małgorzata Mesjasz,AC Milan W,0.52025135,2,4,1.4797486499999999
Mbark Boussoufa,Morocco,0.150531196,0,2,-0.150531196
Mbwana Ally Samatta,Tanzania,0.08829032,0,2,-0.08829032
McCall Zerboni,NJ/NY Gotham FC,0.18841196999999998,0,4,-0.18841196999999998
McCall Zerboni,North Carolina Courage,1.782756555,3,12,1.217243445
McKenzie Weinert,Seattle Reign,0.09731359,0,1,-0.09731359
Meaghan Nally,Portland Thorns,0.07900702,0,2,-0.07900702
Meaghan Sargeant,Birmingham City WFC,1.938516951,3,13,1.061483049
Meaghan Sargeant,Bristol City WFC,0.53811925,0,5,-0.53811925
Medhi Amine El Mouttaqi Benatia,Bayern Munich,0.958534583,1,9,0.04146541699999995
Medhi Amine El Mouttaqi Benatia,Morocco,1.02189387,0,5,-1.02189387
Medina Desic,Nürnberg W,3.5838733095,4,30,0.41612669050000006
Medon Berisha,Albania,0.039908938,0,1,-0.039908938
Megan Alexander,Yeovil Town LFC,0.093161063,1,4,0.906838937
Megan Anna Rapinoe,OL Reign,2.826987497,2,21,-0.8269874970000002
Megan Anna Rapinoe,Seattle Reign,4.645191306,5,44,0.3548086939999999
Megan Anna Rapinoe,United States Women's,5.167689114,6,18,0.8323108860000001
Megan Campbell,Everton LFC,0.04483073,0,1,-0.04483073
Megan Campbell,Manchester City WFC,0.07389692,0,1,-0.07389692
Megan Connolly,Brighton & Hove Albion WFC,3.381193546,4,27,0.618806454
Megan Connolly,Bristol City WFC,0.23327238,1,3,0.7667276199999999
Megan Connolly,Republic of Ireland Women's,0.096152656,0,1,-0.096152656
Megan Finnigan,Everton LFC,3.615681887,5,37,1.384318113
Megan Montefusco,Orlando Pride,0.21637016999999997,0,2,-0.21637016999999997
Megan Reid,Angel City,0.140638626,0,3,-0.140638626
Megan Wynne,Bristol City WFC,0.26838583,0,1,-0.26838583
Meggie Dougherty Howard,San Diego Wave,0.564180856,0,10,-0.564180856
Meggie Dougherty Howard,Washington Spirit,0.607065516,0,5,-0.607065516
Meghan Klingenberg,Portland Thorns,1.376280876,0,9,-1.376280876
Mehdi Lacen,Getafe,0.318391335,0,14,-0.318391335
Mehdi Lacen,Racing Santander,0.026097933,0,1,-0.026097933
Mehdi Mostefa Sbaa,Bastia,0.2109737875,0,9,-0.2109737875
Mehdi Taremi,Iran,1.87484878,2,9,0.12515122
Mehdi Torabi,Iran,0.159912414,0,2,-0.159912414
Mehdi Zeffane,Clermont Foot,0.7578282,1,1,0.24217180000000005
Mehdi Zeffane,Rennes,0.5911893345,1,13,0.4088106655
Mehmet Zeki Çelik,Turkey,0.317998255,0,2,-0.317998255
Mehtab Singh,Mumbai City,0.254018836,1,3,0.745981164
Meike Meßmer,Köln,1.36905083,1,8,-0.36905082999999994
Melania Martinovic,Como W,4.393701714,6,25,1.6062982860000004
Melanie Barcenas,San Diego Wave,0.76185686,0,8,-0.76185686
Melanie Leupolz,Chelsea FCW,5.514286113,6,41,0.4857138870000002
Melanie Leupolz,Germany Women's,0.34641574599999997,1,3,0.6535842540000001
Melanie Serrano Perez,FC Levante Badalona,0.9396644630000001,1,12,0.06033553699999994
Melchie Daëlle Dumornay,Haiti Women's,0.516766514,0,4,-0.516766514
Meleana Shim,Houston Dash,0.099449985,0,1,-0.099449985
Meleana Shim,NJ/NY Gotham FC,0.164031805,0,3,-0.164031805
Melina Kunkel,SV Werder Bremen,0.13963151,1,1,0.86036849
Melisa Filis,West Ham United LFC,0.198488041,0,3,-0.198488041
Melissa Bellucci,Fiorentina W,0.073015793,0,2,-0.073015793
Melissa Friedrich,TSV Bayer 04 Leverkusen,0.764775553,1,4,0.235224447
Melissa Herrera Monge,Costa Rica Women's,1.0388959819999999,1,5,-0.038895981999999885
Melissa Lawley,Liverpool WFC,2.92565263,2,31,-0.9256526300000001
Melissa Lawley,Manchester City WFC,0.274613792,0,5,-0.274613792
Melvin Bard,OGC Nice,0.13247423,0,1,-0.13247423
Melvine Malard,France Women's,2.078990423,2,11,-0.07899042300000003
Melvine Malard,Manchester United W,4.897639184,6,27,1.102360816
Melvyn Lorenzen,Werder Bremen,0.11774818,0,1,-0.11774818
Melween Ndongala,France Women's,0.7539362,1,1,0.24606380000000005
Memphis Depay,Manchester United,4.300811525,2,56,-2.3008115250000003
Memphis Depay,Netherlands,5.96026609,4,40,-1.9602660900000002
Mengwen Li,Brighton & Hove Albion WFC,0.170812342,0,3,-0.170812342
Mengwen Li,China PR Women's,0.042233467,0,1,-0.042233467
Mengyu Shen,China PR Women's,0.030837089,0,1,-0.030837089
Meredith Speck,North Carolina Courage,0.282534847,1,3,0.717465153
Merel van Dongen,Atletico Madrid W,0.488727359,1,3,0.511272641
Merel van Dongen,Netherlands Women's,0.011901152,0,1,-0.011901152
Meret Günster,Duisburg WFC,1.276042369,1,9,-0.276042369
Meriame Terchoun,Switzerland Women's,0.62461674,0,3,-0.62461674
Merih Demiral,Turkey,1.0313330889999999,2,6,0.9686669110000001
Merlin Röhl,Freiburg,0.151150602,0,3,-0.151150602
Merritt Mathias,North Carolina Courage,0.275633586,1,6,0.724366414
Mert Kömür,Augsburg,0.098114505,1,1,0.901885495
Mert Müldür,Turkey,0.705677828,1,7,0.294322172
Meschak Elia,Congo DR,1.7827308039999998,1,7,-0.7827308039999998
Messiah Bright,Orlando Pride,5.15425791,6,43,0.8457420899999999
Mesut Özil,Arsenal,7.411458521,6,49,-1.4114585210000001
Mesut Özil,Germany,0.051948337,0,2,-0.051948337
Mesut Özil,Real Madrid,0.020353256,0,1,-0.020353256
Mevlüt Erdinç,Guingamp,2.7661259080000002,4,18,1.2338740919999998
Mevlüt Erdinç,Hannover 96,1.250404882,0,7,-1.250404882
Mi-Ra Moon,Korea Republic Women's,0.489421493,0,7,-0.489421493
Mia Enderby,Liverpool WFC,1.255937177,0,13,-1.255937177
Mia Renee Fishel,Chelsea FCW,1.9797620280000001,1,13,-0.9797620280000001
Mia Werner,RB Leipzig W,0.044939786,0,1,-0.044939786
Micah Richards,Aston Villa,1.7537983830000001,1,14,-0.7537983830000001
Michael Amir Murillo Bermudez,Panama,0.8057938,1,6,0.1942062
Michael Bridges,Leeds United,0.108796206,0,2,-0.108796206
Michael Carrick,Manchester United,0.324251398,0,7,-0.324251398
Michael Gregoritsch,Austria,1.267741266,2,7,0.732258734
Michael Gregoritsch,Freiburg,0.22561066000000002,0,3,-0.22561066000000002
Michael Gregoritsch,Hamburger SV,4.779841393,5,53,0.22015860700000012
Michael Hector,Jamaica,0.030775646,0,1,-0.030775646
Michael Krmenčík,Czech Republic,0.448319839,0,4,-0.448319839
Michael Krohn-Dehli,Celta Vigo,0.017105324,0,1,-0.017105324
Michael Krohn-Dehli,Denmark,0.7539362,1,1,0.24606380000000005
Michael Krohn-Dehli,RC Deportivo La Coruña,0.028135836,0,1,-0.028135836
Michael Krohn-Dehli,Sevilla,2.7455848179999998,1,25,-1.7455848179999998
Michael Lang,Switzerland,0.06252179,0,1,-0.06252179
Michael Laudrup,Juventus,0.313964454,1,2,0.686035546
Michael Laudrup,Juventus W,0.139316932,0,5,-0.139316932
Michael Lennart Svensson,Southampton,0.027782504,0,1,-0.027782504
Michael Olunga Ogada,Girona,0.29796809,0,2,-0.29796809
Michael Owen,Liverpool,0.9287999339999999,1,7,0.07120006600000006
Michael Schröder,VfB Stuttgart,0.019470349,0,1,-0.019470349
Michael Soosairaj,ATK Mohun Bagan,0.0926946035,0,2,-0.0926946035
Michael Steveen Estrada Martínez,Ecuador,0.255402509,0,3,-0.255402509
Michael Tarnat,Manchester City,0.18451919100000003,0,4,-0.18451919100000003
Michaela Abam,Cameroon W,0.42172895,0,2,-0.42172895
Michaela Abam,NJ/NY Gotham FC,0.009444031,0,1,-0.009444031
Michaela Brandenburg,SV Werder Bremen,0.651452288,1,7,0.348547712
Michaela Specht,Hoffenheim W,1.009423714,1,4,-0.009423713999999972
Michail Antonio,Jamaica,0.449480569,1,3,0.550519431
Michail Antonio,West Ham United,5.982285369,8,56,2.0177146309999996
Michal Ďuriš,Slovakia,0.047582078,0,2,-0.047582078
Michaël Jordan Nkololo,Caen,0.26242927,0,3,-0.26242927
Michaël Jordan Nkololo,Stade Malherbe Caen,0.779750662,0,7,-0.779750662
Michaël Pereira,Mallorca,0.178574445,1,2,0.821425555
Michał Skóraś,Poland,0.02755396,0,1,-0.02755396
Michel Aebischer,Switzerland,0.10428236799999999,1,2,0.895717632
Michel Morganella,Palermo,0.251360974,0,5,-0.251360974
Michel Platini,Juventus,0.029879699,0,1,-0.029879699
Michela Cambiaghi,FC Internazionale Milano W,9.813698517,7,63,-2.8136985170000006
Michela Cambiaghi,Italy Women's,0.401142221,0,5,-0.401142221
Michela Catena,Fiorentina W,6.15647365,7,49,0.8435263500000003
Michela Croatto,RB Leipzig W,0.0120964935,0,1,-0.0120964935
Michela Giordano,Sampdoria W,2.4211076575,2,36,-0.4211076574999999
Michele Camporese,Empoli,0.15502547,0,1,-0.15502547
Michele Vasconcelos,Chicago Red Stars,0.659989002,0,4,-0.659989002
Michele Vasconcelos,Portland Thorns,1.426656535,1,10,-0.426656535
Michelle Agyemang,England Women's,1.12445667,2,6,0.87554333
Michelle Alozie,Houston Dash,3.654601342,4,32,0.34539865800000014
Michelle Alozie,Nigeria Women's,1.471361062,0,7,-1.471361062
Michelle Ivory Cooper,KC Current,5.273851306,3,37,-2.273851306
Michelle Ulbrich,SV Werder Bremen,3.714256669,4,20,0.28574333099999993
Michelle Weiß,SV Werder Bremen,0.067695272,0,2,-0.067695272
Michy Batshuayi Tunga,Belgium,3.157041686,2,14,-1.157041686
Michy Batshuayi Tunga,Marseille,4.299608116,6,38,1.700391884
Michy Batshuayi Tunga,Olympique de Marseille,13.2882477695,11,85,-2.2882477695
Michy Batshuayi Tunga,Valencia,0.206256623,0,3,-0.206256623
Mickaël Barreto,AC Ajaccio,0.1590029955,0,4,-0.1590029955
Mickaël Le Bihan,OGC Nice,0.8777089690000001,1,7,0.12229103099999994
Mickaël Malsa,Levante UD,0.040408682,0,1,-0.040408682
Mickaël Tacalfred,Stade de Reims,0.240271025,0,4,-0.240271025
Micky Cave,Seattle Sounders,0.127471309,0,4,-0.127471309
Miguel Alfonso Herrero Javaloyas,Valencia,0.014031036,0,1,-0.014031036
Miguel Arturo Layún Prado,Mexico,0.458007139,0,9,-0.458007139
Miguel Arturo Layún Prado,Sevilla,0.054682801,0,2,-0.054682801
Miguel Arturo Layún Prado,Watford,0.267484582,1,4,0.732515418
Miguel Baeza Pérez,Celta Vigo,0.329354116,0,2,-0.329354116
Miguel Changa Chaiwa,Zambia,0.018320605,0,1,-0.018320605
Miguel Filipe Nunes Cardoso,RC Deportivo La Coruña,0.175802463,0,3,-0.175802463
Miguel Flaño Bezunartea,Osasuna,0.45689647499999997,1,3,0.543103525
Miguel Gianpierre Araujo Blanco,Peru,0.072971076,0,1,-0.072971076
Miguel Marcos Madera,Sporting Gijón,0.011178326,0,1,-0.011178326
Miguel Palanca Fernández,Real Madrid,0.08376148,0,1,-0.08376148
Miguel Pallardó González,Getafe,0.015160786,0,1,-0.015160786
Miguel Pallardó González,Levante UD,0.030642678,0,2,-0.030642678
Miguel Pérez Cuesta,Rayo Vallecano,0.158209097,0,4,-0.158209097
Miguel Torres Gómez,Getafe,0.19737998,0,1,-0.19737998
Miguel Torres Gómez,Málaga,0.010280254,0,1,-0.010280254
Miguel de Andrés,Athletic Club,0.007615121,0,1,-0.007615121
Miguel Ángel Almirón Rejala,Paraguay,0.027066559,0,1,-0.027066559
Miguel Ángel Angulo Valderrey,Valencia,0.42250955,1,1,0.57749045
Miguel Ángel Borja Hernández,Colombia,0.8628086899999999,1,2,0.13719131000000007
Miguel Ángel Brindisi de Marco,Boca Juniors,0.40288594800000005,2,5,1.597114052
Miguel Ángel Brindisi de Marco,Las Palmas,0.317126547,1,4,0.682873453
Miguel Ángel Britos Cabrera,Watford,0.771803874,0,7,-0.771803874
Miguel Ángel De las Cuevas Barberá,Sporting Gijón,0.116802897,0,2,-0.116802897
Miguel Ángel Ferrer Martínez,RC Deportivo La Coruña,0.060023256,0,2,-0.060023256
Miguel Ángel García Pérez Roldán,Almería,0.32607864,1,4,0.67392136
Miguel Ángel Guerrero Martín,Leganés,0.702111124,0,5,-0.702111124
Miguel Ángel Guerrero Martín,Sporting Gijón,2.487590731,2,22,-0.48759073100000005
Miguel Ángel Lozano Ayala,Levante UD,0.18252559,0,1,-0.18252559
Miguel Ángel Lozano Ayala,Málaga,0.033344645,0,1,-0.033344645
Miguel Ángel Navarro Zárate,Venezuela,0.09963175,0,1,-0.09963175
Miguel Ángel Salgado Fernández,Real Madrid,0.12704046,0,1,-0.12704046
Miguel Ángel Sánchez Muñoz,Rayo Vallecano,0.12756968,0,1,-0.12756968
Miguel Ángel Terceros,Bolivia,0.248910581,0,7,-0.248910581
Miguel Ângelo da Silva Rocha,Lille,0.04258651,0,1,-0.04258651
Mihailo Ristić,Montpellier,0.025595296,0,1,-0.025595296
Miharu Kobayashi,Napoli W,0.46564651300000004,1,11,0.534353487
Mihlali Samson Mayambela,South Africa,1.616044244,1,8,-0.616044244
Miiko Martín Albornoz Inola,Hannover 96,0.322523541,0,8,-0.322523541
Mijat Gaćinović,Eintracht Frankfurt,0.33494187,0,3,-0.33494187
Mijat Gaćinović,Serbia,0.0884693,0,1,-0.0884693
Mikael Forssell,Birmingham City,0.1591005,0,1,-0.1591005
Mikael Lustig,Sweden,0.063889731,0,3,-0.063889731
Mikayla Cluff,Orlando Pride,2.621791126,2,22,-0.6217911260000002
Mikel Alonso Olano,Tenerife,0.016341584,0,1,-0.016341584
Mikel Aranburu Eizagirre,Real Sociedad,0.095471635,0,3,-0.095471635
Mikel Arruabarrena Aranbide,Eibar,0.7356202,1,1,0.26437980000000005
Mikel Arteta Amatriain,Arsenal,0.41077873,0,1,-0.41077873
Mikel Balenziaga Oruesagasti,Athletic Club,0.3128057375,0,11,-0.3128057375
Mikel González de Martín Martínez,Real Sociedad,0.736067091,0,7,-0.736067091
Mikel Merino Zazón,Real Sociedad,0.360773066,0,6,-0.360773066
Mikel Merino Zazón,Spain,0.398480917,1,3,0.601519083
Mikel Oyarzabal Ugarte,Real Sociedad,4.820943876,7,50,2.1790561239999997
Mikel Oyarzabal Ugarte,Spain,2.472473794,3,16,0.5275262060000001
Mikel Rico Moreno,Athletic Club,1.890307907,2,14,0.10969209300000005
Mikel Rico Moreno,Granada,0.15663786,0,1,-0.15663786
Mikel San José Domínguez,Athletic Club,2.430548034,2,29,-0.4305480340000001
Mikkel Damsgaard,Denmark,0.677476572,2,10,1.322523428
Mikkel Desler,Toulouse,0.23877487,0,1,-0.23877487
Miku Kojima,CD Sporting de Huelva,3.333469444,4,23,0.6665305560000001
Milagros Menéndez,Argentina Women's,0.25521272,1,1,0.7447872799999999
Milan Badelj,Croatia,0.979189884,1,3,0.020810116000000045
Milan Badelj,Fiorentina,0.802865825,1,27,0.19713417499999997
Milan Baroš,Liverpool,0.021792304,0,1,-0.021792304
Milan Biševac,Lazio,0.47068949,1,2,0.52931051
Milan Gajić,Bordeaux,0.17587498299999998,1,2,0.8241250170000001
Milan Škriniar,Slovakia,0.346647475,1,4,0.6533525250000001
Mile Jedinak,Australia,1.920017477,2,6,0.07998252299999997
Mile Jedinak,Crystal Palace,1.283126754,0,14,-1.283126754
Milena Kokosz,Poland Women's,0.076108992,0,2,-0.076108992
Milica Mijatovic,Fiorentina W,2.839509188,2,21,-0.8395091880000001
Milla Punsar,SC Freiburg,1.028810486,0,7,-1.028810486
Mille Gejl Jensen,Denmark Women's,0.19241542,0,1,-0.19241542
Mille Gejl Jensen,North Carolina Courage,0.740758264,2,12,1.259241736
Millie Bright,Chelsea FCW,6.806713113,5,63,-1.8067131129999998
Millie Bright,England Women's,0.687027928,0,9,-0.687027928
Millie Laura Farrow,North Carolina Courage,0.323859265,0,2,-0.323859265
Millie Laura Farrow,Reading WFC,2.145503576,2,11,-0.14550357599999986
Millie Turner,Manchester United,2.023052478,1,17,-1.0230524779999999
Millie Turner,Manchester United W,4.752128799,3,39,-1.7521287990000003
Miloš Jojić,FC Köln,1.37236699,2,17,0.62763301
Mimmi Wahlström,KC Current,1.618869484,2,15,0.38113051600000003
Mimmi Wahlström,RB Leipzig W,2.5810063,3,20,0.41899370000000014
Min Jae Kim,Bayern Munich,0.14166227,0,1,-0.14166227
Min Jae Kim,South Korea,0.24003767,0,2,-0.24003767
Min-A Lee,Korea Republic Women's,0.177358063,0,4,-0.177358063
Min-Ji Yeo,Korea Republic Women's,1.447485663,1,9,-0.4474856629999999
Min-Woo Kim,South Korea,0.029541776,0,1,-0.029541776
Mina Schaathun Bergersen,Como W,0.38875788,0,5,-0.38875788
Mina Tanaka,Japan Women's,1.4848182724999999,2,13,0.5151817275000001
Miralem Pjanić,AS Roma,6.249102638,10,68,3.750897362
Miralem Pjanić,Barcelona,0.987834809,0,14,-0.987834809
Miralem Pjanić,Juventus,0.14786955200000002,0,3,-0.14786955200000002
Mirari Uria Gabilondo,Real Sociedad de Fútbol,1.673395903,3,14,1.326604097
Miray Cin,Duisburg WFC,0.7260017785,0,10,-0.7260017785
Mircea Lucescu,Romania,0.031292528,0,1,-0.031292528
Mireya Grey,Jamaica Women's,0.198618746,0,3,-0.198618746
Miriael Taylor,Aston Villa W,0.12736157,0,1,-0.12736157
Miriael Taylor,Liverpool WFC,0.25610808,1,1,0.74389192
Miriam Chiara Longo,Fiorentina W,3.563073841,4,32,0.436926159
Miriam Picchi,Como W,1.290219286,2,8,0.7097807140000001
Mirko Gori,Frosinone,0.432268917,0,23,-0.432268917
Mirko Valdifiori,Napoli,0.017697686,0,1,-0.017697686
Mirlan Murzaev,Chennaiyin,2.241300741,2,32,-0.24130074099999987
Mirlind Daku,Albania,0.18080534,0,1,-0.18080534
Miroslav Klose,Lazio,5.534240185,7,30,1.4657598150000002
Mislav Oršić,Croatia,2.046954316,3,12,0.9530456840000001
Missy Bo Kearns,Liverpool WFC,2.316461746,1,24,-1.3164617459999999
Missy Goodwin,Leicester City WFC,1.5786612,1,10,-0.5786612
Mitchell Thomas Duke,Australia,0.29240092500000003,1,7,0.707599075
Mitchell Weiser,Hertha Berlin,1.495865889,2,16,0.5041341109999999
Mitchell Weiser,Werder Bremen,0.606166,0,1,-0.606166
Mitchell van Bergen,Stade de Reims,0.080779354,0,2,-0.080779354
Modibo Diakité,Frosinone,1.395264719,1,7,-0.39526471900000004
Modibo Diakité,Sampdoria,0.037293952,0,1,-0.037293952
Modibo Maïga,West Ham United,0.137837295,1,2,0.862162705
Modou Barrow,Swansea City,0.71993831,1,12,0.28006169000000003
Moeka Minami,AS Roma W,1.080333496,1,9,-0.08033349599999995
Mogammat Nasief Morris,Racing Santander,0.15064436,0,1,-0.15064436
Mogammat Nasief Morris,Recreativo Huelva,0.010830242,0,1,-0.010830242
Mohamed Abdelmonem,Egypt,0.9705592849999999,1,6,0.029440715000000117
Mohamed Abougabal,Egypt,0.7539362,0,1,-0.7539362
Mohamed Ali,Goa,0.021300137,0,1,-0.021300137
Mohamed Amine Chermiti,Gazélec Ajaccio,0.586587785,0,6,-0.586587785
Mohamed Bayo,Guinea,1.590814661,3,9,1.409185339
Mohamed Camara,Mali,0.096158601,0,2,-0.096158601
Mohamed Dellahi Yali,Mauritania,0.14922011699999999,1,2,0.850779883
Mohamed Dräger,Tunisia,0.33542750200000004,0,4,-0.33542750200000004
Mohamed El Amine Amoura,Algeria,0.374231952,0,2,-0.374231952
Mohamed Elias Achouri,Tunisia,0.076404,0,1,-0.076404
Mohamed Fofana,Stade de Reims,0.53623117,0,3,-0.53623117
Mohamed Gasana Tchité,Racing Santander,0.8530231949999999,0,4,-0.8530231949999999
Mohamed Hany Gamal Eldemerdash,Egypt,0.77502308,1,2,0.22497692000000002
Mohamed Hussein Mohamed,Tanzania,0.008915693,0,1,-0.008915693
Mohamed Konaté,Burkina Faso,0.691155397,1,8,0.30884460300000005
Mohamed Lamine Yattara,Angers,1.3649117855,2,19,0.6350882145000001
Mohamed Larbi,Gazélec Ajaccio,4.727813138,8,42,3.272186862
Mohamed Naser Elsayed Elneny,Arsenal,0.76103692,0,13,-0.76103692
Mohamed Naser Elsayed Elneny,Egypt,0.23950974400000002,0,4,-0.23950974400000002
Mohamed Salah,AS Roma,7.231176885,14,73,6.768823115
Mohamed Salah,Egypt,2.67737091,3,10,0.32262908999999995
Mohamed Salah,Liverpool,1.087510503,1,8,-0.08751050300000007
Mohamed Salim Fares,Hellas Verona,0.127496546,0,4,-0.127496546
Mohamed Salisu,Ghana,0.42899173199999996,1,2,0.571008268
Mohamed Saïd Benrahma,Angers,0.195808388,1,8,0.804191612
Mohamed Saïd Benrahma,OGC Nice,0.11583013099999999,2,3,1.884169869
Mohamed Simakan,RB Leipzig,0.093027319,0,2,-0.093027319
Mohamed Youcef Belaïli,AC Ajaccio,0.062598783,0,2,-0.062598783
Mohamed Youcef Belaïli,Algeria,0.598599706,0,10,-0.598599706
Mohamed Zeki Amdouni,Switzerland,0.93350504,1,3,0.06649495999999999
Mohammad Ibrahim Al Sahlawi,Saudi Arabia,0.05188349,0,1,-0.05188349
Mohammad Mobashir Rahman,Jamshedpur,0.6194442815,0,12,-0.6194442815
Mohammad Sajid Dhot,Chennaiyin,0.83333591,1,4,0.16666409000000004
Mohammad Yasir,Hyderabad,0.429784105,1,12,0.570215895
Mohammad Yasir,SC Delhi,0.016918141,0,1,-0.016918141
Mohammed Al Burayk,Saudi Arabia,0.458439748,0,5,-0.458439748
Mohammed Irshad,NorthEast United,0.470870252,2,12,1.529129748
Mohammed Kanoo,Saudi Arabia,0.509116926,0,7,-0.509116926
Mohammed Kudus,Ghana,1.104627406,4,17,2.895372594
Mohammed Muntari,Qatar,0.184569743,1,3,0.815430257
Mohammed Rafique,East Bengal,0.6443072565,0,11,-0.6443072565
Mohanad Aseri Abu Radiah,Saudi Arabia,0.04856503,0,1,-0.04856503
Moirangthem Givson Singh,Kerala Blasters,0.008866648,0,1,-0.008866648
Moirangthem Thoiba Singh,Odisha,0.068718758,0,5,-0.068718758
Moise Bombito,Canada,1.621053889,2,5,0.3789461110000001
Moisés Gómez Bordonado,Getafe,1.402950071,2,16,0.597049929
Moisés Gómez Bordonado,Villarreal,0.032862097,0,1,-0.032862097
Moisés Hurtado Pérez,Espanyol,0.136940784,0,3,-0.136940784
Moisés Isaac Caicedo Corozo,Ecuador,0.775280537,1,6,0.224719463
Mojmír Chytil,Czech Republic,0.095732335,0,2,-0.095732335
Molla Wagué,Udinese,1.026026013,0,11,-1.026026013
Mollie Green,Birmingham City WFC,0.9670113410000001,1,11,0.03298865899999992
Molly Bartrip,Reading WFC,0.6904486320000001,0,8,-0.6904486320000001
Molly Pike,Bristol City WFC,0.45754539,0,9,-0.45754539
Molly Pike,Everton LFC,1.63641014,1,11,-0.63641014
Monica Hickmann Alves,Brazil Women's,0.120850093,0,3,-0.120850093
Monica Hickmann Alves,Madrid CFF,4.629975578,5,22,0.3700244220000002
Monica Hickmann Alves,Orlando Pride,0.20484917,0,1,-0.20484917
Montassar Omar Talbi,Tunisia,0.037950351,0,2,-0.037950351
Moreno Ferrario,Napoli,0.12621726,1,1,0.87378274
Moreno Torricelli,Fiorentina,0.028430935,0,1,-0.028430935
Moreto Moro Cassamã,Stade de Reims,0.0343014,0,1,-0.0343014
Morgan Amalfitano,Lille,1.8798317549999999,2,14,0.12016824500000012
Morgan Guilavogui,Guinea,1.219175487,0,6,-1.219175487
Morgan Paige Gautrat,Chicago Red Stars,0.719243751,0,8,-0.719243751
Morgan Paige Gautrat,KC Current,0.240230884,0,4,-0.240230884
Morgan Paige Gautrat,United States Women's,0.19276468,0,1,-0.19276468
Morgan Sanson,Montpellier,0.964944413,3,8,2.035055587
Morgan Sanson,Strasbourg,0.28006248300000003,0,3,-0.28006248300000003
Morgan Schneiderlin,Manchester United,1.056124476,1,11,-0.05612447599999992
Morgan Weaver,Portland Thorns,7.7798278299999994,7,75,-0.7798278299999994
Morgane Nicoli,FC Levante Badalona,1.620686085,3,8,1.379313915
Moriba Kourouma Kourouma,Barcelona,1.665761938,1,13,-0.6657619379999999
Moriba Kourouma Kourouma,Guinea,0.203427772,0,3,-0.203427772
Morice Michael Abraham,Tanzania,0.0398369,0,1,-0.0398369
Moritz Hartmann,Ingolstadt,10.834445952,12,53,1.1655540480000006
Moritz Leitner,Borussia Dortmund,0.434525797,0,6,-0.434525797
Moritz Volz,Fulham,0.070412921,0,2,-0.070412921
Morten Hjulmand,Denmark,0.126929981,1,5,0.873070019
Morteza Pouraliganji,Iran,0.180369212,0,2,-0.180369212
Moses Daddy-Ajala Simon,Nantes,0.22724925,0,1,-0.22724925
Moses Daddy-Ajala Simon,Nigeria,0.594123815,0,5,-0.594123815
Mostafa Fathi,Egypt,0.769630457,1,2,0.230369543
Mostafa Mohamed Ahmed Abdallah,Egypt,3.572061219,4,15,0.42793878099999993
Mostafa Mohamed Ahmed Abdallah,Nantes,0.035935212,0,1,-0.035935212
Mothobi Mvala,South Africa,1.5078724,2,2,0.4921276000000001
Mouctar Diakhaby,Guinea,0.22439354,0,2,-0.22439354
Mouctar Diakhaby,Valencia,0.28799215,1,1,0.71200785
Mouhamadou Dabo,Troyes,0.11964106299999999,0,6,-0.11964106299999999
Mouhamadou Diarra,Strasbourg,0.017843189,0,1,-0.017843189
Mounaim El Idrissy,AC Ajaccio,0.098579012,0,2,-0.098579012
Mounir Obbadi,Lille,2.020146162,1,31,-1.020146162
Mousa Sidi Yaya Dembélé,Tottenham Hotspur,1.440340095,3,22,1.559659905
Moussa Dembélé,Lyon,0.7544891699999999,0,5,-0.7544891699999999
Moussa Niakhate,Senegal,0.7391287,0,1,-0.7391287
Moussa Sissoko,France,0.03519281,0,1,-0.03519281
Moussa Sissoko,Nantes,0.037500046,0,1,-0.037500046
Moussa Sissoko,Newcastle United,3.505299283,1,39,-2.505299283
Moussa Sissoko,Tottenham Hotspur,0.02214979,0,1,-0.02214979
Moussa Soumano,AC Ajaccio,0.083133824,0,1,-0.083133824
Moussa Wagué,Senegal,0.21840037,1,1,0.78159963
Moustapha Bayal Sall,Saint-Étienne,1.993035683,3,14,1.006964317
Moustapha Elhadji Diallo,Guingamp,2.031538876,1,16,-1.031538876
Mubarak Wakaso,Deportivo Alavés,0.198877221,0,3,-0.198877221
Mubarak Wakaso,Las Palmas,0.5437836725,1,19,0.45621632749999996
Muhamed Bešić,Everton,0.14713094599999998,0,4,-0.14713094599999998
Muhammad Ashique Kuruniyan,Bengaluru,0.5027141820000001,1,12,0.49728581799999994
Muhammed Badamosi,Gambia,0.14491425800000002,0,3,-0.14491425800000002
Muhammed Cham Saracevic,Clermont Foot,0.5186184309999999,0,5,-0.5186184309999999
Muhammed Kerem Aktürkoğlu,Turkey,1.202992939,1,6,-0.20299293900000004
Muhammed Nemil Valiyattil,Goa,0.6078756089999999,0,10,-0.6078756089999999
Munir El Haddadi Mohamed,Barcelona,6.996325253,5,38,-1.9963252530000002
Munir El Haddadi Mohamed,Deportivo Alavés,0.10174192,0,1,-0.10174192
Munir El Haddadi Mohamed,Sevilla,0.07477953300000001,0,2,-0.07477953300000001
Munir El Haddadi Mohamed,Valencia,0.708312856,2,4,1.291687144
Musa Barrow,Gambia,0.468864743,0,8,-0.468864743
Mustafa Batuhan Altıntaş,Hamburger SV,0.19842483,0,1,-0.19842483
Mustapha Yatabaré,Montpellier,5.1492019125,4,33,-1.1492019124999997
Muzeu Bethuel,Namibia,0.278481673,0,3,-0.278481673
Mykhailo Mudryk,Ukraine,0.5101727365,0,6,-0.5101727365
Mykhaylo Olefirenko,Soviet Union U20,0.13872643,0,1,-0.13872643
Mykola Shaparenko,Ukraine,0.439436312,1,4,0.560563688
Márcio Rafael Ferreira de Souza,Bayern Munich,0.409692743,0,10,-0.409692743
Mário Figueira Fernandes,Russia,1.089641938,1,4,-0.08964193799999998
Mário Jorge Lobo Zagallo,Brazil,1.591322062,2,12,0.4086779380000001
Mário Rui Silva Duarte,Empoli,0.9114938425,0,29,-0.9114938425
Márton Dárdai,Hungary,0.050926216,0,1,-0.050926216
Mërgim Mavraj,FC Köln,0.420537367,0,4,-0.420537367
N''Golo Kanté,Leicester City,0.718593208,1,18,0.28140679199999996
N'Golo Kanté,France,0.303265294,0,7,-0.303265294
N'Golo Kanté,Leicester City,0.095517764,0,3,-0.095517764
Nabil Baha,Málaga,0.11080501400000001,0,2,-0.11080501400000001
Nabil Bahoui,Hamburger SV,0.244374528,0,3,-0.244374528
Nabil Bentaleb,Algeria,0.14561768,0,1,-0.14561768
Nabil Bentaleb,Tottenham Hotspur,0.097970259,0,3,-0.097970259
Nabil Dirar,AS Monaco,2.350255231,2,21,-0.3502552309999998
Nabil Dirar,Morocco,0.06590792200000001,0,2,-0.06590792200000001
Nabil El Zhar,Las Palmas,1.9426235195000001,2,28,0.05737648049999988
Nabil El Zhar,Leganés,1.02086516,2,11,0.97913484
Nabil Fekir,France,0.12763350499999998,0,4,-0.12763350499999998
Nabil Fekir,Lyon,1.976402939,4,20,2.0235970610000003
Nabil Fekir,Real Betis,0.32794389,1,4,0.67205611
Nabil Ghilas,Córdoba CF,0.043751057,0,1,-0.043751057
Nabil Ghilas,Levante UD,2.0785674195,0,21,-2.0785674195
Naby Deco Keïta,Guinea,0.24186406,0,1,-0.24186406
Nacer Chadli,Belgium,0.763371797,1,5,0.23662820299999998
Nacer Chadli,Tottenham Hotspur,2.805925932,3,26,0.19407406799999993
Nadia Krezyman,Poland Women's,0.05334227,0,1,-0.05334227
Nadia Nadim,AC Milan W,2.369065113,0,17,-2.369065113
Nadia Nadim,Denmark Women's,1.205187839,0,9,-1.205187839
Nadia Nadim,Manchester City WFC,1.526714558,0,7,-1.526714558
Nadia Nadim,Racing Louisville FC,1.829600227,1,16,-0.829600227
Nadiem Amiri,Bayer Leverkusen,0.209275416,0,3,-0.209275416
Nadiem Amiri,FSV Mainz 05,0.041945256,0,1,-0.041945256
Nadiem Amiri,Hoffenheim,2.583329636,4,37,1.4166703639999998
Nadine Hanssen,Aston Villa,0.7383929570000001,1,10,0.26160704299999993
Nadine Riesen,Eintracht Frankfurt W,0.528153357,0,3,-0.528153357
Nadine Riesen,Switzerland Women's,0.334747688,1,4,0.665252312
Nadja Burkard,Nürnberg W,0.241878033,1,6,0.758121967
Nahia Aparicio,Real Sociedad de Fútbol,0.7503935150000001,1,13,0.24960648499999993
Nahikari García Pérez,Athletic Club Bilbao,6.671944814,5,40,-1.6719448139999997
Nahikari García Pérez,Spain Women's,0.797110752,0,6,-0.797110752
Nahitan Michel Nández Acosta,Uruguay,0.266505534,0,2,-0.266505534
Nahomi Kawasumi,OL Reign,0.298284831,0,4,-0.298284831
Nahuel Molina Lucero,Argentina,0.45401175,1,3,0.54598825
Naia Landaluce,Athletic Club Bilbao,0.966557585,2,10,1.0334424150000001
Naima García Aguilar,Granada W,6.761354463,3,54,-3.761354463
Naja Poje Mihelič,Sassuolo W,0.395455929,0,6,-0.395455929
Namgyal Bhutia,Bengaluru,0.084908836,0,2,-0.084908836
Nampalys Mendy,OGC Nice,0.155269106,1,6,0.844730894
Nampalys Mendy,Senegal,0.208886097,0,5,-0.208886097
Nana Ichise,Japan Women's,0.017508147,0,1,-0.017508147
Nandhakumar Sekar,Odisha,1.581380612,1,13,-0.581380612
Nanitamo Jonathan Ikoné,Lille,0.23080872,0,2,-0.23080872
Naocha Huidrom Singh,East Bengal,0.014545774,0,1,-0.014545774
Naomi Layzell,Bristol City WFC,0.710783324,0,8,-0.710783324
Naomie Feller,Real Madrid CF W,7.2468398355,10,42,2.7531601644999997
Naorem Mahesh Singh,East Bengal,1.880172244,2,24,0.11982775600000006
Naorem Roshan Singh,Bengaluru,0.312958692,1,13,0.687041308
Narayan Das,Chennaiyin,0.386720585,0,5,-0.386720585
Narcisse-Olivier Kapo Obou,Levante UD,0.063493389,0,2,-0.063493389
Narender Gahlot,Jamshedpur,0.132500165,0,3,-0.132500165
Narumi Miura,Japan Women's,0.156471314,0,2,-0.156471314
Narumi Miura,North Carolina Courage,1.953310056,1,17,-0.9533100560000001
Nastassja Lein,Nürnberg W,0.504193933,0,6,-0.504193933
Natalia Escot,FC Levante Badalona,0.10556579,0,1,-0.10556579
Natalia Kuikka,Portland Thorns,1.148499872,1,14,-0.14849987199999992
Natalia Kuikka,WNT Finland,0.910688727,1,5,0.08931127299999997
Natalia Montilla Martínez,Real Betis Balompié,0.914890156,1,15,0.08510984399999999
Natalia Padilla-Bidas,Köln,2.2693342345,2,19,-0.26933423450000005
Natalia Padilla-Bidas,Poland Women's,1.034167238,1,6,-0.03416723799999999
Natalia Ramos Álvarez,Costa Adeje Tenerife,0.956523679,0,26,-0.956523679
Natalie Haigh,Aston Villa,0.15238305000000002,1,2,0.8476169499999999
Natalie Jacobs,Houston Dash,0.392840202,0,6,-0.392840202
Natalie Rose Muth,Duisburg WFC,0.862121378,3,9,2.137878622
Natasa Andonova,Levante UD Femenino,4.629185821,5,33,0.3708141789999999
Natasha Harding,Reading WFC,5.379832454,4,43,-1.3798324539999998
Natasha Jane Flint,Liverpool WFC,0.585140203,1,5,0.414859797
Natasha Kowalski,SGS Essen 19/68,5.519222329,7,38,1.4807776710000002
Nathan Aké,Netherlands,0.12530455299999999,0,3,-0.12530455299999999
Nathan Aké,Watford,1.8333023835,1,17,-0.8333023835
Nathan Dyer,Leicester City,0.568959185,1,5,0.431040815
Nathan Redmond,Norwich City,3.300920966,6,53,2.699079034
Nathan Tella,Bayer Leverkusen,3.433872977,5,21,1.566127023
Nathanaël Mbuku,Stade de Reims,0.10064669700000001,0,2,-0.10064669700000001
Nathaniel Edwin Clyne,Liverpool,1.860612309,1,31,-0.860612309
Natividad Cano Cabello,SD Eibar,0.457042644,1,5,0.5429573560000001
Nauzet Alemán Viera,Las Palmas,0.300103395,0,3,-0.300103395
Nawaf Shaker Al Abid,Saudi Arabia,0.15120023500000002,0,2,-0.15120023500000002
Nayef Aguerd,Morocco,0.29259121,0,2,-0.29259121
Nazareth Martín Vázquez,Sevilla FC,0.09779333000000001,0,2,-0.09779333000000001
Naïm Sliti,Tunisia,0.45949727500000004,0,8,-0.45949727500000004
Neal Maupay,Saint-Étienne,1.57392687,1,14,-0.57392687
Nealy Martin,NJ/NY Gotham FC,0.22707138400000001,0,4,-0.22707138400000001
Neco Williams,Wales,0.106560647,0,3,-0.106560647
Nedim Bajrami,Albania,0.25870048199999995,1,3,0.741299518
Neil Taylor,Swansea City,0.2194241395,0,9,-0.2194241395
Nele Bauereisen,Nürnberg W,1.35191074,0,14,-1.35191074
Nelsi Morais,NY Cosmos,0.029541776,0,1,-0.029541776
Nelson Antonio Haedo Valdez,Hércules,0.456387801,2,4,1.543612199
Nemanja Maksimović,Getafe,0.126919234,0,2,-0.126919234
Nemanja Matić,Chelsea,2.143072125,2,34,-0.14307212500000022
Nemanja Matić,Serbia,0.5465953100000001,0,3,-0.5465953100000001
Nemanja Radoja,Celta Vigo,0.31130874599999997,0,7,-0.31130874599999997
Nemanja Radoja,Levante UD,0.05931594,1,1,0.94068406
Nemanja Radonjić,Serbia,0.091285189,0,2,-0.091285189
Nenad Krstičić,Sampdoria,0.14052185,0,4,-0.14052185
Nenad Mirosavljević,Cádiz,0.342356626,1,2,0.6576433740000001
Nenad Tomović,Fiorentina,0.658815971,0,7,-0.658815971
Nene Dorgeles,Mali,0.06941641,1,3,0.93058359
Nerea Eizaguirre Lasa,Real Sociedad de Fútbol,6.4840209605,6,58,-0.48402096049999965
Nerea Nevado Gómez,Athletic Club Bilbao,0.46473785300000003,1,14,0.535262147
Nerea Pérez Machado,Villarreal,0.27223317,0,8,-0.27223317
Nerea Vicente Fernández,Granada W,0.11448389499999999,0,2,-0.11448389499999999
Nerijus Valskis,Chennaiyin,1.854934707,2,15,0.14506529300000004
Nerijus Valskis,Jamshedpur,2.120651348,2,17,-0.12065134799999999
Nesryne El Chad,Morocco Women's,0.12262632,0,2,-0.12262632
Neven Subotić,Borussia Dortmund,0.18727827700000002,0,2,-0.18727827700000002
Neymar da Silva Santos Junior,Barcelona,61.633893166600004,62,351,0.3661068333999964
Neymar da Silva Santos Junior,Brazil,7.832582029,4,39,-3.832582029
Neymar da Silva Santos Junior,Paris Saint-Germain,15.315540651000001,23,76,7.684459348999999
Ngero Kaanjuka Katua,Namibia,0.07629830900000001,0,3,-0.07629830900000001
Ngoran Suiru Fai Collins,Cameroon,0.012553157,0,1,-0.012553157
Ngozi Sonia Okobi,Nigeria Women's,0.318516578,0,2,-0.318516578
Niamh Charles,Chelsea FCW,3.869109816,3,32,-0.8691098159999999
Niamh Charles,England Women's,0.76046705,1,1,0.23953294999999997
Niamh Charles,Liverpool WFC,4.3791605085,2,28,-2.3791605085
Niamh Fahey,Liverpool WFC,1.814292669,0,14,-1.814292669
Niamh Fahey,Republic of Ireland Women's,0.012576756,0,1,-0.012576756
Nichelle Patrice Prince,Canada Women's,1.604563576,1,7,-0.6045635760000001
Nichelle Patrice Prince,Houston Dash,1.4471291689999999,0,15,-1.4471291689999999
Nicholas Gioacchini,Montpellier,0.04078691,0,1,-0.04078691
Nicholas Williams Arthuer,Spain,1.466275467,2,12,0.533724533
Nick Chadwick,Everton,0.47717094,0,1,-0.47717094
Nick Woltemade,Werder Bremen,0.15128048,0,1,-0.15128048
Nicklas Bendtner,Wolfsburg,1.817981024,2,9,0.18201897599999994
Nicky Hunt,Bolton Wanderers,0.041361988,0,1,-0.041361988
Niclas Füllkrug,Borussia Dortmund,0.5037981650000001,1,3,0.4962018349999999
Niclas Füllkrug,Germany,2.909528046,4,17,1.0904719539999999
Nico Elvedi,Borussia Mönchengladbach,0.285369416,0,3,-0.285369416
Nico Elvedi,Switzerland,0.60692269,0,4,-0.60692269
Nico Schlotterbeck,Germany,0.078190925,0,2,-0.078190925
Nico Schulz,Hertha Berlin,0.10390975,0,1,-0.10390975
Nicola Caricola,Juventus,0.037515625,0,1,-0.037515625
Nicola Cousins,Yeovil Town LFC,0.4703437855,0,8,-0.4703437855
Nicola Rigoni,Chievo,1.5411066355,3,30,1.4588933645
Nicola Sansone,Sassuolo,6.291061365,7,63,0.708938635
Nicola Sansone,Villarreal,0.37277440300000003,2,6,1.627225597
Nicola Zalewski,Poland,0.138305617,0,2,-0.138305617
Nicolae Claudiu Stanciu,Romania,0.583808166,1,5,0.41619183400000004
Nicolai Jørgensen,Denmark,1.314445324,0,5,-1.314445324
Nicolai Müller,Hamburger SV,4.463473322,9,37,4.536526678
Nicolas Alexis Julio N'Koulou Ndoubena,Cameroon,0.368145395,0,3,-0.368145395
Nicolas Alexis Julio N'Koulou Ndoubena,Marseille,0.23040854,0,2,-0.23040854
Nicolas Alexis Julio N'Koulou Ndoubena,Olympique de Marseille,0.770134144,0,10,-0.770134144
Nicolas Anelka,Manchester City,0.891248885,1,9,0.10875111500000001
Nicolas Benezet,Guingamp,2.282363602,4,23,1.7176363979999998
Nicolas Höfler,Freiburg,0.02423852,0,1,-0.02423852
Nicolas Jackson,Senegal,0.12658465,0,1,-0.12658465
Nicolas Janvier,Rennes,0.061172083,0,1,-0.061172083
Nicolas Maurice-Belay,Bordeaux,0.5358098175,1,11,0.4641901825
Nicolas Moumi Ngamaleu,Cameroon,0.059360497,0,2,-0.059360497
Nicolas Pallois,Bordeaux,0.66712054,1,9,0.33287946
Nicolas Pépé,Côte d'Ivoire,1.0856990309999999,1,5,-0.08569903099999987
Nicolas Pépé,OGC Nice,0.44591811400000003,0,4,-0.44591811400000003
Nicolas Sebastian Frey,Chievo,0.05205207,0,1,-0.05205207
Nicolas Seiwald,Austria,0.023439344,0,1,-0.023439344
Nicolas Seube,Caen,0.077791954,0,2,-0.077791954
Nicolas Seube,Stade Malherbe Caen,0.561560417,0,13,-0.561560417
Nicolas de Roussel de Préville,Stade de Reims,9.555193299,6,91,-3.555193299000001
Nicole Anyomi,Eintracht Frankfurt W,8.942473832,11,42,2.0575261680000008
Nicole Anyomi,Germany Women's,0.16924384,1,1,0.83075616
Nicole Arcangeli,Como W,0.185515838,0,4,-0.185515838
Nicole Arcangeli,Pomigliano,3.437946363,3,33,-0.437946363
Nicole Billa,Austria Women's,0.891045084,1,9,0.10895491599999996
Nicole Billa,Hoffenheim W,2.637847605,4,16,1.3621523949999998
Nicole Douglas,Washington Spirit,0.461516392,0,4,-0.461516392
Nicoline Sørensen,Everton LFC,3.416683061,2,31,-1.416683061
Nicolás Alejandro Tagliafico,Argentina,1.3682324890000002,0,10,-1.3682324890000002
Nicolás Alejandro Tagliafico,Lyon,0.273626295,0,2,-0.273626295
Nicolás Andrés Burdisso,Genoa,0.7704956482,0,10,-0.7704956482
Nicolás Federico López Alonso,Granada,0.5781471499999999,0,7,-0.5781471499999999
Nicolás Federico Spolli,Carpi,0.040406186,0,1,-0.040406186
Nicolás Federico Spolli,Chievo,0.16778584000000002,0,2,-0.16778584000000002
Nicolás Hernán Otamendi,Argentina,2.295171886,1,10,-1.2951718859999999
Nicolás Hernán Otamendi,Manchester City,1.631898597,1,28,-0.631898597
Nicolás Hernán Otamendi,Valencia,0.06790423,0,1,-0.06790423
Nicolás Ignacio Castillo Mora,Frosinone,0.690028706,0,10,-0.690028706
Nicolás Iván González,Argentina,0.677380081,0,5,-0.677380081
Nicolás Ladislao Fedor Flores,Getafe,0.43122589600000005,0,7,-0.43122589600000005
Nicolás Ladislao Fedor Flores,Rayo Vallecano,9.454578206,9,42,-0.45457820600000076
Nicolás Martín Pareja,Espanyol,0.03395539,0,1,-0.03395539
Nicolás Martín Pareja,Sevilla,0.051584218,0,1,-0.051584218
Nicolás Santiago Bertolo,Real Zaragoza,0.15479986,0,1,-0.15479986
Nicolò Barella,Italy,0.329044185,2,6,1.6709558150000001
Nicolò Cherubin,Atalanta,0.219467425,1,4,0.7805325750000001
Nicolò Fagioli,Italy,0.014091212,0,1,-0.014091212
Nigel Quashie,Portsmouth,0.064296756,0,2,-0.064296756
Nigel de Jong,AC Milan,0.116743742,0,4,-0.116743742
Nihat Kahveci,Villarreal,0.16800823,0,2,-0.16800823
Nikhil Poojary,Hyderabad,0.575584274,1,12,0.424415726
Nikhil Poojary,SC Delhi,0.06782363,0,2,-0.06782363
Nikhil Raj Murugesh Kumar,Odisha,0.608538447,1,4,0.39146155299999996
Nikica Jelavić,West Ham United,1.79954748,1,11,-0.79954748
Nikita Parris,England Women's,2.789601189,1,10,-1.7896011889999999
Nikita Parris,Manchester City WFC,18.933505669,20,77,1.0664943310000012
Nikita Parris,Manchester United W,4.559474353,8,37,3.4405256470000003
Nikki Stanton,Chicago Red Stars,0.100694634,0,1,-0.100694634
Nikki Stanton,Seattle Reign,0.29953826499999997,0,4,-0.29953826499999997
Niklas Dorsch,Augsburg,0.038712315,0,1,-0.038712315
Niklas Hult,OGC Nice,0.7452680220000001,1,5,0.2547319779999999
Niklas Moisander,Sampdoria,0.096664172,0,2,-0.096664172
Niklas Stark,Hertha Berlin,1.12018193,2,14,0.87981807
Niklas Süle,Germany,0.26260474,0,1,-0.26260474
Niklas Süle,Hoffenheim,0.716472453,0,8,-0.716472453
Niko Bungert,FSV Mainz 05,0.517447209,0,6,-0.517447209
Nikola Dovedan,FC Heidenheim,0.039825518,0,1,-0.039825518
Nikola Kalinić,Fiorentina,14.940726438,12,74,-2.9407264380000004
Nikola Karczewska,TSV Bayer 04 Leverkusen,6.097058914,10,25,3.9029410860000002
Nikola Maksimović,Torino,0.16115254,0,2,-0.16115254
Nikola Milenković,Serbia,0.19116074600000002,0,3,-0.19116074600000002
Nikola Vlašić,Croatia,2.623505053,3,10,0.37649494699999986
Nikola Žigić,Racing Santander,0.805906413,1,3,0.194093587
Nikola Žigić,Valencia,0.06086582,0,1,-0.06086582
Nikolai Alho,Finland,0.014548782,0,1,-0.014548782
Nill De Pauw,Guingamp,0.76769606,0,10,-0.76769606
Nilla Fischer,Sweden Women's,0.382296494,0,2,-0.382296494
Nilmar Honorato da Silva,Villarreal,0.516287537,1,4,0.48371246300000004
Nils Liedholm,Sweden,0.189036116,1,2,0.810963884
Nilton dos Reis Santos,Brazil,0.058099569000000004,0,3,-0.058099569000000004
Nim Dorjee Tamang,Hyderabad,0.08686491099999999,0,2,-0.08686491099999999
Nina Kajzba,Napoli W,0.18388321700000002,0,7,-0.18388321700000002
Nina Lührßen,SV Werder Bremen,1.700476168,2,18,0.299523832
Nishu Kumar Tashni,Kerala Blasters,1.268817891,1,11,-0.2688178910000001
Nkosinathi Sibisi,South Africa,0.7539362,1,1,0.24606380000000005
Noah Allen,Inter Miami,0.066104999,0,2,-0.066104999
Noah Mbamba,Bayer Leverkusen,0.038644202,0,1,-0.038644202
Noah Okafor,Switzerland,0.05496085,0,1,-0.05496085
Noah-Joel Sarenren-Bazee,Hannover 96,1.773112238,0,18,-1.773112238
Noelia Salas Mullens,Granada W,0.031249005,0,1,-0.031249005
Noelia Salazar Franquis,Real Betis Balompié,0.06754812,0,1,-0.06754812
Noelle Maritz,Arsenal WFC,0.86103017,0,5,-0.86103017
Noelle Maritz,Aston Villa W,0.144450503,0,4,-0.144450503
Noelle Maritz,Switzerland Women's,0.17254151199999998,0,2,-0.17254151199999998
Noemi Ivelj,Switzerland Women's,0.034967553,0,1,-0.034967553
Noko Matlou,SD Eibar,0.102886326,0,2,-0.102886326
Noko Matlou,South Africa Women's,0.04320624,0,1,-0.04320624
Nolan Roux,Saint-Étienne,8.759913619,9,59,0.24008638099999935
Nolberto Albino Solano Todco,Boca Juniors,0.058556369999999996,0,2,-0.058556369999999996
Nongdamba Singh Naorem,Goa,0.448141882,0,5,-0.448141882
Nor Mustafa,West Ham United LFC,0.2061459,0,2,-0.2061459
Nora Heroum,Brighton & Hove Albion WFC,1.017093321,0,7,-1.017093321
Nora Heroum,Sampdoria W,1.918948697,0,24,-1.918948697
Norbert Nachtweih,Bayern Munich,0.020440819,0,1,-0.020440819
Norbert Sándor Balogh,Palermo,0.23001296300000001,0,2,-0.23001296300000001
Nordi Mukiele Mulere,Paris Saint-Germain,0.734189375,0,7,-0.734189375
Nordin Amrabat,Leganés,0.558844188,0,6,-0.558844188
Nordin Amrabat,Morocco,0.012556527,0,1,-0.012556527
Nordin Amrabat,Málaga,2.623201397,0,30,-2.623201397
Nordin Amrabat,Watford,0.62604521,0,7,-0.62604521
Norma Cinotti,Fiorentina W,0.438209405,1,8,0.561790595
Nothando Vilakazi,South Africa Women's,0.085855946,0,2,-0.085855946
Nouh Mohamed El Abd,Mauritania,0.19177999,0,2,-0.19177999
Nouhaila Benzina,Morocco Women's,0.12641579,0,1,-0.12641579
Nouhou Tolo,Cameroon,0.11374578249999999,0,3,-0.11374578249999999
Noussair Mazraoui,Bayern Munich,0.03443112,0,1,-0.03443112
Noussair Mazraoui,Morocco,0.15193299799999999,0,4,-0.15193299799999999
Novatus Dismas Miroshi,Tanzania,0.01745537,0,1,-0.01745537
Nuno Albertino Varela Tavares,Marseille,0.163108589,0,3,-0.163108589
Nuno Albertino Varela Tavares,Olympique de Marseille,0.15153604,0,5,-0.15153604
Nuno Mendes,Paris Saint-Germain,1.606156258,1,16,-0.606156258
Nuno Mendes,Portugal,0.9406078849999999,1,4,0.05939211500000008
Nuno Miguel da Costa Jóia,Auxerre,0.123298064,0,2,-0.123298064
Nuno Ricardo de Oliveira Ribeiro,Atlético Madrid,0.0553015045,0,3,-0.0553015045
Nuri Şahin,Borussia Dortmund,0.198938854,0,4,-0.198938854
Nuria Garrote Camúñez,FC Levante Badalona,0.083949548,0,3,-0.083949548
Nuria Ligero Fernández,Real Betis Balompié,0.01354732,0,1,-0.01354732
Nuria Rábano Blanco,VfL Wolfsburg WFC,0.17541709049999998,0,7,-0.17541709049999998
Nwankwo Christian Kanu,Arsenal,0.849762484,1,10,0.15023751600000002
Nyiko Mobbie,South Africa,0.033553029,0,2,-0.033553029
Nélson Cabral Semedo,Barcelona,1.221171914,2,14,0.7788280860000001
Nélson Cabral Semedo,Portugal,0.255305582,0,2,-0.255305582
Nélson Miguel Castro Oliveira,RC Deportivo La Coruña,0.074019821,0,2,-0.074019821
Nérilia Mondesir,Haiti Women's,0.484189755,0,7,-0.484189755
Néstor Alejandro Araújo Razo,Celta Vigo,0.25904094,0,2,-0.25904094
Néstor Fabián Canobbio Bentaberry,Celta Vigo,0.028083377,0,1,-0.028083377
Núria Mendoza Miralles,Levante UD Femenino,0.300406478,0,5,-0.300406478
Núrio Domingos Matias Fortuna,Angola,0.015317649,0,1,-0.015317649
Obafemi Akinwunmi Martins,Levante UD,0.34091556,0,2,-0.34091556
Obite Evan Ndicka,Côte d'Ivoire,0.568570095,0,7,-0.568570095
Odaïr Junior Lopes Fortes,Stade de Reims,0.485980739,0,7,-0.485980739
Odilon Kossonou,Bayer Leverkusen,0.319657472,1,5,0.680342528
Odilon Kossonou,Côte d'Ivoire,0.054783022,0,2,-0.054783022
Odion Jude Ighalo,Granada,0.92235273,1,1,0.07764727000000005
Odion Jude Ighalo,Nigeria,0.579822662,0,5,-0.579822662
Odion Jude Ighalo,Watford,16.471704469,15,111,-1.4717044689999987
Ogenyi Eddy Onazi,Lazio,0.593884564,1,12,0.406115436
Oghenekaro Etebo,Las Palmas,0.023971318,0,2,-0.023971318
Oghenekaro Etebo,Nigeria,0.229867851,0,7,-0.229867851
Oier Sanjurjo Mate,Osasuna,0.027404612,0,1,-0.027404612
Oihane Hernández Zurbano,Real Madrid CF W,0.294479942,0,6,-0.294479942
Oihane Hernández Zurbano,Spain Women's,0.032837592,0,1,-0.032837592
Oihane Valdezate Cabornero,AS Roma W,0.394562689,1,5,0.605437311
Okay Yokuşlu,Turkey,0.037837733,0,1,-0.037837733
Ola Toivonen,Rennes,0.025093438,0,1,-0.025093438
Ola Toivonen,Sunderland,0.616602302,0,7,-0.616602302
Ola Toivonen,Sweden,0.98226133,1,5,0.017738669999999956
Olaf Thon,Bayern Munich,0.237313494,0,2,-0.237313494
Olarenwaju Ayoba Kayode,Girona,0.401883106,0,2,-0.401883106
Olaya Enrique Rodríguez,Real Madrid CF W,0.26088316,0,4,-0.26088316
Ole Gunnar Solskjær,Manchester United,0.122504916,0,2,-0.122504916
Ole Kristian Selnæs,Saint-Étienne,0.034708993,0,2,-0.034708993
Oleguer Presas Renom,Barcelona,0.8269371809999999,0,7,-0.8269371809999999
Oleksandr Karavaev,Ukraine,0.265500808,0,5,-0.265500808
Oleksandr Zinchenko,Ukraine,0.316139864,1,3,0.6838601360000001
Olga  Carmona García,Real Madrid CF W,4.513922099,6,39,1.4860779009999998
Olga  Carmona García,Spain Women's,0.615937745,2,21,1.384062255
Olga Ahtinen,Tottenham Hotspur Women,0.520360307,1,8,0.479639693
Olga Ahtinen,WNT Finland,0.054315759,0,2,-0.054315759
Oliver Kragl,Frosinone,1.2673761038,1,31,-0.2673761038
Oliver Sorg,Hannover 96,0.186334423,0,6,-0.186334423
Oliverio Jesús Alvarez González,Cádiz,0.056643873,0,1,-0.056643873
Olivia Alma Charlotta Schough,Sweden Women's,0.655674754,0,6,-0.655674754
Olivia Chance,Bristol City WFC,0.644530363,0,12,-0.644530363
Olivia Chance,New Zealand Women's,0.32370830899999997,0,4,-0.32370830899999997
Olivia Fergusson,Yeovil Town LFC,2.743052796,1,26,-1.7430527960000002
Olivia McLoughlin,Aston Villa,0.02542487,0,1,-0.02542487
Olivia Moultrie,Portland Thorns,3.212817219,2,40,-1.2128172190000002
Olivia Smith,Canada Women's,0.013552329,0,1,-0.013552329
Olivia Van der Jagt,Seattle Reign,1.024121547,1,10,-0.02412154700000002
Olivia Wingate,North Carolina Courage,2.057835094,0,13,-2.057835094
Olivier Auriac,Angers,0.140320908,0,2,-0.140320908
Olivier Bernard,Newcastle United,0.30096861,1,3,0.69903139
Olivier Boscagli,OGC Nice,0.217996287,1,2,0.7820037129999999
Olivier Deman,Werder Bremen,0.06754101,0,1,-0.06754101
Olivier Giroud,Arsenal,14.54403046,16,103,1.45596954
Olivier Giroud,France,5.148204006,5,37,-0.14820400600000028
Olivier Michel Kemen,Cameroon,0.115839954,0,3,-0.115839954
Ollie Watkins,England,0.315242576,1,3,0.6847574240000001
Olof Mellberg,Aston Villa,0.056193768000000005,0,2,-0.056193768000000005
Olufolasade Adamolekun,Jamaica Women's,0.015173243,0,1,-0.015173243
Oluwasemilogo Adesewo Ibidapo Ajayi,Nigeria,0.36969757,0,1,-0.36969757
Oluwaseyi Babajide Ojo,Liverpool,0.530798849,0,5,-0.530798849
Omar Colley,Gambia,0.19079202,0,2,-0.19079202
Omar El Kaddouri,Napoli,1.601937176,1,11,-0.6019371760000001
Omar Federico Alderete Fernández,Paraguay,0.092392274,1,3,0.907607726
Omar Haktab Traorè,FC Heidenheim,0.019118061,0,1,-0.019118061
Omar Kamal Abdel Wahed,Egypt,0.7539362,1,1,0.24606380000000005
Omar Marmoush,Egypt,1.215191899,2,9,0.7848081010000001
Omar Marmoush,Eintracht Frankfurt,0.3749036,0,4,-0.3749036
Omar Mascarell González,Sporting Gijón,0.295113662,0,11,-0.295113662
Omaré Gassama,Mauritania,0.032776469,0,2,-0.032776469
Omenuke Mfulu,Congo DR,0.7539362,1,1,0.24606380000000005
Omenuke Mfulu,Stade de Reims,0.12483793500000001,0,4,-0.12483793500000001
Omid Ebrahimi,Iran,0.040358808,0,1,-0.040358808
Omir Guadalupe Fernandez Mosso,New York Red Bulls,0.659091813,0,3,-0.659091813
Omobolaji Habeeb Adekanye,Cádiz,0.084939465,0,1,-0.084939465
Ona Batlle Pascual,Barcelona WFC,1.791257293,3,21,1.208742707
Ona Batlle Pascual,Manchester United,0.19163032200000002,0,8,-0.19163032200000002
Ona Batlle Pascual,Manchester United W,0.248873341,0,4,-0.248873341
Ona Batlle Pascual,Spain Women's,0.540981583,0,8,-0.540981583
Ondrej Duda,Slovakia,0.250912736,1,4,0.7490872639999999
Ondřej Lingr,Czech Republic,0.613751586,0,5,-0.613751586
Onema Grace Geyoro,France Women's,5.206664507,6,20,0.7933354929999998
Onyinye Wilfred Ndidi,Nigeria,0.068533186,0,3,-0.068533186
Oona Sevenius,Como W,2.834824332,4,35,1.1651756679999998
Oona Sevenius,WNT Finland,0.32958561100000006,1,4,0.6704143889999999
Oona Siren,WNT Finland,0.042722531,0,2,-0.042722531
Opa Sangante,Guinea-Bissau,0.04060079,0,1,-0.04060079
Orbelín Pineda Alvarado,Mexico,1.516341135,0,7,-1.516341135
Oriane Jean-François,France Women's,0.923928946,1,4,0.07607105400000003
Oriol Lozano Farrán,Racing Santander,0.093188312,0,2,-0.093188312
Oriol Riera Magem,Osasuna,0.33758584,0,1,-0.33758584
Oriol Riera Magem,RC Deportivo La Coruña,2.8563734370000002,2,25,-0.8563734370000002
Oriol Romeu Vidal,Southampton,2.651761494,1,29,-1.651761494
Orkun Kökçü,Turkey,0.852456875,0,6,-0.852456875
Orlando Moisés Galo Calderón,Costa Rica,0.05664968099999999,0,2,-0.05664968099999999
Ornella María Vignola Cabot,Granada W,2.5623112805,3,26,0.4376887195000001
Osazemwinde Peter Odemwingie,Stoke City,0.168200293,0,2,-0.168200293
Oscar Fabián Murillo Murillo,Colombia,0.186086613,0,2,-0.186086613
Oscar Hiljemark,Palermo,2.677010889,4,26,1.322989111
Oscar Vilhelmsson,Darmstadt 98,0.852568344,1,4,0.14743165599999997
Oscar Wendt,Borussia Mönchengladbach,1.980157685,3,21,1.019842315
Oscar dos Santos Emboaba Júnior,Chelsea,5.786604569,3,51,-2.7866045689999996
Osinachi Marvis Ohale,Nigeria Women's,0.8226806470000001,1,5,0.1773193529999999
Osman Bukari,Ghana,0.35113211599999994,1,3,0.6488678840000001
Osman Bukari,Nantes,0.035551704,0,1,-0.035551704
Oswaldo Augusto Vizcarrondo Araújo,Nantes,0.9668616879999999,0,12,-0.9668616879999999
Oswaldo Giroldo Júnior,Middlesbrough,0.084515908,0,3,-0.084515908
Oswin Reagan Appollis,South Africa,0.7539362,1,1,0.24606380000000005
Otar Kakabadze,Georgia,0.036970247,0,1,-0.036970247
Otávio Edmilson da Silva Monteiro,Portugal,0.12732986899999998,0,3,-0.12732986899999998
Ouleymata Sarr,France Women's,0.837904171,0,7,-0.837904171
Ouleymata Sarr,Washington Spirit,0.486408463,1,11,0.5135915369999999
Oumar Diakité,Côte d'Ivoire,0.5050085099999999,1,3,0.4949914900000001
Ousmane Dembélé,Barcelona,11.127013952,16,101,4.872986048
Ousmane Dembélé,France,1.8776667630000001,1,21,-0.8776667630000001
Ousmane Dembélé,Rennes,6.951601598,12,56,5.048398402
Ousmane Diomande,Côte d'Ivoire,0.033760577,0,1,-0.033760577
Oussama Tannane,Las Palmas,0.192926151,0,3,-0.192926151
Oussama Tannane,Saint-Étienne,1.7230465695,2,21,0.2769534305000001
Ove Grahn,Sweden,0.11922817599999999,0,2,-0.11922817599999999
Ozan Tufan,Turkey,0.049826703,0,2,-0.049826703
Pablo César Aimar Giordano,Real Zaragoza,0.028956633,0,1,-0.028956633
Pablo Daniel Osvaldo,Espanyol,1.09306575,1,11,-0.09306575000000006
Pablo Daniel Piatti,Almería,0.188539431,0,4,-0.188539431
Pablo Daniel Piatti,Espanyol,0.38232624000000004,0,3,-0.38232624000000004
Pablo Daniel Piatti,Valencia,1.606051768,2,13,0.39394823200000006
Pablo Estífer Armero,Udinese,0.8515680800000001,1,2,0.14843191999999994
Pablo Ezequiel De Blasis,Eibar,0.2454347225,1,3,0.7545652775
Pablo Ezequiel De Blasis,FSV Mainz 05,2.813471992,4,30,1.1865280079999998
Pablo Fornals Malla,Málaga,1.578123786,1,22,-0.5781237859999999
Pablo Fornals Malla,Villarreal,0.38610371,0,5,-0.38610371
Pablo Ganet Cómitre,Equatorial Guinea,0.134574171,1,4,0.865425829
Pablo Hernández Domínguez,Getafe,0.220997458,0,3,-0.220997458
Pablo Hernández Domínguez,Rayo Vallecano,2.743757235,3,35,0.2562427650000001
Pablo Hernández Domínguez,Valencia,1.485534181,3,10,1.514465819
Pablo Hervías Ruiz,Real Valladolid,0.093874784,0,3,-0.093874784
Pablo Ibáñez Tébar,Atlético Madrid,0.0754947,0,1,-0.0754947
Pablo Javier Zabaleta Girod,Espanyol,0.03834878,0,2,-0.03834878
Pablo Javier Zabaleta Girod,Manchester City,0.157211423,0,3,-0.157211423
Pablo Jean Antoine Martínez,Gazélec Ajaccio,0.353399541,0,9,-0.353399541
Pablo Maffeo Becerra,Huesca,0.1456298,0,1,-0.1456298
Pablo Martín Páez Gavira,Spain,0.0722034,1,1,0.9277966
Pablo Nascimento Castro,Bordeaux,1.209778471,1,9,-0.2097784709999999
Pablo Orbaiz Lesaka,Athletic Club,0.068717361,0,3,-0.068717361
Pablo Paulino Rosario,OGC Nice,0.085576795,0,1,-0.085576795
Pablo Pérez Rodríguez,Sporting Gijón,2.1682404406,0,18,-2.1682404406
Pablo Sarabia García,Getafe,5.8726803955,7,72,1.1273196045000002
Pablo Sarabia García,Paris Saint-Germain,0.6427955,0,3,-0.6427955
Pablo Sarabia García,Sevilla,1.228835895,0,11,-1.228835895
Pablo Sarabia García,Spain,2.084900184,2,10,-0.08490018399999988
Pablo Sicilia Roig,Tenerife,0.16520871,0,1,-0.16520871
Pablo Ínsua Blanco,Huesca,0.049878888,0,1,-0.049878888
Pachoio Lau Há King,Mozambique,0.09312683000000001,0,2,-0.09312683000000001
Paco Clos,Barcelona,0.018498177,0,1,-0.018498177
Paddy McNair,Manchester United,0.17636121100000002,0,3,-0.17636121100000002
Paige Bailey Gayle,Arsenal WFC,0.08368952400000002,0,2,-0.08368952400000002
Paige Metayer,Washington Spirit,2.639323285,3,20,0.36067671499999987
Paige Monaghan,Racing Louisville FC,2.298774039,3,19,0.701225961
Paige Nielsen,Angel City,1.355794263,1,16,-0.35579426299999994
Paige Therese Satchell,New Zealand Women's,0.05365868,0,1,-0.05365868
Paige Williams,Birmingham City WFC,0.323847209,0,4,-0.323847209
Paloma Lázaro Torres del Molino,Napoli W,3.60195241,2,37,-1.60195241
Pamela Cinthia González Medina,Sevilla FC,2.7348974299999997,6,22,3.2651025700000003
Panagiotis Giorgios Kone,Fiorentina,0.09774632,0,1,-0.09774632
Panagiotis Giorgios Kone,Udinese,0.557285609,0,10,-0.557285609
Panagiotis Tachtsidis,Genoa,1.369563251,2,20,0.630436749
Paola Di Marino,Napoli W,0.879914088,1,8,0.12008591199999996
Paola Hernández Díaz,Costa Adeje Tenerife,0.481969207,0,8,-0.481969207
Paola Soldevila de la Pisa,Villarreal,0.58711898,0,4,-0.58711898
Paolo Cannavaro,Sassuolo,0.177386986,0,5,-0.177386986
Paolo De Ceglie,Olympique de Marseille,0.180780726,0,3,-0.180780726
Paolo Di Canio,Charlton Athletic,0.831357609,1,3,0.168642391
Paolo Maldini,AC Milan,0.14720891,1,3,0.85279109
Paolo Sammarco,Frosinone,2.046908629,4,22,1.9530913710000002
Papa Alioune N'Diaye,Senegal,0.058103964,0,1,-0.058103964
Papa Babacar Diawara,Getafe,0.26534086,0,1,-0.26534086
Papa Kouly Diop,Eibar,0.1353588195,0,5,-0.1353588195
Papa Kouly Diop,Espanyol,1.6019348290000002,3,22,1.3980651709999998
Papa Kouly Diop,Levante UD,0.134087893,0,3,-0.134087893
Papa Kouly Diop,Racing Santander,0.11003845200000001,0,2,-0.11003845200000001
Pape Abdou Paye,Lorient,0.129360478,0,2,-0.129360478
Pape Gueye,Marseille,0.08593251,0,1,-0.08593251
Pape Gueye,Olympique de Marseille,0.062314629999999996,0,2,-0.062314629999999996
Pape Gueye,Senegal,0.342394782,1,6,0.657605218
Pape Ibnou Bâ,Mauritania,0.73204859,0,3,-0.73204859
Pape Maly Diamanka,Rayo Vallecano,0.1593045,0,1,-0.1593045
Pape Matar Sarr,Metz,0.34301051,0,1,-0.34301051
Pape Matar Sarr,Senegal,0.874958539,1,6,0.12504146100000002
Pape N''Diaye Souaré,Crystal Palace,0.416156855,0,11,-0.416156855
Papiss Demba Cissé,Newcastle United,3.4292464485,3,24,-0.4292464484999998
Papiss Mison Djilobodji,Werder Bremen,2.236915551,2,22,-0.23691555100000006
Parag Satish Shrivas,Bengaluru,0.5265004445,0,6,-0.5265004445
Parker Goins,Racing Louisville FC,0.534548628,1,5,0.465451372
Pascal Groß,Germany,0.031111816,0,1,-0.031111816
Pascal Groß,Ingolstadt,3.3688035595,1,68,-2.3688035595
Pathé Ismaël Ciss,Senegal,0.039549906,0,1,-0.039549906
Patrice Evra,AS Monaco,0.19527271,0,1,-0.19527271
Patrice Evra,Juventus,1.9572495859999999,2,18,0.042750414000000125
Patricia Gavira Collado,Costa Adeje Tenerife,1.742365882,1,14,-0.7423658820000001
Patricia Guijarro Gutiérrez,Barcelona WFC,4.270038825,5,51,0.7299611749999997
Patricia Guijarro Gutiérrez,Spain Women's,2.169504941,2,26,-0.16950494100000002
Patricia Ojeda,CD Sporting de Huelva,1.9596549410000002,1,24,-0.9596549410000002
Patricia Zugasti Osés,Athletic Club Bilbao,2.115538409,6,14,3.884461591
Patricio Gabarrón Gil,Lazio,0.06408676099999999,0,3,-0.06408676099999999
Patrick Bamford,Crystal Palace,0.26487359600000004,0,3,-0.26487359600000004
Patrick Bamford,Norwich City,1.030432966,0,7,-1.030432966
Patrick Claude Ekeng Ekeng,Córdoba CF,0.038175438,0,1,-0.038175438
Patrick Ebert,Rayo Vallecano,1.028613839,0,10,-1.028613839
Patrick Flottmann,NorthEast United,1.476276709,1,8,-0.47627670899999996
Patrick Herrmann,Borussia Mönchengladbach,1.7734521060000001,3,13,1.2265478939999999
Patrick Osterhage,Bochum,0.05774792,0,1,-0.05774792
Patrick Vervoort,Belgium,0.040346151,0,2,-0.040346151
Patrick Vieira,Arsenal,2.639974444,3,20,0.3600255560000001
Patrick Wimmer,Austria,0.171392943,0,3,-0.171392943
Patrick van Aanholt,Netherlands,0.21093024999999999,0,4,-0.21093024999999999
Patrick van Aanholt,Sunderland,2.458988895,4,46,1.541011105
Patrik Berger,Portsmouth,0.0348903,0,1,-0.0348903
Patrik Schick,Bayer Leverkusen,5.913669109,7,40,1.0863308910000002
Patrik Schick,Czech Republic,3.591090627,6,23,2.408909373
Patrícia Hmírová,CD Sporting de Huelva,2.399669531,1,22,-1.3996695309999998
Patson Daka,Zambia,0.544284306,1,5,0.455715694
Pau Francisco Torres,Spain,0.5220473130000001,0,3,-0.5220473130000001
Paul Baysse,Málaga,0.05666012,0,1,-0.05666012
Paul Baysse,OGC Nice,1.610007487,0,14,-1.610007487
Paul Bosvelt,Manchester City,0.040604368,0,1,-0.040604368
Paul Breitner,Germany,1.114353098,1,8,-0.11435309800000004
Paul Brian Rodríguez Bravo,Uruguay,0.15841421,0,1,-0.15841421
Paul Butler,Wolverhampton Wanderers,0.054270416,0,1,-0.054270416
Paul Dickov,Leicester City,0.1824738,1,1,0.8175262
Paul Dummett,Newcastle United,0.458894735,1,5,0.541105265
Paul Ince,Wolverhampton Wanderers,0.035972994,0,1,-0.035972994
Paul Lasne,Montpellier,0.124516111,0,3,-0.124516111
Paul Onuachu,Nigeria,0.3628176,0,1,-0.3628176
Paul Pogba,France,1.7446297579999999,3,16,1.2553702420000001
Paul Pogba,Juventus,9.4306717575,8,126,-1.4306717575000008
Paul Ramfangzauva,Odisha,0.233841168,1,7,0.766158832
Paul Scholes,Manchester United,0.611230452,0,7,-0.611230452
Paul Seguin,Wolfsburg,0.138563706,0,2,-0.138563706
Paul Verhaegh,Augsburg,4.871972631999999,6,10,1.1280273680000006
Paul-Georges Ntep de Madiba,Rennes,2.5423792539999996,2,21,-0.5423792539999996
Paul-José M''Poku Ebunge,Chievo,1.026639046,0,18,-1.026639046
Paula Arana Montes,Athletic Club Bilbao,0.981255171,0,11,-0.981255171
Paula Comendador Prado,Real Madrid CF W,0.445930017,1,3,0.554069983
Paula Fernández Jiménez,Levante UD Femenino,1.3873452175,3,14,1.6126547825
Paula Flach,Duisburg WFC,0.185159522,0,5,-0.185159522
Paula León Breña,Madrid CFF,1.34406282,2,4,0.65593718
Paula Perea Ramírez,Real Betis Balompié,0.431760335,0,7,-0.431760335
Paula Romero,CD Sporting de Huelva,0.051077224,0,1,-0.051077224
Paula Sancho González,Valencia CF,1.662574313,3,24,1.337425687
Paula Tomás Serer,Levante UD Femenino,2.284818591,1,17,-1.284818591
Paulin Puel,OGC Nice,0.056017610999999995,0,2,-0.056017610999999995
Paulina Bartz,TSV Bayer 04 Leverkusen,0.427718056,0,3,-0.427718056
Paulina Käte Krumbiegel,Hoffenheim W,1.8471241250000001,3,22,1.1528758749999999
Paulina Tanya Nyström,Juventus W,1.339442019,1,12,-0.33944201900000004
Paulina Tomasiak,Poland Women's,0.062570603,0,2,-0.062570603
Pauline Bremer,Brighton & Hove Albion WFC,2.621764362,2,15,-0.621764362
Pauline Bremer,Manchester City WFC,8.110438065,10,53,1.8895619349999997
Pauline Louise Hammarlund,Fiorentina W,2.940211736,2,20,-0.9402117360000002
Paulo Assunção da Silva,Atlético Madrid,0.034322155,0,2,-0.034322155
Paulo Bruno Exequiel Dybala,Argentina,0.7673719849999999,1,2,0.23262801500000008
Paulo Bruno Exequiel Dybala,Juventus,13.135921376,19,107,5.864078623999999
Paulo César Carpegiani,Brazil,0.04673733,0,2,-0.04673733
Paulo César Da Silva Barrios,Real Zaragoza,0.08753205,0,1,-0.08753205
Paulo Cézar Lima,Brazil,0.918321416,0,14,-0.918321416
Paulus Arajuuri,Finland,0.18714294,0,1,-0.18714294
Pavel Kadeřábek,Czech Republic,0.23079063,0,1,-0.23079063
Pavel Kadeřábek,Hoffenheim,0.350087445,0,6,-0.350087445
Pavel Šulc,Czech Republic,0.09426823,0,1,-0.09426823
Pavle Ninkov,Toulouse,0.05250853,0,1,-0.05250853
Paweł Dawidowicz,Poland,0.06427639,0,1,-0.06427639
Paweł Olkowski,FC Köln,0.237588823,0,7,-0.237588823
Paweł Wszołek,Hellas Verona,1.32122512,0,12,-1.32122512
Pedro Alcalá Guirado,Girona,0.13620399,0,1,-0.13620399
Pedro Antonio Troglio,Argentina,0.055594433,0,2,-0.055594433
Pedro Bigas Rigo,Eibar,0.13474676,0,1,-0.13474676
Pedro Bigas Rigo,Las Palmas,1.715373644,4,17,2.284626356
Pedro Chirivella Burgos,Nantes,0.071235515,0,1,-0.071235515
Pedro Eliezer Rodríguez Ledesma,Barcelona,39.165716518,49,258,9.834283481999996
Pedro Eliezer Rodríguez Ledesma,Chelsea,5.05003329,7,59,1.94996671
Pedro Filipe Teodósio Mendes,Rennes,0.617756172,0,9,-0.617756172
Pedro González López,Barcelona,3.591638955,3,22,-0.5916389550000001
Pedro González López,Spain,0.855880568,0,6,-0.855880568
Pedro Guilherme Abreu dos Santos,Brazil,1.114166501,1,5,-0.11416650099999992
Pedro Henrique Konzen Medina da Silva,Rennes,3.52479261,3,37,-0.52479261
Pedro Jesús Aquino Sánchez,Peru,0.026616607,0,1,-0.026616607
Pedro León Sánchez Gil,Eibar,0.215361432,0,3,-0.215361432
Pedro León Sánchez Gil,Getafe,4.381600418,2,50,-2.3816004179999997
Pedro López Muñoz,Levante UD,0.479973282,1,10,0.520026718
Pedro Manuel Munitis Álvarez,Racing Santander,0.360150619,0,6,-0.360150619
Pedro Mba Obiang Avomo,West Ham United,0.35512167699999997,0,9,-0.35512167699999997
Pedro Miguel Almeida Lopes Pereira,Sampdoria,0.036012264,0,2,-0.036012264
Pedro Miguel Correia,Qatar,0.044391109,0,2,-0.044391109
Pedro Mosquera Parada,RC Deportivo La Coruña,1.626382152,0,31,-1.626382152
Pedro Nájera Pacheco,Mexico,0.016207837,0,1,-0.016207837
Pedro Pablo Hernández,Celta Vigo,2.118364417,2,29,-0.118364417
Pedro Taunausú Domínguez Placeres,Las Palmas,2.879360405,5,31,2.120639595
Penelope Hocking,Chicago Red Stars,3.536618487,3,34,-0.5366184870000001
Peng Han,China PR Women's,0.161950333,0,3,-0.161950333
Pep Biel Mas Jaume,Augsburg,0.289702645,0,2,-0.289702645
Per Ciljan Skjelbred,Hertha Berlin,0.214971352,0,4,-0.214971352
Per Frandsen,Bolton Wanderers,0.047335604,0,2,-0.047335604
Per Mertesacker,Arsenal,1.08878976,0,8,-1.08878976
Percy Tau,South Africa,2.321010797,1,12,-1.321010797
Pere Milla Peña,Elche,0.053743076,0,1,-0.053743076
Pere Pons Riera,Deportivo Alavés,0.061734308,1,1,0.938265692
Pere Pons Riera,Girona,0.570112771,0,4,-0.570112771
Pernille Mosegaard Harder,Bayern München W,7.618454116,9,44,1.3815458840000003
Pernille Mosegaard Harder,Chelsea FCW,8.554210233,9,63,0.44578976700000084
Pernille Mosegaard Harder,Denmark Women's,2.7801154660000003,2,23,-0.7801154660000003
Perparim Hetemaj,Chievo,1.353938677,1,26,-0.3539386769999999
Pervis Josué Estupiñán Tenorio,Ecuador,0.25795703000000003,0,2,-0.25795703000000003
Pervis Josué Estupiñán Tenorio,Osasuna,0.033180512,0,1,-0.033180512
Pervis Josué Estupiñán Tenorio,Villarreal,0.046229597,0,1,-0.046229597
Petar Stojanović,Slovenia,0.02356161,0,1,-0.02356161
Peter Beardsley,England,0.19460666,0,3,-0.19460666
Peter Crouch,Liverpool,0.024693549,0,1,-0.024693549
Peter Crouch,Stoke City,0.570700463,0,9,-0.570700463
Peter Hartley,Jamshedpur,1.695946368,3,13,1.304053632
Peter Niemeyer,Darmstadt 98,3.3029480855,2,29,-1.3029480855000002
Peter Pekarík,Hertha Berlin,0.115323987,0,3,-0.115323987
Peter Pekarík,Slovakia,0.579108627,0,4,-0.579108627
Peter Shalulile,Namibia,1.3374173345,0,10,-1.3374173345
Peter Whittingham,Aston Villa,0.011464381,0,1,-0.011464381
Petr Ševčík,Czech Republic,0.25668172,0,2,-0.25668172
Petros Matheus dos Santos Araújo,Real Betis,0.872453024,1,9,0.12754697599999998
Petrus Shitembi,Namibia,0.08917278,0,1,-0.08917278
Peyton McNamara,Jamaica Women's,0.0460873,0,1,-0.0460873
Phil Bardsley,Stoke City,0.149858312,0,7,-0.149858312
Phil Foden,England,2.181300552,1,18,-1.1813005520000002
Phil Jagielka,Everton,0.846628636,0,11,-0.846628636
Phil Jones,Manchester United,0.05254502,0,1,-0.05254502
Philip Foden,England,0.171039188,0,3,-0.171039188
Philip Heise,VfB Stuttgart,0.249660174,0,3,-0.249660174
Philipp Bargfrede,Werder Bremen,0.386402683,0,12,-0.386402683
Philipp Hofmann,Bochum,0.104790546,0,1,-0.104790546
Philipp Hosiner,FC Köln,2.182185696,1,12,-1.182185696
Philipp Lahm,Bayern Munich,1.6713537189999998,2,11,0.32864628100000015
Philipp Lienhart,Austria,0.160597764,0,2,-0.160597764
Philipp Max,Augsburg,0.314146874,0,8,-0.314146874
Philipp Mwene,FSV Mainz 05,0.14365834,0,1,-0.14365834
Philipp Ochs,Hoffenheim,0.226167287,0,5,-0.226167287
Philipp Wollscheid,Stoke City,0.20341499400000002,0,3,-0.20341499400000002
Philippe Coutinho Correia,Barcelona,11.772768973,10,119,-1.7727689729999998
Philippe Coutinho Correia,Brazil,2.045861769,2,23,-0.04586176900000005
Philippe Coutinho Correia,Espanyol,0.019120691,0,1,-0.019120691
Philippe Coutinho Correia,Liverpool,7.5715095375,8,111,0.4284904625000001
Philippe Desmet,Belgium,0.09648825899999999,0,3,-0.09648825899999999
Philippe Mexès,AC Milan,0.303174419,1,5,0.696825581
Phillip Tietz,Augsburg,0.15104215,0,1,-0.15104215
Phillipp Klement,FSV Mainz 05,0.097260535,0,1,-0.097260535
Phoebe McClernon,Seattle Reign,0.0445844,0,2,-0.0445844
Pia-Sophie Wolter,Eintracht Frankfurt W,0.754257503,1,9,0.24574249699999995
Piero Aldair Quispe Córdova,Peru,0.17688452,0,1,-0.17688452
Piero Martín Hincapié Reyna,Bayer Leverkusen,2.307132421,1,18,-1.307132421
Piero Martín Hincapié Reyna,Ecuador,0.07525026,0,1,-0.07525026
Pierre Achille Webó Kouamo,Mallorca,0.5752012463,1,10,0.4247987537
Pierre Bengtsson,FSV Mainz 05,0.297710227,0,5,-0.297710227
Pierre Kunde Malong,Cameroon,0.236387292,0,5,-0.236387292
Pierre Lees Melou,Stade Brestois,0.041023932,0,1,-0.041023932
Pierre-Emerick Aubameyang,Borussia Dortmund,23.943270769,25,117,1.0567292309999985
Pierre-Emile Højbjerg,Denmark,1.386060039,0,17,-1.386060039
Pierre-Emile Højbjerg,Schalke 04,1.099755723,0,22,-1.099755723
Pierre-Michel Lasogga,Hamburger SV,7.366241777,8,52,0.6337582230000001
Pierre-Yves Polomat,Saint-Étienne,0.365983126,0,5,-0.365983126
Pierrick Capelle,Angers,2.0032540335,4,27,1.9967459664999998
Piet Keizer,Ajax,0.32368302,0,5,-0.32368302
Piet Keizer,Netherlands,0.339282403,0,5,-0.339282403
Pietro Anastasi,Juventus,0.02371867,0,1,-0.02371867
Pikul Khueanpet,Thailand W,0.10068525,0,1,-0.10068525
Pilar Garrote Camuñez,FC Levante Badalona,0.137073256,0,3,-0.137073256
Pione Sisto Ifolo Emirmija,Celta Vigo,0.514705246,0,8,-0.514705246
Pione Sisto Ifolo Emirmija,Denmark,0.4037538265,0,5,-0.4037538265
Piotr Trochowski,Augsburg,0.387064618,0,6,-0.387064618
Piotr Trochowski,Sevilla,0.186700636,1,3,0.813299364
Piotr Zieliński,Empoli,3.4004244055,5,64,1.5995755945
Piotr Zieliński,Poland,1.478870528,1,22,-0.4788705280000001
Pirmin Schwegler,Hoffenheim,0.496831921,0,7,-0.496831921
Poliana Barbosa Medeiros,Orlando Pride,0.52927991,0,8,-0.52927991
Pontus Jansson,Sweden,0.07007291,0,1,-0.07007291
Pontus Jansson,Torino,0.39706933499999997,1,6,0.602930665
Poppy Pattinson,Brighton & Hove Albion WFC,0.597942379,0,8,-0.597942379
Poppy Pattinson,Bristol City WFC,0.47388020459999997,0,7,-0.47388020459999997
Poppy Pattinson,Everton LFC,0.10967924700000001,0,2,-0.10967924700000001
Prabir Das,ATK Mohun Bagan,0.099233487,0,4,-0.099233487
Prabir Das,Mohun Bagan Super Giant,0.380272372,0,9,-0.380272372
Pragyan Sundar Gogoi,NorthEast United,0.262559062,0,7,-0.262559062
Pranjal Prakash Bhumij,Mumbai City,0.10335158,0,1,-0.10335158
Prasanth Karuthadathkuni,Kerala Blasters,0.389926787,1,7,0.610073213
Pratik Prabhakar Chaudhari,Bengaluru,0.6644188360000001,1,4,0.33558116399999993
Presnel Kimpembe,France,0.7391287,1,1,0.26087130000000003
Presnel Kimpembe,Paris Saint-Germain,1.689575239,1,10,-0.6895752390000001
Prince Oniangué,Stade de Reims,3.4487481085000002,4,32,0.5512518914999998
Prince Vinny Ibara Doniama,Bengaluru,3.979575676,4,35,0.020424323999999938
Princess Ademiluyi,West Ham United LFC,0.05308472,0,1,-0.05308472
Princeton Rebello,Goa,0.4210242015,0,13,-0.4210242015
Prins Menelik Tjiueza,Namibia,0.27562212,0,2,-0.27562212
Pritam Kotal,ATK Mohun Bagan,1.009901591,1,5,-0.009901590999999987
Pritam Kotal,Mohun Bagan Super Giant,0.44442326,0,4,-0.44442326
Pronay Halder,Jamshedpur,0.947703037,1,7,0.052296962999999974
Provat Lakra,NorthEast United,0.388278366,0,8,-0.388278366
Przemysław Frankowski,Lens,1.24484459,1,6,-0.24484459000000003
Przemysław Frankowski,Poland,0.08712864,0,1,-0.08712864
Przemysław Płacheta,Poland,0.049267936,0,1,-0.049267936
Qazim Laçi,Albania,0.19689006,1,1,0.80310994
Qiaozhu Chen,China PR Women's,0.081486603,0,2,-0.081486603
Quentin Boisgard,Lorient,0.009499904,0,1,-0.009499904
Quentin Cornette,Montpellier,0.200072282,0,4,-0.200072282
Quentin Merlin,Nantes,0.05837386,1,1,0.94162614
Quentin Othon,Troyes,0.096680358,1,3,0.903319642
Quincy Anton Promes,Netherlands,0.02601652,0,1,-0.02601652
Quincy Anton Promes,Sevilla,0.06017298,0,1,-0.06017298
Quinn Quinn,Canada Women's,0.058219943,0,1,-0.058219943
Quinn Quinn,Seattle Reign,0.24131471200000001,1,4,0.758685288
Quinton Fortune Kolobea,Manchester United,0.026043601,0,1,-0.026043601
Racheal Kundananji,Madrid CFF,6.224961041,8,47,1.7750389589999997
Racheal Kundananji,Zambia W,0.948236197,1,8,0.05176380300000005
Rachel Corsie,Aston Villa W,1.546090999,0,11,-1.546090999
Rachel Corsie,Birmingham City WFC,0.165880122,1,3,0.834119878
Rachel Corsie,Scotland W,0.11337353,0,2,-0.11337353
Rachel Corsie,Utah Royals,0.306032955,0,3,-0.306032955
Rachel Cuschieri,Sampdoria W,0.8156422130000001,0,15,-0.8156422130000001
Rachel Daly,Aston Villa W,8.377553613,8,67,-0.3775536129999999
Rachel Daly,England Women's,2.924307502,2,16,-0.924307502
Rachel Daly,Houston Dash,1.839192016,2,15,0.16080798400000007
Rachel Daly,West Ham United LFC,1.475318286,3,7,1.524681714
Rachel Furness,Bristol City WFC,0.230177392,1,7,0.769822608
Rachel Furness,Liverpool WFC,1.137586436,4,11,2.8624135639999997
Rachel Furness,Northern Ireland W,0.177749371,0,3,-0.177749371
Rachel Furness,Reading WFC,2.4009352964,1,33,-1.4009352964000001
Rachel Furness,Tottenham Hotspur Women,2.384319214,1,23,-1.384319214
Rachel Hill,Orlando Pride,0.47061329999999996,1,3,0.5293867000000001
Rachel Hill,San Diego Wave,1.071431849,0,9,-1.071431849
Rachel Mclauchlan,Yeovil Town LFC,0.215297263,0,4,-0.215297263
Rachel Rowe,Reading WFC,3.410174576,5,36,1.5898254239999998
Rachel Rowe,Wales W,0.097151457,0,2,-0.097151457
Rachel Williams,Birmingham City WFC,1.066275629,0,14,-1.066275629
Rachel Williams,Manchester United W,4.182314206,5,28,0.817685794
Rachel Williams,Tottenham Hotspur Women,0.844458238,0,12,-0.844458238
Rachid Aït-Atmane,Sporting Gijón,0.416405946,0,6,-0.416405946
Rachid Ghezzal,Lyon,5.1623159415,8,55,2.8376840585
Radamel Falcao García Zárate,Atlético Madrid,1.749674322,3,11,1.250325678
Radamel Falcao García Zárate,Chelsea,1.738937098,1,12,-0.7389370980000001
Radamel Falcao García Zárate,Colombia,1.7987058249999999,2,9,0.20129417500000013
Rade Krunić,Empoli,1.18461968,1,7,-0.18461967999999995
Radja Nainggolan,AS Roma,4.5177172645,6,66,1.4822827355000001
Radostin Kishishev,Charlton Athletic,0.018359035,0,1,-0.018359035
Radu Drăgușin,Romania,0.21967542,0,3,-0.21967542
Radu Nunweiller,Romania,0.0624027725,0,4,-0.0624027725
Rafael Alcântara do Nascimento,Barcelona,4.121789332,7,35,2.8782106680000004
Rafael Alcântara do Nascimento,Celta Vigo,0.229697448,0,4,-0.229697448
Rafael Alexandre Conceição Leão,Portugal,0.602879635,2,8,1.3971203650000001
Rafael Augusto Sóbis do Nascimento,Real Betis,0.043835253,1,1,0.956164747
Rafael Barber Rodríguez,Recreativo Huelva,0.5590088599999999,0,2,-0.5590088599999999
Rafael Dalmacio Zuviría Rodríguez,Barcelona,0.014601179,0,1,-0.014601179
Rafael García García,Rayo Vallecano,0.017534569,0,1,-0.017534569
Rafael López Gómez,Real Valladolid,0.026503358,0,1,-0.026503358
Rafael Mir Vicente,Huesca,2.188634617,1,6,-1.188634617
Rafael Márquez Álvarez,Barcelona,4.692629498,3,69,-1.6926294979999996
Rafael Márquez Álvarez,Hellas Verona,0.408698411,0,5,-0.408698411
Rafael Pereira da Silva,Lyon,1.066813452,1,12,-0.0668134520000001
Rafael Rogério da Silva,Toulouse,0.019001493,0,1,-0.019001493
Rafael Santos Borré Amaury,Colombia,0.42642453,0,1,-0.42642453
Rafael Santos Borré Amaury,Werder Bremen,0.08905095,0,1,-0.08905095
Rafael Tolói,Atalanta,0.689259077,1,10,0.310740923
Rafael Tolói,Italy,0.072428037,0,2,-0.072428037
Rafael van der Vaart,Real Betis,0.487223385,0,6,-0.487223385
Rafael van der Vaart,Real Madrid,0.135445216,0,3,-0.135445216
Rafaelle Leone Carvalho Souza,Brazil Women's,0.034044884,0,1,-0.034044884
Rafaelle Leone Carvalho Souza,Orlando Pride,0.683001702,1,8,0.316998298
Rafał Kurzawa,Poland,0.077165367,0,2,-0.077165367
Raffael Caetano de Araújo,Borussia Mönchengladbach,8.585264336,13,71,4.414735664
Raffaele Bianco,Carpi,1.118666877,1,19,-0.11866687699999989
Raffaele Maiello,Empoli,0.184051968,0,5,-0.184051968
Rafidine Abdullah,Lorient,0.242296586,1,6,0.757703414
Ragnar Klavan,Augsburg,1.0514363549999999,0,9,-1.0514363549999999
Rahamat Riga Mustapha,Levante UD,0.912487652,1,7,0.08751234799999996
Raheem Sterling,England,4.393476302,4,26,-0.39347630199999983
Raheem Sterling,Manchester City,7.541715808,6,51,-1.5417158080000002
Rahel Kiwic,Switzerland Women's,0.3229016,1,2,0.6770984
Rahim Ali,Chennaiyin,2.249438282,2,20,-0.24943828199999984
Rahul Bheke,Mumbai City,1.784222615,2,12,0.215777385
Rahul Kannoly Praveen,Kerala Blasters,0.177673258,1,4,0.822326742
Raiderlin Nazareth Carrasco Vargas,CD Sporting de Huelva,1.650571343,3,20,1.349428657
Rainer Bonhof,Germany,0.16043502199999998,0,2,-0.16043502199999998
Raissa Feudjio Tchuanyo,Cameroon W,0.079067874,0,4,-0.079067874
Raju Eknath Gaikwad,East Bengal,0.7755997299999999,0,2,-0.7755997299999999
Rakel Hönnudóttir,Reading WFC,0.19288425199999998,0,3,-0.19288425199999998
Ramin Rezaeian,Iran,0.471414873,1,3,0.5285851269999999
Ramires Santos do Nascimento,Chelsea,0.725643554,2,10,1.274356446
Ramiro Vaca Ponce,Bolivia,0.025036536,0,1,-0.025036536
Ramon Olamilekan Azeez,Almería,0.0250480385,0,2,-0.0250480385
Ramon Olamilekan Azeez,Granada,0.70102304,1,1,0.29897695999999996
Ramona Bachmann,Chelsea FCW,8.249993877,4,58,-4.249993877
Ramona Bachmann,Switzerland Women's,1.834905177,2,13,0.165094823
Ramona Maier,SGS Essen 19/68,6.586114209,6,51,-0.5861142089999998
Ramona Petzelberger,Aston Villa,1.6490045599999998,3,9,1.3509954400000002
Ramona Petzelberger,Tottenham Hotspur Women,0.17303785100000002,0,3,-0.17303785100000002
Ramy Bensebaini,Montpellier,0.612025234,2,11,1.3879747660000001
Ramón Antonio Mifflin Páez,Peru,0.053135719,0,3,-0.053135719
Ramón Sosa Acosta,Paraguay,0.1700796,1,3,0.8299204
Ramón Ángel Díaz,Argentina U20,0.425778764,1,5,0.5742212360000001
Ramón Ángel Díaz,River Plate,0.18356901,0,1,-0.18356901
Randal Kolo Muani,France,2.041262184,3,8,0.9587378160000002
Randal Kolo Muani,Nantes,1.68033739,2,6,0.31966260999999996
Rani Khedira,Union Berlin,0.027500197,0,1,-0.027500197
Ransford Königsdörffer,Ghana,0.83283087,0,3,-0.83283087
Raoul Cédric Loé,Osasuna,0.0962163955,1,3,0.9037836045000001
Raphael Dias Belloli,Brazil,1.235168359,1,16,-0.235168359
Raphael Martinho Alves de Lima,Carpi,0.6428944605,0,10,-0.6428944605
Raphaël Adelino José Guerreiro,Lorient,3.236698459,3,42,-0.23669845899999986
Raphaël Adelino José Guerreiro,Portugal,0.529592423,2,10,1.470407577
Raphaël Varane,France,0.915925909,1,9,0.08407409099999996
Raphaël Varane,Real Madrid,2.013991454,0,21,-2.013991454
Raquel Morcillo Aparicio,Villarreal,0.827717968,1,17,0.17228203200000003
Raquel Peña Rodríguez,Costa Adeje Tenerife,0.548129473,1,12,0.45187052699999997
Raquel Rodriguez,Costa Rica Women's,0.06404801,0,1,-0.06404801
Raquel Rodriguez,NJ/NY Gotham FC,0.659617728,0,6,-0.659617728
Raquel Rodriguez,Portland Thorns,1.246718226,1,9,-0.24671822600000004
Rasheedat Busayo Ajibade,Atletico Madrid W,7.7852887795,10,65,2.2147112205
Rasheedat Busayo Ajibade,Nigeria Women's,1.239369618,1,7,-0.239369618
Rasmus Winther Højlund,Denmark,1.3098976009999999,0,6,-1.3098976009999999
Rattikan Thongsombut,Thailand W,0.053963897000000004,0,2,-0.053963897000000004
Ray Kendry Páez Andrade,Ecuador,1.546082601,1,11,-0.546082601
Ray Parlour,Arsenal,0.816312742,0,20,-0.816312742
Rayan Aït Nouri,Algeria,0.081999588,0,3,-0.081999588
Rayan Ny Aina Arnaldo Raveloson,Auxerre,0.268531384,0,3,-0.268531384
Raymond Kopaszewski Wlodarczyck,France,0.07901359,0,1,-0.07901359
Raynier Fernandes,Mumbai City,0.952811348,0,9,-0.952811348
Raúl Albentosa Redal,Eibar,0.1547676,0,1,-0.1547676
Raúl Albentosa Redal,Málaga,1.810056536,2,17,0.18994346399999995
Raúl Albentosa Redal,RC Deportivo La Coruña,0.28222172,0,2,-0.28222172
Raúl Albiol i Tortajada,Napoli,1.008065682,1,9,-0.008065682000000018
Raúl Albiol i Tortajada,Villarreal,0.0539609,0,1,-0.0539609
Raúl Alonso Jiménez Rodríguez,Mexico,0.086871654,0,1,-0.086871654
Raúl García Escudero,Athletic Club,7.618067802,7,93,-0.6180678019999997
Raúl García Escudero,Atlético Madrid,0.568100059,1,16,0.43189994099999995
Raúl García Escudero,Osasuna,0.8326603109999999,1,10,0.16733968900000007
Raúl González Blanco,Real Madrid,0.599621223,2,8,1.400378777
Raúl Marcelo Bobadilla,Augsburg,6.150826907,4,61,-2.150826907
Raúl Rodríguez Navarro,Espanyol,0.26615307,0,1,-0.26615307
Raúl Rodríguez Navas,Eibar,0.017512755,0,1,-0.017512755
Raúl Rodríguez Navas,Real Sociedad,0.084701965,0,2,-0.084701965
Raúl Tamudo Montero,Espanyol,1.406266935,3,13,1.593733065
Raúl Tamudo Montero,Rayo Vallecano,0.9529795249999999,1,3,0.04702047500000006
Raúl Tamudo Montero,Real Sociedad,0.339834584,0,3,-0.339834584
Raúl de Tomás Gómez,Espanyol,0.066095731,0,2,-0.066095731
Raúl de Tomás Gómez,Rayo Vallecano,0.17407436799999998,1,4,0.825925632
Rebecca Elizabeth Sauerbrunn,Portland Thorns,0.151640017,0,2,-0.151640017
Rebecca Elizabeth Sauerbrunn,United States Women's,0.033908606,0,1,-0.033908606
Rebecca Elizabeth Sauerbrunn,Utah Royals,0.10629504,0,1,-0.10629504
Rebecca Holloway,Birmingham City WFC,0.149949728,0,5,-0.149949728
Rebecca Jane,Liverpool WFC,0.1622087455,0,4,-0.1622087455
Rebecca Jane,Reading WFC,0.164894748,0,2,-0.164894748
Rebecca Knaak,Germany Women's,0.80266947,1,2,0.19733053
Rebecca Moros,Utah Royals,0.01695102,0,1,-0.01695102
Rebecca Quinn,Canada Women's,0.08356841,0,1,-0.08356841
Rebecca Quinn,Washington Spirit,0.14014868,0,1,-0.14014868
Rebecka Blomqvist,Sweden Women's,1.723553194,3,6,1.276446806
Rebekah Ashley Stott,Brighton & Hove Albion WFC,0.32997983,0,2,-0.32997983
Rebekah Ashley Stott,New Zealand Women's,0.028126406,0,1,-0.028126406
Rebekka Salfelder,Nürnberg W,0.066814702,0,2,-0.066814702
Redeem Tlang,Goa,0.07935979,0,1,-0.07935979
Redeem Tlang,Odisha,0.695283539,1,7,0.30471646100000005
Reece James,England,0.08543174,0,1,-0.08543174
Reece Oxford,West Ham United,0.07387454,0,1,-0.07387454
Reena Wichmann,SV Werder Bremen,1.24987405,2,4,0.7501259499999999
Refiloe Jane,Sassuolo W,0.077894081,0,2,-0.077894081
Refiloe Jane,South Africa Women's,0.022184202,0,1,-0.022184202
Reinhard Lauck,German DR,0.2731999995,0,6,-0.2731999995
Reinildo Isnard Mandava,Mozambique,0.075872198,1,2,0.924127802
Remi Allen,Reading WFC,7.704041377,5,45,-2.7040413770000002
Remina Chiba,Eintracht Frankfurt W,1.419045125,2,9,0.580954875
Remina Chiba,Japan Women's,0.232803337,0,2,-0.232803337
Remo Freuler,Atalanta,0.6238480200000001,1,5,0.37615197999999994
Remo Freuler,Switzerland,0.9192761700000001,2,6,1.08072383
Renaldo Showayne Cephas,Jamaica,0.406613158,0,3,-0.406613158
Renan Augusto Lodi dos Santos,Atlético Madrid,0.018419454,0,1,-0.018419454
Renato Civelli,Lille,1.9709757030000001,0,17,-1.9709757030000001
Renato Dirnei Florencio,Sevilla,0.131684895,0,3,-0.131684895
Renato Fabrizio Tapia Cortijo,Peru,0.014759716,0,1,-0.014759716
Renato Júnior Luz Sanches,Lille,0.0953758,0,1,-0.0953758
Renato Júnior Luz Sanches,Paris Saint-Germain,1.706900922,2,14,0.293099078
Renato Júnior Luz Sanches,Portugal,0.068510371,0,4,-0.068510371
Renato Soares de Oliveira Augusto,Brazil,0.39588573,1,3,0.60411427
Renaud Cohade,Saint-Étienne,0.414409946,0,11,-0.414409946
Renaud Ripart,Troyes,0.143372603,0,2,-0.143372603
Rene Krhin,Granada,0.4824720955,0,8,-0.4824720955
René Salomon Olembé-Olembé,Leeds United,0.027206028,0,1,-0.027206028
René van de Kerkhof,Netherlands,0.46242647000000003,0,3,-0.46242647000000003
Rey Manaj,Albania,0.309081335,0,2,-0.309081335
Rey Manaj,Inter Milan,0.22142395,0,2,-0.22142395
Reyna Rene Reyes Stubblefield,Portland Thorns,0.26316212699999997,1,3,0.736837873
Reynald Lemaître,Guingamp,0.11343479,0,1,-0.11343479
Rhiannon Roberts,Liverpool WFC,0.988199442,0,18,-0.988199442
Rhiannon Roberts,Real Betis Balompié,2.019687565,2,16,-0.019687564999999907
Rhoda Mulaudzi,South Africa Women's,0.07897789799999999,0,2,-0.07897789799999999
Rhu-endly Martina,Southampton,0.13864607499999998,1,3,0.861353925
Ria Percival,New Zealand Women's,0.957904571,0,8,-0.957904571
Ria Percival,Tottenham Hotspur Women,2.335576881,1,28,-1.3355768810000002
Ria Percival,West Ham United LFC,0.11540039399999999,0,5,-0.11540039399999999
Ria Öling,WNT Finland,0.461265471,0,6,-0.461265471
Riaan Hanamub,Namibia,0.071619187,0,2,-0.071619187
Rianna Dean,Tottenham Hotspur Women,8.399322647,4,38,-4.399322647
Rianna Jarrett,Brighton & Hove Albion WFC,1.014951036,2,13,0.985048964
Ricard Puig Martí,Barcelona,0.674604358,0,10,-0.674604358
Ricarda Walkling,SV Werder Bremen,0.575819168,0,7,-0.575819168
Ricardo Alberto Silveira de Carvalho,AS Monaco,0.565906492,2,8,1.4340935080000001
Ricardo Andrade Quaresma Bernardo,Portugal,0.29705781600000003,1,5,0.702942184
Ricardo Daniel Pepi,United States,2.120423173,0,7,-2.120423173
Ricardo Domingos Barbosa Pereira,OGC Nice,0.25794918,0,4,-0.25794918
Ricardo Gabriel Álvarez,Sampdoria,0.9070458020000001,1,15,0.09295419799999993
Ricardo Guardia Avila,Panama,0.013070213,0,1,-0.013070213
Ricardo Iván Rodríguez Araya,Switzerland,1.018941469,0,12,-1.018941469
Ricardo Iván Rodríguez Araya,Wolfsburg,2.0819555555,2,26,-0.0819555555
Ricardo Izecson dos Santos Leite,AC Milan,1.630423704,1,6,-0.630423704
Ricardo Izecson dos Santos Leite,Real Madrid,0.099294886,0,3,-0.099294886
Ricardo Jorge Luz Horta,Málaga,1.672358703,0,22,-1.672358703
Ricardo Jorge Luz Horta,Portugal,0.47105462,1,3,0.52894538
Ricardo Kishna,Lazio,1.08446363,2,9,0.9155363700000001
Ricardo Martins Guimarães,Mozambique,0.031841937,0,1,-0.031841937
Ricardo Miguel Moreira da Costa,Granada,0.795593001,1,9,0.20440699900000003
Ricardo Miguel Moreira da Costa,Valencia,0.164422407,0,3,-0.164422407
Ricardo Omar Giusti,Argentina,0.09030186,0,1,-0.09030186
Ricardo Pérez de Zabalza Goytre,Real Murcia CF,0.040273156,0,1,-0.040273156
Ricardo Roberto Barreto da Rocha,Brazil,0.05995652,0,1,-0.05995652
Ricardo Rogério de Brito,Brazil,0.082284462,0,4,-0.082284462
Ricardo Rogério de Brito,Napoli,0.316927468,0,6,-0.316927468
Ricardo Wayne Gardner,Bolton Wanderers,0.081210908,0,2,-0.081210908
Ricardo de Oliveira,Real Betis,0.183523688,0,2,-0.183523688
Ricardo de Oliveira,Real Zaragoza,0.4981903975,1,6,0.5018096025000001
Riccardo Calafiori,Italy,0.382336328,0,3,-0.382336328
Riccardo Gagliolo,Carpi,1.1553894094000001,1,15,-0.15538940940000012
Riccardo Meggiorini,Chievo,2.700969358,5,39,2.299030642
Riccardo Montolivo,AC Milan,0.864153556,0,30,-0.864153556
Riccardo Saponara,Empoli,6.467587665,5,73,-1.467587665
Richard Dunne,Manchester City,0.032086767,0,1,-0.032086767
Richard Hughes,Portsmouth,0.043023815,0,2,-0.043023815
Richard Rios Montoya,Colombia,0.316273634,1,8,0.6837263659999999
Richarlison de Andrade,Brazil,1.404637238,3,8,1.595362762
Richie Laryea,Canada,0.306914067,0,6,-0.306914067
Rickie Lambert,West Bromwich Albion,2.050258163,1,14,-1.050258163
Ricky Lallawmawma,Jamshedpur,0.07320394050000001,0,5,-0.07320394050000001
Ricky van Wolfswinkel,Real Betis,2.511885848,1,15,-1.511885848
Ridle Bote Baku,Wolfsburg,0.13714240700000002,0,2,-0.13714240700000002
Rieke Dieckmann,SV Werder Bremen,0.724635082,2,8,1.275364918
Rifat Zhemaletdinov,Russia,0.24309705999999998,0,2,-0.24309705999999998
Rikke Dybdahl,CD Sporting de Huelva,0.26991149000000003,0,2,-0.26991149000000003
Rikke Læntver Sevecke,Denmark Women's,0.17153145,0,1,-0.17153145
Rikke Læntver Sevecke,Everton LFC,0.834239299,0,8,-0.834239299
Rikke Marie Madsen,Denmark Women's,0.706254593,0,6,-0.706254593
Rikke Marie Madsen,Everton LFC,0.468641507,0,3,-0.468641507
Rikke Marie Madsen,North Carolina Courage,0.5462594000000001,1,4,0.45374059999999994
Riko Ueki,Japan Women's,2.477746457,2,11,-0.47774645699999985
Riko Ueki,West Ham United LFC,7.001531563,6,64,-1.0015315630000003
Riley McGree,Australia,0.0631860005,0,3,-0.0631860005
Riley Tanner Rintala,Panama Women's,0.28983852,0,3,-0.28983852
Rimantė Jonušaitė,AC Milan W,0.18768327,0,1,-0.18768327
Rinsola Babajide,Liverpool WFC,4.226637724,5,46,0.7733622760000003
Rinsola Omowunmiajike Babajide,Costa Adeje Tenerife,2.947853728,3,46,0.05214627199999988
Rinsola Omowunmiajike Babajide,Liverpool WFC,0.012650231,0,1,-0.012650231
Rio Antonio Zoba Mavuba,Lille,0.41583332149999996,0,11,-0.41583332149999996
Riola Xhemaili,Switzerland Women's,0.6747326,1,4,0.3252674
Riola Xhemaili,VfL Wolfsburg WFC,0.73483743,1,6,0.26516257
Risa Shimizu,Japan Women's,0.737540172,1,7,0.262459828
Risa Shimizu,West Ham United LFC,0.428078644,1,4,0.571921356
Rita Chikwelu,Nigeria Women's,0.18929851,0,1,-0.18929851
Ritchie De Laet,Leicester City,0.205562746,1,2,0.794437254
Ritsu Doan,Freiburg,0.084770545,1,1,0.915229455
Ritsu Doan,Japan,0.53680968,2,4,1.46319032
Ritwik Kumar Das,Jamshedpur,2.795596779,4,21,1.2044032210000002
Riyad Mahrez,Algeria,0.04265795,0,1,-0.04265795
Riyad Mahrez,Leicester City,11.834651648,17,87,5.1653483520000005
Riza Durmisi,Real Betis,0.084668404,0,2,-0.084668404
Rob Rensenbrink,Netherlands,0.603524222,1,7,0.396475778
Robbie Fowler,Manchester City,0.09982912,0,2,-0.09982912
Robbie Keane,Tottenham Hotspur,0.76046705,1,1,0.23953294999999997
Robbie Kruse,Australia,0.28720132,0,1,-0.28720132
Robbie Kruse,Bayer Leverkusen,0.371081039,0,5,-0.371081039
Robbie Kruse,VfB Stuttgart,0.08671979799999999,0,2,-0.08671979799999999
Robbie Robinson Belmar,Inter Miami,0.53438073,0,1,-0.53438073
Robbie Savage,Birmingham City,0.05383213,0,1,-0.05383213
Robert Acquafresca,Bologna,0.181214017,0,3,-0.181214017
Robert Alfred ''Bobby' Smith,NY Cosmos,0.22286996,0,1,-0.22286996
Robert Andrich,Bayer Leverkusen,1.962285556,4,23,2.0377144439999997
Robert Andrich,Germany,0.37348011000000003,0,7,-0.37348011000000003
Robert Bauer,Ingolstadt,0.08409275699999999,1,5,0.915907243
Robert Berič,Saint-Étienne,2.948600704,3,16,0.05139929600000004
Robert Brady,Norwich City,2.8992246919999998,3,54,0.10077530800000023
Robert Gucher,Frosinone,0.48479031029999997,0,21,-0.48479031029999997
Robert Huth,Leicester City,3.580428575,3,30,-0.580428575
Robert Ibáñez Castro,Granada,0.71478252,0,12,-0.71478252
Robert Kenedy Nunes do Nascimento,Chelsea,0.407138165,1,13,0.592861835
Robert Kenedy Nunes do Nascimento,Granada,0.022604987,0,1,-0.022604987
Robert Lewandowski,Bayern Munich,23.481105479,30,149,6.518894521
Robert Lewandowski,Borussia Dortmund,0.22799413200000002,0,3,-0.22799413200000002
Robert Lewandowski,Poland,6.750563283,6,38,-0.750563283
Robert Pirès,Arsenal,6.62391527,14,56,7.37608473
Robert Pirès,Villarreal,0.297817674,1,4,0.702182326
Robert Skov,Hoffenheim,0.143999677,0,2,-0.143999677
Robert Taylor,Inter Miami,0.37332525299999997,2,5,1.626674747
Roberto Bettega,Juventus,0.49619872400000004,0,5,-0.49619872400000004
Roberto Boninsegna,Inter Milan,0.03546857,0,1,-0.03546857
Roberto Boninsegna,Italy,0.146110552,1,3,0.853889448
Roberto Carlos Fernández Toro,Bolivia,0.017191438,0,1,-0.017191438
Roberto Carlos Montserrat,River Plate,0.044941854,0,1,-0.044941854
Roberto Carlos da Silva,Real Madrid,0.0330545,0,1,-0.0330545
Roberto Chale Olarte,Peru,0.063351138,0,3,-0.063351138
Roberto Crivello,Frosinone,0.179491582,0,3,-0.179491582
Roberto Firmino Barbosa de Oliveira,Brazil,1.8058869480000002,1,6,-0.8058869480000002
Roberto Firmino Barbosa de Oliveira,Liverpool,6.242088718,10,68,3.7579112820000002
Roberto Gagliardini,Atalanta,0.119326752,0,2,-0.119326752
Roberto Galia,Juventus W,0.12327426699999999,0,3,-0.12327426699999999
Roberto Hilbert,Bayer Leverkusen,0.17005113900000002,0,4,-0.17005113900000002
Roberto Inglese,Chievo,3.4974005745,3,35,-0.49740057449999986
Roberto José Rosales Altuve,Málaga,1.00370941,0,21,-1.00370941
Roberto Lago Soto,Celta Vigo,0.05833396,0,1,-0.05833396
Roberto Lago Soto,Getafe,0.117089454,0,4,-0.117089454
Roberto Lopes,Cape Verde Islands,0.07511379,0,1,-0.07511379
Roberto Lopes de Miranda,Brazil,0.065660522,0,2,-0.065660522
Roberto Luis Gaspar de Deus Severo,Recreativo Huelva,0.21653967,0,4,-0.21653967
Roberto Martínez Rípodas,Athletic Club,0.017205665,0,1,-0.017205665
Roberto Maximiliano Pereyra,Juventus,0.711940779,0,10,-0.711940779
Roberto Perfumo,Argentina,0.06736811,0,1,-0.06736811
Roberto Rivelino,Brazil,2.064450876,3,33,0.935549124
Roberto Román Triguero,Rayo Vallecano,0.5336684549999999,1,13,0.46633154500000007
Roberto Soldado Rillo,Getafe,1.963474614,1,11,-0.9634746139999999
Roberto Soldado Rillo,Granada,0.04894014,0,1,-0.04894014
Roberto Soldado Rillo,Osasuna,0.09829143,0,1,-0.09829143
Roberto Soldado Rillo,Valencia,1.648434141,0,10,-1.648434141
Roberto Soldado Rillo,Villarreal,4.45497474,5,42,0.5450252600000001
Roberto Soriano,Sampdoria,4.6982547505,8,54,3.3017452494999997
Roberto Soriano,Villarreal,0.549317587,0,6,-0.549317587
Roberto Suárez Pier,Levante UD,0.038302034,0,1,-0.038302034
Roberto Suárez Pier,RC Deportivo La Coruña,0.48746857,0,1,-0.48746857
Roberto Torres Morales,Osasuna,0.9535379150000001,2,9,1.046462085
Roberto Trashorras Gayoso,Rayo Vallecano,4.555919724,3,44,-1.5559197239999998
Roberto Tricella,Juventus W,0.13706198,0,1,-0.13706198
Roberto Vitiello,Palermo,0.168845234,0,2,-0.168845234
Robin Aime Robert Le Normand,Spain,0.32523981999999996,0,3,-0.32523981999999996
Robin Gosens,Germany,1.11253467,1,6,-0.11253467000000006
Robin Gosens,Union Berlin,0.06398667,0,1,-0.06398667
Robin Hack,Borussia Mönchengladbach,0.17755048,0,1,-0.17755048
Robin Hranáč,Czech Republic,0.41727294000000004,0,2,-0.41727294000000004
Robin Knoche,Wolfsburg,0.653187707,1,3,0.34681229300000005
Robin Lod,Finland,0.18622138800000002,0,2,-0.18622138800000002
Robin Maulun,Bordeaux,0.016671292,0,1,-0.016671292
Robin Quaison,Palermo,1.754612822,1,20,-0.7546128219999999
Robin Quaison,Sweden,0.10185667,0,1,-0.10185667
Robyn Kimberly Moodaly,South Africa Women's,0.028367925,0,1,-0.028367925
Rochharzela Rochharzela,NorthEast United,0.774894318,1,9,0.22510568200000003
Rocío García Fernández,Villarreal,0.27403886299999997,0,4,-0.27403886299999997
Rocío Gálvez Luna,Real Madrid CF W,1.220579199,1,15,-0.2205791989999999
Roderic Filippi,Gazélec Ajaccio,1.02762973,2,15,0.9723702700000001
Roderick Alonso Miller Molina,Panama,0.19889891799999998,0,3,-0.19889891799999998
Rodolfo Bodipo Díaz,Deportivo Alavés,0.5947716,0,1,-0.5947716
Rodolfo Martín Arruabarrena,Boca Juniors,0.1591005,0,1,-0.1591005
Rodrigo Andrés Battaglia,Deportivo Alavés,0.047479134,0,1,-0.047479134
Rodrigo Bentancur Colmán,Uruguay,2.654668849,4,10,1.345331151
Rodrigo Eduardo Echeverría Sáez,Chile,0.290848339,0,4,-0.290848339
Rodrigo Ely,AC Milan,0.13541107000000002,0,2,-0.13541107000000002
Rodrigo Ely,Deportivo Alavés,0.03234172,0,1,-0.03234172
Rodrigo Hernández Cascante,Atlético Madrid,0.13847452,0,1,-0.13847452
Rodrigo Hernández Cascante,Spain,1.2646927639999999,1,10,-0.26469276399999986
Rodrigo Hernández Cascante,Villarreal,0.437051927,0,7,-0.437051927
Rodrigo Javier De Paul,Argentina,0.737391214,0,11,-0.737391214
Rodrigo Javier De Paul,Valencia,0.823348026,0,10,-0.823348026
Rodrigo Moreno Machado,Spain,0.35570391,0,4,-0.35570391
Rodrigo Moreno Machado,Valencia,6.683833326999999,4,53,-2.6838333269999994
Rodrigo Ríos Lozano,Almería,0.058339284,0,2,-0.058339284
Rodrigo Sebastián Aguirre Soto,Udinese,1.33097045,0,9,-1.33097045
Rodrigo Sebastián Palacio,Inter Milan,3.199400038,2,17,-1.1994000379999998
Rodrigue Casimir Ninga,Montpellier,5.102378251,7,43,1.8976217489999998
Rodrygo Silva de Goes,Brazil,2.431054062,0,17,-2.431054062
Roel Brouwers,Borussia Mönchengladbach,0.056049388,0,1,-0.056049388
Rogelio Gabriel Funes Mori,Mexico,0.052168235,0,1,-0.052168235
Roger Claver Assalé Djapone,Leganés,0.032319866,0,1,-0.032319866
Roger García Junyent,Villarreal,0.036966037,0,1,-0.036966037
Roger Martí Salvador,Levante UD,2.310380786,0,23,-2.310380786
Roger Piantoni,France,0.238191365,1,6,0.761808635
Roger de Oliveira Bernardo,Ingolstadt,0.686917041,1,16,0.31308295900000005
Rohit Danu,Hyderabad,1.889516976,2,15,0.1104830240000001
Rohit Kumar,Bengaluru,0.11959869199999999,0,2,-0.11959869199999999
Roland Conde Lamah,Osasuna,0.387470832,0,4,-0.387470832
Roland Sallai,Freiburg,0.081818394,0,1,-0.081818394
Roland Sallai,Hungary,1.204807049,0,16,-1.204807049
Roland Sandberg,Sweden,0.28288542,0,2,-0.28288542
Rolando Aarons,Newcastle United,0.24894492000000001,1,2,0.75105508
Rolando Jorge Pires da Fonseca,Olympique de Marseille,0.7136126,1,7,0.28638739999999996
Romain Alessandrini,Marseille,1.757813329,1,22,-0.757813329
Romain Alessandrini,Olympique de Marseille,2.272428907,4,36,1.727571093
Romain Brégerie,Ingolstadt,1.492063263,0,15,-1.492063263
Romain Danzé,Rennes,0.928284024,0,6,-0.928284024
Romain Del Castillo,Lyon,0.1122514,0,1,-0.1122514
Romain Del Castillo,Stade Brestois,0.054199412,0,1,-0.054199412
Romain Faivre,Lorient,0.146076275,0,2,-0.146076275
Romain Genevois,OGC Nice,0.7438419,1,1,0.25615810000000006
Romain Hamouma,Saint-Étienne,3.246808113,3,38,-0.24680811300000016
Romain Philippoteaux,Lorient,0.714278718,0,14,-0.714278718
Romain Saïss,Angers,1.862838012,2,26,0.1371619879999999
Romain Saïss,Morocco,1.0817328700000002,2,3,0.9182671299999998
Romain Thomas,Angers,1.411917332,2,13,0.588082668
Roman Neustädter,Schalke 04,0.7474519510000001,0,11,-0.7474519510000001
Roman Yaremchuk,Ukraine,1.285705669,3,17,1.714294331
Roman Zobnin,Russia,0.39640001999999996,0,10,-0.39640001999999996
Romano Schmid,Austria,0.08080569,1,1,0.91919431
Romano Schmid,Werder Bremen,0.039297655,0,1,-0.039297655
Romario Andrés Ibarra Mina,Ecuador,0.11349799299999999,0,2,-0.11349799299999999
Romelu Lukaku Menama,Belgium,8.900346434,8,43,-0.9003464339999994
Romelu Lukaku Menama,Everton,18.027666315,18,116,-0.027666315000001163
Romina Stefania Núñez,Argentina Women's,0.286814168,1,2,0.713185832
Romina Stefania Núñez,Real Betis Balompié,0.343330617,0,9,-0.343330617
Rominigue Kouamé N''Guessan,Troyes,0.04265795,0,1,-0.04265795
Román Aureliano Torres Morcillo,Panama,0.83065716,0,4,-0.83065716
Román Fernando Martínez,Tenerife,0.18305194,1,1,0.81694806
Romée Leuchter,Netherlands Women's,0.48809327,2,2,1.51190673
Ronald Federico Araújo da Silva,Barcelona,1.484942645,2,11,0.5150573549999999
Ronald Federico Araújo da Silva,Uruguay,0.10052466500000001,0,3,-0.10052466500000001
Ronaldo Aparecido Rodrigues,Wolfsburg,2.5373956195,0,50,-2.5373956195
Ronaldo Luíz Nazário de Lima,Real Madrid,0.028468948,0,1,-0.028468948
Ronaldo Pompeu da Silva,Empoli,0.1304682854,0,6,-0.1304682854
Ronaldo de Assis Moreira,Barcelona,29.2558691245,33,220,3.7441308755000016
Ronny Heberson Furtado de Araújo,Hertha Berlin,0.058598088,0,2,-0.058598088
Ronny Rodelin,Caen,1.0264520209999999,2,13,0.9735479790000001
Ronny Rodelin,Lille,0.131349187,0,5,-0.131349187
Ronny Rodelin,Stade Malherbe Caen,4.4711826285,8,58,3.5288173714999997
Roozbeh Cheshmi,Iran,0.11599108999999999,1,2,0.88400891
Roque Luis Santa Cruz Cantero,Málaga,0.941964633,2,6,1.058035367
Roque Luis Santa Cruz Cantero,Real Betis,0.063899204,1,1,0.936100796
Roque Mesa Quevedo,Las Palmas,1.607610837,1,34,-0.607610837
Roque Mesa Quevedo,Leganés,0.052426212,0,2,-0.052426212
Roque Mesa Quevedo,Real Valladolid,0.351249795,0,4,-0.351249795
Roque Mesa Quevedo,Sevilla,0.14667238,0,1,-0.14667238
Rory Delap,Southampton,0.183752621,0,3,-0.183752621
Rosa Márquez Baena,Real Betis Balompié,3.962383714,3,36,-0.962383714
Rosa Otermin Abella,Sevilla FC,1.199638322,1,14,-0.19963832199999998
Rosario Francisca María Balmaceda Holley,Chile Women's,0.017543493,0,1,-0.017543493
Roseline Éloissaint,Haiti Women's,0.201888218,0,3,-0.201888218
Rosella Ayane,Bristol City WFC,0.8290444020000001,1,14,0.17095559799999993
Rosella Ayane,Morocco Women's,0.12960726,0,1,-0.12960726
Rosella Ayane,Tottenham Hotspur Women,3.9184043015,1,48,-2.9184043015
Roselord Borgella,Haiti Women's,0.237135111,0,4,-0.237135111
Rosemary Kathleen Lavelle,Manchester City WFC,3.073288685,1,20,-2.073288685
Rosemary Kathleen Lavelle,Seattle Reign,0.960198739,1,12,0.03980126100000003
Rosemary Kathleen Lavelle,United States Women's,1.388415414,3,17,1.611584586
Rosemary Kathleen Lavelle,Washington Spirit,0.060640218,0,2,-0.060640218
Rosie Kmita,West Ham United LFC,0.838841991,1,6,0.161158009
Rosie White,Chicago Red Stars,0.24083237500000002,0,3,-0.24083237500000002
Rosie White,New Zealand Women's,0.20275019449999998,0,3,-0.20275019449999998
Rosinei Adolfo,Real Murcia CF,0.0383587975,0,2,-0.0383587975
Ross Barkley,Everton,8.573074212,8,95,-0.5730742119999999
Ross Barkley,OGC Nice,0.029263597,0,1,-0.029263597
Rowllin Borges,Mumbai City,0.163810694,0,2,-0.163810694
Roy Beerens,Hertha Berlin,0.025141733,0,1,-0.025141733
Roy Keane,Manchester United,0.35914609,0,6,-0.35914609
Roy Krishna,ATK Mohun Bagan,3.065583845,4,20,0.9344161550000001
Roy Krishna,Mohun Bagan Super Giant,3.253287006,3,17,-0.25328700599999987
Royston Ricky Drenthe,Real Madrid,0.040949177,0,1,-0.040949177
Ruben Loftus-Cheek,Chelsea,2.028513583,1,14,-1.028513583
Ruben Loftus-Cheek,England,0.269309527,0,3,-0.269309527
Ruben Vargas,Augsburg,0.012769871,0,1,-0.012769871
Ruben Vargas,Switzerland,2.514688554,2,11,-0.5146885540000001
Rubin Colwill,Wales,0.03420963,0,1,-0.03420963
Ruby Grant,West Ham United LFC,0.304234579,0,2,-0.304234579
Ruby Mace,Birmingham City WFC,1.230767668,2,6,0.7692323320000001
Ruby Mace,Manchester City WFC,0.20374231,0,2,-0.20374231
Rubén Alcaraz Jiménez,Real Valladolid,0.181285602,0,6,-0.181285602
Rubén Castro Martín,Real Betis,19.1423414732,26,122,6.857658526800002
Rubén Duarte Sánchez,Deportivo Alavés,0.20572265,0,3,-0.20572265
Rubén Duarte Sánchez,Espanyol,0.720727004,0,10,-0.720727004
Rubén García Santos,Levante UD,0.668897264,1,17,0.33110273599999995
Rubén García Santos,Osasuna,0.2426014535,0,2,-0.2426014535
Rubén González Rocha,Racing Santander,0.199568026,0,2,-0.199568026
Rubén Gracia Calmache,RC Deportivo La Coruña,0.430798331,0,10,-0.430798331
Rubén Gracia Calmache,Real Zaragoza,0.019526528,0,1,-0.019526528
Rubén Gracia Calmache,Villarreal,0.399627968,2,6,1.600372032
Rubén Hugo Ayala,Argentina,0.030045392,0,1,-0.030045392
Rubén Pardo Gutiérrez,Real Sociedad,2.347720376,0,40,-2.347720376
Rubén Peña Jiménez,Eibar,0.545118547,0,3,-0.545118547
Rubén Rochina Naixes,Granada,3.6324779585,6,79,2.3675220415
Rubén Rochina Naixes,Levante UD,0.38106567,1,7,0.61893433
Rubén Rochina Naixes,Rayo Vallecano,0.073326167,0,3,-0.073326167
Rubén Salvador Pérez Del Mármol,Elche,0.053715347999999996,0,2,-0.053715347999999996
Rubén Salvador Pérez Del Mármol,Getafe,0.039996292,0,2,-0.039996292
Rubén Salvador Pérez Del Mármol,Granada,0.7036331515,0,17,-0.7036331515
Rubén Salvador Pérez Del Mármol,Leganés,0.050975302,0,3,-0.050975302
Rubén Salvador Pérez Del Mármol,RC Deportivo La Coruña,0.018761465,0,1,-0.018761465
Rubén Salvador Pérez Del Mármol,Real Betis,0.03088438,1,2,0.96911562
Rubén Sobrino Pozuelo,Cádiz,0.451684872,0,2,-0.451684872
Rubén Sobrino Pozuelo,Deportivo Alavés,0.365378148,0,5,-0.365378148
Rubén Suárez Estrada,Levante UD,0.05150518,0,1,-0.05150518
Rudi Völler,Germany,0.7619725749999999,1,4,0.23802742500000007
Rudy Gestede,Aston Villa,5.597000951,5,63,-0.5970009510000001
Ruesha Littlejohn,Birmingham City WFC,1.059897468,0,9,-1.059897468
Rui Manuel César Costa,Fiorentina,0.243933,0,2,-0.243933
Rui Pedro dos Santos Patrício,Portugal,0.044307828,0,1,-0.044307828
Rui Zhang,China PR Women's,0.394762017,0,8,-0.394762017
Rumi Utsugi,OL Reign,0.163674512,1,6,0.836325488
Ruslan Malinovskiy,Ukraine,1.785335409,0,12,-1.785335409
Russell Martin,Norwich City,2.054110376,3,19,0.9458896239999999
Ruth Álvarez Bela,Madrid CFF,0.5235022395,0,8,-0.5235022395
Ruud Krol,Ajax,0.057811126000000004,0,2,-0.057811126000000004
Ruud Krol,Netherlands,0.229983613,1,8,0.770016387
Ruud van Nistelrooy,Manchester United,1.257128708,0,5,-1.257128708
Ruud van Nistelrooy,Málaga,0.66310431,0,3,-0.66310431
Ruud van Nistelrooy,Real Madrid,3.345054645,4,14,0.6549453550000002
Ryad Boudebouz,Montpellier,3.187014147,2,54,-1.1870141470000002
Ryad Boudebouz,Real Betis,0.022670262,0,1,-0.022670262
Ryad Boudebouz,Saint-Étienne,0.0739471,0,2,-0.0739471
Ryan Bennett,Norwich City,0.928823091,0,9,-0.928823091
Ryan Bertrand,Southampton,1.433594356,1,13,-0.43359435599999996
Ryan Fraser,Scotland,0.11751447699999999,0,3,-0.11751447699999999
Ryan Gareis,Houston Dash,0.302417343,0,5,-0.302417343
Ryan Giggs,Manchester United,0.5211230695,0,6,-0.5211230695
Ryan Gravenberch,Netherlands,0.073137064,0,2,-0.073137064
Ryan Hollingshead,LAFC,0.11676895000000001,1,3,0.88323105
Ryan Isaac Mendes da Graça,Cape Verde Islands,1.438899783,2,6,0.5611002169999999
Ryan Isaac Mendes da Graça,Lille,0.026182761,0,1,-0.026182761
Ryan Mason,Tottenham Hotspur,1.982158061,1,19,-0.982158061
Ryan Shawcross,Stoke City,0.912323885,0,8,-0.912323885
Ryan Williams,North Carolina Courage,0.19082862,0,2,-0.19082862
Ryder Matos Santos,Carpi,4.0046367015,2,31,-2.0046367015
Ryder Matos Santos,Udinese,0.434509565,0,3,-0.434509565
Rémi Gomis,Nantes,0.406348651,0,5,-0.406348651
Rémi Mulumba,Lorient,0.320329152,0,4,-0.320329152
Rémi Oudin,Bordeaux,0.093137957,0,4,-0.093137957
Rémi Walter,OGC Nice,0.686056087,0,12,-0.686056087
Rémy Cabella,Lille,0.430880234,0,2,-0.430880234
Rémy Cabella,Marseille,1.1896450760000001,1,13,-0.18964507600000013
Rémy Cabella,Olympique de Marseille,3.3149913939999998,4,36,0.6850086060000002
Róbert Boženík,Slovakia,0.144735429,0,3,-0.144735429
Róbert Mak,Slovakia,0.14076689,0,1,-0.14076689
Róbert Mazáň,Celta Vigo,0.01758409,0,1,-0.01758409
Róbson de Souza,Real Madrid,0.221837022,0,5,-0.221837022
Rômulo Souza Orestes Caldeira,Hellas Verona,0.851558727,0,11,-0.851558727
Rúben Diogo Da Silva Neves,Portugal,0.10864336299999999,0,4,-0.10864336299999999
Rúben Micael Freitas da Ressurreição,Real Zaragoza,0.055587362,0,1,-0.055587362
Rúben Miguel Nunes Vezo,Valencia,0.18432078000000002,0,4,-0.18432078000000002
Rúben Santos Gato Alves Dias,Portugal,0.24869814899999998,0,4,-0.24869814899999998
Rúrik Gíslason,Iceland,0.031669427,0,1,-0.031669427
Rüdiger Schnuphase,German DR,0.017512755,0,1,-0.017512755
Răzvan Dincă Raț,Rayo Vallecano,0.225778711,0,8,-0.225778711
Răzvan Gabriel Marin,Romania,0.8962896000000001,2,6,1.1037103999999998
Saara Katariina Kosola,WNT Finland,0.470588443,1,9,0.529411557
Saba Lobzhanidze,Georgia,0.23191668,0,1,-0.23191668
Sabin Merino Zuloaga,Athletic Club,3.414831913,5,29,1.585168087
Sacha Boey,Bayern Munich,0.36088833,0,1,-0.36088833
Sada Thioub,Angers,0.36244076000000003,1,2,0.63755924
Sadio Mané,Liverpool,0.8892143849999999,1,3,0.11078561500000006
Sadio Mané,Senegal,2.324894299,3,10,0.6751057010000001
Sadio Mané,Southampton,12.190605181,11,86,-1.1906051810000005
Saeid Ezatolahi Afagh,Iran,0.14600601700000002,0,4,-0.14600601700000002
Sael Kumbedi Nseke,Lyon,0.018967036,0,1,-0.018967036
Sahal Abdul Samad,Kerala Blasters,3.643702425,6,24,2.356297575
Sahil Panwar,Odisha,0.310074245,0,3,-0.310074245
Sahil Tavora,Hyderabad,0.24572616,1,7,0.75427384
Sahil Tavora,SC Delhi,0.055979017,0,1,-0.055979017
Saido Berahino,West Bromwich Albion,6.131489743,4,36,-2.1314897430000004
Saki Kumagai,AS Roma W,4.573062103,5,28,0.4269378970000002
Saki Kumagai,Japan Women's,0.57622368,0,3,-0.57622368
Sakina Karchaoui,France Women's,2.684698422,3,12,0.31530157800000014
Sakina Ouzraoui Diki,Morocco Women's,0.062382694,0,1,-0.062382694
Saleh Khalid Al Shehri,Saudi Arabia,0.246716218,1,3,0.753283782
Salem Mohammed Al Dawsari,Saudi Arabia,1.8056524,3,14,1.1943476
Salif Alassane Diao,Liverpool,0.14310518,0,1,-0.14310518
Salif Sané,Hannover 96,1.842135482,2,36,0.157864518
Salif Sané,Senegal,0.301116563,0,4,-0.301116563
Salih Uçan,AS Roma,0.12318043,0,1,-0.12318043
Salih Özcan,Turkey,0.038857285,0,1,-0.038857285
Salis Abdul Samed,Ghana,0.0265783,0,1,-0.0265783
Salis Abdul Samed,Lens,0.13637827,0,1,-0.13637827
Salma Amani,Morocco Women's,0.187161152,0,2,-0.187161152
Salma Paralluelo Ayingono,Barcelona WFC,8.98020169,20,60,11.01979831
Salma Paralluelo Ayingono,Spain Women's,2.8020102319999998,2,27,-0.8020102319999998
Salman Mohammed Al Faraj,Saudi Arabia,0.9068419699999999,1,3,0.09315803000000011
Salomon Armand Magloire Kalou,Chelsea,0.049786408,0,1,-0.049786408
Salomon Armand Magloire Kalou,Hertha Berlin,8.838968272999999,14,55,5.161031727000001
Salomon Junior Sambia,Montpellier,0.059672588,0,2,-0.059672588
Salvador Ballesta Vialcho,Málaga,0.49255022299999995,0,5,-0.49255022299999995
Salvador Sevilla López,Espanyol,1.446508606,1,8,-0.4465086060000001
Salvador Sevilla López,Real Betis,0.35210737299999995,0,4,-0.35210737299999995
Saman Ghoddos,Iran,0.573766266,0,3,-0.573766266
Samantha Coffey,Portland Thorns,0.639552145,0,16,-0.639552145
Samantha Hiatt,Seattle Reign,0.43300415000000003,0,4,-0.43300415000000003
Samantha Jerabek,Duisburg WFC,1.416043287,0,11,-1.416043287
Samantha Johnson,Utah Royals,0.32709272,0,2,-0.32709272
Samantha June Mewis,Manchester City WFC,7.396523954,7,56,-0.39652395400000007
Samantha June Mewis,North Carolina Courage,3.094332478,3,26,-0.09433247800000011
Samantha June Mewis,United States Women's,1.101690285,2,16,0.8983097149999999
Samantha Kerr,Bayern München W,0.054153576,0,1,-0.054153576
Samantha May Kerr,Australia Women's,7.447650296,7,31,-0.44765029599999995
Samantha May Kerr,Chelsea FCW,23.8185502,26,124,2.1814497999999993
Samantha May Kerr,Chicago Red Stars,5.879474903,7,46,1.1205250969999998
Samantha Staab,Washington Spirit,1.218900911,1,12,-0.21890091099999998
Samantha Steuerwald,SC Freiburg,2.214396725,1,22,-1.2143967249999998
Samantha Tierney,Leicester City WFC,4.422128316,3,26,-1.4221283160000002
Sambou Yatabaré,Werder Bremen,1.395915818,1,8,-0.395915818
Samet Akaydin,Turkey,0.30770031,1,2,0.69229969
Sami Hyypiä,Liverpool,0.669584667,1,3,0.33041533300000003
Sami Khedira,Germany,0.18391593299999998,0,3,-0.18391593299999998
Sami Khedira,Juventus,3.0859658420000002,5,22,1.9140341579999998
Sami Khedira,Real Madrid,1.6564904409999999,1,7,-0.6564904409999999
Samir Caetano de Souza Santos,Hellas Verona,0.123102123,1,2,0.876897877
Samir Nasri,Manchester City,2.228996992,2,14,-0.2289969919999999
Samir Nasri,Sevilla,0.12091874,0,1,-0.12091874
Samuel Castillejo Azuaga,Villarreal,1.659475057,1,29,-0.6594750570000001
Samuel Chimerenka Chukwueze,Nigeria,0.198596445,0,4,-0.198596445
Samuel Chimerenka Chukwueze,Villarreal,1.670010848,2,15,0.329989152
Samuel Eto''o Fils,Barcelona,50.257991278,66,304,15.742008722000001
Samuel García Sánchez,Villarreal,0.996313529,2,10,1.003686471
Samuel Moutoussamy,Congo DR,2.106154874,2,9,-0.10615487400000001
Samuel Moutoussamy,Nantes,0.17848999100000001,0,2,-0.17848999100000001
Samuel Souprayen,Hellas Verona,0.415661879,0,7,-0.415661879
Samuel Sáiz Alonso,Getafe,0.094284266,0,1,-0.094284266
Samuel Yves Umtiti,Barcelona,1.808446493,2,17,0.19155350700000007
Samuel Yves Umtiti,France,0.061282128,1,2,0.938717872
Samuel Yves Umtiti,Lyon,2.240138241,1,16,-1.240138241
Samuele Longo,Frosinone,1.03002851,0,11,-1.03002851
Samuele Longo,Huesca,0.27634266,0,1,-0.27634266
Sandesh Jhingan,ATK Mohun Bagan,0.18200149599999998,0,2,-0.18200149599999998
Sandie Toletti,France Women's,0.685794562,1,8,0.314205438
Sandie Toletti,Real Madrid CF W,2.301969374,2,22,-0.301969374
Sandra Castelló Oliver,CD Sporting de Huelva,1.2850840865,1,17,-0.28508408649999994
Sandra Hernández Rodríguez,Costa Adeje Tenerife,0.6517752330000001,1,11,0.34822476699999994
Sandra María Jessen,Iceland Women's,0.62467863,0,5,-0.62467863
Sandra Starke,Chicago Red Stars,0.193641754,0,3,-0.193641754
Sandra Starke,RB Leipzig W,1.799898674,2,25,0.20010132599999997
Sandra Villafañe,Madrid CFF,0.615583208,0,6,-0.615583208
Sandro Cois,Fiorentina,0.081083552,0,2,-0.081083552
Sandro Mazzola,Inter Milan,0.035139605,0,1,-0.035139605
Sandro Mazzola,Italy,0.235451721,0,5,-0.235451721
Sandro Ramírez Castillo,Barcelona,3.291936633,2,18,-1.2919366330000002
Sandro Ramírez Castillo,Málaga,0.23266910000000002,1,2,0.7673308999999999
Sandro Ramírez Castillo,Real Valladolid,0.286082167,0,2,-0.286082167
Sandro Ranieri Guimarães Cordeiro,West Bromwich Albion,0.047715346,0,3,-0.047715346
Sandro Wagner,Darmstadt 98,12.8659071487,14,87,1.1340928513000001
Sandy Baltimore,France Women's,2.045343012,2,10,-0.045343012000000016
Sandy Mändly,Switzerland Women's,0.01604299,0,1,-0.01604299
Sang-Ho Na,South Korea,0.03396947,0,1,-0.03396947
Sanjeev Stalin,Kerala Blasters,0.279994684,0,4,-0.279994684
Sanjin Prcić,Levante UD,0.12510853,0,4,-0.12510853
Sanjin Prcić,Strasbourg,0.017306305,0,1,-0.017306305
Sanne Troelsgaard-Nielsen,AS Roma W,0.631227312,2,6,1.368772688
Sanne Troelsgaard-Nielsen,Denmark Women's,0.175239995,1,4,0.824760005
Sanni Maija Franssi,Real Sociedad de Fútbol,5.113629638,7,42,1.886370362
Sanni Maija Franssi,WNT Finland,0.207335621,0,3,-0.207335621
Sanson Pereira,Goa,0.1850042,0,2,-0.1850042
Santiago Arias Naranjo,Atlético Madrid,0.115568794,0,1,-0.115568794
Santiago Arias Naranjo,Cincinnati,0.05210463,0,1,-0.05210463
Santiago Arias Naranjo,Colombia,0.041316842,0,2,-0.041316842
Santiago Cazorla González,Arsenal,2.107031388,0,24,-2.107031388
Santiago Cazorla González,Málaga,0.017256204,0,1,-0.017256204
Santiago Cazorla González,Villarreal,0.9966310939999999,2,11,1.003368906
Santiago Cáseres,Villarreal,0.034452178,0,1,-0.034452178
Santiago Ezquerro Marín,Barcelona,0.12813532,0,1,-0.12813532
Santiago García,Werder Bremen,1.116540598,0,14,-1.116540598
Santiago Juan Gentiletti Selak,Lazio,0.956114963,0,10,-0.956114963
Santiago Mina Lorenzo,Celta Vigo,0.666658934,2,4,1.333341066
Santiago Mina Lorenzo,Valencia,3.4748091409999997,4,27,0.5251908590000003
Santiago Tomás Giménez,Mexico,1.007085926,0,8,-1.007085926
Santiago Vergini,Getafe,0.7936681480000001,0,8,-0.7936681480000001
Santiago Wilmer Acasiete Ariadela,Almería,0.084054396,0,1,-0.084054396
Saori Takarada,Japan Women's,0.19955195,0,1,-0.19955195
Saori Takarada,Leicester City WFC,1.659505686,1,12,-0.6595056859999999
Saphir Sliti Taïder,Bologna,1.558459279,0,33,-1.558459279
Sara Agrež,Köln,0.233283784,0,2,-0.233283784
Sara Baldi,Como W,0.7259886095,0,12,-0.7259886095
Sara Baldi,Sampdoria W,1.359552506,2,27,0.640447494
Sara Björk Gunnarsdóttir,Iceland Women's,0.561055503,0,4,-0.561055503
Sara Björk Gunnarsdóttir,Juventus W,1.658776548,1,15,-0.6587765480000001
Sara Caiazzo,Pomigliano,1.068820178,0,12,-1.068820178
Sara Caroline Seger,Sweden Women's,0.512741807,0,5,-0.512741807
Sara Doorsoun-Khajeh,Eintracht Frankfurt W,1.2696794690000002,3,10,1.7303205309999998
Sara Däbritz,Germany Women's,5.231059651,3,35,-2.231059651
Sara Gama,Italy Women's,0.009285938,0,1,-0.009285938
Sara Gama,Juventus W,0.472532138,0,9,-0.472532138
Sara Gedsted Thrige Andersen,Denmark Women's,0.101689585,0,1,-0.101689585
Sara Holmgaard,Denmark Women's,0.168083572,0,2,-0.168083572
Sara Holmgaard,Everton LFC,0.861239592,2,7,1.138760408
Sara Iren Lindbak Hørte,Norway Women's,0.07800752,0,1,-0.07800752
Sara Kristine Bantan Eggesvik,Philippines Women's,0.04942886,0,1,-0.04942886
Sara Mella,Sassuolo W,0.087543586,0,4,-0.087543586
Sara Ortega Ruiz,Athletic Club Bilbao,0.89075109,2,13,1.10924891
Sara Pavlović,Costa Adeje Tenerife,0.10682411,0,2,-0.10682411
Sara Schettino,Pomigliano,0.0208959,0,1,-0.0208959
Sara Tamarit,Valencia CF,0.278409593,1,8,0.721590407
Sarah Anne Stratigakis,Bristol City WFC,0.154619416,0,2,-0.154619416
Sarah Emma Mayling,Aston Villa W,0.856479996,1,3,0.14352000399999998
Sarah Emma Mayling,Birmingham City WFC,1.382705725,0,12,-1.382705725
Sarah Freutel,Duisburg WFC,0.489591033,1,8,0.510408967
Sarah Gorden,Angel City,0.33588229999999997,0,4,-0.33588229999999997
Sarah Gregorius,New Zealand Women's,0.6196388429999999,0,3,-0.6196388429999999
Sarah Griffith,Chicago Red Stars,0.839987265,0,7,-0.839987265
Sarah Huchet,Sampdoria W,0.335687439,0,8,-0.335687439
Sarah Killion,NJ/NY Gotham FC,0.55411892,0,3,-0.55411892
Sarah Puntigam,Austria Women's,0.467517158,0,8,-0.467517158
Sarah Puntigam,Houston Dash,0.287585464,0,4,-0.287585464
Sarah Zadrazil,Austria Women's,0.21345485,0,2,-0.21345485
Sarah Zadrazil,Bayern München W,0.679513847,0,10,-0.679513847
Sarai Linder,Germany Women's,0.031094408999999996,0,2,-0.031094408999999996
Sarai Linder,Hoffenheim W,1.177501978,0,16,-1.177501978
Sardar Azmoun,Iran,1.141901904,0,10,-1.141901904
Sargis Adamyan,FC Köln,0.5121971000000001,0,3,-0.5121971000000001
Sari Kees,Belgium Women's,0.26958984,0,2,-0.26958984
Sarina Isabel Calpo Bolden,Philippines Women's,0.21093911,1,1,0.78906089
Sasa Kalajdzic,Austria,0.470127438,1,6,0.529872562
Sascha Mölders,Augsburg,0.108957542,0,2,-0.108957542
Sascha Riether,Schalke 04,0.29933625,0,1,-0.29933625
Saskia Matheis,SV Werder Bremen,0.3702586505,1,8,0.6297413494999999
Satara Murray,Bristol City WFC,0.122943808,0,2,-0.122943808
Satara Murray,Liverpool WFC,0.07646794,0,1,-0.07646794
Saud Abdullah Abdul Hamid,Saudi Arabia,0.017512755,0,1,-0.017512755
Savannah Marie DeMelo,Racing Louisville FC,6.660985361,5,53,-1.6609853609999998
Savannah Marie DeMelo,United States Women's,0.6174966,0,3,-0.6174966
Savannah McCaskill,Angel City,3.854226652,4,41,0.14577334800000008
Savannah McCaskill,NJ/NY Gotham FC,0.720594681,0,7,-0.720594681
Saviour Gama,Goa,1.14265124,0,14,-1.14265124
Savo Milošević,Osasuna,0.121239808,0,2,-0.121239808
Sayfallah Ltaief,Tunisia,0.14644633,0,1,-0.14644633
Saîf-Eddine Khaoui,Clermont Foot,0.03028195,0,1,-0.03028195
Saîf-Eddine Khaoui,Tunisia,0.247185878,0,2,-0.247185878
Saïdi Ntibazonkiza,Caen,0.252845045,0,3,-0.252845045
Saïdi Ntibazonkiza,Stade Malherbe Caen,1.626413417,1,18,-0.626413417
Saúl Basilio Coco-Bassey Oubiña,Equatorial Guinea,0.146210317,0,3,-0.146210317
Saúl Berjón Pérez,Eibar,6.211164392,4,39,-2.2111643919999997
Saúl Fernández García,RC Deportivo La Coruña,0.029957041,0,1,-0.029957041
Saúl Ñíguez Esclapez,Atlético Madrid,5.828256133,8,64,2.171743867
Saúl Ñíguez Esclapez,Rayo Vallecano,0.227658074,0,2,-0.227658074
Saša Lukić,Serbia,0.12731204499999998,0,2,-0.12731204499999998
Scarlett Nefer Camberos Becerra,Angel City,4.375257477,1,27,-3.375257477
Schiandra Yael González Jurado,Panama Women's,0.049399907,0,4,-0.049399907
Scott Arfield,Charlotte,0.037890088,0,1,-0.037890088
Scott Dann,Crystal Palace,2.608629588,5,32,2.391370412
Scott McKenna,Scotland,0.449700581,0,3,-0.449700581
Scott McTominay,Scotland,0.856863386,1,7,0.143136614
Scott Parker,Charlton Athletic,0.034612697,0,1,-0.034612697
Scott Parker,Chelsea,0.033965465,0,1,-0.033965465
Scott Sinclair,Aston Villa,3.100430942,2,17,-1.100430942
Sead Kolašinac,Olympique de Marseille,0.530998,0,2,-0.530998
Sead Kolašinac,Schalke 04,0.921564281,1,11,0.07843571900000001
Sean Davis,Fulham,0.019547274,0,1,-0.019547274
Sean Nealis,New York Red Bulls,0.04069959,0,1,-0.04069959
Sebastian Boenisch,Bayer Leverkusen,0.401708368,1,8,0.598291632
Sebastian De Maio,Genoa,1.456805396,1,14,-0.45680539600000003
Sebastian Jung,Wolfsburg,0.63736695,0,4,-0.63736695
Sebastian Langkamp,Hertha Berlin,0.7739341279999999,0,2,-0.7739341279999999
Sebastian Larsson,Sunderland,0.610820547,0,6,-0.610820547
Sebastian Larsson,Sweden,0.183044763,0,5,-0.183044763
Sebastian Prödl,Watford,1.453111112,2,12,0.546888888
Sebastian Rode,Bayern Munich,0.689828847,1,7,0.310171153
Sebastian Rudy,Germany,0.02782234,0,1,-0.02782234
Sebastian Rudy,Hoffenheim,0.862890455,2,14,1.137109545
Sebastian Szymański,Poland,0.051509187,0,1,-0.051509187
Sebastián Bruno Fernández Miglierina,Málaga,0.07409562,0,1,-0.07409562
Sebastián Carlos Cristóforo Pepe,Sevilla,0.15260187,0,3,-0.15260187
Sebastián Coates Nión,Sunderland,0.693449451,0,7,-0.693449451
Sebastián Coates Nión,Uruguay,0.2612914,0,1,-0.2612914
Sebastián Dubarbier,Almería,0.009058178,0,1,-0.009058178
Sebastián Enzo Cáceres Ramos,Uruguay,0.19207332,0,2,-0.19207332
Sebastián Pascual Rambert,River Plate,0.08138391,0,1,-0.08138391
Sebastián Ricardo Nayar,Recreativo Huelva,0.27767857700000004,0,2,-0.27767857700000004
Sebastián Taborda Ramos,RC Deportivo La Coruña,0.025749927,0,1,-0.025749927
Sebastião Miranda da Silva Filho,Brazil,0.08981222,0,1,-0.08981222
Seityasen Singh,Hyderabad,0.0112630995,0,1,-0.0112630995
Seityasen Singh,Kerala Blasters,0.038981464,0,1,-0.038981464
Seityasen Singh,SC Delhi,0.163530804,0,3,-0.163530804
Seko Fofana,Bastia,2.1270983755,1,33,-1.1270983755000001
Seko Fofana,Côte d'Ivoire,1.280127986,1,17,-0.2801279860000001
Seko Fofana,Lens,0.195297579,1,6,0.804702421
Sekou Koita,Mali,0.400747339,0,6,-0.400747339
Sekou Oumar Sylla,Guinea,0.661468835,0,4,-0.661468835
Sel-Gi Jang,Korea Republic Women's,0.188114353,0,4,-0.188114353
Selim Amallah,Morocco,0.24034685500000003,0,3,-0.24034685500000003
Selina Cerci,Germany Women's,0.455559006,0,3,-0.455559006
Selina Cerci,Köln,2.041805321,3,11,0.958194679
Selina Ostermeier,TSV Bayer 04 Leverkusen,0.128789361,0,4,-0.128789361
Selina Vobian,SC Freiburg,1.081827612,0,14,-1.081827612
Selma Bacha,France Women's,2.3715409265,0,28,-2.3715409265
Selma Sól Magnúsdóttir,Nürnberg W,1.086067222,2,17,0.913932778
Semih Kılıçsoy,Turkey,0.19769642,0,1,-0.19769642
Seminlen Doungel,Jamshedpur,2.467225662,2,24,-0.46722566200000015
Senad Lulić,Lazio,1.3446078049999999,3,19,1.6553921950000001
Sendoa Aguirre Basterretxea,Hércules,0.190245644,0,2,-0.190245644
Seon-Min Moon,South Korea,0.264549876,0,2,-0.264549876
Sepe Elye Wahi,Montpellier,0.05553508,0,1,-0.05553508
Seraina Piubel,Switzerland Women's,0.8456865900000001,1,5,0.15431340999999987
Serdar Taşçı,Bayern Munich,0.036038462,0,1,-0.036038462
Sereso Geoffroy Gonzaroua Dié,VfB Stuttgart,0.5097808275,1,15,0.4902191725
Serge Aurier,Côte d'Ivoire,0.7743066369999999,1,2,0.2256933630000001
Serge Aurier,Paris Saint-Germain,2.309246961,2,23,-0.30924696099999993
Serge Gakpé,Atalanta,0.112167428,0,3,-0.112167428
Serge Gakpé,Genoa,2.57778351,3,20,0.42221648999999983
Serge Gnabry,Bayern Munich,0.633947716,0,4,-0.633947716
Serge Gnabry,Germany,1.565844414,1,16,-0.5658444140000001
Serge Gnabry,West Bromwich Albion,0.090448633,0,2,-0.090448633
Sergei Ignashevich,Russia,2.0445152799999997,2,5,-0.04451527999999971
Sergej Milinković-Savić,Lazio,2.5209984605,1,36,-1.5209984605
Sergej Milinković-Savić,Serbia,0.76411551,1,11,0.23588449
Sergi Darder Moll,Espanyol,0.236588915,0,6,-0.236588915
Sergi Darder Moll,Lyon,2.546977699,2,31,-0.5469776990000002
Sergi Darder Moll,Málaga,0.233082974,0,7,-0.233082974
Sergi Gómez Solà,Celta Vigo,0.13574852799999998,0,2,-0.13574852799999998
Sergi Gómez Solà,Sevilla,0.04268248,0,1,-0.04268248
Sergi Roberto Carnicer,Barcelona,5.473310934,3,63,-2.4733109339999997
Sergino Dest,Barcelona,1.959614863,2,14,0.040385136999999904
Sergino Dest,United States,0.462945754,0,6,-0.462945754
Sergio Brio,Juventus,0.047187597,0,1,-0.047187597
Sergio Busquets i Burgos,Barcelona,6.164163486,8,79,1.8358365140000004
Sergio Busquets i Burgos,Inter Miami,0.051595893,0,1,-0.051595893
Sergio Busquets i Burgos,Spain,2.399315514,0,12,-2.399315514
Sergio Canales Madrazo,Real Betis,1.519339109,2,6,0.4806608910000001
Sergio Canales Madrazo,Real Sociedad,1.7530282915,0,33,-1.7530282915
Sergio Canales Madrazo,Valencia,0.04088691,0,1,-0.04088691
Sergio Daniel Batista,Argentina,0.057686677000000006,0,2,-0.057686677000000006
Sergio Enrich Ametller,Eibar,9.570313203,10,59,0.42968679700000045
Sergio Escudero Palomo,Getafe,0.03454244,0,1,-0.03454244
Sergio Escudero Palomo,Sevilla,1.304723418,1,17,-0.304723418
Sergio Ezequiel Araújo,Las Palmas,6.9632595395,5,61,-1.9632595395
Sergio Fernando Peña Flores,Peru,0.010058625,0,1,-0.010058625
Sergio Floccari,Bologna,2.198211435,2,26,-0.19821143500000016
Sergio Floccari,Sassuolo,2.467335559,4,20,1.532664441
Sergio García De La Fuente,Espanyol,1.073391268,1,11,-0.07339126799999995
Sergio García De La Fuente,Real Betis,0.15139866,0,1,-0.15139866
Sergio García De La Fuente,Real Zaragoza,0.406919384,0,6,-0.406919384
Sergio Gontán Gallardo,Eibar,3.097760437,3,36,-0.09776043699999981
Sergio Gontán Gallardo,Málaga,0.23660472500000002,0,2,-0.23660472500000002
Sergio Gontán Gallardo,Real Valladolid,0.19774121,0,1,-0.19774121
Sergio González Soriano,RC Deportivo La Coruña,0.12536245499999998,0,4,-0.12536245499999998
Sergio Guardiola Navarro,Real Valladolid,0.521360748,0,8,-0.521360748
Sergio Henrique Santos Gomes,Cincinnati,0.415845345,0,2,-0.415845345
Sergio Leonel Agüero del Castillo,Argentina,0.869116613,2,6,1.130883387
Sergio Leonel Agüero del Castillo,Atlético Madrid,3.437203116,5,22,1.562796884
Sergio Leonel Agüero del Castillo,Manchester City,18.13634305,24,118,5.863656949999999
Sergio León Limones,Levante UD,0.305421027,1,2,0.694578973
Sergio León Limones,Osasuna,0.152807638,0,3,-0.152807638
Sergio León Limones,Real Betis,0.35618751,0,2,-0.35618751
Sergio Mendigutxia Iglesias,Sporting Gijón,0.034571055,0,1,-0.034571055
Sergio Pelegrín López,Elche,0.03592964,0,1,-0.03592964
Sergio Pellissier,Chievo,4.099350914,5,22,0.9006490859999996
Sergio Ramos García,Paris Saint-Germain,3.35500761,3,26,-0.3550076099999999
Sergio Ramos García,Real Madrid,6.356164836,10,42,3.6438351640000004
Sergio Ramos García,Spain,1.106771495,1,5,-0.10677149500000005
Sergio Reguilón Rodríguez,Real Madrid,0.010932949,0,1,-0.010932949
Sergio Reguilón Rodríguez,Sevilla,0.300360552,0,2,-0.300360552
Sergio Rodríguez García,Rayo Vallecano,0.17465241,0,1,-0.17465241
Sergio Sánchez Ortega,Málaga,0.038145054,0,1,-0.038145054
Sergio Álvarez Díaz,Eibar,0.17341937,0,1,-0.17341937
Sergio Álvarez Díaz,Sporting Gijón,0.596371299,2,6,1.4036287010000001
Sergio Ángel Berti Pizzani,River Plate,0.136339091,1,2,0.863660909
Serhii Sydorchuk,Ukraine,0.13342811599999999,0,2,-0.13342811599999999
Serhou Guirassy,Guinea,0.388540562,0,4,-0.388540562
Serhou Guirassy,Lille,0.42469405099999996,0,5,-0.42469405099999996
Serhou Guirassy,VfB Stuttgart,1.59315592,0,9,-1.59315592
Serigne Mourtada Fall,Mumbai City,1.390637598,3,15,1.609362402
Seriton Fernandes,Goa,0.467905347,0,6,-0.467905347
Seth Johnson,Leeds United,0.06150495,0,1,-0.06150495
Seung-Ho Paik,Girona,0.030052181,0,1,-0.030052181
Seung-Ho Paik,South Korea,0.018677222,1,1,0.981322778
Seung-Woo Lee,South Korea,0.026623107,0,1,-0.026623107
Seydou Doumbia,Newcastle United,0.1398479,0,1,-0.1398479
Seydou Kéita,AS Roma,0.969003465,1,13,0.03099653499999999
Seydou Kéita,Barcelona,9.7830752755,12,82,2.2169247245
Seydou Kéita,Sevilla,0.09602274999999999,0,2,-0.09602274999999999
Shae Holmes,Seattle Reign,0.021249693,0,1,-0.021249693
Shamar Nicholson,Jamaica,0.456743145,0,6,-0.456743145
Shane Long,Southampton,7.608217297,10,63,2.3917827029999996
Shania Hayles,Aston Villa,2.6976718429999997,2,19,-0.6976718429999997
Shania Hayles,Bristol City WFC,0.976120364,0,5,-0.976120364
Shanice van de Sanden,Liverpool WFC,1.5811521259999999,1,10,-0.5811521259999999
Shanice van de Sanden,Netherlands Women's,0.440241817,0,8,-0.440241817
Shannon Albuery,Yeovil Town LFC,0.99682591,0,4,-0.99682591
Shannon Cooke,West Ham United LFC,0.584094162,1,8,0.415905838
Shannon O’Brien,Leicester City WFC,1.963563707,1,13,-0.963563707
Shanshan Liu,China PR Women's,0.015736371,0,1,-0.015736371
Shanshan Wang,China PR Women's,0.743744862,0,7,-0.743744862
Shaquell Moore,Levante UD,0.32554498,0,1,-0.32554498
Sharon Beck,Köln,3.886405322,3,31,-0.8864053219999999
Shaun Wright-Phillips,Manchester City,0.009942927,0,1,-0.009942927
Shea Groom,NJ/NY Gotham FC,1.133781888,2,10,0.8662181120000001
Sheika Daleicha Scott Richardson,Costa Rica Women's,0.17144404600000002,0,3,-0.17144404600000002
Sheila García Gómez,Atletico Madrid W,0.184018878,0,3,-0.184018878
Sheila García Gómez,Spain Women's,0.218398225,0,2,-0.218398225
Sheila Guijarro Gómez,Atletico Madrid W,9.377006933,13,62,3.6229930669999995
Shekiera Martinez,Eintracht Frankfurt W,3.5675485080000002,1,21,-2.5675485080000002
Shelina Laura Zadorsky,Canada Women's,0.13541001,0,1,-0.13541001
Shelina Laura Zadorsky,Orlando Pride,0.03871107,0,1,-0.03871107
Shelina Laura Zadorsky,Tottenham Hotspur Women,0.491399754,0,4,-0.491399754
Shelina Laura Zadorsky,West Ham United LFC,0.09072575,0,1,-0.09072575
Sherida Spitse,Netherlands Women's,0.726287229,0,21,-0.726287229
Sherly Jeudy,Haiti Women's,0.06465907,0,1,-0.06465907
Shinji Kagawa,Borussia Dortmund,5.521732394,9,31,3.478267606
Shinji Kagawa,Japan,0.869642346,1,3,0.130357654
Shinji Okazaki,Huesca,0.036993094,0,1,-0.036993094
Shinji Okazaki,Japan,0.2655859,0,1,-0.2655859
Shinji Okazaki,Leicester City,7.965663634,5,44,-2.965663634
Shiori Miyake,Japan Women's,0.047617044,0,1,-0.047617044
Shkodran Mustafi,Valencia,1.967570905,2,24,0.03242909499999991
Shogo Taniguchi,Japan,0.13085928,0,2,-0.13085928
Shuang Wang,China PR Women's,1.8703142529999999,2,11,0.12968574700000013
Shuang Wang,Racing Louisville FC,2.934470919,2,28,-0.9344709189999998
Shuang Wang,Tottenham Hotspur Women,0.7199854990000001,0,8,-0.7199854990000001
Sibiri Alain Traoré,Lorient,0.03232746,0,1,-0.03232746
Sibulele Cecilia Holweni,South Africa Women's,0.094771974,0,1,-0.094771974
Sidi Bouna Sidi Amar,Mauritania,0.488891003,1,7,0.511108997
Sidnei Rechel da Silva Júnior,RC Deportivo La Coruña,0.593888184,0,6,-0.593888184
Sidnei Rechel da Silva Júnior,Real Betis,0.033548202,0,1,-0.033548202
Sidney Sam,Schalke 04,0.24738105400000002,0,3,-0.24738105400000002
Siem Stefan de Jong,Newcastle United,0.973054063,0,8,-0.973054063
Sierra Enge,San Diego Wave,0.6865145100000001,2,3,1.31348549
Signe Gaupset,Norway Women's,0.794141519,2,8,1.205858481
Signe Kallesøe Bruun,Denmark Women's,1.005537059,1,14,-0.0055370589999999
Signe Kallesøe Bruun,Real Madrid CF W,10.909683543,12,55,1.0903164570000001
Silas Katompa Mvumpa,Congo DR,1.95476053,2,5,0.04523947000000006
Silas Katompa Mvumpa,VfB Stuttgart,0.03206485,0,1,-0.03206485
Silawan Intamee,Thailand W,0.35262488000000003,0,3,-0.35262488000000003
Silvan Widmer,Switzerland,0.44989671000000003,0,4,-0.44989671000000003
Silvan Widmer,Udinese,2.254893458,0,23,-2.254893458
Silvia Lloris,Levante UD Femenino,1.9782074060000001,0,21,-1.9782074060000001
Silvia Meseguer Bellido,Spain Women's,0.107922766,0,2,-0.107922766
Silvia Rubio Álvarez,AC Milan W,0.521198844,1,13,0.47880115599999995
Simon Adingra,Côte d'Ivoire,0.6017095029999999,1,6,0.3982904970000001
Simon Bokote Banza,Congo DR,0.66590089,0,5,-0.66590089
Simon Charlton,Bolton Wanderers,0.008299162,0,1,-0.008299162
Simon Davies,Tottenham Hotspur,0.024813589,0,1,-0.024813589
Simon Francis,AFC Bournemouth,0.303489772,0,6,-0.303489772
Simon Happygod Msuva,Tanzania,0.289620254,1,4,0.710379746
Simon Thorup Kjær,Denmark,1.23956921,1,3,-0.23956920999999998
Simon Thorup Kjær,Sevilla,0.189290137,0,2,-0.189290137
Simon Zoller,FC Köln,2.855335998,6,28,3.144664002
Simone Boye-Sørensen,Denmark Women's,0.18252932,0,2,-0.18252932
Simone Charley,Angel City,0.046381727,0,1,-0.046381727
Simone Magill,Aston Villa W,0.696630666,0,5,-0.696630666
Simone Magill,Everton LFC,7.219165337,8,41,0.7808346630000003
Simone Magill,Northern Ireland W,0.0398382,0,1,-0.0398382
Simone Missiroli,Sassuolo,1.564299136,2,13,0.43570086399999997
Simone Padoin,Juventus,0.413218494,1,4,0.586781506
Simone Pepe,Chievo,0.926259878,3,20,2.0737401220000002
Simone Romagnoli,Carpi,0.733668782,0,11,-0.733668782
Simone Verdi,Carpi,2.349376074,3,14,0.6506239260000002
Simone Verdi,Eibar,0.323016637,0,6,-0.323016637
Simone Zaza,Juventus,2.626108117,5,31,2.373891883
Simone Zaza,Valencia,0.501840611,0,5,-0.501840611
Simão Mate,Levante UD,0.7569655590000001,1,13,0.24303444099999993
Simão Pedro Fonseca Sabrosa,Atlético Madrid,0.699021417,1,6,0.300978583
Simão Pedro Fonseca Sabrosa,Espanyol,0.11034780000000001,0,2,-0.11034780000000001
Sinead Farrelly,NJ/NY Gotham FC,0.6845463669999999,0,6,-0.6845463669999999
Sinead Farrelly,Republic of Ireland Women's,0.377173063,0,3,-0.377173063
Siniša Anđelković,Palermo,0.55964467,0,3,-0.55964467
Siri Worm,Everton LFC,0.064137034,0,1,-0.064137034
Siri Worm,Tottenham Hotspur Women,0.56873417,3,10,2.43126583
Siriki Dembele,Auxerre,0.028741227,0,1,-0.028741227
Sisinio González Martínez,Osasuna,0.03802719,0,2,-0.03802719
Sisinio González Martínez,Real Valladolid,0.021187581,0,1,-0.021187581
Sisinio González Martínez,Recreativo Huelva,0.3372501,0,2,-0.3372501
Sivasakthi Narayanan,Bengaluru,0.174401634,0,4,-0.174401634
Siyanda Xulu,South Africa,0.8300048899999999,1,2,0.16999511000000012
Sjaak Swart,Ajax,0.232974503,0,7,-0.232974503
Sjoeke Nüsken,Chelsea FCW,7.634792217,7,37,-0.6347922170000002
Sjoeke Nüsken,Germany Women's,3.68422992,3,14,-0.6842299199999999
Slavko Damjanović,Chennaiyin,0.7480913419999999,0,4,-0.7480913419999999
Slimane Sissoko,Angers,1.129833331,0,14,-1.129833331
Sloan Privat,Guingamp,6.612094408,7,35,0.3879055920000001
Slobodan Medojević,Eintracht Frankfurt,0.22758923999999997,1,2,0.7724107600000001
Slobodan Rajković,Darmstadt 98,0.876204251,1,5,0.12379574900000001
Smilla Holmberg,Sweden Women's,0.8817840539999999,1,3,0.11821594600000007
Smilla Vallotto,Switzerland Women's,0.13226185299999998,0,2,-0.13226185299999998
So-Hyun Cho,Korea Republic Women's,0.735631253,1,9,0.264368747
So-Hyun Cho,Tottenham Hotspur Women,0.16596878,0,1,-0.16596878
So-Hyun Cho,West Ham United LFC,0.724196806,0,11,-0.724196806
So-Yun Ji,Chelsea FCW,8.820818938,15,113,6.179181062
So-Yun Ji,Korea Republic Women's,0.502700371,0,9,-0.502700371
Sofia Bertucci,Napoli W,0.076193606,0,3,-0.076193606
Sofia Bouftini,Morocco Women's,0.042565577,0,1,-0.042565577
Sofia Cantore,Italy Women's,0.678025046,0,11,-0.678025046
Sofia Cantore,Juventus W,3.191852856,4,27,0.8081471439999999
Sofia Huerta,Chicago Red Stars,0.015540161,0,1,-0.015540161
Sofia Huerta,Houston Dash,0.9986204750000001,0,10,-0.9986204750000001
Sofia Huerta,Seattle Reign,1.478109825,1,13,-0.478109825
Sofia Lovisa Gustafsson,CD Sporting de Huelva,0.5655746,0,6,-0.5655746
Sofia Nicole Dador Harrison,Philippines Women's,0.09336677,0,1,-0.09336677
Sofian Chakla,Getafe,0.08356841,0,1,-0.08356841
Sofiane Boufal,Celta Vigo,0.142242496,0,2,-0.142242496
Sofiane Boufal,Lille,6.485311042,11,53,4.514688958
Sofiane Boufal,Morocco,0.831131152,0,11,-0.831131152
Sofiane Diop,AS Monaco,0.239791782,0,3,-0.239791782
Sofiane Feghouli,Algeria,0.04824383,0,1,-0.04824383
Sofiane Feghouli,Valencia,3.580840636,1,33,-2.580840636
Sofie Bruun Bredgaard,Denmark Women's,0.180423372,0,3,-0.180423372
Sofie Junge Pedersen,Denmark Women's,0.11289517,0,1,-0.11289517
Sofie Junge Pedersen,FC Internazionale Milano W,1.116863314,2,9,0.8831366860000001
Sofie Lundgaard,Liverpool WFC,0.21228412000000002,0,2,-0.21228412000000002
Sofie Svava,Real Madrid CF W,0.302490997,0,5,-0.302490997
Sofie Zdebel,TSV Bayer 04 Leverkusen,0.452326369,0,12,-0.452326369
Sofyan Amrabat,Morocco,0.020113675,0,1,-0.020113675
Sokratis Papastathopoulos,Borussia Dortmund,1.150575656,1,9,-0.150575656
Solai Washington,Jamaica Women's,0.18007837,0,1,-0.18007837
Songpu Singsit,East Bengal,0.071099596,0,3,-0.071099596
Sonia García Majarín,Atletico Madrid W,0.100449366,0,4,-0.100449366
Sonny Kittel,Eintracht Frankfurt,0.5672038899999999,0,7,-0.5672038899999999
Sophia Kleinherne,Eintracht Frankfurt W,0.021715447,0,1,-0.021715447
Sophia Kleinherne,Germany Women's,0.542445185,1,2,0.45755481499999995
Sophia Olivia Wilson,Portland Thorns,8.803958801,11,76,2.1960411989999997
Sophia Olivia Wilson,United States Women's,1.873484602,2,14,0.126515398
Sophie Charlotte Nachtigall,Eintracht Frankfurt W,0.039389666,0,1,-0.039389666
Sophie Elizabeth Bradley-Auckland,Liverpool WFC,0.86202459,0,11,-0.86202459
Sophie Haywood,Aston Villa,0.275212236,0,2,-0.275212236
Sophie Hirst,Houston Dash,0.791544413,1,5,0.208455587
Sophie Howard,Leicester City WFC,1.015607383,1,12,-0.015607383000000086
Sophie Howard,Reading WFC,0.298156525,0,5,-0.298156525
Sophie Louise Ingle,Chelsea FCW,6.071328723,4,50,-2.0713287229999997
Sophie Perry-Campbell,Brighton & Hove Albion WFC,0.033802025,0,1,-0.033802025
Sophie Roman Haug,Liverpool WFC,7.174971085,7,52,-0.17497108500000014
Sophie Roman Haug,Norway Women's,2.205319811,3,13,0.7946801890000001
Sophie Schmidt,Canada Women's,0.503248414,0,8,-0.503248414
Sophie Schmidt,Houston Dash,1.511542869,0,20,-1.511542869
Sophie Wais Braun,Argentina Women's,0.096618274,1,2,0.903381726
Sophie Weidauer,SV Werder Bremen,8.126330437,8,50,-0.12633043700000002
Soraisham Sandeep Singh,Kerala Blasters,0.167547473,0,5,-0.167547473
Soualiho Meïté,Lille,0.2310114,0,1,-0.2310114
Souleymane Anne,Mauritania,0.6081453004,0,4,-0.6081453004
Souleymane Camara,Montpellier,5.374668042,7,47,1.6253319580000003
Sourav Das,East Bengal,0.181626589,0,10,-0.181626589
Souvik Chakrabarti,Hyderabad,0.865896453,0,18,-0.865896453
Sphephelo S''Miso Sithole,South Africa,0.499369536,0,5,-0.499369536
Stan Lazaridis,Birmingham City,0.40119177,0,2,-0.40119177
Stanislav Lobotka,Slovakia,0.017471889,0,1,-0.017471889
Steed Malbranque,Fulham,0.846060807,0,8,-0.846060807
Steed Malbranque,Lyon,0.30907420599999996,0,5,-0.30907420599999996
Steeve Yago,Toulouse,0.095696785,0,1,-0.095696785
Stefan Aigner,Eintracht Frankfurt,3.818693941,3,44,-0.8186939409999998
Stefan Bell,FSV Mainz 05,2.471044579,1,24,-1.471044579
Stefan Kießling,Bayer Leverkusen,7.519294018,5,40,-2.519294018
Stefan Lainer,Austria,0.381084814,1,3,0.618915186
Stefan Lex,Ingolstadt,2.109406534,2,21,-0.10940653400000011
Stefan Posch,Austria,0.40622995399999995,0,7,-0.40622995399999995
Stefan Reinartz,Eintracht Frankfurt,0.420265176,1,8,0.579734824
Stefan Ristovski,North Macedonia,0.040316222,0,2,-0.040316222
Stefan Savić,Atlético Madrid,0.8441360099999999,0,3,-0.8441360099999999
Stefan de Vrij,Netherlands,0.727294844,1,5,0.272705156
Stefan Šćepović,Getafe,5.486900252,6,30,0.5130997480000001
Stefania Tarenzi,Sampdoria W,0.713465667,1,6,0.286534333
Stefano Mauri,Lazio,0.58949637,1,6,0.41050363
Stefano Sabelli,Carpi,0.350374496,1,4,0.6496255040000001
Stefano Sturaro,Juventus,1.086599735,1,11,-0.08659973500000007
Stephan El Shaarawy,AS Monaco,2.185905325,0,28,-2.185905325
Stephan El Shaarawy,AS Roma,6.199035126,8,46,1.800964874
Stephan Lichtsteiner,Juventus,1.557781421,0,16,-1.557781421
Stephan Lichtsteiner,Switzerland,0.055283341,0,3,-0.055283341
Stephane Aziz Ki,Burkina Faso,0.20806941099999998,0,8,-0.20806941099999998
Stephanie Breitner,Fiorentina W,0.2863224135,0,6,-0.2863224135
Stephanie Houghton,England Women's,1.65567992,1,5,-0.6556799200000001
Stephanie Houghton,Manchester City WFC,6.906372894,7,64,0.09362710599999957
Stephanie van der Gragt,Netherlands Women's,0.630580913,4,11,3.369419087
Stephanie-Elise Catley,Arsenal WFC,1.554930187,1,19,-0.5549301870000001
Stephanie-Elise Catley,Australia Women's,3.047125698,3,6,-0.04712569799999988
Stephanie-Elise Catley,OL Reign,0.054948144,0,1,-0.054948144
Stephen Antunes Eustáquio,Canada,1.442736048,0,7,-1.442736048
Stephen Clemence,Birmingham City,0.12937544899999998,0,3,-0.12937544899999998
Stephen Ireland,Stoke City,0.401624,0,3,-0.401624
Stephen Kenneth Hunt,NY Cosmos,0.596328623,1,10,0.403671377
Stephen Kingsley,Swansea City,0.0120622665,0,1,-0.0120622665
Stephen O''Donnell,Scotland,0.032056402,0,1,-0.032056402
Stephy Alvaro Mavididi,Montpellier,0.373232153,0,5,-0.373232153
Stevan Jovetić,Inter Milan,7.9038927805,6,70,-1.9038927804999997
Stevan Jovetić,Sevilla,0.09851191,0,1,-0.09851191
Steve Buttle,Seattle Sounders,0.193390837,0,3,-0.193390837
Steve Cook,AFC Bournemouth,3.054039295,4,26,0.9459607050000001
Steve McManaman,Manchester City,0.034531288,0,1,-0.034531288
Steve Michel Mounié,Stade Brestois,0.10112702,0,1,-0.10112702
Steve Stone,Portsmouth,0.029205013,0,1,-0.029205013
Steve Watson,Everton,0.269736541,0,2,-0.269736541
Steven Berghuis,Netherlands,1.124774266,0,7,-1.124774266
Steven Berghuis,Watford,0.47337491600000003,0,7,-0.47337491600000003
Steven Bergwijn,Netherlands,0.25459832,0,3,-0.25459832
Steven Caulker,Liverpool,0.09063272,0,1,-0.09063272
Steven Caulker,Southampton,0.247842849,0,3,-0.247842849
Steven Davis,Southampton,2.271991333,5,20,2.728008667
Steven Fletcher,Marseille,0.120021305,0,2,-0.120021305
Steven Fletcher,Olympique de Marseille,2.4087334929999997,2,17,-0.4087334929999997
Steven Fletcher,Sunderland,2.539365642,4,23,1.460634358
Steven Gerrard,Liverpool,0.433338956,1,10,0.566661044
Steven Moreira,Cape Verde Islands,0.03914103,0,1,-0.03914103
Steven Moreira,Rennes,0.046889459,0,2,-0.046889459
Steven N''Kemboanza Mike Christopher Nzonzi,Sevilla,2.645921286,3,21,0.3540787139999999
Steven Naismith,Everton,0.976873089,3,10,2.023126911
Steven Naismith,Norwich City,2.382149806,1,16,-1.3821498060000001
Steven Pienaar,Everton,0.224021428,0,2,-0.224021428
Steven Taylor,Newcastle United,0.12850934,0,1,-0.12850934
Steven Whittaker,Norwich City,0.418339107,1,8,0.581660893
Steven Zuber,Hoffenheim,1.253925698,2,17,0.746074302
Steven Zuber,Switzerland,1.6329902390000002,1,12,-0.6329902390000002
Stijn Spierings,Toulouse,0.016953152,0,1,-0.016953152
Stine Ballisager Pedersen,KC Current,0.056555893,0,1,-0.056555893
Stine Larsen,Aston Villa,4.188283871,1,32,-3.1882838710000003
Stine Larsen,Denmark Women's,0.49736372,0,1,-0.49736372
Stipe Perica,Udinese,1.025039832,2,16,0.974960168
Stopilla Sunzu,Lille,0.693609066,1,10,0.30639093399999995
Strahinja Pavlović,Serbia,0.17362054,1,2,0.8263794600000001
Stuart Armstrong,Scotland,0.088509303,0,2,-0.088509303
Stylianos Giannakopoulos,Bolton Wanderers,0.12843972,0,1,-0.12843972
Stéphane Darbion,Troyes,2.808863179,1,31,-1.8088631789999998
Stéphane Demol,Belgium,0.040823632,0,2,-0.040823632
Stéphane Sessègnon,West Bromwich Albion,1.587388027,2,28,0.41261197299999997
Stéphane Sparagna,Olympique de Marseille,0.24562676,0,3,-0.24562676
Suat Serdar,FSV Mainz 05,0.136311454,0,3,-0.136311454
Subha Ghosh,East Bengal,0.033221617,0,1,-0.033221617
Subhasish Bose,ATK Mohun Bagan,0.290477232,1,6,0.709522768
Subhasish Bose,Mohun Bagan Super Giant,0.7525668704999999,0,10,-0.7525668704999999
Suchawadee Nildhamrong,Thailand W,0.028836174,0,1,-0.028836174
Suhair Vadakkepeedika,NorthEast United,4.049327435,3,46,-1.0493274350000004
Sullay Kaikai,Crystal Palace,0.237274737,0,3,-0.237274737
Sultan Abdullah Salim Al Ghannam,Saudi Arabia,0.267493995,0,2,-0.267493995
Sulzeer Jeremiah ''Sol' Campbell,Arsenal,1.151761691,1,11,-0.15176169099999992
Summer Green,Chicago Red Stars,0.023822034,0,1,-0.023822034
Summer Yates,Orlando Pride,0.48939951,0,3,-0.48939951
Sung-Yeung Ki,South Korea,0.078210186,0,3,-0.078210186
Sung-Yeung Ki,Swansea City,2.522635033,2,24,-0.5226350329999998
Sunil Chhetri,Bengaluru,6.006899917,4,33,-2.006899917
Suresh Singh Wangjam,Bengaluru,0.530382742,0,11,-0.530382742
Susan Banda,Zambia W,0.020994935,0,1,-0.020994935
Susanna Joy Friedrichs,Napoli W,0.37882703500000003,0,3,-0.37882703500000003
Sveindís Jane Jónsdóttir,Iceland Women's,1.3128253805,1,14,-0.3128253805000001
Sveindís Jane Jónsdóttir,VfL Wolfsburg WFC,2.9876332039999998,3,17,0.012366796000000235
Sven Bender,Borussia Dortmund,0.6651231599999999,0,4,-0.6651231599999999
Sven Botman,Lille,0.31086866,1,2,0.68913134
Sven Schipplock,Hamburger SV,1.111374572,0,12,-1.111374572
Svenja Fölmli,SC Freiburg,0.8349789270000001,3,8,2.165021073
Svenja Fölmli,Switzerland Women's,0.09438485299999999,0,2,-0.09438485299999999
Svenja Huth,Germany Women's,1.598617141,0,19,-1.598617141
Svenja Huth,VfL Wolfsburg WFC,2.640509894,1,30,-1.640509894
Sverrir Ingi Ingason,Iceland,0.460633282,0,3,-0.460633282
Syam Ben Youssef,Caen,0.3831122,1,1,0.6168878
Syam Ben Youssef,Stade Malherbe Caen,1.387453821,2,5,0.612546179
Sydney Lohmann,Bayern München W,1.927605528,1,14,-0.927605528
Sydney Lohmann,Germany Women's,0.090810695,0,2,-0.090810695
Sydney Miramontez,Utah Royals,0.03999099,0,1,-0.03999099
Sydney Rae Leroux,Angel City,3.0103564290000002,2,18,-1.0103564290000002
Sydney Rae Leroux,Orlando Pride,3.166975826,2,20,-1.1669758259999998
Sydney Schertenleib,Switzerland Women's,0.267543456,0,7,-0.267543456
Syed Suhail Pasha,Chennaiyin,0.455890352,0,5,-0.455890352
Sylvain Armand,Rennes,2.1883192245,1,14,-1.1883192244999998
Sylvain Distin,AFC Bournemouth,0.38167956000000003,0,2,-0.38167956000000003
Sylvain Distin,Manchester City,0.104148246,0,2,-0.104148246
Sylvain Legwinski,Fulham,0.114350518,0,4,-0.114350518
Sylvain Wiltord,Arsenal,3.140230102,3,18,-0.14023010199999986
Sylvio Mendes Campos Junior,Barcelona,0.962244007,1,21,0.03775599299999999
Sylwia Matysik,Poland Women's,0.007994636,0,1,-0.007994636
Sylwia Matysik,TSV Bayer 04 Leverkusen,0.164173601,0,3,-0.164173601
Synne Jensen,Norway Women's,0.369724433,0,3,-0.369724433
Synne Jensen,Real Sociedad de Fútbol,7.129555532,14,60,6.870444468
Synne Skinnes Hansen,Norway Women's,0.056698915,0,1,-0.056698915
Synne Skinnes Hansen,TSV Bayer 04 Leverkusen,2.641895372,2,24,-0.641895372
Szabolcs Huszti,Eintracht Frankfurt,1.690886404,1,20,-0.690886404
Szilárd Németh,Middlesbrough,0.294404443,0,3,-0.294404443
Sávio Bortolini Pimentel,Real Sociedad,0.130058511,0,4,-0.130058511
Sávio Bortolini Pimentel,Real Zaragoza,0.182606117,0,3,-0.182606117
Sávio Moreira de Oliveira,Brazil,0.7636707279999999,1,4,0.2363292720000001
Séamus Coleman,Everton,2.408729966,1,26,-1.4087299660000001
Sébastien Antoine Luc Salles Lamonge,Rennes,0.173062199,0,3,-0.173062199
Sébastien Aymar Bassong Nguena,Norwich City,2.370177758,1,20,-1.370177758
Sébastien Corchia,Lille,0.9969939059999999,2,22,1.003006094
Sébastien Haller,Côte d'Ivoire,2.140317046,3,11,0.8596829540000002
Sébastien Squillaci,AS Monaco,0.21280158300000002,0,4,-0.21280158300000002
Sébastien Squillaci,Bastia,1.64473147,2,11,0.35526853
Sébastien Wüthrich,Montpellier,0.024841405,0,1,-0.024841405
Sérgio Paulo Barbosa Valente,Málaga,2.963365074,3,31,0.03663492600000007
Sérgio Paulo Barbosa Valente,Sevilla,0.16379143000000002,0,2,-0.16379143000000002
Sérgio da Silva Pinto,Levante UD,0.034917384,0,1,-0.034917384
Tabea Waßmuth,Germany Women's,0.306416411,0,4,-0.306416411
Taha Yassine Khenissi,Tunisia,0.13819846,0,2,-0.13819846
Tainara de Souza da Silva,Bayern München W,0.9360876100000001,0,6,-0.9360876100000001
Tajon Buchanan,Canada,1.073110204,0,7,-1.073110204
Takashi Inui,Eibar,4.475467017,5,51,0.5245329830000003
Takashi Inui,Japan,0.786357497,2,9,1.213642503
Takashi Usami,Japan,0.179400657,0,3,-0.179400657
Takefusa Kubo,Getafe,0.22498894,0,1,-0.22498894
Takefusa Kubo,Mallorca,0.370714101,0,6,-0.370714101
Takefusa Kubo,Villarreal,0.027489806,0,1,-0.027489806
Takuma Asano,Japan,1.42018628,2,9,0.57981372
Takumi Minamino,Japan,0.94507935,0,3,-0.94507935
Talia Victoria Della Peruta,Sampdoria W,0.465405571,1,8,0.534594429
Tameka Yallop,Australia Women's,1.063110523,1,7,-0.06311052299999997
Tamires Cássia Dias de Britto,Brazil Women's,0.19492643999999998,0,2,-0.19492643999999998
Tammy Bakumo-Abraham,Chelsea,0.286690514,0,2,-0.286690514
Taneekarn Dangda,Thailand W,0.026687245,0,2,-0.026687245
Tanitoluwa Oluwaseyi,Canada,1.7733511000000002,0,9,-1.7733511000000002
Tanja Pawollek,Eintracht Frankfurt W,0.544098006,0,10,-0.544098006
Tanja Pawollek,Poland Women's,0.2208332,0,2,-0.2208332
Tara McKeown,Washington Spirit,2.358648964,1,20,-1.358648964
Taras Stepanenko,Ukraine,0.158112474,0,3,-0.158112474
Tarcisio Burgnich,Italy,0.032818265,0,1,-0.032818265
Tarek Hamed,Egypt,0.03943281,0,2,-0.03943281
Tarik Elyounoussi,Hoffenheim,0.4110014525,0,3,-0.4110014525
Tarik Tissoudali,Morocco,0.6294510099999999,0,3,-0.6294510099999999
Tariq Lamptey,Ghana,0.07376498,0,1,-0.07376498
Taryn Ries,Duisburg WFC,1.703221993,3,13,1.296778007
Tatiana Bonetti,FC Internazionale Milano W,0.534319443,0,7,-0.534319443
Tatiana Vanessa Ferreira Pinto,Brighton & Hove Albion WFC,3.248900969,2,12,-1.2489009690000001
Tatiana Vanessa Ferreira Pinto,Portugal Women's,0.43097192700000003,0,6,-0.43097192700000003
Tatiely Cristina Sena das Neves,Sampdoria W,4.339534908,4,32,-0.3395349080000001
Tatumn Milazzo,Chicago Red Stars,0.670057356,1,6,0.32994264399999995
Taulant Sulejmanov,Albania,0.028156858,0,1,-0.028156858
Taylor Comeau,Houston Dash,0.02632712,0,1,-0.02632712
Taylor Hinds,Everton LFC,1.185192278,0,11,-1.185192278
Taylor Hinds,Liverpool WFC,1.5479575605,2,16,0.4520424395
Taylor Kornieck,San Diego Wave,1.935518561,1,21,-0.9355185610000001
Taylor Porter,Portland Thorns,0.059843647,0,2,-0.059843647
Taylor Smith,NJ/NY Gotham FC,0.667470241,1,11,0.33252975900000004
Taylor Smith,Washington Spirit,0.271876362,0,4,-0.271876362
Teal Alexander Bunbury,Nashville SC,0.047634499,0,2,-0.047634499
Teboho Mokoena,South Africa,3.5454169429999998,3,22,-0.5454169429999998
Tecla Pettenuzzo,Napoli W,0.28177613,0,3,-0.28177613
Teddy Sheringham,Manchester United,0.09321054,0,1,-0.09321054
Teddy Sheringham,Portsmouth,0.47848076,1,1,0.5215192399999999
Teemu Pukki,Finland,0.285676574,0,4,-0.285676574
Telasco José Segovia Pérez,Venezuela,0.030652592,0,1,-0.030652592
Telma Raquel Velosa Encarnação,Portugal Women's,2.01255223,2,11,-0.012552229999999831
Temitayo Olufisayo Olaoluwa Aina,Nigeria,1.150428395,0,4,-1.150428395
Tente Sánchez,Barcelona,0.08431274,0,2,-0.08431274
Terem Igobor Moffi,Lorient,1.007743804,1,7,-0.007743803999999965
Terem Igobor Moffi,Nigeria,0.7391287,1,1,0.26087130000000003
Terem Igobor Moffi,OGC Nice,0.298785125,0,3,-0.298785125
Terence Cooper,England,0.014707967,0,1,-0.014707967
Teresa Abelleira Dueñas,Real Madrid CF W,1.600686648,1,36,-0.6006866479999999
Teresa Abelleira Dueñas,Spain Women's,0.357442775,1,10,0.642557225
Teresa Merida Cañete,Sevilla FC,0.29917693,0,3,-0.29917693
Teresa Morató Armengol,Villarreal,0.549061282,0,8,-0.549061282
Terry Butcher,England,0.1360316,0,1,-0.1360316
Terry Fenwick,England,0.06341846500000001,0,2,-0.06341846500000001
Terry Graham Garbett,NY Cosmos,0.022362519,0,1,-0.022362519
Tess Boade,North Carolina Courage,2.824178895,1,17,-1.8241788950000002
Tessa Wullaert,Belgium Women's,1.206166393,1,12,-0.20616639299999995
Tessa Wullaert,Manchester City WFC,4.832318214,5,50,0.16768178600000017
Tessel Middag,West Ham United LFC,0.751688559,0,9,-0.751688559
Teun Koopmeiners,Netherlands,0.835794493,1,3,0.16420550700000003
Teófilo Juan Cubillas Arizaga,Peru,0.475164085,1,5,0.5248359149999999
Thabang Amod Monare,South Africa,0.7539362,1,1,0.24606380000000005
Thais Reiss de Araújo,Villarreal,0.785273091,1,5,0.21472690900000002
Thapelo James Morena,South Africa,0.429324608,0,5,-0.429324608
Thapelo Maseko,South Africa,0.095300828,1,2,0.9046991719999999
Thaysa de Moraes Rosa Moreno,Brazil Women's,0.34494669,1,4,0.65505331
Thaysa de Moraes Rosa Moreno,NJ/NY Gotham FC,0.41536748,0,3,-0.41536748
Thaís Cristina da Silva Ferreira,Costa Adeje Tenerife,1.9793305700000001,3,17,1.0206694299999999
Thea Bjelde,Norway Women's,0.047369152,0,1,-0.047369152
Themba Zwane,South Africa,0.6249271000000001,2,3,1.3750729
Thembi Kgatlana,Houston Dash,0.350714043,1,5,0.649285957
Thembi Kgatlana,Racing Louisville FC,2.899322643,2,30,-0.8993226430000001
Thembi Kgatlana,South Africa Women's,3.459833722,3,26,-0.45983372199999994
Theo Bernard François Hernández,Deportivo Alavés,0.48772164,0,2,-0.48772164
Theo Bernard François Hernández,France,1.752429786,2,10,0.247570214
Theo Bernard François Hernández,Real Sociedad,0.20381463,0,1,-0.20381463
Theo Walcott,Arsenal,6.562369521,5,46,-1.562369521
Theo de Jong,Netherlands,0.19524176,0,2,-0.19524176
Theodor Gebre Selassie,Werder Bremen,1.541553259,1,18,-0.5415532590000001
Theoson Jordan Siebatcheu,Stade de Reims,2.489504777,3,29,0.5104952229999999
Theresa Nielsen,OL Reign,0.117168528,0,2,-0.117168528
Therese Ninon Abena,Cameroon W,0.107817757,0,3,-0.107817757
Thiago Alcântara do Nascimento,Barcelona,6.460888729,6,45,-0.46088872899999966
Thiago Alcântara do Nascimento,Bayern Munich,2.628850491,2,31,-0.6288504910000001
Thiago Alcântara do Nascimento,Spain,0.951995252,1,5,0.048004747999999986
Thiago Emiliano da Silva,Brazil,1.227708817,1,8,-0.2277088169999999
Thiago Emiliano da Silva,Paris Saint-Germain,2.110658462,1,16,-1.110658462
Thiago Henrique Mendes Ribeiro,Lyon,0.10642775,0,1,-0.10642775
Thiago Motta,Barcelona,0.991248183,1,12,0.00875181700000005
Thiago Motta,Paris Saint-Germain,1.878508459,1,12,-0.8785084590000001
Thiago Rangel Cionek,Palermo,0.063371256,0,1,-0.063371256
Thiago Xavier Rodrigues Corrêa,Troyes,1.808680535,2,13,0.19131946500000008
Thibault Giresse,Guingamp,2.5200739115,4,23,1.4799260885
Thierry Henry,Arsenal,22.239863563,30,194,7.760136437
Thierry Henry,Barcelona,26.141615327,33,173,6.858384673
Thierry Rendall Correia,Valencia,0.091603264,0,1,-0.091603264
Thievy Guivane Bifouma Koulossa,Almería,0.340232357,1,3,0.659767643
Thievy Guivane Bifouma Koulossa,Espanyol,0.370436853,0,4,-0.370436853
Thievy Guivane Bifouma Koulossa,Granada,0.1090467,0,2,-0.1090467
Thievy Guivane Bifouma Koulossa,Stade de Reims,3.041394842,4,18,0.9586051580000001
Thijs Dallinga,Toulouse,0.48254495000000003,0,5,-0.48254495000000003
Thilo Kehrer,Paris Saint-Germain,0.167236877,0,3,-0.167236877
Thomas Ayasse,Troyes,0.7348094359999999,1,11,0.2651905640000001
Thomas Berthold,Germany,0.131250343,0,2,-0.131250343
Thomas Delaney,Denmark,0.7147991890000001,1,11,0.28520081099999994
Thomas Gravesen,Everton,0.048802545,0,2,-0.048802545
Thomas Heurtaux,Udinese,0.041756668999999996,0,2,-0.041756668999999996
Thomas Hitzlsperger,Aston Villa,0.063665714,0,3,-0.063665714
Thomas Lemar,AS Monaco,2.831061658,5,36,2.168938342
Thomas Lemar,Atlético Madrid,0.077577364,0,2,-0.077577364
Thomas Lemar,France,0.02618442,0,1,-0.02618442
Thomas Mangani,AC Ajaccio,0.020384805,0,1,-0.020384805
Thomas Mangani,Angers,5.626680916,5,33,-0.6266809159999998
Thomas Meunier,Belgium,1.174494852,2,13,0.825505148
Thomas Monconduit,Lorient,0.136412352,1,4,0.863587648
Thomas Müller,Bayern Munich,17.732844166,21,103,3.2671558340000004
Thomas Müller,Germany,1.47057919,0,14,-1.47057919
Thomas Teye Partey,Almería,0.009365485,0,1,-0.009365485
Thomas Teye Partey,Atlético Madrid,1.7616467169999999,2,12,0.23835328300000014
Thomas Teye Partey,Ghana,0.251389129,0,2,-0.251389129
Thomas Touré,Bordeaux,2.3829847849999997,2,29,-0.38298478499999966
Thomas Vermaelen,Barcelona,0.985341084,1,9,0.014658916000000022
Thomas Vermaelen,Belgium,0.1562473,0,1,-0.1562473
Thongkhosiem Haokip,East Bengal,0.780323844,2,8,1.219676156
Thorgan Hazard,Belgium,1.03387381,2,7,0.96612619
Thorgan Hazard,Borussia Mönchengladbach,6.15591971,4,44,-2.15591971
Thu Trần Thị,Vietnam Women's,0.025286155,0,1,-0.025286155
Théo Bongonda Mbul''Ofeko Batombo,Celta Vigo,2.113516744,2,19,-0.113516744
Théo Bongonda Mbul''Ofeko Batombo,Congo DR,0.1100408,0,1,-0.1100408
Théo Bongonda Mbul'Ofeko Batombo,Congo DR,0.6287225670000001,0,9,-0.6287225670000001
Théo Sainte-Luce,Montpellier,0.028305536,0,1,-0.028305536
Thị Hải Linh Trần,Vietnam Women's,0.127838946,0,2,-0.127838946
Thị Thanh Nhã Nguyễn,Vietnam Women's,0.024568515,0,1,-0.024568515
Thị Thảo Thái,Vietnam Women's,0.010413399,0,1,-0.010413399
Tiago Barreiros de Melo Tomás,Wolfsburg,0.248721971,0,2,-0.248721971
Tiago Cardoso Mendes,Atlético Madrid,0.715422196,1,13,0.284577804
Tiago Emanuel Embaló Djaló,Lille,0.08834127,0,1,-0.08834127
Tiago Manuel Dias Correia,Cape Verde Islands,1.7724086835,1,17,-0.7724086834999999
Tiago Manuel Dias Correia,Córdoba CF,0.034275554,0,1,-0.034275554
Tiago Manuel Dias Correia,Rayo Vallecano,3.4134767214,3,81,-0.4134767213999999
Tiemoué Bakayoko,AS Monaco,0.983018245,1,16,0.016981754999999987
Tierna Lillis Davidson,Chicago Red Stars,0.035666257,0,1,-0.035666257
Tiffany Cameron,Jamaica Women's,0.1817721,0,1,-0.1817721
Tiffany Cameron,Real Betis Balompié,4.827000518,6,41,1.1729994819999998
Tijjani Reijnders,Netherlands,0.881784189,0,10,-0.881784189
Tim Cahill,Australia,0.283221101,0,2,-0.283221101
Tim Kleindienst,FC Heidenheim,0.56279888,1,3,0.43720112
Tim Matavž,Augsburg,1.5620678399999999,0,12,-1.5620678399999999
Tim Matavž,Genoa,1.253312244,0,10,-1.253312244
Tim Ream,United States,0.38719624,0,1,-0.38719624
Tim Skarke,Darmstadt 98,0.100325607,0,2,-0.100325607
Timi Elšnik,Slovenia,0.20094337099999998,0,3,-0.20094337099999998
Timm Klose,Norwich City,0.51481403,1,4,0.48518596999999997
Timm Klose,Wolfsburg,0.517722528,1,6,0.48227747200000004
Timo Baumgartl,VfB Stuttgart,1.275422592,0,7,-1.275422592
Timo Hübers,FC Köln,0.055454504,0,1,-0.055454504
Timo Werner,Germany,1.57437272,0,9,-1.57437272
Timo Werner,RB Leipzig,0.051062226,0,1,-0.051062226
Timo Werner,VfB Stuttgart,9.845766922,6,64,-3.8457669219999993
Timothee Pembele,Paris Saint-Germain,0.077894494,0,1,-0.077894494
Timothy Chandler,Eintracht Frankfurt,0.081790668,0,3,-0.081790668
Timothy Evans Fosu-Mensah,Manchester United,0.050753111000000004,0,2,-0.050753111000000004
Timothy Tillman,LAFC,0.017916715,0,1,-0.017916715
Timothy Weah,Lille,0.14758384600000002,0,3,-0.14758384600000002
Timothy Weah,United States,0.677511282,1,8,0.322488718
Timothée Kolodziejczak,Saint-Étienne,0.201130048,0,2,-0.201130048
Timothée Kolodziejczak,Sevilla,0.7683116750000001,0,7,-0.7683116750000001
Tin Jedvaj,Bayer Leverkusen,0.099086993,0,3,-0.099086993
Tinne De Caigny,Belgium Women's,0.163587239,1,3,0.8364127610000001
Tobias Grahn,Gimnàstic Tarragona,0.195774022,1,2,0.8042259780000001
Tobias Kempe,Darmstadt 98,1.998430375,0,30,-1.998430375
Tobias Levels,Ingolstadt,0.283326807,1,4,0.716673193
Tobias Linderoth,Everton,0.06009486,0,1,-0.06009486
Tobias Strobl,Hoffenheim,0.578870244,0,11,-0.578870244
Tobias Werner,Augsburg,2.132588646,0,22,-2.132588646
Tobin Powell Heath,Manchester United,1.4497168459999998,1,13,-0.44971684599999984
Tobin Powell Heath,Manchester United W,0.986640828,3,13,2.013359172
Tobin Powell Heath,Portland Thorns,2.0180054065,1,13,-1.0180054065
Tobin Powell Heath,United States Women's,0.21709587000000002,0,4,-0.21709587000000002
Toby Alderweireld,Belgium,0.534428501,0,7,-0.534428501
Toby Alderweireld,Tottenham Hotspur,3.920785156,4,41,0.079214844
Tohouri Zahoui Constant Djakpa,Eintracht Frankfurt,0.175297333,0,4,-0.175297333
Tokelo Anthony Rantie,AFC Bournemouth,0.1768988,0,1,-0.1768988
Tolga Ciğerci,Hertha Berlin,1.2669480405,0,24,-1.2669480405
Tom Barlow,New York Red Bulls,0.24238871,0,1,-0.24238871
Tom Carroll,Tottenham Hotspur,0.295167366,1,5,0.704832634
Tom Cleverley,Everton,1.831095866,2,24,0.16890413399999993
Tom Davies,Everton,0.042944144,0,1,-0.042944144
Tom Krauß,FSV Mainz 05,0.102282207,0,3,-0.102282207
Tom Rogić,Australia,0.260302864,0,5,-0.260302864
Tomasz Radziński,Everton,0.420554928,2,5,1.579445072
Tomer Hemed,Mallorca,0.88662984,0,7,-0.88662984
Tomislav Mrčela,East Bengal,0.28272933299999997,1,4,0.717270667
Tommy Elphick,AFC Bournemouth,0.55888729,1,5,0.44111270999999996
Tommy Ord,Seattle Sounders,0.421664705,0,4,-0.421664705
Tomoaki Makino,Japan,0.30207679499999995,0,2,-0.30207679499999995
Tomás Agustín Avilés Mancilla,Inter Miami,0.326340808,0,4,-0.326340808
Tomás Eduardo Rincón Hernández,Genoa,1.7176627,3,27,1.2823373
Tomás Eduardo Rincón Hernández,Venezuela,0.8036248850000001,1,2,0.19637511499999993
Tomás Pina Isla,Villarreal,0.87977227,0,10,-0.87977227
Tomáš Chorý,Czech Republic,0.3989387,0,1,-0.3989387
Tomáš Holeš,Czech Republic,0.7128696240000001,1,7,0.2871303759999999
Tomáš Kalas,Czech Republic,0.11268632,0,1,-0.11268632
Tomáš Pekhart,Czech Republic,0.07206125,0,1,-0.07206125
Tomáš Pekhart,Ingolstadt,0.21997109199999998,0,4,-0.21997109199999998
Tomáš Souček,Czech Republic,1.417072034,1,13,-0.41707203400000004
Tomáš Ujfaluši,Atlético Madrid,0.210935969,0,3,-0.210935969
Tomáš Čvančara,Borussia Mönchengladbach,0.32079022199999996,0,3,-0.32079022199999996
Tongo Hamed Doumbia,Toulouse,3.5426866425,1,32,-2.5426866425
Toni Duggan,England Women's,0.490944897,0,3,-0.490944897
Toni Duggan,Everton LFC,0.360937328,0,4,-0.360937328
Toni Kroos,Bayern Munich,0.223056835,0,6,-0.223056835
Toni Kroos,Germany,1.381393252,1,23,-0.38139325200000007
Toni Kroos,Real Madrid,2.011743985,2,36,-0.011743984999999846
Toni Pressley,Orlando Pride,0.027662495,0,1,-0.027662495
Toni Šunjić,VfB Stuttgart,0.767696913,1,7,0.23230308700000002
Tony Field,NY Cosmos,0.041421264,0,1,-0.041421264
Tony Hibbert,Everton,0.05243616,0,1,-0.05243616
Tony Jantschke,Borussia Mönchengladbach,0.165084126,0,5,-0.165084126
Tori Huster,Washington Spirit,0.956059114,0,5,-0.956059114
Totis Fylakouris,Panathinaikos,0.073300771,0,2,-0.073300771
Trent Alexander-Arnold,England,0.934594395,1,6,0.06540560500000003
Trent Alexander-Arnold,Liverpool,0.059182554,0,2,-0.059182554
Trent Sainsbury,Australia,0.371036243,0,3,-0.371036243
Trinity Rain Moyer-Rodman,United States Women's,0.385276894,0,7,-0.385276894
Trinity Rain Moyer-Rodman,Washington Spirit,6.75762663,5,61,-1.7576266299999999
Troy Deeney,Watford,12.217068013,13,94,0.7829319869999996
Trudi Sudan Carter,Jamaica Women's,0.624475891,0,5,-0.624475891
Trésor Lomana LuaLua,Portsmouth,0.23287557199999998,0,3,-0.23287557199999998
Tsepo Peter Masilela,Getafe,0.26931107,0,1,-0.26931107
Tuana Shahnis Cindy Mahmoud,SV Werder Bremen,0.847727566,0,10,-0.847727566
Tugay Kerimoğlu,Blackburn Rovers,0.051402287,0,2,-0.051402287
Tuva Hansen,Norway Women's,0.23791506099999998,0,3,-0.23791506099999998
Tyler Adams,United States,0.018896813,0,1,-0.018896813
Tyler Lussi,North Carolina Courage,5.68877077,6,40,0.31122923000000036
Tyler Lussi,Portland Thorns,0.594861416,1,6,0.405138584
Tyler Roberts,West Bromwich Albion,0.35449532,0,1,-0.35449532
Tymoteusz Puchacz,Poland,0.022794716,0,1,-0.022794716
Tziarra King,Seattle Reign,1.121865546,0,12,-1.121865546
Téji Savanier,Montpellier,0.19621263100000003,0,4,-0.19621263100000003
Uchenna Kanu,Nigeria Women's,0.696879846,1,7,0.30312015400000003
Uchenna Kanu,Racing Louisville FC,1.545401472,0,16,-1.545401472
Udanta Kumam Singh,Bengaluru,1.543949089,3,11,1.456050911
Uffe Manich Bech,Hannover 96,0.821794539,1,9,0.178205461
Ugochi Desire Oparanozie,Nigeria Women's,1.341876019,0,7,-1.341876019
Ui-Jo Hwang,Bordeaux,0.03770115,0,1,-0.03770115
Ui-Jo Hwang,South Korea,0.29347005,0,1,-0.29347005
Uilson de Souza Paula Júnior,Schalke 04,0.5660330695,0,12,-0.5660330695
Ulises Hernán de la Cruz Bernardo,Aston Villa,0.018957753,0,1,-0.018957753
Ulisses Alexandre Garcia Lopes,Werder Bremen,0.557389871,0,11,-0.557389871
Ulrich Hoeneß,Germany,0.156208269,0,2,-0.156208269
Umar Sadiq Mesbah,AS Roma,1.326662034,2,4,0.6733379660000001
Unai Bustinza Martínez,Leganés,0.0469404,0,1,-0.0469404
Unai López Cabrera,Athletic Club,0.259359248,0,4,-0.259359248
Unai López Cabrera,Leganés,0.18751978,1,2,0.81248022
Unai Núñez Gestoso,Athletic Club,0.09029602,0,2,-0.09029602
Unai Vencedor Paris,Athletic Club,0.026491396,0,1,-0.026491396
Urby Emanuelson,Hellas Verona,0.5920996079999999,0,14,-0.5920996079999999
Uroš Račić,Valencia,0.23449549,0,3,-0.23449549
Uroš Spajić,Toulouse,0.603150392,0,5,-0.603150392
Uroš Ćosić,Empoli,0.03057321,0,1,-0.03057321
Uroš Đurđević,Palermo,1.318927873,2,9,0.681072127
Ustaritz Aldekoaotalora Astarloa,Athletic Club,0.011434045,0,1,-0.011434045
Vaclav Migas,Czechoslovakia,0.091275899,0,2,-0.091275899
Vadis Odjidja-Ofoe,Norwich City,0.122029208,0,3,-0.122029208
Vahid Amiri,Iran,0.063932475,0,2,-0.063932475
Valdomiro Tualungo Paulo Lameiras,Angola,0.10747413,0,1,-0.10747413
Valdomiro Vaz Franco,Brazil,0.08334003200000001,0,2,-0.08334003200000001
Valentin Eysseric,Saint-Étienne,3.9029627725,6,39,2.0970372275
Valentin Lavigne,Lorient,0.13563924500000002,0,2,-0.13563924500000002
Valentin Mihai Mihăilă,Romania,0.19261071,0,4,-0.19261071
Valentin Rongier,Nantes,0.191365117,1,7,0.808634883
Valentin Rongier,Olympique de Marseille,0.26502791,0,2,-0.26502791
Valentin Stocker,Hertha Berlin,1.510310522,1,15,-0.5103105219999999
Valentina Bergamaschi,AC Milan W,0.9175875410000001,2,16,1.082412459
Valentina Bergamaschi,Italy Women's,2.143516742,1,12,-1.143516742
Valentina Cernoia,AC Milan W,0.409930796,0,8,-0.409930796
Valentina Cernoia,Italy Women's,0.07491148,0,3,-0.07491148
Valentina Gallazzi,Napoli W,0.6990870235,1,16,0.30091297650000004
Valentina Giacinti,AS Roma W,13.487206729,12,85,-1.4872067290000004
Valentina Giacinti,Italy Women's,1.851715592,1,20,-0.8517155919999999
Valentina Kröll,SGS Essen 19/68,0.064242885,0,1,-0.064242885
Valentín Sergio Pachón Mosquero,Getafe,0.17706360599999998,0,2,-0.17706360599999998
Valentín Vada,Bordeaux,0.695340022,0,11,-0.695340022
Valeria Monterubbiano,Sassuolo W,0.960668629,1,10,0.03933137099999995
Valeria del Campo Gutiérrez,Costa Rica Women's,0.34678763,0,2,-0.34678763
Valery Vigilucci,AC Milan W,2.343277788,2,26,-0.343277788
Valmir Sulejmani,Hannover 96,0.117826718,0,2,-0.117826718
Valmiro Lópes Rocha,Espanyol,0.024675462,0,1,-0.024675462
Valmiro Lópes Rocha,Levante UD,0.52249271,0,2,-0.52249271
Valmiro Lópes Rocha,Málaga,0.11031556000000001,1,2,0.88968444
Valmiro Lópes Rocha,Osasuna,0.6324476750000001,0,3,-0.6324476750000001
Valon Behrami,Switzerland,0.015164247,0,1,-0.015164247
Valon Behrami,Watford,0.025945647,0,1,-0.025945647
Valon Berisha,Stade de Reims,0.08619905,0,1,-0.08619905
Valter Birsa,Chievo,5.021466562,6,54,0.9785334380000004
Valère Germain,OGC Nice,10.436556618,14,66,3.563443382000001
Valérie Gauvin,Everton LFC,4.268569397,5,25,0.7314306029999997
Valérie Gauvin,France Women's,2.096062347,2,10,-0.09606234700000016
Vanesa Santana,Argentina Women's,0.018091125,0,1,-0.018091125
Vanessa Brigitte Gilles,Canada Women's,0.470667838,0,4,-0.470667838
Vanessa DiBernardo,Chicago Red Stars,0.707723927,0,12,-0.707723927
Vanessa DiBernardo,KC Current,1.055669716,0,19,-1.055669716
Vanessa Diehm,Hoffenheim W,0.678604553,0,8,-0.678604553
Vanessa Fudalla,RB Leipzig W,3.7770432895,10,52,6.2229567105
Vanessa Fürst,Duisburg WFC,0.633020803,2,6,1.366979197
Vanessa Haim,Nürnberg W,3.793300478,5,24,1.206699522
Vanessa Leimenstoll,Hoffenheim W,0.923418297,2,8,1.076581703
Vangelis Moras,Hellas Verona,0.595761296,1,8,0.40423870399999995
Vasco Regini,Sampdoria,0.66732312,0,8,-0.66732312
Vassilis Torosidis,AS Roma,0.106024381,0,2,-0.106024381
Vasyl Pryyma,Frosinone,0.026847938,0,1,-0.026847938
Veatriki Sarri,Birmingham City WFC,0.05976101,1,1,0.94023899
Veatriki Sarri,Brighton & Hove Albion WFC,1.520698653,0,14,-1.520698653
Vedad Ibišević,Hertha Berlin,8.352579487,10,61,1.6474205130000001
Velibor Vasović,Ajax,0.03358041,0,1,-0.03358041
Veljko Birmančević,Serbia,0.025560735,0,1,-0.025560735
Veljko Birmančević,Toulouse,0.08130902,0,1,-0.08130902
Verena Hanshaw,Austria Women's,0.160626553,0,3,-0.160626553
Verena Hanshaw,Eintracht Frankfurt W,0.8270277945,0,17,-0.8270277945
Verena Wieder,TSV Bayer 04 Leverkusen,1.255021204,2,10,0.744978796
Veronica Battelani,Sampdoria W,0.50798099,0,13,-0.50798099
Veronica Latsko,Houston Dash,0.174568044,1,2,0.825431956
Veronica Latsko,Seattle Reign,2.939503371,6,24,3.060496629
Verónica Boquete Giadáns,Fiorentina W,8.882208325,9,51,0.11779167499999943
Vicente Alberto Pernía,Boca Juniors,0.040991135,0,1,-0.040991135
Vicente Iborra De La Fuente,Levante UD,0.016565174,0,1,-0.016565174
Vicente Iborra De La Fuente,Sevilla,5.783717979,7,34,1.2162820209999996
Vicente Iborra De La Fuente,Villarreal,0.548964045,1,4,0.45103595500000004
Vicente Rodríguez Guillén,Valencia,0.38812261,0,5,-0.38812261
Vicki Becho,France Women's,1.210213433,1,7,-0.21021343300000006
Victor Bernth Kristansen,Denmark,0.039637595,0,1,-0.039637595
Victor Chinedu Anichebe,West Bromwich Albion,1.614078457,0,14,-1.614078457
Victor James Osimhen,Nigeria,2.2961830350000003,1,24,-1.2961830350000003
Victor Moses,Nigeria,1.163027453,1,7,-0.163027453
Victor Moses,West Ham United,1.4037406365,1,21,-0.4037406365
Victor Obinna Nsofor,Málaga,0.15087459199999997,0,2,-0.15087459199999997
Victor Okoh Boniface,Bayer Leverkusen,16.4942209815,14,81,-2.4942209815
Victor Wanyama,Southampton,2.187995555,1,31,-1.187995555
Victoria Dellaperuta,Sampdoria W,4.630513692,8,24,3.369486308
Victoria Esson,New Zealand Women's,0.11237533,0,1,-0.11237533
Victoria Krug,RB Leipzig W,0.39065026199999997,1,4,0.609349738
Victoria López,Barcelona WFC,7.744466161,9,53,1.255533839
Victoria López,Spain Women's,1.215265197,1,7,-0.2152651969999999
Victoria Pelova,Arsenal WFC,2.8985315959999998,2,26,-0.8985315959999998
Victoria Pelova,Netherlands Women's,1.580808546,3,12,1.419191454
Victoria Pickett,NJ/NY Gotham FC,0.05134107,0,1,-0.05134107
Victoria Pickett,North Carolina Courage,0.7747355,1,4,0.22526449999999998
Victoria Williams,Brighton & Hove Albion WFC,2.0270584014999997,2,21,-0.027058401499999718
Victoriano Rivas Álvaro,Getafe,0.1340605,0,1,-0.1340605
Vignesh Dakshinamurthy,Mumbai City,0.193076568,0,2,-0.193076568
Vikram Partap Singh,Mumbai City,1.67801978,2,3,0.32198021999999993
Vikram Pratap Singh,Mumbai City,1.1670365649999999,1,13,-0.16703656499999986
Viktor Claesson,Sweden,1.452720367,1,8,-0.45272036699999996
Viktor Fischer,Denmark,0.018616632,0,1,-0.018616632
Viktor Tsygankov,Ukraine,0.291909246,0,3,-0.291909246
Viktoria Schnaderbeck,Arsenal WFC,0.291692285,0,4,-0.291692285
Vilde Bøe Risa,Atletico Madrid W,2.617700317,1,38,-1.6177003170000002
Vilde Bøe Risa,Norway Women's,0.457907683,0,9,-0.457907683
Vincent Bessat,Caen,0.557155589,1,10,0.44284441100000005
Vincent Bessat,Stade Malherbe Caen,1.6526421775,0,30,-1.6526421775
Vincent Janssen,Netherlands,0.146426904,0,2,-0.146426904
Vincent Kompany,Belgium,0.702536961,0,6,-0.702536961
Vincent Kompany,Manchester City,0.9363273489999999,2,11,1.063672651
Vincent Koziello,OGC Nice,1.296762903,3,14,1.703237097
Vincent Laurini,Empoli,0.470355882,1,3,0.529644118
Vincent Le Goff,Lorient,0.292510681,0,7,-0.292510681
Vincent Manceau,Angers,0.086388033,0,6,-0.086388033
Vincent Marchetti,AC Ajaccio,0.196951756,0,4,-0.196951756
Vincent Pajot,Metz,0.015160786,0,1,-0.015160786
Vincent Pajot,Saint-Étienne,1.7407292076,1,23,-0.7407292076
Vincent Paté Aboubakar,Cameroon,0.771873495,2,6,1.228126505
Vincent Sierro,Switzerland,0.01663088,0,1,-0.01663088
Vincenzo Renato Rennella,Real Betis,0.98992931,1,5,0.010070690000000049
Vincy Barretto,Kerala Blasters,0.8500742960000001,2,9,1.149925704
Vinit Rai Chamling,Mumbai City,0.06978764800000001,0,2,-0.06978764800000001
Vinit Rai Chamling,Odisha,0.085720643,0,2,-0.085720643
Vinícius José Paixão de Oliveira Júnior,Brazil,1.881998485,3,13,1.118001515
Vinícius José Paixão de Oliveira Júnior,Real Madrid,0.978360696,1,10,0.021639304000000026
Viola Calligaris,Juventus W,0.529317546,0,5,-0.529317546
Violah Nambi Ssebunya,Pomigliano,2.7759382065000002,1,36,-1.7759382065000002
Violeta García Quiles,Real Betis Balompié,2.012631442,3,19,0.987368558
Virgil van Dijk,Liverpool,0.502282824,0,2,-0.502282824
Virgil van Dijk,Netherlands,1.389578208,0,9,-1.389578208
Virgil van Dijk,Southampton,3.364708953,3,29,-0.36470895300000006
Virginia Di Giammarino,Pomigliano,1.775439727,0,28,-1.775439727
Virginia Kirchberger,Eintracht Frankfurt W,0.361390074,0,4,-0.361390074
Virginia Torrecilla Reyes,Spain Women's,0.140930683,0,5,-0.140930683
Virág Nagy,Sampdoria W,0.368152605,0,3,-0.368152605
Virág Nagy,Sassuolo W,0.12055879,1,1,0.87944121
Visar Musliu,North Macedonia,0.15693648,0,1,-0.15693648
Vitor Machado Ferreira,Paris Saint-Germain,1.911770026,1,25,-0.9117700259999999
Vitor Machado Ferreira,Portugal,0.775275607,0,10,-0.775275607
Vitorino Gabriel Pacheco Antunes,Getafe,0.159580783,0,6,-0.159580783
Vitorino Hilton da Silva,Montpellier,1.851327809,1,23,-0.851327809
Vivaldo Borges dos Santos Neto,Clermont Foot,0.028883625,0,1,-0.028883625
Viviana Villacorta,Orlando Pride,0.472199085,0,8,-0.472199085
Viviane Asseyi,France Women's,0.423599276,0,3,-0.423599276
Viviane Asseyi,West Ham United LFC,10.190919225,6,65,-4.190919225
Vivianne Miedema,Arsenal WFC,52.727936673,57,296,4.272063326999998
Vivianne Miedema,Netherlands Women's,3.604506188,4,29,0.3954938119999998
Vivien Endemann,VfL Wolfsburg WFC,4.890578272,9,25,4.109421728
Vlad Iulian Chiricheș,Napoli,0.602984264,1,5,0.39701573599999995
Vladimir Hagara,Czechoslovakia,0.218937374,0,4,-0.218937374
Vladimir Koman Jr.,Chennaiyin,1.8729671724999999,3,20,1.1270328275000001
Vladimir Manchev,Levante UD,0.38923463999999997,0,2,-0.38923463999999997
Vladimir Mikhalevsky,Soviet Union U20,0.01123187,0,1,-0.01123187
Vladimir Smicer,Liverpool,0.835480388,2,4,1.1645196119999999
Vladimír Coufal,Czech Republic,0.147382333,0,3,-0.147382333
Vladimír Darida,Czech Republic,0.083158352,0,2,-0.083158352
Vladimír Darida,Hertha Berlin,2.628085678,5,41,2.371914322
Vladimír Weiss,Espanyol,0.08997993600000001,0,3,-0.08997993600000001
Vladimír Weiss,Slovakia,0.038959384,0,1,-0.038959384
Vladlen Yurchenko,Bayer Leverkusen,0.272102531,1,5,0.727897469
Vlatko Stojanovski,North Macedonia,0.034134068,0,1,-0.034134068
Volodymyr Brazhko,Ukraine,0.040761579,0,2,-0.040761579
Vurnon Anita,Newcastle United,0.352766774,1,8,0.647233226
Vyan Sampson,Jamaica Women's,0.076605746,0,2,-0.076605746
Václav Kadlec,Eintracht Frankfurt,0.32733265,0,2,-0.32733265
Václav Černý,Czech Republic,0.382498716,0,2,-0.382498716
Vágner Silva de Souza,AS Monaco,6.39178065,4,25,-2.3917806500000003
Víctor Alejandro Dávila Zavala,Chile,0.360704409,0,5,-0.360704409
Víctor Camarasa Ferrando,Levante UD,2.281580686,2,28,-0.28158068599999986
Víctor Campuzano Bonilla,Espanyol,0.23146546,0,1,-0.23146546
Víctor Casadesús Castaño,Levante UD,1.101692546,3,13,1.898307454
Víctor Casadesús Castaño,Mallorca,0.89357286,1,2,0.10642713999999998
Víctor Guillermo Álvarez Delgado,Espanyol,1.595940076,1,13,-0.595940076
Víctor Gustavo Velázquez Ramos,Paraguay,0.058911372,0,1,-0.058911372
Víctor Javier Añino Bermúdez,Racing Santander,0.04377126,0,1,-0.04377126
Víctor Laguardia Cisneros,Deportivo Alavés,0.015292619,0,1,-0.015292619
Víctor Machín Pérez,Sevilla,4.816927603,3,33,-1.816927603
Víctor Mongil Adeva,Odisha,0.5470791899999999,0,5,-0.5470791899999999
Víctor Muñoz Manrique,Barcelona,0.260181116,1,3,0.739818884
Víctor Pérez Alonso,Real Valladolid,0.01243428,0,1,-0.01243428
Víctor Rodríguez Romero,Getafe,4.042637735,2,45,-2.0426377349999996
Víctor Rodríguez Romero,Real Zaragoza,0.23802845299999997,0,2,-0.23802845299999997
Víctor Ruíz Torre,Real Betis,0.28997171,1,2,0.71002829
Víctor Ruíz Torre,Valencia,0.36192408,0,1,-0.36192408
Víctor Ruíz Torre,Villarreal,1.177566294,0,6,-1.177566294
Víctor Sánchez Mata,Espanyol,2.888454334,1,28,-1.888454334
Víctor Yoshimar Yotún Flores,Peru,0.044631706,0,3,-0.044631706
Vítor Hugo Gomes Passos,Real Valladolid,0.09734749840000001,0,6,-0.09734749840000001
Vítor Manuel Carvalho Oliveira,Olympique de Marseille,0.4377117,0,1,-0.4377117
Wahbi Khazri,Bordeaux,5.26247682,5,41,-0.26247681999999983
Wahbi Khazri,Montpellier,0.409893661,1,2,0.590106339
Wahbi Khazri,Saint-Étienne,0.035386577,0,1,-0.035386577
Wahbi Khazri,Sunderland,0.993194306,2,25,1.006805694
Wahbi Khazri,Tunisia,2.032251771,3,17,0.9677482290000001
Wahengbam Angousana Luwang,East Bengal,0.167734272,0,3,-0.167734272
Wajdi Kechrida,Tunisia,0.047243394,0,1,-0.047243394
Waldemar Anton,Hannover 96,0.485010957,1,6,0.5149890429999999
Waldemar Anton,VfB Stuttgart,0.025678443,0,1,-0.025678443
Waldo Rubio Martín,Real Valladolid,0.055213502,0,2,-0.055213502
Waldyr Pereira,Brazil,0.801578189,1,16,0.198421811
Walid Cheddira,Morocco,0.39512246,0,2,-0.39512246
Walid Mesloub,Lorient,1.095361837,1,22,-0.095361837
Walker Zimmerman,United States,0.14984319,0,1,-0.14984319
Wallace Fortuna dos Santos,AS Monaco,1.11664043,1,13,-0.1166404299999999
Wallace Oliveira dos Santos,Carpi,0.290352459,0,5,-0.290352459
Wallyson Teixeira Mallmann,OGC Nice,0.996071605,0,15,-0.996071605
Walter Gerardo Pandiani Urquiza,Osasuna,0.591122865,1,5,0.408877135
Wanderson Maciel Sousa Campos,Getafe,1.2433693559999999,0,24,-1.2433693559999999
Warren Steven Madrigal Molina,Costa Rica,0.08699093,0,1,-0.08699093
Warren Zaire Emery,Paris Saint-Germain,0.7899033925000001,1,7,0.21009660749999992
Wataru Endo,Japan,0.239743651,0,6,-0.239743651
Wayne Bridge,Chelsea,0.07821239,0,1,-0.07821239
Wayne Mark Rooney,Everton,0.646156401,0,6,-0.646156401
Wayne Mark Rooney,Manchester United,7.789924044,9,74,1.2100759559999998
Wayne Routledge,Swansea City,2.538010531,2,18,-0.5380105309999998
Weligton Róbson Pena de Oliveira,Málaga,0.424383718,0,4,-0.424383718
Wellington Alves da Silva,Almería,0.13306102,0,1,-0.13306102
Wendell Nascimento Borges,Bayer Leverkusen,0.922684756,0,18,-0.922684756
Wendie Renard,France Women's,5.336022884,6,29,0.6639771159999999
Wendy Shongwe,South Africa Women's,0.08277826799999999,0,2,-0.08277826799999999
Wendy Yisbel Natis Bárcenas,Panama Women's,0.078894291,0,2,-0.078894291
Wergiton do Rosário Calmon,Toulouse,1.007868504,0,12,-1.007868504
Weronika Kaczor,Nürnberg W,0.025690459,0,1,-0.025690459
Wes Brown,Manchester United,0.2251793,0,1,-0.2251793
Wes Hoolahan,Norwich City,3.5446634164999997,4,26,0.4553365835000003
Wes Morgan,Leicester City,3.264953451,2,21,-1.2649534509999998
Wesley Hoedt,Lazio,0.668975807,0,12,-0.668975807
Wesley Lautoa,Lorient,0.38004487,0,5,-0.38004487
Wesley Sneijder,Inter Milan,0.398274095,0,6,-0.398274095
Wesley Sneijder,Real Madrid,0.28552557,0,4,-0.28552557
Weston McKennie,United States,0.534270802,0,7,-0.534270802
Whitney Church,Washington Spirit,0.235587333,0,4,-0.235587333
Wieke Hendrikje Maria Kaptein,Netherlands Women's,0.250049985,0,4,-0.250049985
Wiktoria Kiszkis,West Ham United LFC,0.04462373,0,1,-0.04462373
Wilder José Cartagena Mendoza,Peru,0.013362061,0,1,-0.013362061
Wilfried Guemiand Bony,Manchester City,7.151262366,4,61,-3.151262366
Wilfried Moimbé,Nantes,0.76347774,0,8,-0.76347774
Wilfried Stephane Singo,Côte d'Ivoire,0.33781996999999997,0,5,-0.33781996999999997
Wilfried Zaha,Crystal Palace,3.407235342,2,33,-1.407235342
Wilker José Ángel Romero,Venezuela,0.74347776,0,1,-0.74347776
Willem van Hanegem,Netherlands,0.869910494,0,12,-0.869910494
Willi Orban,Hungary,0.42672635,0,3,-0.42672635
William Gallas,Chelsea,0.24485552800000002,0,3,-0.24485552800000002
William Jean Rémy,Montpellier,0.5783182805,0,15,-0.5783182805
William Saliba,France,0.17932609,0,2,-0.17932609
William Saliba,Olympique de Marseille,0.018984035,0,1,-0.018984035
William Silva de Carvalho,Portugal,0.061643636,0,2,-0.061643636
William Silva de Carvalho,Real Betis,0.050926216,0,1,-0.050926216
William Troost-Ekong,Nigeria,2.528706422,4,8,1.471293578
William Vainqueur,AS Roma,0.11170227499999999,0,4,-0.11170227499999999
Willian Borges da Silva,Brazil,0.206556839,0,5,-0.206556839
Willian Borges da Silva,Chelsea,4.171200021,5,59,0.8287999790000002
Willian Joel Pacho Tenorio,Eintracht Frankfurt,0.108786836,0,1,-0.108786836
Willian José da Silva,Las Palmas,6.8587964297,9,54,2.1412035703
Willian José da Silva,Real Sociedad,3.072821421,3,22,-0.072821421
Willy Afonso Semedo Johnson,Cape Verde Islands,1.087438655,0,5,-1.087438655
Willy Boly,Côte d'Ivoire,0.16357222,0,1,-0.16357222
Wilson Odobert,Troyes,0.029541776,0,1,-0.029541776
Wim Jansen,Netherlands,0.589256875,0,5,-0.589256875
Wim Suurbier,Ajax,0.092664726,0,3,-0.092664726
Wim Suurbier,Netherlands,0.22092373599999998,0,3,-0.22092373599999998
Winston Reid,West Ham United,1.767294326,1,18,-0.767294326
Wissam Ben Yedder,AS Monaco,0.022966105,0,1,-0.022966105
Wissam Ben Yedder,Sevilla,1.009133734,0,7,-1.009133734
Wissam Ben Yedder,Toulouse,16.039862347,17,94,0.9601376530000003
Witiness Chimoio João Quembo,Mozambique,0.333455914,1,4,0.666544086
Wolfgang Overath,Germany,0.036943372,0,1,-0.036943372
Woo-Yeong Jeong,South Korea,0.042697147,0,1,-0.042697147
Woo-Young Jung,South Korea,0.096023646,0,4,-0.096023646
Wout Weghorst,Hoffenheim,0.982592764,1,3,0.017407236000000048
Wout Weghorst,Netherlands,2.031208205,5,12,2.968791795
Wungngayam Muirang,Bengaluru,0.10240534,0,1,-0.10240534
Xabier Alonso Olano,Bayern Munich,0.662439202,0,13,-0.662439202
Xabier Alonso Olano,Liverpool,1.287620236,1,5,-0.287620236
Xabier Alonso Olano,Real Madrid,0.687772323,0,4,-0.687772323
Xabier Etxeita Gorritxategi,Athletic Club,0.768408347,0,10,-0.768408347
Xabier Prieto Argarate,Real Sociedad,4.187365507,5,27,0.812634493
Xaver Schlager,Austria,0.123935453,0,5,-0.123935453
Xaver Schlager,RB Leipzig,0.018599106,0,1,-0.018599106
Xavi Simons,Netherlands,0.731660562,1,11,0.26833943800000004
Xavi Simons,Paris Saint-Germain,0.36230717,0,2,-0.36230717
Xavi Simons,RB Leipzig,0.09039201,1,1,0.90960799
Xavier Chavalerin,Troyes,0.043578036,0,1,-0.043578036
Xavier Hernández Creus,Barcelona,28.116528005,36,316,7.883471995000001
Xavier Torres Buigues,Getafe,0.018632445,0,1,-0.018632445
Xavier Torres Buigues,Levante UD,0.06660828399999999,0,3,-0.06660828399999999
Xavier Torres Buigues,Real Betis,0.564647299,0,9,-0.564647299
Xenia Perez,Atletico Madrid W,1.307663104,2,15,0.692336896
Xherdan Shaqiri,Lyon,0.04341201,0,1,-0.04341201
Xherdan Shaqiri,Stoke City,2.5155341415,3,39,0.4844658585000001
Xherdan Shaqiri,Switzerland,3.02070863,7,30,3.97929137
Yacine Adli,Bordeaux,0.11889150600000001,0,2,-0.11889150600000001
Yacine Bammou,Nantes,2.871317444,4,43,1.1286825559999998
Yacine Brahimi,Granada,0.456137735,1,3,0.543862265
Yacoub Aly Abeid,Mauritania,0.03173358,0,1,-0.03173358
Yacouba Sylla,Rennes,0.4944720535,0,11,-0.4944720535
Yahia Attiyat allah,Morocco,0.247869935,0,2,-0.247869935
Yakubu Aiyegbeni,Portsmouth,0.7794099130000001,1,8,0.22059008699999993
Yamila Tamara Rodríguez,Argentina Women's,0.020694561,0,1,-0.020694561
Yan Brice Eteki,Granada,0.07546384,0,2,-0.07546384
Yan Valery,Angers,0.020038718,0,1,-0.020038718
Yan Wang,China PR Women's,0.015481052,0,1,-0.015481052
Yana Daniëls,Bristol City WFC,3.753518981,3,28,-0.753518981
Yana Daniëls,Liverpool WFC,0.9465837960000001,1,9,0.05341620399999991
Yanara Katherine Nicole Aedo Muñoz,Chile Women's,0.151289603,0,2,-0.151289603
Yangel Clemente Herrera Ravelo,Granada,0.130451909,0,2,-0.130451909
Yangel Clemente Herrera Ravelo,Venezuela,1.262364751,0,8,-1.262364751
Yankuba Minteh,Gambia,0.118634676,0,2,-0.118634676
Yann Bodiger,Toulouse,0.91470165,1,10,0.08529834999999997
Yann Gérard M''Vila,Sunderland,1.049750447,1,28,-0.049750447000000086
Yann Gérard M'Vila,Sunderland,0.038148382,0,2,-0.038148382
Yann Jouffre,Lorient,2.8922723169999998,2,38,-0.8922723169999998
Yann Kermorgant,AFC Bournemouth,0.141305026,0,2,-0.141305026
Yanni Regäsel,Eintracht Frankfurt,0.125793416,0,3,-0.125793416
Yanni Regäsel,Hertha Berlin,0.010636382,0,1,-0.010636382
Yannick Bolasie Yala,Crystal Palace,4.4380402125,5,58,0.5619597875000002
Yannick Cahuzac,Bastia,1.23819186,2,11,0.7618081400000001
Yannick Ferreira Carrasco,Atlético Madrid,5.314465804,6,68,0.6855341959999999
Yannick Ferreira Carrasco,Belgium,1.630952939,0,17,-1.630952939
Yannick Gerhardt,FC Köln,1.5879943460000001,2,25,0.4120056539999999
Yannick Gerhardt,Wolfsburg,0.10610794,0,2,-0.10610794
Yannik Keitel,Freiburg,0.31895399,1,2,0.68104601
Yannis Salibur,Guingamp,4.786801668,7,78,2.213198332
Yao Wei,China PR Women's,0.05148568,0,2,-0.05148568
Yaroslav Dumanskiy,Soviet Union U20,0.093119462,0,3,-0.093119462
Yaser Esneider Asprilla Martínez,Colombia,0.107860529,0,2,-0.107860529
Yasha Gu,China PR Women's,0.21119111000000002,0,2,-0.21119111000000002
Yasir Gharsan Al Shahrani,Saudi Arabia,0.17978291799999999,0,5,-0.17978291799999999
Yasmin Katie Mrabet,FC Levante Badalona,2.9870687045,2,27,-0.9870687045
Yassine Benzia,Lille,3.375130415,5,37,1.624869585
Yassine Meriah,Tunisia,0.368177831,0,3,-0.368177831
Yazmeen Ryan,NJ/NY Gotham FC,3.8046784355,2,45,-1.8046784355
Yeferson Julio Soteldo Martínez,Venezuela,0.28441677099999996,0,4,-0.28441677099999996
Yeltsin Ignacio Tejeda Valverde,Costa Rica,0.5310901889999999,1,2,0.46890981100000007
Yendrembam Denechandra Meitei,Kerala Blasters,0.01589294,0,1,-0.01589294
Yeray Álvarez López,Athletic Club,0.42516333,0,3,-0.42516333
Yerliane Glamar Moreno Hernández,Costa Adeje Tenerife,0.42633213,0,15,-0.42633213
Yerry Fernando Mina González,Barcelona,0.19893388,0,3,-0.19893388
Yerry Fernando Mina González,Colombia,0.73837022,3,3,2.26162978
Yessenia Andrea López López,Chile Women's,0.036072897,0,2,-0.036072897
Yevhen Konoplyanka,Sevilla,4.633380879,4,51,-0.6333808789999997
Ygor de Oliveira Ferreira,Mumbai City,1.6451529515,3,19,1.3548470485
Yiannis Tomaras,Panathinaikos,0.039419405,0,1,-0.039419405
Ying Li,China PR Women's,0.365522039,1,5,0.634477961
Yoan Gouffran,Newcastle United,0.099504768,0,3,-0.099504768
Yoane Wissa,Congo DR,4.594046044,3,21,-1.5940460439999997
Yoann Andreu,Angers,0.301463107,0,5,-0.301463107
Yoann Court,Troyes,1.3718344900000001,0,23,-1.3718344900000001
Yoann Gourcuff,Rennes,1.275471845,2,10,0.724528155
Yoann Salmier,Troyes,0.03820183,0,1,-0.03820183
Yohan Cabaye,Crystal Palace,6.6501484445,5,69,-1.6501484445
Yohan Mollo,Saint-Étienne,0.013965255,0,1,-0.013965255
Yohann Magnin,Clermont Foot,0.11048343,0,1,-0.11048343
Yomira Tibisay Pinzón Ríos,Panama Women's,0.76046705,1,1,0.23953294999999997
Yong Lee,South Korea,0.014306382,0,1,-0.014306382
Yorbe Vertessen,Union Berlin,0.15440555,0,1,-0.15440555
Yordan Hernando Osorio Paredes,Venezuela,0.7618412299999999,0,3,-0.7618412299999999
Yoshinori Muto,FSV Mainz 05,7.044931827,7,32,-0.04493182700000009
Yoshinori Muto,Japan,0.148918524,0,2,-0.148918524
Yoshito Ōkubo,Mallorca,0.044579064,0,2,-0.044579064
Youcef Atal,Algeria,0.098802464,0,3,-0.098802464
Youcef Atal,OGC Nice,0.033307288,0,1,-0.033307288
Younes Kaboul,Sunderland,1.1996762010000002,0,11,-1.1996762010000002
Young-Gwon Kim,South Korea,1.1731752,2,3,0.8268248
Young-Ju Lee,Madrid CFF,1.00159592,2,8,0.99840408
Younousse Sankharé,Guingamp,2.7876539615,6,30,3.2123460385
Younès Belhanda,Morocco,0.577652044,0,6,-0.577652044
Younès Belhanda,Schalke 04,1.3848537220000001,2,13,0.6151462779999999
Youri Djorkaeff,Bolton Wanderers,0.37250906,0,3,-0.37250906
Youri Tielemans,Belgium,0.346418247,1,10,0.653581753
Youssef El-Arabi,Granada,13.8326579855,16,79,2.167342014500001
Youssef En-Nesyri,Leganés,0.50537173,1,8,0.49462827
Youssef En-Nesyri,Morocco,2.642543154,4,20,1.3574568459999998
Youssef En-Nesyri,Sevilla,0.12938732,0,1,-0.12938732
Youssef Msakni,Tunisia,1.375739852,0,15,-1.375739852
Youssouf Chafiq Mulumbu Ngangu,Norwich City,0.166108009,0,3,-0.166108009
Youssouf Fofana,AS Monaco,0.053743872,0,2,-0.053743872
Youssouf Fofana,France,1.0811129780000002,1,6,-0.08111297800000017
Youssouf Ndayishimiye,OGC Nice,0.13934782099999998,0,3,-0.13934782099999998
Youssouf Sabaly,Nantes,0.50838967,2,13,1.4916103299999999
Youssouf Sabaly,Senegal,0.162504479,0,4,-0.162504479
Yroundu Musavu-King,Bengaluru,0.12279011000000001,0,2,-0.12279011000000001
Yu-Ri Choe,Korea Republic Women's,0.136789255,0,3,-0.136789255
Yui Hasegawa,Japan Women's,0.855460907,1,10,0.144539093
Yui Hasegawa,Manchester City WFC,0.548770669,0,10,-0.548770669
Yuika Sugasawa,Japan Women's,2.197122112,1,12,-1.1971221120000002
Yuka Momiki,Japan Women's,0.14069925,0,1,-0.14069925
Yuka Momiki,Leicester City WFC,2.665165849,2,20,-0.6651658490000001
Yuki Nagasato,Chicago Red Stars,3.3792915459999997,6,18,2.6207084540000003
Yuki Soma,Japan,0.16470617799999998,0,3,-0.16470617799999998
Yuki Togawa,Napoli W,0.048990503,0,1,-0.048990503
Yulema Corres Somovilla,Athletic Club Bilbao,0.031781387,0,1,-0.031781387
Yunis Abdelhamid,Stade de Reims,0.106135989,0,3,-0.106135989
Yunus Dimoara Musah,United States,0.237599187,0,4,-0.237599187
Yunus Mallı,FSV Mainz 05,8.901392495,11,63,2.0986075050000004
Yuping Lin,China PR Women's,0.13108281,0,2,-0.13108281
Yuri Berchiche Izeta,Athletic Club,0.47172295,0,8,-0.47172295
Yuri Berchiche Izeta,Real Sociedad,0.7634116545,0,19,-0.7634116545
Yuri Kawamura,North Carolina Courage,0.04867358,0,1,-0.04867358
Yuri Zhirkov,Russia,0.075190945,0,2,-0.075190945
Yury Gazinskiy,Russia,0.10465521400000001,1,2,0.895344786
Yussif Raman Chibsah,Frosinone,0.38497407299999997,0,11,-0.38497407299999997
Yussuf Yurary Poulsen,Denmark,0.988110745,3,9,2.011889255
Yussuf Yurary Poulsen,RB Leipzig,0.278533184,0,2,-0.278533184
Yusuf Yazıcı,Lille,0.03647728,0,1,-0.03647728
Yusuf Yazıcı,Turkey,0.277307252,0,4,-0.277307252
Yuto Nagatomo,Inter Milan,0.204930389,0,7,-0.204930389
Yuto Nagatomo,Japan,0.150438114,0,2,-0.150438114
Yuya Kubo,Cincinnati,0.06840007,0,1,-0.06840007
Yves Bissouma,Mali,0.416414359,0,6,-0.416414359
Yvonne Patrice Leuko,Cameroon W,0.013478652,0,1,-0.013478652
Yvonne Zielinski,Duisburg WFC,1.2781635329999999,1,12,-0.27816353299999985
Yénifer Yuliet Giménez Gamboa,Villarreal,0.16173720800000002,0,5,-0.16173720800000002
Yūya Ōsako,FC Köln,3.888595416,1,31,-2.888595416
Yūya Ōsako,Japan,1.2642254099999999,1,7,-0.2642254099999999
Zaidu Sanusi,Nigeria,0.590373819,0,6,-0.590373819
Zaira Flores,SD Eibar,0.165441809,0,8,-0.165441809
Zakaria Aboukhlal,Morocco,0.58132564,1,3,0.41867436
Zakaria Aboukhlal,Toulouse,0.064774347,0,2,-0.064774347
Zakaria Bakkali,RC Deportivo La Coruña,0.027522715,0,1,-0.027522715
Zakaria Bakkali,Valencia,0.933634315,1,13,0.06636568499999995
Zakaria Diallo,NorthEast United,0.16147794,0,1,-0.16147794
Zakarie Labidi,Lyon,0.22431702800000003,0,2,-0.22431702800000003
Zakhele Lerato Lepasa,South Africa,1.5433819979999999,1,3,-0.5433819979999999
Zara Kramžar,AS Roma W,0.947576267,1,10,0.05242373300000003
Zargo Touré,Lorient,0.852142835,4,11,3.147857165
Zat Knight,Fulham,0.017579593,0,1,-0.017579593
Zaydou Youssouf,Saint-Étienne,0.31891651,0,2,-0.31891651
Zdravko Kuzmanović,Udinese,0.808419655,0,8,-0.808419655
Zhanna Ferrario,Pomigliano,1.2724452179999999,3,16,1.7275547820000001
Zineb Redouani,Morocco Women's,0.040448137,0,1,-0.040448137
Zinho Gano,Guinea-Bissau,0.030795032,0,1,-0.030795032
Zinédine Machach,Toulouse,0.40791642,1,8,0.5920835799999999
Zito André Sebastião Luvumbo,Angola,0.150614223,0,3,-0.150614223
Zlatan Ibrahimović,Barcelona,13.181554058,14,83,0.8184459420000003
Zlatan Ibrahimović,Paris Saint-Germain,21.685572582,36,148,14.314427418000001
Zlatko Junuzović,Werder Bremen,4.311041451,4,60,-0.31104145100000036
Zouhair Feddal,Levante UD,1.438551897,1,11,-0.43855189699999997
Zouhair Feddal,Real Betis,0.06865843,0,1,-0.06865843
Zsanett Bernadett Kaján,Como W,3.736514111,4,33,0.26348588900000003
Zsanett Bernadett Kaján,Fiorentina W,1.782880649,2,14,0.21711935100000002
Zuriko Davitashvili,Georgia,0.32470997,0,2,-0.32470997
Àngel Rangel Zaragoza,Swansea City,0.85038813,0,14,-0.85038813
Ádám Nagy,Hungary,0.018467939,0,1,-0.018467939
Ádám Pintér,Real Zaragoza,0.089802032,0,2,-0.089802032
Ádám Szalai,Hannover 96,2.511424162,0,16,-2.511424162
Ádám Szalai,Hoffenheim,0.34628544,0,4,-0.34628544
Ádám Szalai,Hungary,0.179554231,1,5,0.820445769
Álvaro Antón Camarero,CD Numancia de Soria,0.029205535,0,1,-0.029205535
Álvaro Borja Morata Martín,Atlético Madrid,0.5414559130000001,0,7,-0.5414559130000001
Álvaro Borja Morata Martín,Juventus,8.661516733000001,8,52,-0.6615167330000009
Álvaro Borja Morata Martín,Real Madrid,0.32776014600000003,0,4,-0.32776014600000003
Álvaro Borja Morata Martín,Spain,7.539712816,7,41,-0.5397128159999998
Álvaro Cejudo Carmona,Osasuna,0.308983601,0,7,-0.308983601
Álvaro Cejudo Carmona,Real Betis,1.421642487,1,37,-0.42164248699999995
Álvaro Daniel Pereira Barragán,Getafe,0.0300534035,0,2,-0.0300534035
Álvaro Domínguez Soto,Atlético Madrid,0.038302034,0,1,-0.038302034
Álvaro Giménez Candela,Cádiz,0.76226866,1,1,0.23773133999999996
Álvaro Giménez Candela,Mallorca,0.05015112,0,1,-0.05015112
Álvaro González Soberón,Espanyol,1.31471747,0,18,-1.31471747
Álvaro González Soberón,Real Zaragoza,0.202949515,0,3,-0.202949515
Álvaro González Soberón,Villarreal,0.265258993,0,3,-0.265258993
Álvaro José Jiménez Guerrero,Getafe,0.037542822,0,2,-0.037542822
Álvaro José Zamora Mata,Costa Rica,0.020743331,0,1,-0.020743331
Álvaro Luiz Maior de Aquino,Real Zaragoza,0.071755305,0,1,-0.071755305
Álvaro Martín Barreal,Cincinnati,0.29786241,1,2,0.70213759
Álvaro Medrán Just,Deportivo Alavés,0.013231267,0,1,-0.013231267
Álvaro Medrán Just,Getafe,2.165047871,2,31,-0.16504787100000007
Álvaro Negredo Sánchez,Almería,0.19960632,0,2,-0.19960632
Álvaro Negredo Sánchez,Cádiz,0.7159289200000001,1,2,0.2840710799999999
Álvaro Negredo Sánchez,Sevilla,0.6700350740000001,1,7,0.32996492599999994
Álvaro Negredo Sánchez,Valencia,5.632035373,5,43,-0.6320353729999999
Álvaro Rubio Robles,Real Valladolid,0.032258455,0,2,-0.032258455
Álvaro Vadillo Cifuentes,Granada,0.891728882,1,3,0.108271118
Álvaro Vadillo Cifuentes,Real Betis,0.29618298,0,7,-0.29618298
Álvaro Vázquez García,Espanyol,0.36847,1,2,0.6315299999999999
Álvaro Vázquez García,Getafe,8.923596909,6,51,-2.9235969090000005
Álvaro Vázquez García,Kerala Blasters,6.5536927642,8,72,1.4463072358
Ángel Dealbert Ibáñez,Valencia,0.05367391,0,1,-0.05367391
Ángel Fabián Di María Hernández,Argentina,2.0166811499999997,2,17,-0.0166811499999997
Ángel Fabián Di María Hernández,Paris Saint-Germain,10.860883836,14,112,3.1391161640000007
Ángel Fabián Di María Hernández,Real Madrid,0.706508983,0,8,-0.706508983
Ángel Israel Mena Delgado,Ecuador,0.81328315,0,2,-0.81328315
Ángel Javier Arizmendi de Lucas,Getafe,0.860248144,0,6,-0.860248144
Ángel Javier Arizmendi de Lucas,RC Deportivo La Coruña,0.198389376,0,3,-0.198389376
Ángel Javier Arizmendi de Lucas,Real Zaragoza,0.28055297599999995,0,5,-0.28055297599999995
Ángel Javier Arizmendi de Lucas,Valencia,0.061386513,0,2,-0.061386513
Ángel Lafita Castillo,Getafe,2.78912248,5,32,2.21087752
Ángel Lafita Castillo,Real Zaragoza,1.08709901,0,8,-1.08709901
Ángel Luis Rodríguez Díaz,Getafe,1.196084478,1,12,-0.19608447799999995
Ángel Luis Rodríguez Díaz,Levante UD,0.40265283,0,1,-0.40265283
Ángel Manuel Vivar Dorado,Getafe,0.0591818,0,1,-0.0591818
Ángel Manuel Vivar Dorado,Real Valladolid,0.1299099,0,1,-0.1299099
Ángel Martín Correa,Atlético Madrid,3.901758432,6,35,2.098241568
Ángel Martínez Cervera,Espanyol,0.042462183,0,2,-0.042462183
Ángel Montoro Sánchez,Las Palmas,0.029625062,0,1,-0.029625062
Ángel Montoro Sánchez,Valencia,0.054719962999999996,0,3,-0.054719962999999996
Ángel Rodrigo Romero Villamayor,Paraguay,0.577504655,0,3,-0.577504655
Ángel Trujillo Canorea,Almería,0.177136654,1,2,0.822863346
Ángel Trujillo Canorea,Levante UD,0.041136342,0,2,-0.041136342
Änis Ben-Hatira,Eintracht Frankfurt,1.679926564,1,12,-0.6799265640000001
Éder Gabriel Militão,Brazil,1.196502202,0,7,-1.196502202
Éder Gabriel Militão,Real Madrid,0.1358063,0,1,-0.1358063
Éderzito António Macedo Lopes,Lille,3.8948220019999997,6,31,2.1051779980000003
Éderzito António Macedo Lopes,Swansea City,0.479977657,0,5,-0.479977657
Édgar Osvaldo Barreto Cáceres,Sampdoria,0.845692843,0,18,-0.845692843
Édison Michael Flores Peralta,Peru,0.466393076,0,7,-0.466393076
Édson Arantes do Nascimento,Brazil,7.99322285,10,63,2.0067771499999996
Édson Arantes do Nascimento,NY Cosmos,0.499991386,0,7,-0.499991386
Émerson Augusto Thome,Bolton Wanderers,0.06067507,0,1,-0.06067507
Émerson Ferreira da Rosa,Real Madrid,0.03488597,0,1,-0.03488597
Éric Bauthéac,Lille,4.6645599319999995,2,54,-2.6645599319999995
Érica Noelia Lonigro,Argentina Women's,0.629057823,0,3,-0.629057823
Érika González Lombídez,Levante UD Femenino,5.9937572580000005,6,31,0.006242741999999524
Étienne Didot,Toulouse,0.437815211,0,13,-0.437815211
Éver Maximiliano David Banega,Argentina,0.14039842800000002,0,3,-0.14039842800000002
Éver Maximiliano David Banega,Sevilla,4.0837881192,6,48,1.9162118807999997
Éver Maximiliano David Banega,Valencia,0.306357938,1,8,0.693642062
Íñigo Lekue Martínez,Athletic Club,0.9932108430000001,1,16,0.006789156999999935
Íñigo López Montaña,Granada,0.38423830000000003,0,2,-0.38423830000000003
Íñigo Martínez Berridi,Real Sociedad,1.9623951175,1,26,-0.9623951175000001
Íñigo Vélez De Mendizábal Fernández De García,Real Murcia CF,0.334318346,0,4,-0.334318346
Óliver Torres Muñoz,Atlético Madrid,0.527205339,0,11,-0.527205339
Óscar Alfredo Ruggeri Zocola,Argentina,0.044307828,0,1,-0.044307828
Óscar David Romero Villamayor,Deportivo Alavés,0.184588099,0,5,-0.184588099
Óscar Esau Duarte Gaitán,Costa Rica,0.153108186,0,2,-0.153108186
Óscar Esau Duarte Gaitán,Espanyol,1.712659852,1,10,-0.712659852
Óscar Guido Trejo,Sporting Gijón,0.04536218,0,1,-0.04536218
Óscar Guido Trejo,Toulouse,3.5726321065,4,43,0.42736789350000004
Óscar Javier González Marcos,Real Valladolid,0.29904535,0,1,-0.29904535
Óscar Javier González Marcos,Real Zaragoza,0.018134402,0,1,-0.018134402
Óscar Melendo Jiménez,Espanyol,0.13281232999999998,0,2,-0.13281232999999998
Óscar Mingueza García,Barcelona,0.9510771299999999,2,9,1.0489228700000002
Óscar Plano Pedreño,Real Valladolid,0.316520759,0,4,-0.316520759
Óscar Rodríguez Arnaiz,Leganés,0.35607585399999997,1,5,0.643924146
Óscar Serrano Rodriguez,Espanyol,0.011254468,0,1,-0.011254468
Óscar Serrano Rodriguez,Racing Santander,0.640338137,1,11,0.359661863
Óscar de Marcos Arana,Athletic Club,0.854440634,2,15,1.145559366
Ömer Toprak,Bayer Leverkusen,1.570054116,1,11,-0.5700541160000001
Örjan Persson,Sweden,0.017427128,0,1,-0.017427128
Özkan Yıldırım,Werder Bremen,0.09667976,0,1,-0.09667976
İbrahim Halil Dervişoğlu,Turkey,0.055529144,0,1,-0.055529144
İlayda Açıkgöz,Eintracht Frankfurt W,0.159672924,1,3,0.840327076
İlkay Gündoğan,Borussia Dortmund,4.157212142,2,51,-2.1572121419999997
İlkay Gündoğan,Germany,2.053081114,2,15,-0.05308111399999982
İrfan Can Kahveci,Turkey,0.065237254,1,2,0.934762746
İsmail Yüksek,Turkey,0.05508313,0,1,-0.05508313
Ľubomír Tupta,Slovakia,0.03710409,0,1,-0.03710409
Łukasz Fabiański,Swansea City,0.074067034,0,1,-0.074067034
Łukasz Gikiewicz,Chennaiyin,3.01677937,1,17,-2.01677937
Łukasz Piszczek,Borussia Dortmund,0.831339702,0,14,-0.831339702
Łukasz Piszczek,Poland,0.048301566,0,1,-0.048301566
Łukasz Skorupski,Empoli,0.19843829,0,1,-0.19843829
Łukasz Teodorczyk,Poland,0.031897575,0,1,-0.031897575
Ştefan Daniel Radu,Lazio,0.291110934,0,7,-0.291110934
Šime Vrsaljko,Croatia,0.096919741,0,5,-0.096919741
Šime Vrsaljko,Sassuolo,0.756204666,0,9,-0.756204666
Žan Celar,Slovenia,0.018960241,0,1,-0.018960241
Žan Karničnik,Slovenia,0.33194062,1,3,0.66805938
